hhid_pooled,hhea,kec_id,kab_id,wave,t2treatment,eligible,treatment,CTL,B10,PRC,ENH,samplea,sampleb,samplec,sample1cs1,sample2cs1,sample3cs1,t2trm1,t2trm2,t2trm3,weight_fs_CvC,bought_last2m,amtraskin,price_hh,subsidy_rcvd
mid2920019,292,1602281,1602,2,3,1,1,0,1,1,0,1,0,0,0,0,0,0,0,0,1.385896564,1,8.5,2235.294189,44852.31641
mid2660029,266,1602281,1602,2,1,1,1,0,1,1,0,0,1,0,0,0,0,0,1,0,1.385896564,1,16,2250,84192.59375
mid2690045,269,1602281,1602,2,2,0,1,0,0,1,0,0,0,1,0,0,0,0,0,1,0.6882077456,0,0,,0
mid2930030,293,1602281,1602,2,2,1,0,1,0,0,0,0,0,1,0,0,0,0,0,1,1.135477185,1,5.333333492,2312.5,27730.86523
mid2720007,272,1602281,1602,2,3,0,1,0,1,1,1,0,0,1,0,0,0,0,0,0,0.6882077456,1,4,2500,20048.14844
mid2760032,276,1602281,1602,2,3,0,1,0,0,1,0,0,0,1,0,0,0,0,0,0,0.6882077456,1,4,2375,20548.14844
mid2770007,277,1602281,1602,2,3,1,0,1,0,0,0,0,1,0,0,0,0,0,0,0,0.5331154466,1,2.333333254,2642.857178,11361.41895
mid2920021,292,1602281,1602,2,3,0,1,0,1,1,0,0,0,1,0,0,0,0,0,0,0.6882077456,1,8,2375,41096.29688
mid2730012,273,1602281,1602,2,1,1,0,1,0,0,0,1,0,0,0,0,0,0,1,0,1.479507208,1,5,2600,24560.18555
mid2850012,285,1602281,1602,2,2,0,0,1,0,0,0,0,0,1,0,0,0,0,0,1,0.8443437815,1,5,2600,24560.18555
mid2730010,273,1602281,1602,2,1,1,0,1,0,0,0,1,0,0,0,0,0,0,1,0,0.5895761847,1,5,2600,24560.18555
mid2900004,290,1602281,1602,2,3,0,1,0,1,0,0,0,0,1,0,0,0,0,0,0,0.6882077456,1,5,2200,26560.18555
mid2850021,285,1602281,1602,2,2,1,0,1,0,0,0,1,0,0,0,0,0,0,0,1,0.5895761847,1,8,1625,47096.29688
mid2930010,293,1602281,1602,2,2,1,0,1,0,0,0,0,1,0,0,0,0,0,0,1,1.765276194,1,5.333333492,2312.5,27730.86523
mid2870025,287,1602281,1602,2,1,0,1,0,1,1,1,0,0,1,0,0,0,0,1,0,0.6882077456,1,7,2571.428467,34584.26172
mid2760028,276,1602281,1602,2,3,0,1,0,0,1,0,0,0,1,0,0,0,0,0,0,0.6882077456,1,4.433333397,2481.202881,22303.36523
mid2830011,283,1602281,1602,2,1,1,1,0,0,1,1,0,1,0,0,0,0,0,1,0,1.016775727,1,7,2500,35084.26172
mid2870001,287,1602281,1602,2,1,0,1,0,1,1,1,0,0,1,0,0,0,0,1,0,0.6882077456,1,7,2571.428467,34584.26172
mid2670029,267,1602281,1602,2,3,1,0,1,0,0,0,1,0,0,0,0,0,0,0,0,1.479507208,1,7.5,2266.666748,39340.27734
mid2730034,273,1602281,1602,2,1,1,0,1,0,0,0,0,0,1,0,0,0,0,1,0,0.3368346691,1,5,2800,23560.18555
mid2750039,275,1602281,1602,2,1,1,0,1,0,0,0,0,1,0,0,0,0,0,1,0,0.5331154466,1,7,2285.714355,36584.25781
mid2810021,281,1602281,1602,2,1,1,0,1,0,0,0,0,1,0,0,0,0,0,1,0,1.765276194,1,5,2400,25560.18555
mid2730025,273,1602281,1602,2,1,1,0,1,0,0,0,1,0,0,0,0,0,0,1,0,1.479507208,1,5,2600,24560.18555
mid2890004,289,1602281,1602,2,2,1,1,0,1,0,0,0,1,0,0,0,0,0,0,1,1.385896564,1,11.33333302,2117.646973,61136.42188
mid2860005,286,1602281,1602,2,1,1,1,0,0,1,0,0,1,0,0,0,0,0,1,0,1.016775727,1,7.5,2266.666748,39340.27734
mid2660024,266,1602281,1602,2,1,1,1,0,1,1,0,0,1,0,0,0,0,0,1,0,1.385896564,1,8,2250,42096.29688
mid2660023,266,1602281,1602,2,1,0,1,0,1,1,0,0,0,1,0,0,0,0,1,0,0.6882077456,1,8,2250,42096.29688
mid2850028,285,1602281,1602,2,2,1,0,1,0,0,0,1,0,0,0,0,0,0,0,1,1.479507208,0,5,2600,24560.18555
mid2720005,272,1602281,1602,2,3,0,1,0,1,1,1,0,0,1,0,0,0,0,0,0,0.6882077456,1,4,2500,20048.14844
mid2830016,283,1602281,1602,2,1,0,1,0,0,1,1,0,0,1,0,0,0,0,1,0,0.6882077456,1,7,2500,35084.26172
mid2760046,276,1602281,1602,2,3,1,1,0,0,1,0,0,1,0,0,0,0,0,0,0,1.016775727,1,4.5,2444.444336,22804.16602
mid2660026,266,1602281,1602,2,1,1,1,0,1,1,0,0,0,1,0,0,0,0,1,0,1.385896564,1,8,2250,42096.29688
mid2810023,281,1602281,1602,2,1,0,0,1,0,0,0,0,0,1,0,0,0,0,1,0,0.8443437815,1,5,2400,25560.18555
mid2690013,269,1602281,1602,2,2,1,1,0,0,1,0,0,1,0,0,0,0,0,0,1,1.385896564,1,8,2250,42096.29688
mid2830018,283,1602281,1602,2,1,1,1,0,0,1,1,1,0,0,0,0,0,0,1,0,1.385896564,1,7,2500,35084.25781
mid2730002,273,1602281,1602,2,1,0,0,1,0,0,0,0,0,1,0,0,0,0,1,0,0.8443437815,1,3.333333254,2600,16373.45703
mid2810019,281,1602281,1602,2,1,1,0,1,0,0,0,0,1,0,0,0,0,0,1,0,0.5331154466,1,5,3000,22560.18555
mid2850010,285,1602281,1602,2,2,0,0,1,0,0,0,0,0,1,0,0,0,0,0,1,0.8443437815,1,3.333333254,2600,16373.45703
mid2860043,286,1602281,1602,2,1,1,1,0,0,1,0,0,1,0,0,0,0,0,1,0,1.385896564,1,7.5,2266.666748,39340.27734
mid2870014,287,1602281,1602,2,1,1,1,0,1,1,1,0,1,0,0,0,0,0,1,0,1.385896564,1,9.333333015,2571.428467,46112.34375
mid2770021,277,1602281,1602,2,3,0,0,1,0,0,0,0,0,1,0,0,0,0,0,0,0.8443437815,1,7,5285.714355,15584.26074
mid2750034,275,1602281,1602,2,1,1,0,1,0,0,0,0,1,0,0,0,0,0,1,0,1.765276194,1,5,3200,21560.18555
mid2780026,278,1602281,1602,2,2,0,1,0,0,1,1,0,0,1,0,0,0,0,0,1,0.6882077456,1,1.333333373,2500,6682.716309
mid2920003,292,1602281,1602,2,3,1,1,0,1,1,0,1,0,0,0,0,0,0,0,0,1.385896564,1,8,2375,41096.29688
mid2670014,267,1602281,1602,2,3,1,0,1,0,0,0,0,1,0,0,0,0,0,0,0,0.5331154466,1,5,2266.666748,26226.85156
mid2870018,287,1602281,1602,2,1,1,1,0,1,1,1,0,1,0,0,0,0,0,1,0,1.385896564,1,14,2571.428467,69168.51562
mid2930003,293,1602281,1602,2,2,0,0,1,0,0,0,1,0,0,0,0,0,0,0,1,0.8490627408,1,5.333333492,2312.5,27730.86523
mid2780002,278,1602281,1602,2,2,0,1,0,0,1,1,0,1,0,0,0,0,0,0,1,0.6882077456,1,1.333333373,2500,6682.716309
mid2810025,281,1602281,1602,2,1,1,0,1,0,0,0,0,1,0,0,0,0,0,1,0,0.5331154466,1,5,2400,25560.18555
mid2680006,268,1602281,1602,2,2,0,1,0,1,1,0,0,0,1,0,0,0,0,0,1,0.6882077456,1,5,2400,25560.18555
mid2760026,276,1602281,1602,2,3,1,1,0,0,1,0,0,1,0,0,0,0,0,0,0,1.016775727,1,4,2750,19048.14844
mid2670022,267,1602281,1602,2,3,0,0,1,0,0,0,0,0,1,0,0,0,0,0,0,0.8443437815,1,2.5,2266.666748,13113.42578
mid2670026,267,1602281,1602,2,3,0,0,1,0,0,0,1,0,0,0,0,0,0,0,0,0.8490627408,1,7,2428.571533,35584.26172
mid2730011,273,1602281,1602,2,1,1,0,1,0,0,0,0,1,0,0,0,0,0,1,0,0.5331154466,1,5,2600,24560.18555
mid2720025,272,1602281,1602,2,3,0,1,0,1,1,1,0,0,1,0,0,0,0,0,0,0.6882077456,1,4,2500,20048.14844
mid2780015,278,1602281,1602,2,2,0,1,0,0,1,1,1,0,0,0,0,0,0,0,1,0.6882077456,1,0.6666666865,2500,3341.358154
mid2890008,289,1602281,1602,2,2,1,1,0,1,0,0,1,0,0,0,0,0,0,0,1,1.385896564,1,8.5,2117.646973,45852.31641
mid2730018,273,1602281,1602,2,1,0,0,1,0,0,0,0,0,1,0,0,0,0,1,0,0.8443437815,0,3.333333254,2800,15706.79004
mid2930029,293,1602281,1602,2,2,1,0,1,0,0,0,0,0,1,0,0,0,0,0,1,1.135477185,1,5.333333492,2312.5,27730.86523
mid2680029,268,1602281,1602,2,2,0,1,0,1,1,0,1,0,0,0,0,0,0,0,1,0.6882077456,1,5,2400,25560.18555
mid2670010,267,1602281,1602,2,3,0,0,1,0,0,0,0,0,1,0,0,0,0,0,0,0.8443437815,1,4.666666508,2571.428467,23056.17188
mid2690040,269,1602281,1602,2,2,0,1,0,0,1,0,0,0,1,0,0,0,0,0,1,0.6882077456,1,8,2250,42096.29688
mid2810011,281,1602281,1602,2,1,1,0,1,0,0,0,0,1,0,0,0,0,0,1,0,0.5331154466,1,5,2400,25560.18555
mid2780035,278,1602281,1602,2,2,1,1,0,0,1,1,1,0,0,0,0,0,0,0,1,1.385896564,1,1.333333373,2500,6682.716309
mid2780006,278,1602281,1602,2,2,1,1,0,0,1,1,0,1,0,0,0,0,0,0,1,1.016775727,1,1.333333373,2500,6682.716309
mid2880012,288,1602281,1602,2,3,0,1,0,0,1,1,1,0,0,0,0,0,0,0,0,0.6882077456,1,7,2285.714355,36584.26172
mid2860002,286,1602281,1602,2,1,0,1,0,0,1,0,0,0,1,0,0,0,0,1,0,0.6882077456,1,7.5,2266.666748,39340.27734
mid2670027,267,1602281,1602,2,3,1,0,1,0,0,0,0,1,0,0,0,0,0,0,0,1.765276194,1,7.5,2266.666748,39340.27734
mid2880016,288,1602281,1602,2,3,1,1,0,0,1,1,1,0,0,0,0,0,0,0,0,1.016775727,1,4.875,2307.692383,25371.18164
mid2810009,281,1602281,1602,2,1,0,0,1,0,0,0,0,0,1,0,0,0,0,1,0,0.8443437815,1,3.333333254,2300,17373.45703
mid2900008,290,1602281,1602,2,3,1,1,0,1,0,0,0,1,0,0,0,0,0,0,0,1.385896564,1,3.333333254,1100,21373.45703
mid2860001,286,1602281,1602,2,1,1,1,0,0,1,0,0,1,0,0,0,0,0,1,0,1.016775727,1,8,2125,43096.29688
mid2890002,289,1602281,1602,2,2,0,1,0,1,0,0,0,0,1,0,0,0,0,0,1,0.6882077456,0,0,,0
mid2730019,273,1602281,1602,2,1,1,0,1,0,0,0,0,1,0,0,0,0,0,1,0,1.765276194,1,3.333333254,2600,16373.45703
mid2860024,286,1602281,1602,2,1,1,1,0,0,1,0,0,1,0,0,0,0,0,1,0,1.385896564,1,7.5,2266.666748,39340.27734
mid2750009,275,1602281,1602,2,1,1,0,1,0,0,0,0,1,0,0,0,0,0,1,0,0.5331154466,1,5.5,2909.09082,25316.20312
mid2860025,286,1602281,1602,2,1,0,1,0,0,1,0,0,0,1,0,0,0,0,1,0,0.6882077456,1,7.5,2266.666748,39340.27734
mid2900028,290,1602281,1602,2,3,1,1,0,1,0,0,1,0,0,0,0,0,0,0,0,1.385896564,1,3.333333254,2200,17706.79102
mid2850019,285,1602281,1602,2,2,0,0,1,0,0,0,0,0,1,0,0,0,0,0,1,0.8443437815,1,5,2600,24560.18555
mid2670016,267,1602281,1602,2,3,1,0,1,0,0,0,1,0,0,0,0,0,0,0,0,1.479507208,1,5,2266.666748,26226.85156
mid2780033,278,1602281,1602,2,2,0,1,0,0,1,1,0,0,1,0,0,0,0,0,1,0.6882077456,1,1.333333373,2500,6682.716309
mid2900022,290,1602281,1602,2,3,0,1,0,1,0,0,0,0,1,0,0,0,0,0,0,0.6882077456,1,15,2200,79680.55469
mid2860030,286,1602281,1602,2,1,1,1,0,0,1,0,0,1,0,0,0,0,0,1,0,1.385896564,1,7.5,2266.666748,39340.27734
mid2900020,290,1602281,1602,2,3,0,1,0,1,0,0,0,0,1,0,0,0,0,0,0,0.6882077456,1,3.333333254,2200,17706.79102
mid2900025,290,1602281,1602,2,3,1,1,0,1,0,0,1,0,0,0,0,0,0,0,0,1.385896564,1,6.666666508,2200,35413.58203
mid2920025,292,1602281,1602,2,3,0,1,0,1,1,0,0,0,1,0,0,0,0,0,0,0.6882077456,1,8.5,2235.294189,44852.31641
mid2770010,277,1602281,1602,2,3,0,0,1,0,0,0,0,0,1,0,0,0,0,0,0,0.8443437815,0,0,,0
mid2880006,288,1602281,1602,2,3,1,1,0,0,1,1,1,0,0,0,0,0,0,0,0,1.016775727,1,8.666666985,2307.692383,45104.32422
mid2830004,283,1602281,1602,2,1,0,1,0,0,1,1,0,0,1,0,0,0,0,1,0,0.6882077456,1,7,2500,35084.26172
mid2880029,288,1602281,1602,2,3,1,1,0,0,1,1,0,1,0,0,0,0,0,0,0,1.385896564,1,6,2500,30072.22461
mid2860033,286,1602281,1602,2,1,1,1,0,0,1,0,0,1,0,0,0,0,0,1,0,1.016775727,1,5,2266.666748,26226.85156
mid2870003,287,1602281,1602,2,1,0,1,0,1,1,1,0,0,1,0,0,0,0,1,0,0.6882077456,1,9.333333015,2571.428467,46112.34766
mid2860010,286,1602281,1602,2,1,1,1,0,0,1,0,0,0,1,0,0,0,0,1,0,1.016775727,1,7.5,2266.666748,39340.27734
mid2850016,285,1602281,1602,2,2,0,0,1,0,0,0,0,0,1,0,0,0,0,0,1,0.8443437815,1,10,2600,49120.37109
mid2690029,269,1602281,1602,2,2,1,1,0,0,1,0,0,1,0,0,0,0,0,0,1,1.016775727,1,8,2250,42096.29688
mid2770027,277,1602281,1602,2,3,1,0,1,0,0,0,0,1,0,0,0,0,0,0,0,0.5086085796,1,4.666666508,2571.428467,23056.17188
mid2870021,287,1602281,1602,2,1,0,1,0,1,1,1,0,0,1,0,0,0,0,1,0,0.6882077456,0,0,,0
mid2780019,278,1602281,1602,2,2,1,1,0,0,1,1,0,1,0,0,0,0,0,0,1,1.385896564,1,2,2500,10024.07422
mid2850011,285,1602281,1602,2,2,0,0,1,0,0,0,0,0,1,0,0,0,0,0,1,0.8443437815,1,3.333333254,2600,16373.45703
mid2850001,285,1602281,1602,2,2,1,0,1,0,0,0,0,1,0,0,0,0,0,0,1,0.5331154466,1,5,2600,24560.18555
mid2930023,293,1602281,1602,2,2,1,0,1,0,0,0,0,1,0,0,0,0,0,0,1,1.765276194,1,5.333333492,2312.5,27730.86523
mid2670028,267,1602281,1602,2,3,0,0,1,0,0,0,0,0,1,0,0,0,0,0,0,0.8443437815,1,7.5,2266.666748,39340.27734
mid2830020,283,1602281,1602,2,1,1,1,0,0,1,1,0,1,0,0,0,0,0,1,0,1.385896564,1,7,2500,35084.25781
mid2750030,275,1602281,1602,2,1,0,0,1,0,0,0,0,1,0,0,0,0,0,1,0,0.8168789148,1,5,3200,21560.18555
mid2830005,283,1602281,1602,2,1,1,1,0,0,1,1,0,1,0,0,0,0,0,1,0,1.016775727,1,7,2500,35084.26172
mid2880023,288,1602281,1602,2,3,1,1,0,0,1,1,1,0,0,0,0,0,0,0,0,1.385896564,1,6.5,2307.692383,33828.24219
mid2810020,281,1602281,1602,2,1,1,0,1,0,0,0,0,1,0,0,0,0,0,1,0,0.5331154466,1,5,2400,25560.18555
mid2810003,281,1602281,1602,2,1,0,0,1,0,0,0,0,0,1,0,0,0,0,1,0,0.8443437815,1,5,2400,25560.18555
mid2890001,289,1602281,1602,2,2,0,1,0,1,0,0,0,0,1,0,0,0,0,0,1,0.6882077456,1,8.5,2117.646973,45852.31641
mid2780022,278,1602281,1602,2,2,0,1,0,0,1,1,0,0,1,0,0,0,0,0,1,0.6882077456,1,2,2500,10024.07422
mid2890025,289,1602281,1602,2,2,1,1,0,1,0,0,0,1,0,0,0,0,0,0,1,1.385896564,1,8,2250,42096.29688
mid2660025,266,1602281,1602,2,1,1,1,0,1,1,0,0,1,0,0,0,0,0,1,0,1.385896564,1,8,2250,42096.29688
mid2770014,277,1602281,1602,2,3,0,0,1,0,0,0,0,0,1,0,0,0,0,0,0,0.8443437815,1,7,5285.714355,15584.25977
mid2930008,293,1602281,1602,2,2,1,0,1,0,0,0,0,1,0,0,0,0,0,0,1,1.765276194,1,5.333333492,2312.5,27730.86523
mid2920012,292,1602281,1602,2,3,0,1,0,1,1,0,0,0,1,0,0,0,0,0,0,0.6882077456,1,8.5,2235.294189,44852.31641
mid2880020,288,1602281,1602,2,3,0,1,0,0,1,1,0,0,1,0,0,0,0,0,0,0.6882077456,1,6.5,2307.692383,33828.24219
mid2830002,283,1602281,1602,2,1,0,1,0,0,1,1,0,0,1,0,0,0,0,1,0,0.6882077456,1,7.5,2400,38340.27734
mid2750013,275,1602281,1602,2,1,1,0,1,0,0,0,0,1,0,0,0,0,0,1,0,1.765276194,1,7,2285.714355,36584.26172
mid2770016,277,1602281,1602,2,3,1,0,1,0,0,0,0,1,0,0,0,0,0,0,0,0.5331154466,1,3.5,2714.285645,16792.12891
mid2810006,281,1602281,1602,2,1,1,0,1,0,0,0,0,1,0,0,0,0,0,1,0,0.5331154466,1,5,2400,25560.18555
mid2690021,269,1602281,1602,2,2,0,1,0,0,1,0,1,0,0,0,0,0,0,0,1,0.6882077456,1,8,2250,42096.29688
mid2690037,269,1602281,1602,2,2,1,1,0,0,1,0,0,0,1,0,0,0,0,0,1,1.016775727,1,8,2250,42096.29688
mid2750007,275,1602281,1602,2,1,0,0,1,0,0,0,0,0,1,0,0,0,0,1,0,0.8443437815,0,0,,0
mid2660006,266,1602281,1602,2,1,1,1,0,1,1,0,1,0,0,0,0,0,0,1,0,1.385896564,1,10,3600,39120.37109
mid2770038,277,1602281,1602,2,3,1,0,1,0,0,0,0,1,0,0,0,0,0,0,0,0.5331154466,0,9.333333015,2642.857178,45445.67578
mid2930022,293,1602281,1602,2,2,1,0,1,0,0,0,1,0,0,0,0,0,0,0,1,1.479507208,1,5.333333492,2312.5,27730.86523
mid2930014,293,1602281,1602,2,2,1,0,1,0,0,0,0,0,1,0,0,0,0,0,1,1.135477185,1,5.333333492,2312.5,27730.86523
mid2720019,272,1602281,1602,2,3,0,1,0,1,1,1,0,0,1,0,0,0,0,0,0,0.6882077456,1,4,2500,20048.14844
mid2720012,272,1602281,1602,2,3,0,1,0,1,1,1,0,0,1,0,0,0,0,0,0,0.6882077456,0,0,,0
mid2690027,269,1602281,1602,2,2,1,1,0,0,1,0,0,1,0,0,0,0,0,0,1,1.385896564,1,7.5,2400,38340.27734
mid2660008,266,1602281,1602,2,1,1,1,0,1,1,0,1,0,0,0,0,0,0,1,0,1.385896564,1,8,2250,42096.29688
mid2870004,287,1602281,1602,2,1,0,1,0,1,1,1,0,0,1,0,0,0,0,1,0,0.6882077456,1,7,2571.428467,34584.26172
mid2890030,289,1602281,1602,2,2,0,1,0,1,0,0,0,0,1,0,0,0,0,0,1,0.6882077456,1,2,2250,10524.07422
mid2760042,276,1602281,1602,2,3,1,1,0,0,1,0,0,1,0,0,0,0,0,0,0,1.016775727,1,4.5,2444.444336,22804.16602
mid2720027,272,1602281,1602,2,3,1,1,0,1,1,1,0,1,0,0,0,0,0,0,0,1.385896564,1,4,2500,20048.14844
mid2920008,292,1602281,1602,2,3,1,1,0,1,1,0,0,1,0,0,0,0,0,0,0,1.385896564,1,8.5,2235.294189,44852.31641
mid2680018,268,1602281,1602,2,2,0,1,0,1,1,0,1,0,0,0,0,0,0,0,1,0.6882077456,1,3.333333254,2400,17040.12305
mid2760036,276,1602281,1602,2,3,0,1,0,0,1,0,0,0,1,0,0,0,0,0,0,0.6882077456,1,1.333333373,2750,6349.382812
mid2720004,272,1602281,1602,2,3,0,1,0,1,1,1,0,0,1,0,0,0,0,0,0,0.6882077456,1,4,2500,20048.14844
mid2720002,272,1602281,1602,2,3,1,1,0,1,1,1,1,0,0,0,0,0,0,0,0,1.385896564,1,4,2500,20048.14844
mid2900029,290,1602281,1602,2,3,0,1,0,1,0,0,1,0,0,0,0,0,0,0,0,0.6882077456,1,5,2200,26560.18555
mid2670030,267,1602281,1602,2,3,1,0,1,0,0,0,0,1,0,0,0,0,0,0,0,0.5331154466,1,4.666666508,2428.571533,23722.83789
mid2770023,277,1602281,1602,2,3,1,0,1,0,0,0,0,1,0,0,0,0,0,0,0,0.5331154466,0,0,,0
mid2690033,269,1602281,1602,2,2,1,1,0,0,1,0,0,1,0,0,0,0,0,0,1,1.016775727,1,8,2250,42096.29688
mid2690026,269,1602281,1602,2,2,1,1,0,0,1,0,1,0,0,0,0,0,0,0,1,1.016775727,1,7,2571.428467,34584.26172
mid2930019,293,1602281,1602,2,2,1,0,1,0,0,0,0,1,0,0,0,0,0,0,1,1.765276194,1,5.333333492,2312.5,27730.86523
mid2900001,290,1602281,1602,2,3,1,1,0,1,0,0,1,0,0,0,0,0,0,0,0,1.385896564,1,5,2200,26560.18555
mid2830007,283,1602281,1602,2,1,1,1,0,0,1,1,0,1,0,0,0,0,0,1,0,1.016775727,1,7,2500,35084.26172
mid2830008,283,1602281,1602,2,1,1,1,0,0,1,1,1,0,0,0,0,0,0,1,0,1.385896564,1,7,2500,35084.26172
mid2780031,278,1602281,1602,2,2,1,1,0,0,1,1,0,1,0,0,0,0,0,0,1,1.385896564,1,1.333333373,2500,6682.716309
mid2760002,276,1602281,1602,2,3,1,1,0,0,1,0,0,1,0,0,0,0,0,0,0,1.385896564,1,3,2444.444336,15202.77832
mid2750046,275,1602281,1602,2,1,0,0,1,0,0,0,0,0,1,0,0,0,0,1,0,0.8443437815,1,2.333333254,2285.714355,12194.75293
mid2750014,275,1602281,1602,2,1,1,0,1,0,0,0,0,1,0,0,0,0,0,1,0,0.5331154466,1,3,2666.666748,14536.11133
mid2880015,288,1602281,1602,2,3,1,1,0,0,1,1,0,1,0,0,0,0,0,0,0,1.016775727,1,4,2500,20048.14844
mid2730038,273,1602281,1602,2,1,1,0,1,0,0,0,0,1,0,0,0,0,0,1,0,0.5331154466,1,5,2600,24560.18555
mid2680019,268,1602281,1602,2,2,0,1,0,1,1,0,0,0,1,0,0,0,0,0,1,0.6882077456,1,4,3000,18048.14844
mid2680016,268,1602281,1602,2,2,0,1,0,1,1,0,0,0,1,0,0,0,0,0,1,0.6882077456,1,5,2400,25560.18555
mid2760017,276,1602281,1602,2,3,1,1,0,0,1,0,0,1,0,0,0,0,0,0,0,1.385896564,1,4,2750,19048.14844
mid2660003,266,1602281,1602,2,1,0,1,0,1,1,0,0,0,1,0,0,0,0,1,0,0.6882077456,0,0,,0
mid2880031,288,1602281,1602,2,3,0,1,0,0,1,1,0,0,1,0,0,0,0,0,0,0.6882077456,1,6,2500,30072.22461
mid2760009,276,1602281,1602,2,3,1,1,0,0,1,0,0,1,0,0,0,0,0,0,0,1.385896564,1,4.5,2444.444336,22804.16602
mid2920018,292,1602281,1602,2,3,1,1,0,1,1,0,0,1,0,0,0,0,0,0,0,1.385896564,1,9,2111.111084,48608.33203
mid2850026,285,1602281,1602,2,2,0,0,1,0,0,0,0,0,1,0,0,0,0,0,1,0.8443437815,1,3.333333254,2600,16373.45703
mid2750028,275,1602281,1602,2,1,0,0,1,0,0,0,0,0,1,0,0,0,0,1,0,0.8443437815,1,1.666666627,3200,7186.728516
mid2880022,288,1602281,1602,2,3,0,1,0,0,1,1,0,0,1,0,0,0,0,0,0,0.6882077456,1,6.5,2307.692383,33828.24219
mid2920028,292,1602281,1602,2,3,1,1,0,1,1,0,1,0,0,0,0,0,0,0,0,1.385896564,1,8.5,2235.294189,44852.31641
mid2770004,277,1602281,1602,2,3,1,0,1,0,0,0,0,1,0,0,0,0,0,0,0,1.765276194,1,4.666666508,2714.285645,22389.50586
mid1730007,173,1602351,1602,2,3,0,1,0,0,1,1,0,0,1,0,0,0,0,0,0,0.6702834368,0,0,,0
mid1570019,157,1602351,1602,2,2,1,0,1,0,0,0,0,1,0,0,0,0,0,0,1,1.722829223,1,15,2400,76680.55469
mid1670059,167,1602351,1602,2,1,1,1,0,1,0,1,0,1,0,0,0,0,0,1,0,1.745073199,1,5,3000,22560.18555
mid1600026,160,1602351,1602,2,2,1,1,0,0,0,1,1,0,0,0,0,0,0,0,1,1.745073199,1,8,2500,40096.29688
mid1570006,157,1602351,1602,2,2,1,0,1,0,0,0,0,1,0,0,0,0,0,0,1,0.4918469489,1,15,2400,76680.55469
mid1730009,173,1602351,1602,2,3,1,1,0,0,1,1,1,0,0,0,0,0,0,0,0,0.8070033193,1,15,2400,76680.55469
mid1700021,170,1602351,1602,2,1,0,1,0,0,1,1,0,0,1,0,0,0,0,1,0,0.6702834368,1,2.5,2400,12780.09277
mid1730006,173,1602351,1602,2,3,0,1,0,0,1,1,0,0,1,0,0,0,0,0,0,0.6702834368,0,0,,0
mid1700035,170,1602351,1602,2,1,1,1,0,0,1,1,0,1,0,0,0,0,0,1,0,0.8070033193,1,5,2400,25560.18555
mid1620015,162,1602351,1602,2,1,1,1,0,0,0,0,1,0,0,0,0,0,0,1,0,0.8070033193,1,6,2500,30072.22266
mid1600004,160,1602351,1602,2,2,0,1,0,0,0,1,0,0,1,0,0,0,0,0,1,0.6702834368,0,0,,0
mid1670039,167,1602351,1602,2,1,0,1,0,1,0,1,0,0,1,0,0,0,0,1,0,0.6702834368,1,8,1875,45096.29688
mid1590008,159,1602351,1602,2,2,0,1,0,0,0,1,0,0,1,0,0,0,0,0,1,0.6702834368,0,0,,0
mid1710020,171,1602351,1602,2,3,0,0,1,0,0,0,0,0,1,0,0,0,0,0,0,0.9661989808,1,8,2250,42096.29688
mid1570035,157,1602351,1602,2,2,1,0,1,0,0,0,0,1,0,0,0,0,0,0,1,0.4918469489,1,15,2400,76680.55469
mid1600002,160,1602351,1602,2,2,0,1,0,0,0,1,1,0,0,0,0,0,0,0,1,0.6702834368,1,4.666666508,2571.428467,23056.17188
mid1640031,164,1602351,1602,2,3,1,1,0,1,0,0,1,0,0,0,0,0,0,0,0,1.745073199,1,5,3000,22560.18555
mid1620020,162,1602351,1602,2,1,1,1,0,0,0,0,0,1,0,0,0,0,0,1,0,1.745073199,1,6,2500,30072.22266
mid1710006,171,1602351,1602,2,3,1,0,1,0,0,0,1,0,0,0,0,0,0,0,0,1.339669943,1,8,2500,40096.29688
mid1710022,171,1602351,1602,2,3,1,0,1,0,0,0,0,1,0,0,0,0,0,0,0,1.598429203,1,8,2250,42096.29688
mid1650043,165,1602351,1602,2,1,1,0,1,0,0,0,0,1,0,0,0,0,0,1,0,0.4692371488,1,2.5,2400,12780.09277
mid1610011,161,1602351,1602,2,2,1,1,0,1,0,1,0,1,0,0,0,0,0,0,1,1.745073199,1,12,2500,60144.44531
mid1570027,157,1602351,1602,2,2,0,0,1,0,0,0,0,0,1,0,0,0,0,0,1,0.9661989808,1,10,2400,51120.37109
mid1700042,170,1602351,1602,2,1,1,1,0,0,1,1,0,1,0,0,0,0,0,1,0,0.8070033193,1,2.5,2400,12780.09277
mid1620029,162,1602351,1602,2,1,0,1,0,0,0,0,0,0,1,0,0,0,0,1,0,0.6702834368,1,6,2500,30072.22266
mid1620008,162,1602351,1602,2,1,1,1,0,0,0,0,1,0,0,0,0,0,0,1,0,0.8070033193,1,6,2500,30072.22266
mid1730001,173,1602351,1602,2,3,1,1,0,0,1,1,0,1,0,0,0,0,0,0,0,1.745073199,1,15,2400,76680.55469
mid1650018,165,1602351,1602,2,1,1,0,1,0,0,0,0,1,0,0,0,0,0,1,0,0.4692371488,1,9,2000,49608.33594
mid1620025,162,1602351,1602,2,1,0,1,0,0,0,0,0,0,1,0,0,0,0,1,0,0.6702834368,1,6,2500,30072.22266
mid1590001,159,1602351,1602,2,2,0,1,0,0,0,1,0,0,1,0,0,0,0,0,1,0.6702834368,0,0,,0
mid1640016,164,1602351,1602,2,3,1,1,0,1,0,0,1,0,0,0,0,0,0,0,0,1.745073199,1,5,3000,22560.18555
mid1570012,157,1602351,1602,2,2,0,0,1,0,0,0,0,0,1,0,0,0,0,0,1,0.9661989808,0,0,,0
mid1600011,160,1602351,1602,2,2,0,1,0,0,0,1,0,0,1,0,0,0,0,0,1,0.6702834368,0,0,,0
mid1690018,169,1602351,1602,2,3,0,1,0,1,1,0,0,0,1,0,0,0,0,0,0,0.6702834368,1,3,2500,15036.11133
mid1690014,169,1602351,1602,2,3,0,1,0,1,1,0,1,0,0,0,0,0,0,0,0,0.6702834368,1,3,2500,15036.11133
mid1600019,160,1602351,1602,2,2,1,1,0,0,0,1,0,1,0,0,0,0,0,0,1,1.745073199,0,0,,0
mid1590006,159,1602351,1602,2,2,1,1,0,0,0,1,0,1,0,0,0,0,0,0,1,0.8070033193,1,10,2533.333252,49787.03516
mid1650044,165,1602351,1602,2,1,1,0,1,0,0,0,0,1,0,0,0,0,0,1,0,1.598429203,1,2.5,2400,12780.09277
mid1710009,171,1602351,1602,2,3,1,0,1,0,0,0,1,0,0,0,0,0,0,0,0,1.339669943,1,5.333333492,2500,26730.86523
mid1700006,170,1602351,1602,2,1,1,1,0,0,1,1,0,1,0,0,0,0,0,1,0,1.745073199,1,10,2400,51120.37109
mid1700033,170,1602351,1602,2,1,1,1,0,0,1,1,0,1,0,0,0,0,0,1,0,1.745073199,0,2.5,2400,12780.09277
mid1730008,173,1602351,1602,2,3,1,1,0,0,1,1,0,1,0,0,0,0,0,0,0,0.8070033193,1,15,2400,76680.55469
mid1710024,171,1602351,1602,2,3,0,0,1,0,0,0,1,0,0,0,0,0,0,0,0,0.9715990424,1,8,2500,40096.29688
mid1610013,161,1602351,1602,2,2,1,1,0,1,0,1,0,1,0,0,0,0,0,0,1,1.745073199,0,8,2500,40096.29688
mid1700027,170,1602351,1602,2,1,0,1,0,0,1,1,0,0,1,0,0,0,0,1,0,0.6702834368,0,0,,0
mid1690012,169,1602351,1602,2,3,0,1,0,1,1,0,1,0,0,0,0,0,0,0,0,0.6702834368,1,3,2500,15036.11133
mid1610002,161,1602351,1602,2,2,1,1,0,1,0,1,1,0,0,0,0,0,0,0,1,1.745073199,1,18,2500,90216.67188
mid1620021,162,1602351,1602,2,1,1,1,0,0,0,0,0,1,0,0,0,0,0,1,0,0.8070033193,1,4,3750,15048.14844
mid1700022,170,1602351,1602,2,1,1,1,0,0,1,1,0,1,0,0,0,0,0,1,0,0.8070033193,0,7.5,2466.666748,37673.60938
mid1640014,164,1602351,1602,2,3,0,1,0,1,0,0,0,0,1,0,0,0,0,0,0,0.6702834368,1,16,2500,80192.59375
mid1700038,170,1602351,1602,2,1,0,1,0,0,1,1,0,0,1,0,0,0,0,1,0,0.6702834368,1,7.5,2400,38340.27734
mid1570018,157,1602351,1602,2,2,1,0,1,0,0,0,0,0,1,0,0,0,0,0,1,0.3107602596,1,15,2400,76680.55469
mid1640006,164,1602351,1602,2,3,1,1,0,1,0,0,1,0,0,0,0,0,0,0,0,1.745073199,1,5.5,2727.272705,26316.20312
mid1610036,161,1602351,1602,2,2,0,1,0,1,0,1,0,0,1,0,0,0,0,0,1,0.6702834368,1,18,2500,90216.67188
mid1690010,169,1602351,1602,2,3,0,1,0,1,1,0,1,0,0,0,0,0,0,0,0,0.6702834368,1,3,2500,15036.11133
mid1710007,171,1602351,1602,2,3,0,0,1,0,0,0,0,0,1,0,0,0,0,0,0,0.9661989808,1,8,2500,40096.29688
mid1640025,164,1602351,1602,2,3,0,1,0,1,0,0,0,0,1,0,0,0,0,0,0,0.6702834368,1,5,3000,22560.18555
mid1600020,160,1602351,1602,2,2,1,1,0,0,0,1,1,0,0,0,0,0,0,0,1,1.745073199,1,7,2571.428467,34584.25781
mid1620003,162,1602351,1602,2,1,1,1,0,0,0,0,1,0,0,0,0,0,0,1,0,0.8070033193,1,5,3000,22560.18555
mid1590015,159,1602351,1602,2,2,0,1,0,0,0,1,0,0,1,0,0,0,0,0,1,0.6702834368,0,0,,0
mid1570020,157,1602351,1602,2,2,1,0,1,0,0,0,0,1,0,0,0,0,0,0,1,0.4918469489,1,15,2400,76680.55469
mid1590010,159,1602351,1602,2,2,0,1,0,0,0,1,0,0,1,0,0,0,0,0,1,0.6702834368,0,0,,0
mid1640003,164,1602351,1602,2,3,1,1,0,1,0,0,0,0,1,0,0,0,0,0,0,1.745073199,1,12,2500,60144.44531
mid1600023,160,1602351,1602,2,2,1,1,0,0,0,1,0,1,0,0,0,0,0,0,1,0.8070033193,0,0,,0
mid1600028,160,1602351,1602,2,2,0,1,0,0,0,1,0,0,1,0,0,0,0,0,1,0.6702834368,0,0,,0
mid1690007,169,1602351,1602,2,3,0,1,0,1,1,0,0,0,1,0,0,0,0,0,0,0.6702834368,1,3,2500,15036.11133
mid1650012,165,1602351,1602,2,1,1,0,1,0,0,0,0,1,0,0,0,0,0,1,0,0.4918469489,1,2.5,2400,12780.09277
mid1600012,160,1602351,1602,2,2,0,1,0,0,0,1,1,0,0,0,0,0,0,0,1,0.6702834368,1,8,2500,40096.29688
mid1590012,159,1602351,1602,2,2,0,1,0,0,0,1,0,0,1,0,0,0,0,0,1,0.6702834368,0,0,,0
mid1730026,173,1602351,1602,2,3,1,1,0,0,1,1,1,0,0,0,0,0,0,0,0,0.8070033193,1,15,2400,76680.55469
mid1710029,171,1602351,1602,2,3,1,0,1,0,0,0,1,0,0,0,0,0,0,0,0,1.339669943,1,8,2500,40096.29688
mid1670060,167,1602351,1602,2,1,0,1,0,1,0,1,0,0,1,0,0,0,0,1,0,0.6702834368,1,5,3000,22560.18555
mid1650002,165,1602351,1602,2,1,0,0,1,0,0,0,0,0,1,0,0,0,0,1,0,0.9661989808,1,5,3000,22560.18555
mid1570045,157,1602351,1602,2,2,1,0,1,0,0,0,0,1,0,0,0,0,0,0,1,0.4692371488,1,10,2400,51120.37109
mid1710012,171,1602351,1602,2,3,0,0,1,0,0,0,0,0,1,0,0,0,0,0,0,0.9661989808,1,8,2500,40096.29688
mid1590005,159,1602351,1602,2,2,0,1,0,0,0,1,1,0,0,0,0,0,0,0,1,0.6702834368,0,1.666666627,3400,6853.39502
mid1570021,157,1602351,1602,2,2,1,0,1,0,0,0,1,0,0,0,0,0,0,0,1,1.339669943,1,15,2400,76680.55469
mid1590009,159,1602351,1602,2,2,0,1,0,0,0,1,0,1,0,0,0,0,0,0,1,0.6702834368,0,0,,0
mid1590014,159,1602351,1602,2,2,0,1,0,0,0,1,1,0,0,0,0,0,0,0,1,0.6702834368,0,0,,0
mid1730018,173,1602351,1602,2,3,1,1,0,0,1,1,0,1,0,0,0,0,0,0,0,1.745073199,1,15,2400,76680.55469
mid1690019,169,1602351,1602,2,3,1,1,0,1,1,0,0,1,0,0,0,0,0,0,0,1.745073199,1,3,2500,15036.11133
mid1690005,169,1602351,1602,2,3,0,1,0,1,1,0,0,0,1,0,0,0,0,0,0,0.6702834368,1,2.5,3000,11280.09277
mid1670035,167,1602351,1602,2,1,0,1,0,1,0,1,0,0,1,0,0,0,0,1,0,0.6702834368,1,5,3000,22560.18555
mid1610046,161,1602351,1602,2,2,0,1,0,1,0,1,1,0,0,0,0,0,0,0,1,0.6702834368,1,12,2500,60144.44531
mid1650013,165,1602351,1602,2,1,0,0,1,0,0,0,0,0,1,0,0,0,0,1,0,0.9661989808,1,7.5,2400,38340.27734
mid1650016,165,1602351,1602,2,1,0,0,1,0,0,0,0,0,1,0,0,0,0,1,0,0.9661989808,1,7.5,2400,38340.27734
mid1650046,165,1602351,1602,2,1,1,0,1,0,0,0,0,1,0,0,0,0,0,1,0,1.722829223,1,9,2000,49608.33594
mid1730028,173,1602351,1602,2,3,1,1,0,0,1,1,0,1,0,0,0,0,0,0,0,0.8070033193,1,30,2400,153361.1094
mid1650034,165,1602351,1602,2,1,1,0,1,0,0,0,0,1,0,0,0,0,0,1,0,1.598429203,1,5,2400,25560.18555
mid1710005,171,1602351,1602,2,3,1,0,1,0,0,0,0,1,0,0,0,0,0,0,0,0.4918469489,1,8,2500,40096.29688
mid1640011,164,1602351,1602,2,3,1,1,0,1,0,0,1,0,0,0,0,0,0,0,0,1.745073199,1,5.5,2727.272705,26316.20312
mid1700036,170,1602351,1602,2,1,1,1,0,0,1,1,0,1,0,0,0,0,0,1,0,1.745073199,1,7.5,2400,38340.27734
mid1730015,173,1602351,1602,2,3,0,1,0,0,1,1,0,0,1,0,0,0,0,0,0,0.6702834368,0,0,,0
mid1620016,162,1602351,1602,2,1,0,1,0,0,0,0,1,0,0,0,0,0,0,1,0,0.6702834368,1,18,2500,90216.67188
mid1690002,169,1602351,1602,2,3,1,1,0,1,1,0,1,0,0,0,0,0,0,0,0,1.745073199,1,3,2500,15036.11133
mid1610031,161,1602351,1602,2,2,0,1,0,1,0,1,0,0,1,0,0,0,0,0,1,0.6702834368,1,6,2500,30072.22266
mid1620033,162,1602351,1602,2,1,1,1,0,0,0,0,0,0,1,0,0,0,0,1,0,0.8070033193,1,10,3000,45120.37109
mid1610009,161,1602351,1602,2,2,0,1,0,1,0,1,0,0,1,0,0,0,0,0,1,0.6702834368,1,6,3333.333252,25072.22266
mid2230031,223,1602475,1602,2,3,1,1,0,0,1,1,1,0,0,0,0,0,0,0,0,0.5829806328,0,0,,0
mid2150034,215,1602475,1602,2,3,1,0,1,0,0,0,0,1,0,0,0,0,0,0,0,0.7348471284,0,0,,0
mid2150012,215,1602475,1602,2,3,0,0,1,0,0,0,0,0,1,0,0,0,0,0,0,0.6719589233,0,0,,0
mid2290009,229,1602475,1602,2,3,1,1,0,1,0,1,1,0,0,0,0,0,0,0,0,1.360611796,0,0,,0
mid2280005,228,1602475,1602,2,3,1,1,0,1,1,1,1,0,0,0,0,0,0,0,0,1.360611796,0,10,2333.333252,51787.03516
mid2210034,221,1602475,1602,2,2,0,0,1,0,0,0,1,0,0,0,0,0,0,0,1,0.6757144928,0,5,2500,25060.18555
mid2210007,221,1602475,1602,2,2,1,0,1,0,0,0,0,1,0,0,0,0,0,0,1,0.701066792,0,0,,0
mid2200003,220,1602475,1602,2,1,1,1,0,0,1,0,0,1,0,0,0,0,0,1,0,0.5829806328,0,0,,0
mid2170028,217,1602475,1602,2,2,0,1,0,1,0,1,0,0,1,0,0,0,0,0,1,0.8647981882,0,0,,0
mid2280024,228,1602475,1602,2,3,1,1,0,1,1,1,0,1,0,0,0,0,0,0,0,1.360611796,0,10,2333.333252,51787.03516
mid2140009,214,1602475,1602,2,3,1,0,1,0,0,0,0,1,0,0,0,0,0,0,0,1.919043779,0,0,,0
mid2200016,220,1602475,1602,2,1,0,1,0,0,1,0,0,0,1,0,0,0,0,1,0,0.8647981882,0,0,,0
mid2210039,221,1602475,1602,2,2,1,0,1,0,0,0,0,0,1,0,0,0,0,0,1,1.481622219,0,5,2500,25060.18555
mid2120029,212,1602475,1602,2,2,1,0,1,0,0,0,0,1,0,0,0,0,0,0,1,0.7348471284,0,0,,0
mid2310001,231,1602475,1602,2,1,1,0,1,0,0,0,1,0,0,0,0,0,0,1,0,1.492246151,0,0,,0
mid2290025,229,1602475,1602,2,3,1,1,0,1,0,1,0,1,0,0,0,0,0,0,0,1.360611796,0,0,,0
mid2170002,217,1602475,1602,2,2,0,1,0,1,0,1,1,0,0,0,0,0,0,0,1,0.8647981882,0,0,,0
mid2310025,231,1602475,1602,2,1,0,0,1,0,0,0,0,0,1,0,0,0,0,1,0,0.5764446259,0,0,,0
mid2280038,228,1602475,1602,2,3,1,1,0,1,1,1,1,0,0,0,0,0,0,0,0,1.360611796,0,20,2333.333252,103574.0703
mid2140023,214,1602475,1602,2,3,0,0,1,0,0,0,0,1,0,0,0,0,0,0,0,0.6501014233,0,0,,0
mid2120026,212,1602475,1602,2,2,1,0,1,0,0,0,0,1,0,0,0,0,0,0,1,0.7348471284,0,0,,0
mid2280016,228,1602475,1602,2,3,1,1,0,1,1,1,1,0,0,0,0,0,0,0,0,1.360611796,0,20,2333.333252,103574.0703
mid2290031,229,1602475,1602,2,3,0,1,0,1,0,1,1,0,0,0,0,0,0,0,0,0.8647981882,0,0,,0
mid2140027,214,1602475,1602,2,3,1,0,1,0,0,0,0,1,0,0,0,0,0,0,0,1.919043779,0,0,,0
mid2140036,214,1602475,1602,2,3,1,0,1,0,0,0,0,1,0,0,0,0,0,0,0,0.7348471284,0,0,,0
mid2210009,221,1602475,1602,2,2,1,0,1,0,0,0,0,1,0,0,0,0,0,0,1,0.701066792,0,5,2500,25060.18555
mid2310002,231,1602475,1602,2,1,1,0,1,0,0,0,0,1,0,0,0,0,0,1,0,1.780475736,0,0,,0
mid2230041,223,1602475,1602,2,3,1,1,0,0,1,1,1,0,0,0,0,0,0,0,0,1.360611796,0,0,,0
mid2310021,231,1602475,1602,2,1,0,0,1,0,0,0,0,0,1,0,0,0,0,1,0,0.5764446259,0,0,,0
mid2280043,228,1602475,1602,2,3,0,1,0,1,1,1,0,0,1,0,0,0,0,0,0,0.8647981882,0,0,,0
mid2310015,231,1602475,1602,2,1,1,0,1,0,0,0,0,1,0,0,0,0,0,1,0,1.780475736,0,0,,0
mid2200021,220,1602475,1602,2,1,0,1,0,0,1,0,0,0,1,0,0,0,0,1,0,0.8647981882,0,0,,0
mid2270038,227,1602475,1602,2,2,0,1,0,0,0,0,0,0,1,0,0,0,0,0,1,0.8647981882,0,0,,0
mid2290016,229,1602475,1602,2,3,0,1,0,1,0,1,1,0,0,0,0,0,0,0,0,0.8647981882,0,0,,0
mid2290029,229,1602475,1602,2,3,0,1,0,1,0,1,0,0,1,0,0,0,0,0,0,0.8647981882,0,0,,0
mid2240029,224,1602475,1602,2,1,0,1,0,1,1,0,0,0,1,0,0,0,0,1,0,0.8647981882,0,0,,0
mid2140010,214,1602475,1602,2,3,1,0,1,0,0,0,0,1,0,0,0,0,0,0,0,1.919043779,0,0,,0
mid2140022,214,1602475,1602,2,3,0,0,1,0,0,0,0,0,1,0,0,0,0,0,0,0.6719589233,0,0,,0
mid2280015,228,1602475,1602,2,3,1,1,0,1,1,1,0,1,0,0,0,0,0,0,0,1.360611796,0,0,,0
mid2150024,215,1602475,1602,2,3,0,0,1,0,0,0,0,0,1,0,0,0,0,0,0,0.6719589233,0,0,,0
mid2170013,217,1602475,1602,2,2,1,1,0,1,0,1,0,1,0,0,0,0,0,0,1,1.360611796,0,0,,0
mid2170026,217,1602475,1602,2,2,0,1,0,1,0,1,0,0,1,0,0,0,0,0,1,0.8647981882,0,0,,0
mid2120022,212,1602475,1602,2,2,0,0,1,0,0,0,1,0,0,0,0,0,0,0,1,0.6757144928,0,0,,0
mid2190003,219,1602475,1602,2,1,1,1,0,1,0,1,0,1,0,0,0,0,0,1,0,1.360611796,0,0,,0
mid2270028,227,1602475,1602,2,2,1,1,0,0,0,0,0,1,0,0,0,0,0,0,1,0.5829806328,0,0,,0
mid2150028,215,1602475,1602,2,3,1,0,1,0,0,0,0,1,0,0,0,0,0,0,0,1.780475736,0,0,,0
mid2240030,224,1602475,1602,2,1,0,1,0,1,1,0,0,0,1,0,0,0,0,1,0,0.8647981882,0,0,,0
mid2240019,224,1602475,1602,2,1,0,1,0,1,1,0,0,0,1,0,0,0,0,1,0,0.8647981882,0,0,,0
mid2200022,220,1602475,1602,2,1,1,1,0,0,1,0,0,1,0,0,0,0,0,1,0,0.5829806328,0,0,,0
mid2270019,227,1602475,1602,2,2,1,1,0,0,0,0,0,1,0,0,0,0,0,0,1,0.5829806328,0,0,,0
mid2210022,221,1602475,1602,2,2,1,0,1,0,0,0,1,0,0,0,0,0,0,0,1,1.492246151,0,5,2500,25060.18555
mid2210029,221,1602475,1602,2,2,0,0,1,0,0,0,0,0,1,0,0,0,0,0,1,0.6719589233,0,0,,0
mid2230024,223,1602475,1602,2,3,0,1,0,0,1,1,0,0,1,0,0,0,0,0,0,0.8647981882,0,0,,0
mid2230028,223,1602475,1602,2,3,0,1,0,0,1,1,0,0,1,0,0,0,0,0,0,0.8647981882,0,0,,0
mid2230039,223,1602475,1602,2,3,1,1,0,0,1,1,0,1,0,0,0,0,0,0,0,0.5829806328,0,0,,0
mid2210015,221,1602475,1602,2,2,1,0,1,0,0,0,1,0,0,0,0,0,0,0,1,1.492246151,0,0,,0
mid2270033,227,1602475,1602,2,2,1,1,0,0,0,0,1,0,0,0,0,0,0,0,1,1.360611796,0,0,,0
mid2230026,223,1602475,1602,2,3,1,1,0,0,1,1,0,1,0,0,0,0,0,0,0,1.360611796,0,0,,0
mid2240001,224,1602475,1602,2,1,1,1,0,1,1,0,1,0,0,0,0,0,0,1,0,1.360611796,0,0,,0
mid2230010,223,1602475,1602,2,3,1,1,0,0,1,1,0,1,0,0,0,0,0,0,0,0.5829806328,0,0,,0
mid2270011,227,1602475,1602,2,2,1,1,0,0,0,0,0,1,0,0,0,0,0,0,1,1.360611796,0,0,,0
mid2120027,212,1602475,1602,2,2,1,0,1,0,0,0,0,1,0,0,0,0,0,0,1,0.7348471284,0,0,,0
mid2140032,214,1602475,1602,2,3,0,0,1,0,0,0,1,0,0,0,0,0,0,0,0,0.6757144928,0,0,,0
mid2240020,224,1602475,1602,2,1,1,1,0,1,1,0,0,1,0,0,0,0,0,1,0,1.360611796,0,0,,0
mid2150036,215,1602475,1602,2,3,1,0,1,0,0,0,0,1,0,0,0,0,0,0,0,1.919043779,0,0,,0
mid2150004,215,1602475,1602,2,3,1,0,1,0,0,0,0,1,0,0,0,0,0,0,0,0.7348471284,0,0,,0
mid2270029,227,1602475,1602,2,2,0,1,0,0,0,0,0,0,1,0,0,0,0,0,1,0.8647981882,0,0,,0
mid2200007,220,1602475,1602,2,1,1,1,0,0,1,0,0,1,0,0,0,0,0,1,0,0.5829806328,0,0,,0
mid2190026,219,1602475,1602,2,1,0,1,0,1,0,1,0,0,1,0,0,0,0,1,0,0.8647981882,0,0,,0
mid2140014,214,1602475,1602,2,3,0,0,1,0,0,0,0,0,1,0,0,0,0,0,0,0.6719589233,0,0,,0
mid2280040,228,1602475,1602,2,3,0,1,0,1,1,1,0,0,1,0,0,0,0,0,0,0.8647981882,0,0,,0
mid2120007,212,1602475,1602,2,2,0,0,1,0,0,0,0,0,1,0,0,0,0,0,1,0.6719589233,0,0,,0
mid2150025,215,1602475,1602,2,3,1,0,1,0,0,0,0,1,0,0,0,0,0,0,0,0.701066792,0,0,,0
mid2120028,212,1602475,1602,2,2,0,0,1,0,0,0,0,0,1,0,0,0,0,0,1,0.6719589233,0,0,,0
mid2170015,217,1602475,1602,2,2,0,1,0,1,0,1,1,0,0,0,0,0,0,0,1,0.8647981882,0,0,,0
mid2120003,212,1602475,1602,2,2,0,0,1,0,0,0,0,0,1,0,0,0,0,0,1,0.6719589233,0,1.333333373,2500,6682.716309
mid2310011,231,1602475,1602,2,1,0,0,1,0,0,0,0,0,1,0,0,0,0,1,0,0.5764446259,0,0,,0
mid2200009,220,1602475,1602,2,1,1,1,0,0,1,0,0,1,0,0,0,0,0,1,0,0.5829806328,0,0,,0
mid2190029,219,1602475,1602,2,1,1,1,0,1,0,1,0,1,0,0,0,0,0,1,0,1.360611796,0,0,,0
mid2290011,229,1602475,1602,2,3,0,1,0,1,0,1,0,0,1,0,0,0,0,0,0,0.8647981882,0,0,,0
mid2200019,220,1602475,1602,2,1,1,1,0,0,1,0,0,1,0,0,0,0,0,1,0,0.5829806328,0,0,,0
mid2150019,215,1602475,1602,2,3,1,0,1,0,0,0,0,1,0,0,0,0,0,0,0,0.7348471284,0,0,,0
mid2240017,224,1602475,1602,2,1,1,1,0,1,1,0,0,1,0,0,0,0,0,1,0,1.360611796,0,0,,0
mid2230023,223,1602475,1602,2,3,1,1,0,0,1,1,0,1,0,0,0,0,0,0,0,0.5829806328,0,0,,0
mid2190004,219,1602475,1602,2,1,1,1,0,1,0,1,0,1,0,0,0,0,0,1,0,1.360611796,0,0,,0
mid2210028,221,1602475,1602,2,2,0,0,1,0,0,0,0,0,1,0,0,0,0,0,1,0.6719589233,0,5,2500,25060.18555
mid2310007,231,1602475,1602,2,1,1,0,1,0,0,0,1,0,0,0,0,0,0,1,0,1.492246151,0,0,,0
mid2200015,220,1602475,1602,2,1,0,1,0,0,1,0,0,0,1,0,0,0,0,1,0,0.8647981882,0,0,,0
mid2290012,229,1602475,1602,2,3,0,1,0,1,0,1,0,0,1,0,0,0,0,0,0,0.8647981882,0,0,,0
mid2290018,229,1602475,1602,2,3,1,1,0,1,0,1,1,0,0,0,0,0,0,0,0,1.360611796,0,0,,0
mid2270013,227,1602475,1602,2,2,0,1,0,0,0,0,1,0,0,0,0,0,0,0,1,0.8647981882,0,0,,0
mid2200012,220,1602475,1602,2,1,1,1,0,0,1,0,0,1,0,0,0,0,0,1,0,0.5829806328,0,0,,0
mid2230013,223,1602475,1602,2,3,0,1,0,0,1,1,0,0,1,0,0,0,0,0,0,0.8647981882,0,0,,0
mid2140007,214,1602475,1602,2,3,0,0,1,0,0,0,0,0,1,0,0,0,0,0,0,0.6719589233,0,0,,0
mid2270030,227,1602475,1602,2,2,1,1,0,0,0,0,0,1,0,0,0,0,0,0,1,1.360611796,0,0,,0
mid2190034,219,1602475,1602,2,1,0,1,0,1,0,1,0,0,1,0,0,0,0,1,0,0.8647981882,0,0,,0
mid2310005,231,1602475,1602,2,1,0,0,1,0,0,0,1,0,0,0,0,0,0,1,0,0.6757144928,0,0,,0
mid2290006,229,1602475,1602,2,3,1,1,0,1,0,1,0,1,0,0,0,0,0,0,0,1.360611796,0,0,,0
mid2120023,212,1602475,1602,2,2,1,0,1,0,0,0,0,1,0,0,0,0,0,0,1,1.780475736,0,0,,0
mid2310013,231,1602475,1602,2,1,1,0,1,0,0,0,0,1,0,0,0,0,0,1,0,1.780475736,0,0,,0
mid2270031,227,1602475,1602,2,2,0,1,0,0,0,0,0,0,1,0,0,0,0,0,1,0.8647981882,0,0,,0
mid2240018,224,1602475,1602,2,1,1,1,0,1,1,0,0,1,0,0,0,0,0,1,0,1.360611796,0,0,,0
mid2150021,215,1602475,1602,2,3,0,0,1,0,0,0,0,0,1,0,0,0,0,0,0,0.6719589233,0,0,,0
mid2120033,212,1602475,1602,2,2,1,0,1,0,0,0,1,0,0,0,0,0,0,0,1,0.8126726747,0,0,,0
mid2210020,221,1602475,1602,2,2,1,0,1,0,0,0,0,1,0,0,0,0,0,0,1,0.701066792,0,5,2500,25060.18555
mid2170033,217,1602475,1602,2,2,1,1,0,1,0,1,0,1,0,0,0,0,0,0,1,1.360611796,0,0,,0
mid2170010,217,1602475,1602,2,2,0,1,0,1,0,1,0,0,1,0,0,0,0,0,1,0.8647981882,0,0,,0
mid2190024,219,1602475,1602,2,1,1,1,0,1,0,1,0,1,0,0,0,0,0,1,0,1.360611796,0,0,,0
mid1450001,145,1602535,1602,2,1,0,1,0,0,1,0,0,0,1,0,0,0,0,1,0,0.7708697319,0,0,,0
mid1480021,148,1602535,1602,2,1,0,1,0,1,0,0,0,0,1,0,0,0,0,1,0,0.7708697319,1,4.333333492,2615.384521,21218.82812
mid1410032,141,1602535,1602,2,2,1,0,1,0,0,0,0,1,0,0,0,0,0,0,1,0.5642864108,1,10,3000,45120.37109
mid1530007,153,1602535,1602,2,2,0,1,0,1,1,0,0,0,1,0,0,0,0,0,1,0.7708697319,0,0,,0
mid1380033,138,1602535,1602,2,3,1,0,1,0,0,0,0,1,0,0,0,0,0,0,0,0.5914760828,1,6.666666508,3000,30080.24805
mid1330001,133,1602535,1602,2,1,0,1,0,1,0,0,0,0,1,0,0,0,0,1,0,0.7708697319,1,5,3000,22560.18555
mid1390032,139,1602535,1602,2,3,1,1,0,0,0,0,0,1,0,0,0,0,0,0,0,1.289322019,0,0,,0
mid1480019,148,1602535,1602,2,1,1,1,0,1,0,0,0,1,0,0,0,0,0,1,0,1.289322019,1,6.5,2615.384521,31828.24219
mid1560008,156,1602535,1602,2,1,1,1,0,0,1,0,1,0,0,0,0,0,0,1,0,1.160728216,1,5,4000,17560.18555
mid1530028,153,1602535,1602,2,2,0,1,0,1,1,0,0,0,1,0,0,0,0,0,1,0.7708697319,0,0,,0
mid1540025,154,1602535,1602,2,3,0,0,1,0,0,0,0,0,1,0,0,0,0,0,0,0.6642167568,1,15,3000,67680.55469
mid1440001,144,1602535,1602,2,2,1,1,0,0,0,0,0,1,0,0,0,0,0,0,1,1.160728216,1,3.333333254,3000,15040.12402
mid1390020,139,1602535,1602,2,3,1,1,0,0,0,0,0,1,0,0,0,0,0,0,0,1.160728216,0,0,,0
mid1560016,156,1602535,1602,2,1,0,1,0,0,1,0,0,0,1,0,0,0,0,1,0,0.7708697319,0,0,,0
mid1490026,149,1602535,1602,2,1,0,0,1,0,0,0,0,0,1,0,0,0,0,1,0,0.774274528,0,0,,0
mid1450011,145,1602535,1602,2,1,0,1,0,0,1,0,0,0,1,0,0,0,0,1,0,0.7708697319,0,2,2333.333252,10357.40723
mid1560029,156,1602535,1602,2,1,1,1,0,0,1,0,0,1,0,0,0,0,0,1,0,1.289322019,1,5,4000,17560.18555
mid1550017,155,1602535,1602,2,3,0,1,0,0,1,0,0,0,1,0,0,0,0,0,0,0.7708697319,1,5,2700,24060.18555
mid1520005,152,1602535,1602,2,2,0,1,0,0,1,0,0,0,1,0,0,0,0,0,1,0.7708697319,0,0,,0
mid1520027,152,1602535,1602,2,2,1,1,0,0,1,0,0,1,0,0,0,0,0,0,1,1.160728216,0,0,,0
mid1540028,154,1602535,1602,2,3,1,0,1,0,0,0,1,0,0,0,0,0,0,0,0,1.442705989,0,10,3333.333252,41787.03516
mid1560019,156,1602535,1602,2,1,0,1,0,0,1,0,0,0,1,0,0,0,0,1,0,0.7708697319,1,1.666666627,4000,5853.39502
mid1380045,138,1602535,1602,2,3,0,0,1,0,0,0,0,0,1,0,0,0,0,0,0,0.774274528,0,0,,0
mid1530009,153,1602535,1602,2,2,0,1,0,1,1,0,0,0,1,0,0,0,0,0,1,0.7708697319,0,0,,0
mid1550038,155,1602535,1602,2,3,1,1,0,0,1,0,0,1,0,0,0,0,0,0,0,1.289322019,1,10,3000,45120.37109
mid1530003,153,1602535,1602,2,2,1,1,0,1,1,0,0,1,0,0,0,0,0,0,1,1.289322019,0,0,,0
mid1520017,152,1602535,1602,2,2,0,1,0,0,1,0,1,0,0,0,0,0,0,0,1,0.7708697319,0,0,,0
mid1490009,149,1602535,1602,2,1,0,0,1,0,0,0,0,0,1,0,0,0,0,1,0,0.774274528,0,0,,0
mid1520002,152,1602535,1602,2,2,1,1,0,0,1,0,0,1,0,0,0,0,0,0,1,1.289322019,0,5,5000,12560.18457
mid1490030,149,1602535,1602,2,1,0,0,1,0,0,0,1,0,0,0,0,0,0,1,0,0.7786018848,0,0,,0
mid1490027,149,1602535,1602,2,1,1,0,1,0,0,0,0,1,0,0,0,0,0,1,0,0.5642864108,1,10,4000,35120.37109
mid1490004,149,1602535,1602,2,1,1,0,1,0,0,0,0,1,0,0,0,0,0,1,0,0.5914760828,1,5,4000,17560.18555
mid1450010,145,1602535,1602,2,1,0,1,0,0,1,0,0,0,1,0,0,0,0,1,0,0.7708697319,0,1,2500,5012.037109
mid1380017,138,1602535,1602,2,3,1,0,1,0,0,0,0,1,0,0,0,0,0,0,0,0.5914760828,1,6.666666508,3000,30080.24805
mid1480034,148,1602535,1602,2,1,0,1,0,1,0,0,0,0,1,0,0,0,0,1,0,0.7708697319,1,4.333333492,2615.384521,21218.82812
mid1330016,133,1602535,1602,2,1,0,1,0,1,0,0,0,0,1,0,0,0,0,1,0,0.7708697319,0,0,,0
mid1540030,154,1602535,1602,2,3,1,0,1,0,0,0,1,0,0,0,0,0,0,0,0,1.442705989,1,5,3200,21560.18555
mid1540007,154,1602535,1602,2,3,1,0,1,0,0,0,0,1,0,0,0,0,0,0,0,1.721366882,1,15,3333.333252,62680.55469
mid1460036,146,1602535,1602,2,3,1,1,0,1,0,1,0,1,0,0,0,0,0,0,0,1.289322019,1,1.666666627,3000,7520.062012
mid1450022,145,1602535,1602,2,1,0,1,0,0,1,0,0,0,1,0,0,0,0,1,0,0.7708697319,0,0,,0
mid1460019,146,1602535,1602,2,3,0,1,0,1,0,1,0,0,1,0,0,0,0,0,0,0.7708697319,1,2,3000,9024.074219
mid1460016,146,1602535,1602,2,3,0,1,0,1,0,1,0,0,1,0,0,0,0,0,0,0.7708697319,1,3.333333254,3000,15040.12402
mid1550005,155,1602535,1602,2,3,1,1,0,0,1,0,0,0,1,0,0,0,0,0,0,1.289322019,1,5,3000,22560.18555
mid1540003,154,1602535,1602,2,3,1,0,1,0,0,0,1,0,0,0,0,0,0,0,0,1.442705989,1,5,3333.333252,20893.51758
mid1450006,145,1602535,1602,2,1,0,1,0,0,1,0,0,0,1,0,0,0,0,1,0,0.7708697319,0,0,,0
mid1450004,145,1602535,1602,2,1,0,1,0,0,1,0,0,0,1,0,0,0,0,1,0,0.7708697319,0,0,,0
mid1520016,152,1602535,1602,2,2,1,1,0,0,1,0,1,0,0,0,0,0,0,0,1,1.160728216,1,10,4666.666504,28453.70312
mid1440046,144,1602535,1602,2,2,0,1,0,0,0,0,1,0,0,0,0,0,0,0,1,0.7708697319,1,5,3000,22560.18555
mid1440023,144,1602535,1602,2,2,0,1,0,0,0,0,0,0,1,0,0,0,0,0,1,0.7708697319,1,5,3000,22560.18555
mid1410035,141,1602535,1602,2,2,0,0,1,0,0,0,0,0,1,0,0,0,0,0,1,0.774274528,0,0,,0
mid1410016,141,1602535,1602,2,2,0,0,1,0,0,0,0,0,1,0,0,0,0,0,1,0.774274528,0,0,,0
mid1410034,141,1602535,1602,2,2,1,0,1,0,0,0,0,1,0,0,0,0,0,0,1,1.85533464,0,10,3000,45120.37109
mid1410010,141,1602535,1602,2,2,0,0,1,0,0,0,0,0,1,0,0,0,0,0,1,0.774274528,0,0,,0
mid1560031,156,1602535,1602,2,1,1,1,0,0,1,0,0,1,0,0,0,0,0,1,0,1.160728216,1,5,4000,17560.18555
mid1390019,139,1602535,1602,2,3,0,1,0,0,0,0,0,0,1,0,0,0,0,0,0,0.7708697319,0,0,,0
mid1350042,135,1602535,1602,2,2,0,1,0,1,1,0,0,0,1,0,0,0,0,0,1,0.7708697319,1,8.333333015,3800,31933.64258
mid1550021,155,1602535,1602,2,3,1,1,0,0,1,0,0,1,0,0,0,0,0,0,0,1.160728216,1,4.666666508,3571.428467,18389.50586
mid1380030,138,1602535,1602,2,3,0,0,1,0,0,0,1,0,0,0,0,0,0,0,0,0.7786018848,1,1.666666627,3000,7520.062012
mid1380023,138,1602535,1602,2,3,0,0,1,0,0,0,1,0,0,0,0,0,0,0,0,0.7786018848,1,3.333333254,3000,15040.12402
mid1550032,155,1602535,1602,2,3,1,1,0,0,1,0,0,1,0,0,0,0,0,0,0,1.160728216,1,2.5,3000,11280.09277
mid1440031,144,1602535,1602,2,2,0,1,0,0,0,0,0,0,1,0,0,0,0,0,1,0.7708697319,1,5,3000,22560.18555
mid1560004,156,1602535,1602,2,1,0,1,0,0,1,0,1,0,0,0,0,0,0,1,0,0.7708697319,1,5,4000,17560.18555
mid1450007,145,1602535,1602,2,1,0,1,0,0,1,0,0,0,1,0,0,0,0,1,0,0.7708697319,0,0,,0
mid1350035,135,1602535,1602,2,2,1,1,0,1,1,0,0,1,0,0,0,0,0,0,1,1.289322019,1,5.333333492,2500,26730.86523
mid1460035,146,1602535,1602,2,3,0,1,0,1,0,1,0,0,1,0,0,0,0,0,0,0.7708697319,1,5,3000,22560.18555
mid1380001,138,1602535,1602,2,3,1,0,1,0,0,0,0,1,0,0,0,0,0,0,0,1.721366882,1,1.666666627,3000,7520.062012
mid1390025,139,1602535,1602,2,3,0,1,0,0,0,0,0,0,1,0,0,0,0,0,0,0.7708697319,0,0,,0
mid1330028,133,1602535,1602,2,1,0,1,0,1,0,0,0,0,1,0,0,0,0,1,0,0.7708697319,1,10,3000,45120.37109
mid1350029,135,1602535,1602,2,2,0,1,0,1,1,0,0,0,1,0,0,0,0,0,1,0.7708697319,1,4.666666508,2857.142822,21722.83984
mid1460010,146,1602535,1602,2,3,1,1,0,1,0,1,0,1,0,0,0,0,0,0,0,1.289322019,1,3.333333254,3000,15040.12402
mid1330023,133,1602535,1602,2,1,0,1,0,1,0,0,0,0,1,0,0,0,0,1,0,0.7708697319,0,0,,0
mid1410005,141,1602535,1602,2,2,1,0,1,0,0,0,0,1,0,0,0,0,0,0,1,0.5642864108,1,10,3000,45120.37109
mid1390043,139,1602535,1602,2,3,1,1,0,0,0,0,0,1,0,0,0,0,0,0,0,1.160728216,0,0,,0
mid1520003,152,1602535,1602,2,2,1,1,0,0,1,0,0,1,0,0,0,0,0,0,1,1.289322019,0,5,5000,12560.18457
mid1530002,153,1602535,1602,2,2,0,1,0,1,1,0,0,0,1,0,0,0,0,0,1,0.7708697319,0,0,,0
mid1550004,155,1602535,1602,2,3,1,1,0,0,1,0,0,0,1,0,0,0,0,0,0,1.289322019,1,3.333333254,2800,15706.79004
mid1330004,133,1602535,1602,2,1,0,1,0,1,0,0,0,0,1,0,0,0,0,1,0,0.7708697319,0,0,,0
mid1380010,138,1602535,1602,2,3,1,0,1,0,0,0,0,1,0,0,0,0,0,0,0,1.721366882,1,3.333333254,3000,15040.12402
mid1440029,144,1602535,1602,2,2,1,1,0,0,0,0,0,1,0,0,0,0,0,0,1,1.289322019,1,3.333333254,3000,15040.12402
mid1440020,144,1602535,1602,2,2,1,1,0,0,0,0,0,1,0,0,0,0,0,0,1,1.160728216,1,3.333333254,3000,15040.12402
mid1460005,146,1602535,1602,2,3,1,1,0,1,0,1,0,1,0,0,0,0,0,0,0,1.289322019,1,2.666666746,3000,12032.09863
mid1480009,148,1602535,1602,2,1,0,1,0,1,0,0,0,0,1,0,0,0,0,1,0,0.7708697319,0,0,,0
mid1530015,153,1602535,1602,2,2,0,1,0,1,1,0,0,0,1,0,0,0,0,0,1,0.7708697319,0,0,,0
mid1350032,135,1602535,1602,2,2,0,1,0,1,1,0,0,0,1,0,0,0,0,0,1,0.7708697319,1,4.666666508,2857.142822,21722.83984
mid1380021,138,1602535,1602,2,3,0,0,1,0,0,0,0,0,1,0,0,0,0,0,0,0.774274528,1,6.666666508,3000,30080.24805
mid1440025,144,1602535,1602,2,2,1,1,0,0,0,0,0,1,0,0,0,0,0,0,1,1.289322019,1,6,2500,30072.22266
mid1380003,138,1602535,1602,2,3,0,0,1,0,0,0,0,0,1,0,0,0,0,0,0,0.774274528,0,0,,0
mid1330018,133,1602535,1602,2,1,0,1,0,1,0,0,0,0,1,0,0,0,0,1,0,0.7708697319,1,10,3000,45120.37109
mid1490024,149,1602535,1602,2,1,1,0,1,0,0,0,0,1,0,0,0,0,0,1,0,0.5642864108,1,5,4000,17560.18555
mid1540024,154,1602535,1602,2,3,1,0,1,0,0,0,0,1,0,0,0,0,0,0,0,0.5914760828,1,15,3666.666748,57680.55469
mid1490018,149,1602535,1602,2,1,1,0,1,0,0,0,0,1,0,0,0,0,0,1,0,0.5642864108,1,5,1000,32560.18555
mid1450025,145,1602535,1602,2,1,0,1,0,0,1,0,1,0,0,0,0,0,0,1,0,0.7708697319,0,0,,0
mid1350038,135,1602535,1602,2,2,1,1,0,1,1,0,0,1,0,0,0,0,0,0,1,1.289322019,0,0,,0
mid1390038,139,1602535,1602,2,3,1,1,0,0,0,0,0,1,0,0,0,0,0,0,0,1.160728216,0,0,,0
mid1410013,141,1602535,1602,2,2,1,0,1,0,0,0,0,1,0,0,0,0,0,0,1,1.85533464,0,10,3000,45120.37109
mid1390044,139,1602535,1602,2,3,1,1,0,0,0,0,0,1,0,0,0,0,0,0,0,1.289322019,0,0,,0
mid1540027,154,1602535,1602,2,3,1,0,1,0,0,0,0,1,0,0,0,0,0,0,0,1.721366882,0,10,3666.666748,38453.70312
mid1550033,155,1602535,1602,2,3,1,1,0,0,1,0,0,1,0,0,0,0,0,0,0,1.289322019,1,5,3000,22560.18555
mid1350025,135,1602535,1602,2,2,1,1,0,1,1,0,0,1,0,0,0,0,0,0,1,1.289322019,1,2.333333254,2857.142822,10861.41992
mid1330007,133,1602535,1602,2,1,0,1,0,1,0,0,0,1,0,0,0,0,0,1,0,0.7708697319,0,0,,0
mid1410020,141,1602535,1602,2,2,1,0,1,0,0,0,1,0,0,0,0,0,0,0,1,1.442705989,0,10,3000,45120.37109
mid1480003,148,1602535,1602,2,1,1,1,0,1,0,0,0,1,0,0,0,0,0,1,0,1.289322019,1,6.5,2615.384521,31828.24219
mid1480007,148,1602535,1602,2,1,1,1,0,1,0,0,0,1,0,0,0,0,0,1,0,1.289322019,1,2.166666746,2615.384521,10609.41406
mid1440018,144,1602535,1602,2,2,0,1,0,0,0,0,1,0,0,0,0,0,0,0,1,0.7708697319,1,3.333333254,3000,15040.12402
mid1350024,135,1602535,1602,2,2,1,1,0,1,1,0,0,1,0,0,0,0,0,0,1,1.289322019,1,4.666666508,2857.142822,21722.83984
mid1520008,152,1602535,1602,2,2,1,1,0,0,1,0,0,1,0,0,0,0,0,0,1,1.289322019,1,10,4666.666504,28453.70312
mid1520019,152,1602535,1602,2,2,0,1,0,0,1,0,0,0,1,0,0,0,0,0,1,0.7708697319,0,0,,0
mid1530025,153,1602535,1602,2,2,0,1,0,1,1,0,0,0,1,0,0,0,0,0,1,0.7708697319,0,0,,0
mid1550027,155,1602535,1602,2,3,1,1,0,0,1,0,0,1,0,0,0,0,0,0,0,1.289322019,1,1.666666627,5600,3186.728516
mid1460004,146,1602535,1602,2,3,1,1,0,1,0,1,0,1,0,0,0,0,0,0,0,1.289322019,1,6.666666508,3000,30080.24805
mid1390007,139,1602535,1602,2,3,0,1,0,0,0,0,0,0,1,0,0,0,0,0,0,0.7708697319,0,0,,0
mid1390002,139,1602535,1602,2,3,1,1,0,0,0,0,0,1,0,0,0,0,0,0,0,1.289322019,0,0,,0
mid1520025,152,1602535,1602,2,2,0,1,0,0,1,0,0,0,1,0,0,0,0,0,1,0.7708697319,0,0,,0
mid1350001,135,1602535,1602,2,2,1,1,0,1,1,0,0,1,0,0,0,0,0,0,1,1.289322019,1,4.666666508,2857.142822,21722.83984
mid1560013,156,1602535,1602,2,1,1,1,0,0,1,0,0,1,0,0,0,0,0,1,0,1.289322019,1,1.666666627,4000,5853.39502
mid1540026,154,1602535,1602,2,3,1,0,1,0,0,0,1,0,0,0,0,0,0,0,0,1.442705989,0,0,,0
mid1410009,141,1602535,1602,2,2,1,0,1,0,0,0,1,0,0,0,0,0,0,0,1,0.6541176438,0,10,3000,45120.37109
mid1450028,145,1602535,1602,2,1,0,1,0,0,1,0,0,0,1,0,0,0,0,1,0,0.7708697319,0,0,,0
mid1550029,155,1602535,1602,2,3,1,1,0,0,1,0,0,1,0,0,0,0,0,0,0,1.289322019,1,5,2700,24060.18555
mid1490011,149,1602535,1602,2,1,1,0,1,0,0,0,0,1,0,0,0,0,0,1,0,0.5642864108,1,15,4000,52680.55469
mid1490029,149,1602535,1602,2,1,0,0,1,0,0,0,0,0,1,0,0,0,0,1,0,0.774274528,0,0,,0
mid1530001,153,1602535,1602,2,2,1,1,0,1,1,0,0,1,0,0,0,0,0,0,1,1.289322019,0,0,,0
mid1560010,156,1602535,1602,2,1,0,1,0,0,1,0,0,0,1,0,0,0,0,1,0,0.7708697319,1,5,4000,17560.18555
mid1540020,154,1602535,1602,2,3,1,0,1,0,0,0,0,0,1,0,0,0,0,0,0,1.432434797,0,0,,0
mid1560024,156,1602535,1602,2,1,1,1,0,0,1,0,0,1,0,0,0,0,0,1,0,1.160728216,1,10,4000,35120.37109
mid1440019,144,1602535,1602,2,2,1,1,0,0,0,0,0,0,1,0,0,0,0,0,1,1.160728216,0,3.333333254,3000,15040.12402
mid2440023,244,1602543,1602,2,1,1,1,0,1,1,0,0,1,0,0,0,0,0,1,0,1.39646554,1,5.333333492,2125,28730.86523
mid2500028,250,1602543,1602,2,1,1,0,1,0,0,0,1,0,0,0,0,0,0,1,0,1.230362892,1,7.5,2266.666748,39340.27734
mid2600005,260,1602543,1602,2,3,0,0,1,0,0,0,0,0,1,0,0,0,0,0,0,0.7571035028,1,7.333333492,2181.818115,39088.26953
mid2640021,264,1602543,1602,2,3,1,0,1,0,0,0,0,1,0,0,0,0,0,0,0,0.8245887756,1,1.833333373,2181.818115,9772.067383
mid2540004,254,1602543,1602,2,2,1,0,1,0,0,0,0,1,0,0,0,0,0,0,1,0.7866831422,1,2.5,2400,12780.09277
mid2520044,252,1602543,1602,2,2,1,0,1,0,0,0,1,0,0,0,0,0,0,0,1,0.9119186401,1,6,3000,27072.22266
mid2340015,234,1602543,1602,2,3,1,1,0,0,0,0,0,1,0,0,0,0,0,0,0,1.39646554,1,15,2133.333252,80680.55469
mid2520032,252,1602543,1602,2,2,1,0,1,0,0,0,0,1,0,0,0,0,0,0,1,1.468009353,1,4,3000,18048.14844
mid2490012,249,1602543,1602,2,1,0,0,1,0,0,0,0,0,1,0,0,0,0,1,0,0.7571035028,0,0,,0
mid2550025,255,1602543,1602,2,2,0,0,1,0,0,0,1,0,0,0,0,0,0,0,1,0.7613349557,1,2.5,2133.333252,13446.75879
mid2450014,245,1602543,1602,2,1,0,0,1,0,0,0,1,0,0,0,0,0,0,1,0,0.7613349557,0,0,,0
mid2370040,237,1602543,1602,2,2,0,1,0,1,0,0,0,0,1,0,0,0,0,0,1,0.7421060801,0,0,,0
mid2610022,261,1602543,1602,2,2,0,1,0,0,1,0,1,0,0,0,0,0,0,0,1,0.7421060801,0,0,,0
mid2450031,245,1602543,1602,2,1,1,0,1,0,0,0,0,1,0,0,0,0,0,1,0,0.7866831422,0,0,,0
mid2500001,250,1602543,1602,2,1,1,0,1,0,0,0,1,0,0,0,0,0,0,1,0,1.230362892,1,7,2428.571533,35584.25781
mid2550006,255,1602543,1602,2,2,0,0,1,0,0,0,0,0,1,0,0,0,0,0,1,0.6494864821,0,0,,0
mid2640036,264,1602543,1602,2,3,1,0,1,0,0,0,1,0,0,0,0,0,0,0,0,1.230362892,0,3.666666746,2181.818115,19544.13477
mid2550003,255,1602543,1602,2,2,1,0,1,0,0,0,0,1,0,0,0,0,0,0,1,1.468009353,1,2.5,2133.333252,13446.75879
mid2540021,254,1602543,1602,2,2,1,0,1,0,0,0,0,0,1,0,0,0,0,0,1,0.520994246,1,5.333333492,2125,28730.86523
mid2480009,248,1602543,1602,2,1,1,1,0,0,1,0,1,0,0,0,0,0,0,1,0,0.9622264504,0,0,,0
mid2580012,258,1602543,1602,2,3,1,0,1,0,0,0,1,0,0,0,0,0,0,0,0,1.230362892,1,3,2111.111084,16202.77832
mid2440039,244,1602543,1602,2,1,0,1,0,1,1,0,0,0,1,0,0,0,0,1,0,0.7421060801,1,5.333333492,2125,28730.86523
mid2400004,240,1602543,1602,2,1,0,1,0,1,1,0,0,0,1,0,0,0,0,1,0,0.7421060801,1,2,2083.333252,10857.40723
mid2580005,258,1602543,1602,2,3,1,0,1,0,0,0,0,1,0,0,0,0,0,0,0,1.468009353,1,2.666666746,2375,13698.76562
mid2520029,252,1602543,1602,2,2,1,0,1,0,0,0,1,0,0,0,0,0,0,0,1,1.230362892,1,2,3000,9024.074219
mid2600010,260,1602543,1602,2,3,1,0,1,0,0,0,0,0,1,0,0,0,0,0,0,1.221603394,1,3.333333254,2400,17040.12305
mid2530016,253,1602543,1602,2,2,1,1,0,0,0,1,1,0,0,0,0,0,0,0,1,1.39646554,1,6,2166.666748,32072.22266
mid2430047,243,1602543,1602,2,2,0,1,0,1,0,1,0,0,1,0,0,0,0,0,1,0.7421060801,1,6.5,2461.538574,32828.24219
mid2530034,253,1602543,1602,2,2,1,1,0,0,0,1,0,1,0,0,0,0,0,0,1,0.9622264504,1,6,2166.666748,32072.22266
mid2370017,237,1602543,1602,2,2,1,1,0,1,0,0,0,1,0,0,0,0,0,0,1,1.39646554,0,0,,0
mid2470038,247,1602543,1602,2,2,1,1,0,1,1,1,0,1,0,0,0,0,0,0,1,1.39646554,1,7.5,2266.666748,39340.27734
mid2580010,258,1602543,1602,2,3,1,0,1,0,0,0,1,0,0,0,0,0,0,0,0,1.230362892,1,3,2111.111084,16202.77832
mid2370029,237,1602543,1602,2,2,1,1,0,1,0,0,0,1,0,0,0,0,0,0,1,1.39646554,0,0,,0
mid2610019,261,1602543,1602,2,2,1,1,0,0,1,0,1,0,0,0,0,0,0,0,1,1.39646554,1,4,2083.333252,21714.81445
mid2560023,256,1602543,1602,2,3,1,1,0,0,1,1,1,0,0,0,0,0,0,0,0,0.9622264504,1,5,2133.333252,26893.51758
mid2600025,260,1602543,1602,2,3,0,0,1,0,0,0,0,0,1,0,0,0,0,0,0,0.7571035028,1,1.833333373,2181.818115,9772.067383
mid2490001,249,1602543,1602,2,1,1,0,1,0,0,0,1,0,0,0,0,0,0,1,0,1.230362892,1,5,2133.333252,26893.51758
mid2370037,237,1602543,1602,2,2,1,1,0,1,0,0,0,1,0,0,0,0,0,0,1,1.39646554,0,0,,0
mid2580025,258,1602543,1602,2,3,0,0,1,0,0,0,0,0,1,0,0,0,0,0,0,0.7571035028,1,3,2111.111084,16202.77832
mid2640008,264,1602543,1602,2,3,1,0,1,0,0,0,0,1,0,0,0,0,0,0,0,1.582259297,1,3.666666746,2181.818115,19544.13477
mid2650010,265,1602543,1602,2,1,0,1,0,1,1,1,0,0,1,0,0,0,0,1,0,0.7421060801,0,0,,0
mid2410017,241,1602543,1602,2,3,0,1,0,1,1,1,0,0,1,0,0,0,0,0,0,0.7421060801,0,0,,0
mid2570012,257,1602543,1602,2,1,1,1,0,0,0,1,0,1,0,0,0,0,0,1,0,1.39646554,1,15,2133.333252,80680.55469
mid2570004,257,1602543,1602,2,1,0,1,0,0,0,1,0,0,1,0,0,0,0,1,0,0.7421060801,0,0,,0
mid2480027,248,1602543,1602,2,1,1,1,0,0,1,0,0,1,0,0,0,0,0,1,0,1.39646554,1,5,2133.333252,26893.51758
mid2400003,240,1602543,1602,2,1,0,1,0,1,1,0,0,1,0,0,0,0,0,1,0,0.7421060801,1,6,2166.666748,32072.22266
mid2560002,256,1602543,1602,2,3,1,1,0,0,1,1,0,0,1,0,0,0,0,0,0,0.9622264504,1,5,2133.333252,26893.51758
mid2450024,245,1602543,1602,2,1,1,0,1,0,0,0,0,1,0,0,0,0,0,1,0,1.468009353,1,15,2333.333252,77680.55469
mid2340011,234,1602543,1602,2,3,1,1,0,0,0,0,1,0,0,0,0,0,0,0,0,0.9622264504,1,10,2200,53120.37109
mid2410023,241,1602543,1602,2,3,1,1,0,1,1,1,1,0,0,0,0,0,0,0,0,1.39646554,1,5,2266.666748,26226.85156
mid2650031,265,1602543,1602,2,1,0,1,0,1,1,1,1,0,0,0,0,0,0,1,0,0.7421060801,1,5,2666.666748,24226.85156
mid2570015,257,1602543,1602,2,1,0,1,0,0,0,1,0,0,1,0,0,0,0,1,0,0.7421060801,0,0,,0
mid2400025,240,1602543,1602,2,1,1,1,0,1,1,0,0,1,0,0,0,0,0,1,0,1.39646554,1,6,2166.666748,32072.22266
mid2630024,263,1602543,1602,2,3,0,1,0,1,0,0,0,0,1,0,0,0,0,0,0,0.7421060801,0,0,,0
mid2570013,257,1602543,1602,2,1,0,1,0,0,0,1,1,0,0,0,0,0,0,1,0,0.7421060801,0,0,,0
mid2650027,265,1602543,1602,2,1,1,1,0,1,1,1,0,1,0,0,0,0,0,1,0,1.39646554,1,5,2666.666748,24226.85156
mid2440045,244,1602543,1602,2,1,1,1,0,1,1,0,1,0,0,0,0,0,0,1,0,1.39646554,1,5.333333492,2125,28730.86523
mid2450044,245,1602543,1602,2,1,0,0,1,0,0,0,0,0,1,0,0,0,0,1,0,0.7571035028,0,0,,0
mid2450043,245,1602543,1602,2,1,0,0,1,0,0,0,0,0,1,0,0,0,0,1,0,0.7571035028,0,0,,0
mid2540027,254,1602543,1602,2,2,0,0,1,0,0,0,0,0,1,0,0,0,0,0,1,0.7571035028,0,0,,0
mid2480041,248,1602543,1602,2,1,1,1,0,0,1,0,0,1,0,0,0,0,0,1,0,0.9622264504,1,5,2400,25560.18555
mid2490004,249,1602543,1602,2,1,1,0,1,0,0,0,0,1,0,0,0,0,0,1,0,1.582259297,1,15,2533.333252,74680.55469
mid2530012,253,1602543,1602,2,2,1,1,0,0,0,1,0,1,0,0,0,0,0,0,1,0.9622264504,1,6,2166.666748,32072.22266
mid2640024,264,1602543,1602,2,3,1,0,1,0,0,0,0,0,1,0,0,0,0,0,0,1.221603394,1,3.666666746,2181.818115,19544.13477
mid2540045,254,1602543,1602,2,2,1,0,1,0,0,0,0,1,0,0,0,0,0,0,1,0.7866831422,1,4.666666508,2285.714355,24389.50586
mid2440021,244,1602543,1602,2,1,1,1,0,1,1,0,0,1,0,0,0,0,0,1,0,1.39646554,1,5.333333492,2125,28730.86523
mid2340028,234,1602543,1602,2,3,0,1,0,0,0,0,0,0,1,0,0,0,0,0,0,0.7421060801,0,0,,0
mid2560027,256,1602543,1602,2,3,0,1,0,0,1,1,1,0,0,0,0,0,0,0,0,0.7421060801,0,0,,0
mid2450034,245,1602543,1602,2,1,1,0,1,0,0,0,0,1,0,0,0,0,0,1,0,1.582259297,0,0,,0
mid2540034,254,1602543,1602,2,2,1,0,1,0,0,0,0,1,0,0,0,0,0,0,1,0.7866831422,1,2.5,2133.333252,13446.75879
mid2600024,260,1602543,1602,2,3,1,0,1,0,0,0,0,0,1,0,0,0,0,0,0,0.520994246,1,14,2285.714355,73168.52344
mid2630009,263,1602543,1602,2,3,1,1,0,1,0,0,0,1,0,0,0,0,0,0,0,1.39646554,1,5,2133.333252,26893.51758
mid2490003,249,1602543,1602,2,1,0,0,1,0,0,0,0,0,1,0,0,0,0,1,0,0.7571035028,0,0,,0
mid2370026,237,1602543,1602,2,2,0,1,0,1,0,0,0,0,1,0,0,0,0,0,1,0.7421060801,0,2.5,2333.333252,12946.75879
mid2400022,240,1602543,1602,2,1,0,1,0,1,1,0,0,0,1,0,0,0,0,1,0,0.7421060801,1,2,2166.666748,10690.74121
mid2450001,245,1602543,1602,2,1,0,0,1,0,0,0,0,0,1,0,0,0,0,1,0,0.7571035028,0,0,,0
mid2550021,255,1602543,1602,2,2,1,0,1,0,0,0,0,1,0,0,0,0,0,0,1,0.8245887756,1,2.5,2133.333252,13446.75879
mid2470010,247,1602543,1602,2,2,0,1,0,1,1,1,0,0,1,0,0,0,0,0,1,0.7421060801,1,7.5,2266.666748,39340.27734
mid2600027,260,1602543,1602,2,3,1,0,1,0,0,0,1,0,0,0,0,0,0,0,0,1.230362892,1,1.833333373,2181.818115,9772.067383
mid2570008,257,1602543,1602,2,1,0,1,0,0,0,1,0,0,1,0,0,0,0,1,0,0.7421060801,1,5,2133.333252,26893.51758
mid2540042,254,1602543,1602,2,2,1,0,1,0,0,0,0,1,0,0,0,0,0,0,1,0.8245887756,1,5,2133.333252,26893.51758
mid2650003,265,1602543,1602,2,1,0,1,0,1,1,1,0,0,1,0,0,0,0,1,0,0.7421060801,0,0,,0
mid2430004,243,1602543,1602,2,2,1,1,0,1,0,1,1,0,0,0,0,0,0,0,1,1.39646554,1,15,2333.333252,77680.55469
mid2560018,256,1602543,1602,2,3,0,1,0,0,1,1,0,0,1,0,0,0,0,0,0,0.7421060801,0,0,,0
mid2560011,256,1602543,1602,2,3,1,1,0,0,1,1,1,0,0,0,0,0,0,0,0,1.39646554,1,5,2133.333252,26893.51758
mid2470008,247,1602543,1602,2,2,0,1,0,1,1,1,0,0,1,0,0,0,0,0,1,0.7421060801,0,5,2266.666748,26226.85156
mid2470042,247,1602543,1602,2,2,1,1,0,1,1,1,0,1,0,0,0,0,0,0,1,1.39646554,1,5,2266.666748,26226.85156
mid2490002,249,1602543,1602,2,1,1,0,1,0,0,0,1,0,0,0,0,0,0,1,0,1.230362892,1,15,2133.333252,80680.55469
mid2540029,254,1602543,1602,2,2,1,0,1,0,0,0,1,0,0,0,0,0,0,0,1,1.230362892,1,2.333333254,2285.714355,12194.75293
mid2410001,241,1602543,1602,2,3,0,1,0,1,1,1,1,0,0,0,0,0,0,0,0,0.7421060801,1,5,2333.333252,25893.51758
mid2650028,265,1602543,1602,2,1,0,1,0,1,1,1,0,0,1,0,0,0,0,1,0,0.7421060801,0,0,,0
mid2500039,250,1602543,1602,2,1,1,0,1,0,0,0,0,1,0,0,0,0,0,1,0,1.468009353,0,0,,0
mid2530023,253,1602543,1602,2,2,1,1,0,0,0,1,1,0,0,0,0,0,0,0,1,1.39646554,1,4,2166.666748,21381.48242
mid2640009,264,1602543,1602,2,3,1,0,1,0,0,0,0,1,0,0,0,0,0,0,0,1.468009353,1,5.5,2181.818115,29316.20312
mid2580001,258,1602543,1602,2,3,1,0,1,0,0,0,0,1,0,0,0,0,0,0,0,0.8245887756,1,3,2111.111084,16202.77832
mid2440027,244,1602543,1602,2,1,1,1,0,1,1,0,0,0,1,0,0,0,0,1,0,1.39646554,1,5.333333492,2125,28730.86523
mid2600002,260,1602543,1602,2,3,1,0,1,0,0,0,0,0,1,0,0,0,0,0,0,0.520994246,1,1.833333373,2181.818115,9772.067383
mid2550026,255,1602543,1602,2,2,1,0,1,0,0,0,0,1,0,0,0,0,0,0,1,0.8245887756,1,2.5,2133.333252,13446.75879
mid2520026,252,1602543,1602,2,2,0,0,1,0,0,0,0,0,1,0,0,0,0,0,1,0.7571035028,0,0,,0
mid2520017,252,1602543,1602,2,2,1,0,1,0,0,0,1,0,0,0,0,0,0,0,1,1.230362892,1,2,3000,9024.074219
mid2570001,257,1602543,1602,2,1,0,1,0,0,0,1,0,0,1,0,0,0,0,1,0,0.7421060801,0,0,,0
mid2640041,264,1602543,1602,2,3,0,0,1,0,0,0,0,0,1,0,0,0,0,0,0,0.7571035028,1,3.666666746,2181.818115,19544.13477
mid2490015,249,1602543,1602,2,1,0,0,1,0,0,0,0,0,1,0,0,0,0,1,0,0.7571035028,0,0,,0
mid2410002,241,1602543,1602,2,3,0,1,0,1,1,1,0,0,1,0,0,0,0,0,0,0.7421060801,0,0,,0
mid2570002,257,1602543,1602,2,1,1,1,0,0,0,1,1,0,0,0,0,0,0,1,0,0.9622264504,1,15,2133.333252,80680.55469
mid2410007,241,1602543,1602,2,3,1,1,0,1,1,1,0,1,0,0,0,0,0,0,0,1.39646554,1,5,2333.333252,25893.51758
mid2410026,241,1602543,1602,2,3,0,1,0,1,1,1,1,0,0,0,0,0,0,0,0,0.7421060801,0,0,,0
mid2600012,260,1602543,1602,2,3,1,0,1,0,0,0,1,0,0,0,0,0,0,0,0,1.230362892,1,7.333333492,2181.818115,39088.26953
mid2520022,252,1602543,1602,2,2,0,0,1,0,0,0,0,0,1,0,0,0,0,0,1,0.7571035028,1,6,3000,27072.22266
mid2430001,243,1602543,1602,2,2,0,1,0,1,0,1,0,1,0,0,0,0,0,0,1,0.7421060801,1,6.5,2076.923096,35328.24219
mid2500009,250,1602543,1602,2,1,0,0,1,0,0,0,0,0,1,0,0,0,0,1,0,0.7571035028,1,2.333333254,2428.571533,11861.41895
mid2520036,252,1602543,1602,2,2,0,0,1,0,0,0,0,0,1,0,0,0,0,0,1,0.7571035028,1,2,3000,9024.074219
mid2500027,250,1602543,1602,2,1,1,0,1,0,0,0,1,0,0,0,0,0,0,1,0,0.9119186401,0,0,,0
mid2530018,253,1602543,1602,2,2,0,1,0,0,0,1,0,0,1,0,0,0,0,0,1,0.7421060801,0,0,,0
mid2500011,250,1602543,1602,2,1,0,0,1,0,0,0,0,0,1,0,0,0,0,1,0,0.7571035028,1,2.333333254,2428.571533,11861.41895
mid2480008,248,1602543,1602,2,1,0,1,0,0,1,0,0,0,1,0,0,0,0,1,0,0.7421060801,0,0,,0
mid2580034,258,1602543,1602,2,3,1,0,1,0,0,0,1,0,0,0,0,0,0,0,0,1.230362892,1,3,2111.111084,16202.77832
mid2430058,243,1602543,1602,2,2,0,1,0,1,0,1,0,0,1,0,0,0,0,0,1,0.7421060801,1,6.5,2461.538574,32828.24219
mid2530014,253,1602543,1602,2,2,0,1,0,0,0,1,1,0,0,0,0,0,0,0,1,0.7421060801,1,2,2166.666748,10690.74121
mid2550023,255,1602543,1602,2,2,1,0,1,0,0,0,0,0,1,0,0,0,0,0,1,0.520994246,1,2.5,2133.333252,13446.75879
mid2490007,249,1602543,1602,2,1,1,0,1,0,0,0,1,0,0,0,0,0,0,1,0,1.230362892,1,15,2133.333252,80680.55469
mid2470021,247,1602543,1602,2,2,0,1,0,1,1,1,1,0,0,0,0,0,0,0,1,0.7421060801,1,2.5,2266.666748,13113.42578
mid2340024,234,1602543,1602,2,3,0,1,0,0,0,0,0,0,1,0,0,0,0,0,0,0.7421060801,0,0,,0
mid2470026,247,1602543,1602,2,2,0,1,0,1,1,1,0,0,1,0,0,0,0,0,1,0.7421060801,0,0,,0
mid2530022,253,1602543,1602,2,2,1,1,0,0,0,1,1,0,0,0,0,0,0,0,1,1.39646554,1,8,2166.666748,42762.96484
mid2610006,261,1602543,1602,2,2,0,1,0,0,1,0,0,0,1,0,0,0,0,0,1,0.7421060801,1,2,2100,10824.07422
mid2370002,237,1602543,1602,2,2,1,1,0,1,0,0,0,1,0,0,0,0,0,0,1,1.39646554,0,0,,0
mid2530011,253,1602543,1602,2,2,0,1,0,0,0,1,0,0,1,0,0,0,0,0,1,0.7421060801,1,6,2166.666748,32072.22461
mid2610010,261,1602543,1602,2,2,1,1,0,0,1,0,0,1,0,0,0,0,0,0,1,1.39646554,0,0,,0
mid2540007,254,1602543,1602,2,2,0,0,1,0,0,0,0,0,1,0,0,0,0,0,1,0.7571035028,1,2.5,2400,12780.09277
mid2340023,234,1602543,1602,2,3,1,1,0,0,0,0,0,1,0,0,0,0,0,0,0,1.39646554,1,5,2166.666748,26726.85156
mid2580009,258,1602543,1602,2,3,0,0,1,0,0,0,0,0,1,0,0,0,0,0,0,0.6494864821,1,3,2111.111084,16202.77832
mid2400018,240,1602543,1602,2,1,0,1,0,1,1,0,0,0,1,0,0,0,0,1,0,0.7421060801,1,6,2166.666748,32072.22266
mid2500013,250,1602543,1602,2,1,1,0,1,0,0,0,1,0,0,0,0,0,0,1,0,1.230362892,1,7.5,2266.666748,39340.27734
mid2580018,258,1602543,1602,2,3,1,0,1,0,0,0,0,0,1,0,0,0,0,0,0,0.9442664385,1,2.666666746,2375,13698.76562
mid2540011,254,1602543,1602,2,2,1,0,1,0,0,0,1,0,0,0,0,0,0,0,1,1.230362892,0,0,,0
mid2490016,249,1602543,1602,2,1,1,0,1,0,0,0,0,0,1,0,0,0,0,1,0,0.9442664385,0,10,2400,51120.37109
mid2530001,253,1602543,1602,2,2,1,1,0,0,0,1,0,1,0,0,0,0,0,0,1,0.9622264504,1,6,2166.666748,32072.22461
mid2570006,257,1602543,1602,2,1,1,1,0,0,0,1,0,1,0,0,0,0,0,1,0,1.39646554,1,5,2133.333252,26893.51758
mid2430013,243,1602543,1602,2,2,1,1,0,1,0,1,1,0,0,0,0,0,0,0,1,1.39646554,1,15,2333.333252,77680.55469
mid2410022,241,1602543,1602,2,3,0,1,0,1,1,1,0,0,1,0,0,0,0,0,0,0.7421060801,0,0,,0
mid2610014,261,1602543,1602,2,2,1,1,0,0,1,0,1,0,0,0,0,0,0,0,1,1.39646554,1,4,2083.333252,21714.81445
mid2650009,265,1602543,1602,2,1,0,1,0,1,1,1,1,0,0,0,0,0,0,1,0,0.7421060801,0,0,,0
mid2400032,240,1602543,1602,2,1,0,1,0,1,1,0,0,1,0,0,0,0,0,1,0,0.7421060801,1,6,2166.666748,32072.22266
mid2500031,250,1602543,1602,2,1,0,0,1,0,0,0,0,0,1,0,0,0,0,1,0,0.7571035028,0,0,,0
mid2550017,255,1602543,1602,2,2,1,0,1,0,0,0,1,0,0,0,0,0,0,0,1,1.230362892,1,2.5,2133.333252,13446.75879
mid2490010,249,1602543,1602,2,1,1,0,1,0,0,0,0,1,0,0,0,0,0,1,0,1.468009353,1,5,2133.333252,26893.51758
mid2450041,245,1602543,1602,2,1,1,0,1,0,0,0,0,1,0,0,0,0,0,1,0,1.468009353,0,0,,0
mid2640005,264,1602543,1602,2,3,1,0,1,0,0,0,1,0,0,0,0,0,0,0,0,0.9119186401,1,3.666666746,2181.818115,19544.13477
mid2600013,260,1602543,1602,2,3,1,0,1,0,0,0,0,1,0,0,0,0,0,0,0,0.8245887756,1,1.666666627,2400,8520.061523
mid2520013,252,1602543,1602,2,2,1,0,1,0,0,0,0,1,0,0,0,0,0,0,1,0.8245887756,1,2,3000,9024.074219
mid2430045,243,1602543,1602,2,2,0,1,0,1,0,1,0,0,1,0,0,0,0,0,1,0.7421060801,1,6.5,2461.538574,32828.24219
mid2520038,252,1602543,1602,2,2,1,0,1,0,0,0,1,0,0,0,0,0,0,0,1,1.230362892,0,0,,0
mid2370020,237,1602543,1602,2,2,0,1,0,1,0,0,0,0,1,0,0,0,0,0,1,0.7421060801,0,0,,0
mid2340014,234,1602543,1602,2,3,0,1,0,0,0,0,0,0,1,0,0,0,0,0,0,0.7421060801,0,0,,0
mid2430049,243,1602543,1602,2,2,1,1,0,1,0,1,0,1,0,0,0,0,0,0,1,1.39646554,1,15,2333.333252,77680.55469
mid2440025,244,1602543,1602,2,1,0,1,0,1,1,0,0,0,1,0,0,0,0,1,0,0.7421060801,1,8,2125,43096.29688
mid2630020,263,1602543,1602,2,3,1,1,0,1,0,0,0,1,0,0,0,0,0,0,0,1.39646554,1,5,2400,25560.18555
mid2630026,263,1602543,1602,2,3,0,1,0,1,0,0,0,0,1,0,0,0,0,0,0,0.7421060801,0,0,,0
mid2400005,240,1602543,1602,2,1,1,1,0,1,1,0,0,1,0,0,0,0,0,1,0,1.39646554,1,4,2166.666748,21381.48242
mid2610002,261,1602543,1602,2,2,0,1,0,0,1,0,0,0,1,0,0,0,0,0,1,0.7421060801,1,4,2083.333252,21714.81445
mid2610020,261,1602543,1602,2,2,0,1,0,0,1,0,0,0,1,0,0,0,0,0,1,0.7421060801,1,2,2100,10824.07422
mid2340027,234,1602543,1602,2,3,1,1,0,0,0,0,0,1,0,0,0,0,0,0,0,1.39646554,1,10,2133.333252,53787.03516
mid2450003,245,1602543,1602,2,1,1,0,1,0,0,0,0,1,0,0,0,0,0,1,0,0.7866831422,1,5,2333.333252,25893.51758
mid2340041,234,1602543,1602,2,3,1,1,0,0,0,0,0,1,0,0,0,0,0,0,0,0.9622264504,0,0,,0
mid2340010,234,1602543,1602,2,3,1,1,0,0,0,0,0,1,0,0,0,0,0,0,0,0.9622264504,1,5,2133.333252,26893.51758
mid2580013,258,1602543,1602,2,3,1,0,1,0,0,0,1,0,0,0,0,0,0,0,0,1.230362892,1,3,2111.111084,16202.77832
mid2480011,248,1602543,1602,2,1,1,1,0,0,1,0,0,1,0,0,0,0,0,1,0,1.39646554,1,5,2133.333252,26893.51758
mid2480018,248,1602543,1602,2,1,1,1,0,0,1,0,0,1,0,0,0,0,0,1,0,0.9622264504,1,4,2583.333252,19714.81445
mid2640035,264,1602543,1602,2,3,1,0,1,0,0,0,0,1,0,0,0,0,0,0,0,0.7866831422,1,3.666666746,2181.818115,19544.13477
mid2560001,256,1602543,1602,2,3,0,1,0,0,1,1,0,0,1,0,0,0,0,0,0,0.7421060801,0,0,,0
mid2560010,256,1602543,1602,2,3,1,1,0,0,1,1,0,1,0,0,0,0,0,0,0,0.9622264504,1,5,2133.333252,26893.51758
mid2610013,261,1602543,1602,2,2,1,1,0,0,1,0,0,1,0,0,0,0,0,0,1,0.9622264504,1,4,2083.333252,21714.81445
mid2480025,248,1602543,1602,2,1,0,1,0,0,1,0,0,0,1,0,0,0,0,1,0,0.7421060801,0,0,,0
mid2570005,257,1602543,1602,2,1,0,1,0,0,0,1,0,0,1,0,0,0,0,1,0,0.7421060801,0,0,,0
mid2480026,248,1602543,1602,2,1,0,1,0,0,1,0,0,0,1,0,0,0,0,1,0,0.7421060801,0,0,,0
mid2480035,248,1602543,1602,2,1,1,1,0,0,1,0,0,1,0,0,0,0,0,1,0,0.9622264504,1,5,2133.333252,26893.51758
mid2560008,256,1602543,1602,2,3,1,1,0,0,1,1,0,1,0,0,0,0,0,0,0,1.39646554,1,5,2133.333252,26893.51758
mid2550029,255,1602543,1602,2,2,0,0,1,0,0,0,0,0,1,0,0,0,0,0,1,0.7571035028,1,2.5,2133.333252,13446.75879
mid2500026,250,1602543,1602,2,1,1,0,1,0,0,0,0,1,0,0,0,0,0,1,0,1.468009353,0,0,,0
mid2560009,256,1602543,1602,2,3,1,1,0,0,1,1,0,1,0,0,0,0,0,0,0,0.9622264504,1,10,2133.333252,53787.03516
mid2470012,247,1602543,1602,2,2,1,1,0,1,1,1,0,1,0,0,0,0,0,0,1,1.39646554,1,10,2266.666748,52453.70312
mid2550019,255,1602543,1602,2,2,0,0,1,0,0,0,1,0,0,0,0,0,0,0,1,0.7613349557,1,5,2133.333252,26893.51758
mid2600029,260,1602543,1602,2,3,1,0,1,0,0,0,0,1,0,0,0,0,0,0,0,0.8245887756,1,1.833333373,2181.818115,9772.067383
mid2610033,261,1602543,1602,2,2,0,1,0,0,1,0,1,0,0,0,0,0,0,0,1,0.7421060801,1,4,2000,22048.14844
mid2640027,264,1602543,1602,2,3,1,0,1,0,0,0,0,0,1,0,0,0,0,0,0,0.520994246,1,3.666666746,2181.818115,19544.13477
mid3140013,314,1602666,1602,2,3,0,0,1,0,0,0,0,0,1,0,0,0,0,0,0,0.5175660849,1,3.333333254,3000,15040.12402
mid2990017,299,1602666,1602,2,1,1,1,0,0,0,1,0,1,0,0,0,0,0,1,0,0.9967151284,1,6.5,2444.444336,33078.24219
mid3050031,305,1602666,1602,2,3,1,1,0,0,0,1,0,1,0,0,0,0,0,0,0,1.350662231,1,2.666666746,5000,6698.765625
mid3160011,316,1602666,1602,2,2,1,1,0,0,0,0,0,1,0,0,0,0,0,0,1,0.9967151284,1,5,3000,22560.18555
mid3060002,306,1602666,1602,2,2,1,0,1,0,0,0,0,1,0,0,0,0,0,0,1,0.9171236753,1,11.33333302,2647.058838,55136.42188
mid3060027,306,1602666,1602,2,2,1,0,1,0,0,0,0,1,0,0,0,0,0,0,1,2.033493519,1,5.666666508,2647.058838,27568.21094
mid3090021,309,1602666,1602,2,1,0,1,0,1,1,1,0,0,1,0,0,0,0,1,0,0.748508513,1,5,2400,25560.18555
mid3060025,306,1602666,1602,2,2,0,0,1,0,0,0,0,0,1,0,0,0,0,0,1,0.4439976215,1,5.666666508,2647.058838,27568.21094
mid3000002,300,1602666,1602,2,3,0,1,0,1,0,1,0,0,1,0,0,0,0,0,0,0.748508513,0,0,,0
mid2970044,297,1602666,1602,2,1,1,1,0,0,0,0,1,0,0,0,0,0,0,1,0,0.9967151284,1,10,2666.666748,48453.70312
mid3070004,307,1602666,1602,2,3,1,1,0,0,0,0,0,0,1,0,0,0,0,0,0,0.9967151284,1,1.333333373,3000,6016.049316
mid3090023,309,1602666,1602,2,1,0,1,0,1,1,1,0,0,1,0,0,0,0,1,0,0.748508513,1,5,2400,25560.18555
mid2940021,294,1602666,1602,2,2,0,0,1,0,0,0,0,1,0,0,0,0,0,0,1,0.5007306337,1,2.5,2800,11780.09277
mid3020016,302,1602666,1602,2,1,1,0,1,0,0,0,1,0,0,0,0,0,0,1,0,1.704304576,1,4.333333492,2615.384521,21218.82812
mid3150022,315,1602666,1602,2,3,1,1,0,1,1,1,0,1,0,0,0,0,0,0,0,1.350662231,1,5,3000,22560.18555
mid3120017,312,1602666,1602,2,3,1,0,1,0,0,0,1,0,0,0,0,0,0,0,0,1.704304576,1,5,3000,22560.18555
mid3060003,306,1602666,1602,2,2,1,0,1,0,0,0,1,0,0,0,0,0,0,0,1,1.704304576,1,5.666666508,2647.058838,27568.21094
mid3050042,305,1602666,1602,2,3,1,1,0,0,0,1,1,0,0,0,0,0,0,0,0,1.350662231,1,2.5,2666.666748,12113.42578
mid3020007,302,1602666,1602,2,1,0,0,1,0,0,0,0,0,1,0,0,0,0,1,0,0.5175660849,1,4.333333492,2615.384521,21218.82812
mid3210028,321,1602666,1602,2,1,0,0,1,0,0,0,0,0,1,0,0,0,0,1,0,0.5175660849,1,1.166666627,2571.428467,5764.042969
mid3060030,306,1602666,1602,2,2,1,0,1,0,0,0,0,1,0,0,0,0,0,0,1,2.033493519,1,2.833333254,5294.117676,6284.105469
mid2990027,299,1602666,1602,2,1,0,1,0,0,0,1,0,0,1,0,0,0,0,1,0,0.748508513,1,4.75,2416.666748,24307.17578
mid3180026,318,1602666,1602,2,2,0,1,0,0,0,0,0,0,1,0,0,0,0,0,1,0.748508513,1,5,3000,22560.18555
mid2980024,298,1602666,1602,2,2,0,1,0,1,1,0,0,0,1,0,0,0,0,0,1,0.748508513,0,0,,0
mid3130029,313,1602666,1602,2,2,1,1,0,1,0,1,0,0,1,0,0,0,0,0,1,1.350662231,1,6.666666508,3000,30080.24805
mid3120026,312,1602666,1602,2,3,1,0,1,0,0,0,0,1,0,0,0,0,0,0,0,2.033493519,1,5,2800,23560.18555
mid3090006,309,1602666,1602,2,1,0,1,0,1,1,1,0,0,1,0,0,0,0,1,0,0.748508513,1,5,2400,25560.18555
mid3130008,313,1602666,1602,2,2,1,1,0,1,0,1,0,0,1,0,0,0,0,0,1,1.350662231,1,3.333333254,3000,15040.12402
mid3190004,319,1602666,1602,2,1,0,1,0,1,0,1,0,0,1,0,0,0,0,1,0,0.748508513,1,4,3750,15048.14844
mid3090011,309,1602666,1602,2,1,0,1,0,1,1,1,1,0,0,0,0,0,0,1,0,0.748508513,1,5,2400,25560.18555
mid3140016,314,1602666,1602,2,3,1,0,1,0,0,0,0,1,0,0,0,0,0,0,0,0.9171236753,1,6.666666508,2500,33413.58203
mid3120027,312,1602666,1602,2,3,1,0,1,0,0,0,0,1,0,0,0,0,0,0,0,2.033493519,1,5,2800,23560.18555
mid3190038,319,1602666,1602,2,1,1,1,0,1,0,1,0,1,0,0,0,0,0,1,0,1.350662231,1,4,3333.333252,16714.81445
mid3070003,307,1602666,1602,2,3,1,1,0,0,0,0,1,0,0,0,0,0,0,0,0,1.350662231,1,1.333333373,2500,6682.716309
mid3180002,318,1602666,1602,2,2,1,1,0,0,0,0,1,0,0,0,0,0,0,0,1,1.350662231,1,1.666666627,3000,7520.062012
mid2990010,299,1602666,1602,2,1,1,1,0,0,0,1,0,1,0,0,0,0,0,1,0,0.9967151284,1,6,2833.333252,28072.22266
mid3160030,316,1602666,1602,2,2,0,1,0,0,0,0,0,0,1,0,0,0,0,0,1,0.748508513,1,5,3000,22560.18555
mid2980016,298,1602666,1602,2,2,0,1,0,1,1,0,0,0,1,0,0,0,0,0,1,0.748508513,0,0,,0
mid2940037,294,1602666,1602,2,2,1,0,1,0,0,0,1,0,0,0,0,0,0,0,1,1.014253616,1,5,3000,22560.18555
mid3070009,307,1602666,1602,2,3,1,1,0,0,0,0,1,0,0,0,0,0,0,0,0,1.350662231,1,1.333333373,2500,6682.716309
mid3090031,309,1602666,1602,2,1,1,1,0,1,1,1,1,0,0,0,0,0,0,1,0,1.350662231,1,8.333333015,2766.666748,39933.64062
mid3160006,316,1602666,1602,2,2,1,1,0,0,0,0,1,0,0,0,0,0,0,0,1,1.350662231,1,3.333333254,3000,15040.12402
mid3130012,313,1602666,1602,2,2,1,1,0,1,0,1,0,1,0,0,0,0,0,0,1,1.350662231,1,10,1000,65120.37109
mid3130023,313,1602666,1602,2,2,0,1,0,1,0,1,0,0,1,0,0,0,0,0,1,0.748508513,1,6.666666508,3000,30080.24805
mid3120012,312,1602666,1602,2,3,1,0,1,0,0,0,0,1,0,0,0,0,0,0,0,2.033493519,1,10,2800,47120.37109
mid3160029,316,1602666,1602,2,2,0,1,0,0,0,0,0,0,1,0,0,0,0,0,1,0.748508513,1,5,3000,22560.18555
mid3090025,309,1602666,1602,2,1,1,1,0,1,1,1,0,1,0,0,0,0,0,1,0,1.350662231,1,5,2400,25560.18555
mid2940035,294,1602666,1602,2,2,0,0,1,0,0,0,0,0,1,0,0,0,0,0,1,0.4439976215,1,5,3000,22560.18555
mid3050029,305,1602666,1602,2,3,0,1,0,0,0,1,0,0,1,0,0,0,0,0,0,0.748508513,1,2.666666746,2500,13365.43262
mid3150036,315,1602666,1602,2,3,0,1,0,1,1,1,0,0,1,0,0,0,0,0,0,0.748508513,1,5.333333492,2812.5,25064.19727
mid3020010,302,1602666,1602,2,1,0,0,1,0,0,0,0,0,1,0,0,0,0,1,0,0.5175660849,1,4.333333492,2615.384521,21218.82812
mid3070019,307,1602666,1602,2,3,0,1,0,0,0,0,0,0,1,0,0,0,0,0,0,0.748508513,1,1.333333373,2500,6682.716309
mid2970011,297,1602666,1602,2,1,0,1,0,0,0,0,0,0,1,0,0,0,0,1,0,0.748508513,1,10,2666.666748,48453.70312
mid2980029,298,1602666,1602,2,2,0,1,0,1,1,0,0,0,1,0,0,0,0,0,1,0.748508513,0,0,,0
mid3000012,300,1602666,1602,2,3,0,1,0,1,0,1,0,0,1,0,0,0,0,0,0,0.748508513,1,5,2500,25060.18555
mid3090008,309,1602666,1602,2,1,1,1,0,1,1,1,0,1,0,0,0,0,0,1,0,1.350662231,1,5,2533.333252,24893.51758
mid3140024,314,1602666,1602,2,3,0,0,1,0,0,0,0,0,1,0,0,0,0,0,0,0.5175660849,1,3.333333254,3000,15040.12402
mid2980013,298,1602666,1602,2,2,0,1,0,1,1,0,0,0,1,0,0,0,0,0,1,0.748508513,0,0,,0
mid3160008,316,1602666,1602,2,2,1,1,0,0,0,0,0,1,0,0,0,0,0,0,1,1.350662231,1,10,3000,45120.37109
mid3000010,300,1602666,1602,2,3,0,1,0,1,0,1,0,0,1,0,0,0,0,0,0,0.748508513,1,10,2500,50120.37109
mid3190014,319,1602666,1602,2,1,1,1,0,1,0,1,0,1,0,0,0,0,0,1,0,1.350662231,1,4,3750,15048.14844
mid3190033,319,1602666,1602,2,1,0,1,0,1,0,1,0,0,1,0,0,0,0,1,0,0.748508513,1,4,3333.333252,16714.81445
mid2940029,294,1602666,1602,2,2,1,0,1,0,0,0,1,0,0,0,0,0,0,0,1,1.704304576,1,9,3150,39608.33203
mid3120003,312,1602666,1602,2,3,0,0,1,0,0,0,0,0,1,0,0,0,0,0,0,0.5175660849,1,5,2800,23560.18555
mid3210016,321,1602666,1602,2,1,0,0,1,0,0,0,1,0,0,0,0,0,0,1,0,0.5204586983,1,2.5,2333.333252,12946.75879
mid3000013,300,1602666,1602,2,3,0,1,0,1,0,1,0,0,1,0,0,0,0,0,0,0.748508513,1,5,2500,25060.18555
mid3130015,313,1602666,1602,2,2,0,1,0,1,0,1,0,0,1,0,0,0,0,0,1,0.748508513,1,3.333333254,3000,15040.12402
mid3160004,316,1602666,1602,2,2,0,1,0,0,0,0,0,0,1,0,0,0,0,0,1,0.748508513,0,0,,0
mid2990015,299,1602666,1602,2,1,1,1,0,0,0,1,0,1,0,0,0,0,0,1,0,0.9967151284,1,4.875,2333.333252,25246.17969
mid3020004,302,1602666,1602,2,1,1,0,1,0,0,0,1,0,0,0,0,0,0,1,0,1.704304576,1,2.5,3400,10280.09277
mid3050040,305,1602666,1602,2,3,0,1,0,0,0,1,1,0,0,0,0,0,0,0,0,0.748508513,1,5.333333492,2500,26730.86523
mid3070008,307,1602666,1602,2,3,0,1,0,0,0,0,0,0,1,0,0,0,0,0,0,0.748508513,1,2.666666746,2500,13365.43262
mid3070020,307,1602666,1602,2,3,1,1,0,0,0,0,0,1,0,0,0,0,0,0,0,0.9967151284,1,4,2500,20048.14844
mid3020030,302,1602666,1602,2,1,0,0,1,0,0,0,0,0,1,0,0,0,0,1,0,0.5175660849,1,1.666666627,3400,6853.39502
mid3150037,315,1602666,1602,2,3,0,1,0,1,1,1,0,0,1,0,0,0,0,0,0,0.748508513,1,5,3000,22560.18555
mid3050019,305,1602666,1602,2,3,0,1,0,0,0,1,0,0,1,0,0,0,0,0,0,0.748508513,1,5.333333492,2500,26730.86523
mid3000022,300,1602666,1602,2,3,1,1,0,1,0,1,1,0,0,0,0,0,0,0,0,1.350662231,1,5,2500,25060.18555
mid3020009,302,1602666,1602,2,1,1,0,1,0,0,0,1,0,0,0,0,0,0,1,0,1.014253616,1,4.333333492,2615.384521,21218.82812
mid3140007,314,1602666,1602,2,3,0,0,1,0,0,0,0,0,1,0,0,0,0,0,0,0.5175660849,0,0,,0
mid3180034,318,1602666,1602,2,2,1,1,0,0,0,0,0,1,0,0,0,0,0,0,1,1.350662231,1,3.333333254,3000,15040.12402
mid3120014,312,1602666,1602,2,3,1,0,1,0,0,0,0,1,0,0,0,0,0,0,0,2.033493519,1,5,2800,23560.18555
mid2990014,299,1602666,1602,2,1,0,1,0,0,0,1,0,0,1,0,0,0,0,1,0,0.748508513,0,0,,0
mid2940005,294,1602666,1602,2,2,0,0,1,0,0,0,0,0,1,0,0,0,0,0,1,0.5175660849,1,5,3000,22560.18555
mid3150008,315,1602666,1602,2,3,1,1,0,1,1,1,0,1,0,0,0,0,0,0,0,1.350662231,1,5,3000,22560.18555
mid3150033,315,1602666,1602,2,3,1,1,0,1,1,1,0,1,0,0,0,0,0,0,0,1.350662231,1,5,3000,22560.18555
mid3150045,315,1602666,1602,2,3,1,1,0,1,1,1,1,0,0,0,0,0,0,0,0,1.350662231,1,5,3333.333252,20893.51758
mid3180035,318,1602666,1602,2,2,1,1,0,0,0,0,0,1,0,0,0,0,0,0,1,0.9967151284,1,1.666666627,3000,7520.062012
mid3210014,321,1602666,1602,2,1,0,0,1,0,0,0,0,0,1,0,0,0,0,1,0,0.5175660849,1,7,2500,35084.25781
mid3150001,315,1602666,1602,2,3,1,1,0,1,1,1,0,1,0,0,0,0,0,0,0,1.350662231,1,5,3000,22560.18555
mid2940020,294,1602666,1602,2,2,0,0,1,0,0,0,0,0,1,0,0,0,0,0,1,0.5175660849,1,5,3000,22560.18555
mid3160023,316,1602666,1602,2,2,1,1,0,0,0,0,1,0,0,0,0,0,0,0,1,1.350662231,1,3.333333254,4500,10040.12402
mid3000003,300,1602666,1602,2,3,0,1,0,1,0,1,0,0,1,0,0,0,0,0,0,0.748508513,0,0,,0
mid2970029,297,1602666,1602,2,1,1,1,0,0,0,0,0,0,1,0,0,0,0,1,0,0.9967151284,1,20,2666.666748,96907.40625
mid3060016,306,1602666,1602,2,2,0,0,1,0,0,0,0,0,1,0,0,0,0,0,1,0.5175660849,1,5.666666508,2647.058838,27568.21094
mid3180001,318,1602666,1602,2,2,0,1,0,0,0,0,0,0,1,0,0,0,0,0,1,0.748508513,0,1.666666627,3000,7520.062012
mid3000005,300,1602666,1602,2,3,0,1,0,1,0,1,0,0,1,0,0,0,0,0,0,0.748508513,1,5,2500,25060.18555
mid3210012,321,1602666,1602,2,1,1,0,1,0,0,0,1,0,0,0,0,0,0,1,0,1.014253616,1,5,2600,24560.18555
mid2940003,294,1602666,1602,2,2,0,0,1,0,0,0,1,0,0,0,0,0,0,0,1,0.5204586983,1,8,3000,36096.29688
mid3190002,319,1602666,1602,2,1,1,1,0,1,0,1,0,1,0,0,0,0,0,1,0,1.350662231,1,2.333333254,3214.285645,10028.08691
mid3070028,307,1602666,1602,2,3,0,1,0,0,0,0,0,0,1,0,0,0,0,0,0,0.748508513,0,0,,0
mid3190025,319,1602666,1602,2,1,0,1,0,1,0,1,0,0,1,0,0,0,0,1,0,0.748508513,1,4,3333.333252,16714.81445
mid3050035,305,1602666,1602,2,3,1,1,0,0,0,1,0,1,0,0,0,0,0,0,0,1.350662231,1,7,2857.142822,32584.25977
mid3050030,305,1602666,1602,2,3,0,1,0,0,0,1,1,0,0,0,0,0,0,0,0,0.748508513,0,0,,0
mid3070001,307,1602666,1602,2,3,0,1,0,0,0,0,0,0,1,0,0,0,0,0,0,0.748508513,1,4,2500,20048.14844
mid2980014,298,1602666,1602,2,2,0,1,0,1,1,0,0,0,1,0,0,0,0,0,1,0.748508513,0,0,,0
mid2970012,297,1602666,1602,2,1,1,1,0,0,0,0,1,0,0,0,0,0,0,1,0,1.350662231,0,10,2666.666748,48453.70312
mid3140004,314,1602666,1602,2,3,1,0,1,0,0,0,0,1,0,0,0,0,0,0,0,0.9171236753,1,3.333333254,3000,15040.12402
mid3210001,321,1602666,1602,2,1,0,0,1,0,0,0,1,0,0,0,0,0,0,1,0,0.5204586983,1,2.333333254,2571.428467,11528.08594
mid3090033,309,1602666,1602,2,1,1,1,0,1,1,1,0,1,0,0,0,0,0,1,0,1.350662231,1,5,2533.333252,24893.51758
mid3140012,314,1602666,1602,2,3,0,0,1,0,0,0,0,0,1,0,0,0,0,0,0,0.5175660849,0,0,,0
mid3210036,321,1602666,1602,2,1,0,0,1,0,0,0,0,0,1,0,0,0,0,1,0,0.5175660849,1,2.666666746,2250,14032.09863
mid2970022,297,1602666,1602,2,1,1,1,0,0,0,0,0,0,1,0,0,0,0,1,0,1.350662231,0,0,,0
mid3150039,315,1602666,1602,2,3,1,1,0,1,1,1,0,1,0,0,0,0,0,0,0,1.350662231,1,5,3333.333252,20893.51758
mid2940039,294,1602666,1602,2,2,1,0,1,0,0,0,0,1,0,0,0,0,0,0,1,2.033493519,1,5,3000,22560.18555
mid3180030,318,1602666,1602,2,2,1,1,0,0,0,0,0,1,0,0,0,0,0,0,1,1.350662231,1,1.666666627,3000,7520.062012
mid2990008,299,1602666,1602,2,1,0,1,0,0,0,1,0,0,1,0,0,0,0,1,0,0.748508513,0,0,,0
mid3020005,302,1602666,1602,2,1,1,0,1,0,0,0,0,1,0,0,0,0,0,1,0,2.033493519,1,1.833333373,4909.09082,4772.067871
mid2970031,297,1602666,1602,2,1,1,1,0,0,0,0,0,1,0,0,0,0,0,1,0,1.350662231,0,0,,0
mid3130017,313,1602666,1602,2,2,1,1,0,1,0,1,1,0,0,0,0,0,0,0,1,1.350662231,1,3.333333254,3000,15040.12402
mid2980002,298,1602666,1602,2,2,1,1,0,1,1,0,1,0,0,0,0,0,0,0,1,1.350662231,0,20,2666.666748,96907.40625
mid3150043,315,1602666,1602,2,3,0,1,0,1,1,1,0,0,1,0,0,0,0,0,0,0.748508513,1,5,3000,22560.18555
mid2940015,294,1602666,1602,2,2,1,0,1,0,0,0,1,0,0,0,0,0,0,0,1,1.704304576,1,6.666666508,2800,31413.58008
mid3070007,307,1602666,1602,2,3,0,1,0,0,0,0,0,0,1,0,0,0,0,0,0,0.748508513,1,4,2500,20048.14844
mid2970001,297,1602666,1602,2,1,1,1,0,0,0,0,1,0,0,0,0,0,0,1,0,0.9967151284,1,10,2666.666748,48453.70312
mid3160020,316,1602666,1602,2,2,1,1,0,0,0,0,1,0,0,0,0,0,0,0,1,1.350662231,1,5,3000,22560.18555
mid3180011,318,1602666,1602,2,2,0,1,0,0,0,0,0,0,1,0,0,0,0,0,1,0.748508513,1,3.333333254,3000,15040.12402
mid3000021,300,1602666,1602,2,3,0,1,0,1,0,1,1,0,0,0,0,0,0,0,0,0.748508513,0,0,,0
mid3120001,312,1602666,1602,2,3,0,0,1,0,0,0,0,0,1,0,0,0,0,0,0,0.4439976215,1,5,2800,23560.18555
mid3180044,318,1602666,1602,2,2,1,1,0,0,0,0,0,1,0,0,0,0,0,0,1,0.9967151284,1,1.666666627,3000,7520.062012
mid2970040,297,1602666,1602,2,1,1,1,0,0,0,0,0,1,0,0,0,0,0,1,0,0.9967151284,0,10,2666.666748,48453.70312
mid3180025,318,1602666,1602,2,2,1,1,0,0,0,0,1,0,0,0,0,0,0,0,1,0.9967151284,1,1.666666627,3000,7520.062012
mid3210038,321,1602666,1602,2,1,1,0,1,0,0,0,0,1,0,0,0,0,0,1,0,0.9171236753,1,4.666666508,2571.428467,23056.17188
mid3120004,312,1602666,1602,2,3,1,0,1,0,0,0,0,1,0,0,0,0,0,0,0,2.033493519,1,5,2800,23560.18555
mid3050001,305,1602666,1602,2,3,0,1,0,0,0,1,0,0,1,0,0,0,0,0,0,0.748508513,1,10.66666698,2250,56128.39453
mid3160027,316,1602666,1602,2,2,1,1,0,0,0,0,0,1,0,0,0,0,0,0,1,1.350662231,1,5,3000,22560.18555
mid3140021,314,1602666,1602,2,3,0,0,1,0,0,0,0,0,1,0,0,0,0,0,0,0.5175660849,1,3.333333254,3000,15040.12402
mid3060001,306,1602666,1602,2,2,1,0,1,0,0,0,0,1,0,0,0,0,0,0,1,0.9171236753,1,5.666666508,2647.058838,27568.21094
mid2980021,298,1602666,1602,2,2,0,1,0,1,1,0,0,0,1,0,0,0,0,0,1,0.748508513,0,0,,0
mid2990007,299,1602666,1602,2,1,0,1,0,0,0,1,0,0,1,0,0,0,0,1,0,0.748508513,0,0,,0
mid3120009,312,1602666,1602,2,3,0,0,1,0,0,0,0,0,1,0,0,0,0,0,0,0.5175660849,1,5,2800,23560.18555
mid2990026,299,1602666,1602,2,1,1,1,0,0,0,1,0,1,0,0,0,0,0,1,0,1.350662231,1,4.75,2233.333252,24932.17578
mid3140002,314,1602666,1602,2,3,0,0,1,0,0,0,0,0,1,0,0,0,0,0,0,0.5175660849,1,3.333333254,3000,15040.12402
mid2970037,297,1602666,1602,2,1,1,1,0,0,0,0,1,0,0,0,0,0,0,1,0,0.9967151284,1,20,2666.666748,96907.40625
mid3020029,302,1602666,1602,2,1,1,0,1,0,0,0,0,1,0,0,0,0,0,1,0,0.9171236753,1,1.666666627,3400,6853.39502
mid3020015,302,1602666,1602,2,1,1,0,1,0,0,0,1,0,0,0,0,0,0,1,0,1.704304576,1,1.666666627,5000,4186.728516
mid2980008,298,1602666,1602,2,2,0,1,0,1,1,0,0,0,1,0,0,0,0,0,1,0.748508513,0,0,,0
mid3140008,314,1602666,1602,2,3,0,0,1,0,0,0,0,0,1,0,0,0,0,0,0,0.5175660849,0,0,,0
mid3050028,305,1602666,1602,2,3,1,1,0,0,0,1,1,0,0,0,0,0,0,0,0,0.9967151284,1,10.66666698,2500,53461.73047
mid3130001,313,1602666,1602,2,2,0,1,0,1,0,1,1,0,0,0,0,0,0,0,1,0.748508513,1,3.333333254,3000,15040.12402
mid3210045,321,1602666,1602,2,1,1,0,1,0,0,0,0,1,0,0,0,0,0,1,0,2.033493519,1,1.166666627,2571.428467,5764.042969
mid3000001,300,1602666,1602,2,3,0,1,0,1,0,1,1,0,0,0,0,0,0,0,0,0.748508513,1,5,2500,25060.18555
mid2990019,299,1602666,1602,2,1,0,1,0,0,0,1,0,0,1,0,0,0,0,1,0,0.748508513,0,0,,0
mid3210044,321,1602666,1602,2,1,1,0,1,0,0,0,1,0,0,0,0,0,0,1,0,1.014253616,1,4.666666508,2500,23389.50586
mid3060023,306,1602666,1602,2,2,0,0,1,0,0,0,0,0,1,0,0,0,0,0,1,0.5175660849,1,5.666666508,2647.058838,27568.21094
mid3060013,306,1602666,1602,2,2,0,0,1,0,0,0,1,0,0,0,0,0,0,0,1,0.5204586983,1,5.666666508,2647.058838,27568.21094
mid1770010,177,1602702,1602,2,1,1,0,1,0,0,0,0,1,0,0,0,0,0,1,0,0.5015799999,0,0,,0
mid1760016,176,1602702,1602,2,3,0,0,1,0,0,0,0,0,1,0,0,0,0,0,0,1.221910477,0,0,,0
mid1820030,182,1602702,1602,2,2,1,1,0,0,0,1,0,1,0,0,0,0,0,0,1,0.8282111883,0,0,,0
mid1810019,181,1602702,1602,2,1,1,1,0,1,0,0,0,1,0,0,0,0,0,1,0,1.718400121,0,15,2000,82680.55469
mid1740036,174,1602702,1602,2,2,1,1,0,1,1,0,0,1,0,0,0,0,0,0,1,1.718400121,0,0,,0
mid1820017,182,1602702,1602,2,2,1,1,0,0,0,1,0,1,0,0,0,0,0,0,1,0.8282111883,0,0,,0
mid1740016,174,1602702,1602,2,2,0,1,0,1,1,0,0,0,1,0,0,0,0,0,1,0.7159574628,0,0,,0
mid1760017,176,1602702,1602,2,3,1,0,1,0,0,0,0,1,0,0,0,0,0,0,0,0.5015799999,0,0,,0
mid1770009,177,1602702,1602,2,1,0,0,1,0,0,0,0,0,1,0,0,0,0,1,0,1.221910477,0,0,,0
mid1750027,175,1602702,1602,2,1,1,1,0,0,0,1,0,1,0,0,0,0,0,1,0,0.8282111883,0,20,2500,100240.7422
mid1760001,176,1602702,1602,2,3,0,0,1,0,0,0,1,0,0,0,0,0,0,0,0,1.228739619,0,0,,0
mid1820021,182,1602702,1602,2,2,0,1,0,0,0,1,0,0,1,0,0,0,0,0,1,0.7159574628,0,0,,0
mid1820006,182,1602702,1602,2,2,0,1,0,0,0,1,0,0,1,0,0,0,0,0,1,0.7159574628,0,0,,0
mid1810015,181,1602702,1602,2,1,1,1,0,1,0,0,0,1,0,0,0,0,0,1,0,1.718400121,0,15,2000,82680.55469
mid1770023,177,1602702,1602,2,1,1,0,1,0,0,0,0,1,0,0,0,0,0,1,0,0.5015799999,0,0,,0
mid1760020,176,1602702,1602,2,3,0,0,1,0,0,0,0,0,1,0,0,0,0,0,0,1.221910477,0,0,,0
mid1760013,176,1602702,1602,2,3,1,0,1,0,0,0,0,1,0,0,0,0,0,0,0,0.5015799999,0,0,,0
mid1770014,177,1602702,1602,2,1,1,0,1,0,0,0,0,1,0,0,0,0,0,1,0,0.5015799999,0,2.333333254,2428.571533,11861.41895
mid1750034,175,1602702,1602,2,1,1,1,0,0,0,1,0,1,0,0,0,0,0,1,0,0.8282111883,0,20,2500,100240.7422
mid1750031,175,1602702,1602,2,1,1,1,0,0,0,1,0,1,0,0,0,0,0,1,0,1.718400121,0,20,2500,100240.7422
mid1770022,177,1602702,1602,2,1,1,0,1,0,0,0,0,1,0,0,0,0,0,1,0,0.5015799999,0,6.666666508,2200,35413.58203
mid1740023,174,1602702,1602,2,2,0,1,0,1,1,0,0,0,1,0,0,0,0,0,1,0.7159574628,0,0,,0
mid1770002,177,1602702,1602,2,1,1,0,1,0,0,0,0,1,0,0,0,0,0,1,0,0.5015799999,0,2.333333254,2428.571533,11861.41895
mid1820016,182,1602702,1602,2,2,0,1,0,0,0,1,0,0,1,0,0,0,0,0,1,0.7159574628,0,0,,0
mid1750019,175,1602702,1602,2,1,1,1,0,0,0,1,0,1,0,0,0,0,0,1,0,0.8282111883,0,0,,0
mid1750010,175,1602702,1602,2,1,0,1,0,0,0,1,0,0,1,0,0,0,0,1,0,0.7159574628,0,0,,0
mid1760002,176,1602702,1602,2,3,1,0,1,0,0,0,0,1,0,0,0,0,0,0,0,0.5015799999,0,0,,0
mid1760029,176,1602702,1602,2,3,1,0,1,0,0,0,0,1,0,0,0,0,0,0,0,0.5015799999,0,0,,0
mid1770025,177,1602702,1602,2,1,0,0,1,0,0,0,0,0,1,0,0,0,0,1,0,1.221910477,0,0,,0
mid1810007,181,1602702,1602,2,1,0,1,0,1,0,0,0,0,1,0,0,0,0,1,0,0.7159574628,0,0,,0
mid1750028,175,1602702,1602,2,1,0,1,0,0,0,1,0,0,1,0,0,0,0,1,0,0.7159574628,0,0,,0
mid1750021,175,1602702,1602,2,1,1,1,0,0,0,1,0,1,0,0,0,0,0,1,0,1.718400121,0,0,,0
mid1820020,182,1602702,1602,2,2,0,1,0,0,0,1,0,0,1,0,0,0,0,0,1,0.7159574628,0,0,,0
mid1740004,174,1602702,1602,2,2,1,1,0,1,1,0,0,1,0,0,0,0,0,0,1,1.718400121,0,0,,0
mid1750039,175,1602702,1602,2,1,1,1,0,0,0,1,0,0,1,0,0,0,0,1,0,0.8282111883,0,0,,0
mid1770001,177,1602702,1602,2,1,0,0,1,0,0,0,0,0,1,0,0,0,0,1,0,1.221910477,0,0,,0
mid1820007,182,1602702,1602,2,2,0,1,0,0,0,1,1,0,0,0,0,0,0,0,1,0.7159574628,0,0,,0
mid1740001,174,1602702,1602,2,2,0,1,0,1,1,0,0,0,1,0,0,0,0,0,1,0.7159574628,0,0,,0
mid1760014,176,1602702,1602,2,3,0,0,1,0,0,0,0,0,1,0,0,0,0,0,0,1.221910477,0,0,,0
mid1760003,176,1602702,1602,2,3,1,0,1,0,0,0,0,1,0,0,0,0,0,0,0,0.5015799999,0,0,,0
mid1740020,174,1602702,1602,2,2,1,1,0,1,1,0,0,1,0,0,0,0,0,0,1,1.718400121,0,0,,0
mid1810023,181,1602702,1602,2,1,0,1,0,1,0,0,0,0,1,0,0,0,0,1,0,0.7159574628,0,0,,0
mid1810005,181,1602702,1602,2,1,0,1,0,1,0,0,0,0,1,0,0,0,0,1,0,0.7159574628,0,0,,0
mid1820003,182,1602702,1602,2,2,1,1,0,0,0,1,0,1,0,0,0,0,0,0,1,0.8282111883,0,0,,0
mid1740014,174,1602702,1602,2,2,0,1,0,1,1,0,0,0,1,0,0,0,0,0,1,0.7159574628,0,0,,0
mid1750008,175,1602702,1602,2,1,0,1,0,0,0,1,1,0,0,0,0,0,0,1,0,0.7159574628,0,0,,0
mid1820002,182,1602702,1602,2,2,0,1,0,0,0,1,1,0,0,0,0,0,0,0,1,0.7159574628,0,0,,0
mid1740009,174,1602702,1602,2,2,1,1,0,1,1,0,1,0,0,0,0,0,0,0,1,1.718400121,0,0,,0
mid1770024,177,1602702,1602,2,1,1,0,1,0,0,0,0,1,0,0,0,0,0,1,0,0.5015799999,0,2.666666746,2625,13032.09863
mid3450024,345,1602739,1602,2,2,1,0,1,0,0,0,0,1,0,0,0,0,0,0,1,1.913222551,0,20,2416.666748,101907.4062
mid3420018,342,1602739,1602,2,2,1,0,1,0,0,0,0,1,0,0,0,0,0,0,1,0.9093042016,1,5,2400,25560.18555
mid3460027,346,1602739,1602,2,3,1,1,0,1,0,1,1,0,0,0,0,0,0,0,0,1.145878673,0,0,,0
mid3290002,329,1602739,1602,2,3,0,0,1,0,0,0,0,0,1,0,0,0,0,0,0,0.5712976456,0,0,,0
mid3500028,350,1602739,1602,2,3,1,0,1,0,0,0,1,0,0,0,0,0,0,0,0,1.603503346,0,0,,0
mid3460035,346,1602739,1602,2,3,1,1,0,1,0,1,1,0,0,0,0,0,0,0,0,1.145878673,0,0,,0
mid3490004,349,1602739,1602,2,3,0,1,0,0,0,0,0,0,1,0,0,0,0,0,0,0.7833237648,1,18,2870.370361,83550
mid3390003,339,1602739,1602,2,1,1,0,1,0,0,0,0,1,0,0,0,0,0,1,0,0.9093042016,1,10,2666.666748,48453.70312
mid3560023,356,1602739,1602,2,3,1,1,0,0,1,1,0,1,0,0,0,0,0,0,0,1.145878673,0,0,,0
mid3220033,322,1602739,1602,2,1,1,0,1,0,0,0,0,0,1,0,0,0,0,1,0,1.592087388,1,9,2351.851807,46441.66797
mid3220021,322,1602739,1602,2,1,1,0,1,0,0,0,0,1,0,0,0,0,0,1,0,1.913222551,1,9,2407.407471,45941.66797
mid3510016,351,1602739,1602,2,3,1,1,0,1,0,0,0,1,0,0,0,0,0,0,0,1.145878673,0,3.666666746,2727.272705,17544.13477
mid3380036,338,1602739,1602,2,2,1,0,1,0,0,0,0,1,0,0,0,0,0,0,1,2.062121868,0,0,,0
mid3550009,355,1602739,1602,2,1,0,1,0,0,0,1,1,0,0,0,0,0,0,1,0,0.7833237648,0,0,,0
mid3550025,355,1602739,1602,2,1,0,1,0,0,0,1,0,0,1,0,0,0,0,1,0,0.7833237648,0,0,,0
mid3440030,344,1602739,1602,2,1,1,0,1,0,0,0,1,0,0,0,0,0,0,1,0,1.005606055,0,0,,0
mid3260003,326,1602739,1602,2,2,1,1,0,1,1,1,0,1,0,0,0,0,0,0,1,1.145878673,1,2.166666746,2615.384521,10609.41406
mid3390018,339,1602739,1602,2,1,0,0,1,0,0,0,1,0,0,0,0,0,0,1,0,0.5744906068,1,7.333333492,2347.619141,38088.26953
mid3380038,338,1602739,1602,2,2,1,0,1,0,0,0,1,0,0,0,0,0,0,0,1,1.005606055,0,0,,0
mid3520011,352,1602739,1602,2,2,1,1,0,0,0,1,0,1,0,0,0,0,0,0,1,1.145878673,0,0,,0
mid3560010,356,1602739,1602,2,3,1,1,0,0,1,1,0,1,0,0,0,0,0,0,0,1.145878673,0,0,,0
mid3520015,352,1602739,1602,2,2,1,1,0,0,0,1,0,1,0,0,0,0,0,0,1,1.130257249,0,5.333333492,3375,22064.19727
mid3550001,355,1602739,1602,2,1,1,1,0,0,0,1,0,0,1,0,0,0,0,1,0,1.145878673,1,7.166666508,2465.116211,36169.59766
mid3220003,322,1602739,1602,2,1,1,0,1,0,0,0,0,0,1,0,0,0,0,1,0,1.592087388,1,9,2351.851807,46441.66797
mid3540026,354,1602739,1602,2,3,0,1,0,1,1,1,0,0,1,0,0,0,0,0,0,0.7833237648,1,7.5,2666.666748,36340.27734
mid3290029,329,1602739,1602,2,3,0,0,1,0,0,0,0,0,1,0,0,0,0,0,0,0.5712976456,0,0,,0
mid3540021,354,1602739,1602,2,3,0,1,0,1,1,1,0,0,1,0,0,0,0,0,0,0.7833237648,1,7.5,2666.666748,36340.27734
mid3380043,338,1602739,1602,2,2,0,0,1,0,0,0,1,0,0,0,0,0,0,0,1,0.5744906068,0,0,,0
mid3450020,345,1602739,1602,2,2,0,0,1,0,0,0,0,0,1,0,0,0,0,0,1,0.5712976456,0,0,,0
mid3520035,352,1602739,1602,2,2,1,1,0,0,0,1,0,1,0,0,0,0,0,0,1,1.145878673,0,1.666666627,3500,6686.728516
mid3510017,351,1602739,1602,2,3,1,1,0,1,0,0,0,1,0,0,0,0,0,0,0,1.145878673,1,8,2500,40096.29688
mid3390028,339,1602739,1602,2,1,0,0,1,0,0,0,0,0,1,0,0,0,0,1,0,0.5712976456,0,0,,0
mid3390004,339,1602739,1602,2,1,0,0,1,0,0,0,0,0,1,0,0,0,0,1,0,0.5712976456,1,2.333333254,2428.571533,11861.41895
mid3500001,350,1602739,1602,2,3,1,0,1,0,0,0,0,1,0,0,0,0,0,0,0,1.913222551,0,10,2666.666748,48453.70312
mid3420005,342,1602739,1602,2,2,0,0,1,0,0,0,0,0,1,0,0,0,0,0,1,0.5712976456,0,0,,0
mid3460037,346,1602739,1602,2,3,0,1,0,1,0,1,0,0,1,0,0,0,0,0,0,0.7833237648,0,0,,0
mid3460038,346,1602739,1602,2,3,1,1,0,1,0,1,1,0,0,0,0,0,0,0,0,1.145878673,0,0,,0
mid3460004,346,1602739,1602,2,3,1,1,0,1,0,1,0,1,0,0,0,0,0,0,0,1.145878673,0,0,,0
mid3450032,345,1602739,1602,2,2,1,0,1,0,0,0,0,1,0,0,0,0,0,0,1,0.9093042016,0,0,,0
mid3490044,349,1602739,1602,2,3,1,1,0,0,0,0,1,0,0,0,0,0,0,0,0,1.145878673,0,0,,0
mid3450010,345,1602739,1602,2,2,1,0,1,0,0,0,1,0,0,0,0,0,0,0,1,1.603503346,0,0,,0
mid3450006,345,1602739,1602,2,2,0,0,1,0,0,0,0,0,1,0,0,0,0,0,1,0.5712976456,0,0,,0
mid3450001,345,1602739,1602,2,2,0,0,1,0,0,0,0,0,1,0,0,0,0,0,1,0.5712976456,0,0,,0
mid3440029,344,1602739,1602,2,1,1,0,1,0,0,0,1,0,0,0,0,0,0,1,0,1.005606055,0,0,,0
mid3290018,329,1602739,1602,2,3,0,0,1,0,0,0,0,0,1,0,0,0,0,0,0,0.5712976456,0,5,2533.333252,24893.51758
mid3440017,344,1602739,1602,2,1,1,0,1,0,0,0,0,1,0,0,0,0,0,1,0,0.9093042016,0,0,,0
mid3430038,343,1602739,1602,2,1,0,1,0,1,0,0,1,0,0,0,0,0,0,1,0,0.7833237648,0,2,2500,10024.07422
mid3550011,355,1602739,1602,2,1,0,1,0,0,0,1,0,0,1,0,0,0,0,1,0,0.7833237648,0,0,,0
mid3430042,343,1602739,1602,2,1,1,1,0,1,0,0,1,0,0,0,0,0,0,1,0,1.145878673,0,0,,0
mid3550028,355,1602739,1602,2,1,1,1,0,0,0,1,0,1,0,0,0,0,0,1,0,1.145878673,0,0,,0
mid3420017,342,1602739,1602,2,2,1,0,1,0,0,0,0,1,0,0,0,0,0,0,1,1.913222551,0,0,,0
mid3420012,342,1602739,1602,2,2,1,0,1,0,0,0,1,0,0,0,0,0,0,0,1,1.603503346,0,0,,0
mid3520042,352,1602739,1602,2,2,1,1,0,0,0,1,1,0,0,0,0,0,0,0,1,1.130257249,0,0,,0
mid3380010,338,1602739,1602,2,2,0,0,1,0,0,0,0,0,1,0,0,0,0,0,1,0.5712976456,0,4,2000,22048.14844
mid3320039,332,1602739,1602,2,1,1,1,0,0,0,1,1,0,0,0,0,0,0,1,0,1.145878673,1,7.5,2333.333252,38840.27734
mid3370009,337,1602739,1602,2,2,0,1,0,1,0,0,0,0,1,0,0,0,0,0,1,0.7833237648,0,4.799999714,3125,21057.77734
mid3440016,344,1602739,1602,2,1,0,0,1,0,0,0,0,0,1,0,0,0,0,1,0,0.5712976456,0,2,3250,8524.074219
mid3290024,329,1602739,1602,2,3,0,0,1,0,0,0,1,0,0,0,0,0,0,0,0,0.5744906068,0,5,2533.333252,24893.51758
mid3260041,326,1602739,1602,2,2,1,1,0,1,1,1,1,0,0,0,0,0,0,0,1,1.145878673,1,2.166666746,2615.384521,10609.41406
mid3430030,343,1602739,1602,2,1,0,1,0,1,0,0,0,0,1,0,0,0,0,1,0,0.7833237648,0,0,,0
mid3440013,344,1602739,1602,2,1,0,0,1,0,0,0,0,0,1,0,0,0,0,1,0,0.5712976456,1,4,3166.666748,17381.48242
mid3220001,322,1602739,1602,2,1,1,0,1,0,0,0,1,0,0,0,0,0,0,1,0,1.603503346,1,9,2407.407471,45941.66797
mid3520040,352,1602739,1602,2,2,0,1,0,0,0,1,0,0,1,0,0,0,0,0,1,0.7833237648,0,0,,0
mid3380026,338,1602739,1602,2,2,0,0,1,0,0,0,1,0,0,0,0,0,0,0,1,0.5744906068,0,0,,0
mid3290023,329,1602739,1602,2,3,0,0,1,0,0,0,0,0,1,0,0,0,0,0,0,0.5712976456,0,0,,0
mid3320009,332,1602739,1602,2,1,1,1,0,0,0,1,0,1,0,0,0,0,0,1,0,1.130257249,1,7.5,2333.333252,38840.27734
mid3540030,354,1602739,1602,2,3,1,1,0,1,1,1,0,1,0,0,0,0,0,0,0,1.145878673,1,7.5,2666.666748,36340.27734
mid3290021,329,1602739,1602,2,3,0,0,1,0,0,0,0,0,1,0,0,0,0,0,0,0.5712976456,0,0,,0
mid3320032,332,1602739,1602,2,1,1,1,0,0,0,1,1,0,0,0,0,0,0,1,0,1.145878673,1,7.5,2333.333252,38840.27734
mid3490039,349,1602739,1602,2,3,1,1,0,0,0,0,0,1,0,0,0,0,0,0,0,1.130257249,1,6,3833.333252,22072.22461
mid3520006,352,1602739,1602,2,2,0,1,0,0,0,1,0,0,1,0,0,0,0,0,1,0.7833237648,1,5.5,2363.636475,28316.20312
mid3540025,354,1602739,1602,2,3,1,1,0,1,1,1,1,0,0,0,0,0,0,0,0,1.145878673,1,7.5,2666.666748,36340.27734
mid3380020,338,1602739,1602,2,2,0,0,1,0,0,0,0,0,1,0,0,0,0,0,1,0.5712976456,0,0,,0
mid3450015,345,1602739,1602,2,2,1,0,1,0,0,0,1,0,0,0,0,0,0,0,1,1.005606055,0,5,2000,27560.18555
mid3450014,345,1602739,1602,2,2,1,0,1,0,0,0,1,0,0,0,0,0,0,0,1,1.603503346,0,0,,0
mid3500017,350,1602739,1602,2,3,0,0,1,0,0,0,0,0,1,0,0,0,0,0,0,0.4900916219,0,0,,0
mid3220028,322,1602739,1602,2,1,1,0,1,0,0,0,1,0,0,0,0,0,0,1,0,1.005606055,1,9,2407.407471,45941.66797
mid3220012,322,1602739,1602,2,1,1,0,1,0,0,0,1,0,0,0,0,0,0,1,0,1.005606055,1,9,2407.407471,45941.66797
mid3370030,337,1602739,1602,2,2,1,1,0,1,0,0,1,0,0,0,0,0,0,0,1,1.145878673,0,0,,0
mid3440009,344,1602739,1602,2,1,0,0,1,0,0,0,0,0,1,0,0,0,0,1,0,0.5712976456,0,2,3083.333252,8857.407227
mid3320011,332,1602739,1602,2,1,0,1,0,0,0,1,0,0,1,0,0,0,0,1,0,0.7833237648,1,7.333333492,2272.727295,38421.60547
mid3290001,329,1602739,1602,2,3,0,0,1,0,0,0,0,0,1,0,0,0,0,0,0,0.5712976456,0,0,,0
mid3380002,338,1602739,1602,2,2,1,0,1,0,0,0,0,1,0,0,0,0,0,0,1,2.062121868,0,0,,0
mid3260024,326,1602739,1602,2,2,1,1,0,1,1,1,1,0,0,0,0,0,0,0,1,1.145878673,1,7,2428.571533,35584.26172
mid3440021,344,1602739,1602,2,1,0,0,1,0,0,0,1,0,0,0,0,0,0,1,0,0.5744906068,0,2,3083.333252,8857.407227
mid3560002,356,1602739,1602,2,3,0,1,0,0,1,1,0,0,1,0,0,0,0,0,0,0.7833237648,0,0,,0
mid3440025,344,1602739,1602,2,1,0,0,1,0,0,0,0,0,1,0,0,0,0,1,0,0.5712976456,0,0,,0
mid3550031,355,1602739,1602,2,1,1,1,0,0,0,1,0,1,0,0,0,0,0,1,0,1.130257249,0,0,,0
mid3320008,332,1602739,1602,2,1,0,1,0,0,0,1,0,0,1,0,0,0,0,1,0,0.7833237648,1,10,2333.333252,51787.03516
mid3290019,329,1602739,1602,2,3,1,0,1,0,0,0,1,0,0,0,0,0,0,0,0,1.603503346,0,0,,0
mid3520034,352,1602739,1602,2,2,0,1,0,0,0,1,0,0,1,0,0,0,0,0,1,0.7833237648,0,10,3666.666748,38453.70312
mid3550005,355,1602739,1602,2,1,1,1,0,0,0,1,0,1,0,0,0,0,0,1,0,1.130257249,0,0,,0
mid3490016,349,1602739,1602,2,3,0,1,0,0,0,0,0,0,1,0,0,0,0,0,0,0.7833237648,0,0,,0
mid3430024,343,1602739,1602,2,1,1,1,0,1,0,0,1,0,0,0,0,0,0,1,0,1.145878673,0,2,2500,10024.07422
mid3370010,337,1602739,1602,2,2,0,1,0,1,0,0,0,0,1,0,0,0,0,0,1,0.7833237648,0,0,,0
mid3430044,343,1602739,1602,2,1,1,1,0,1,0,0,0,1,0,0,0,0,0,1,0,1.145878673,0,0,,0
mid3390013,339,1602739,1602,2,1,0,0,1,0,0,0,0,0,1,0,0,0,0,1,0,0.5712976456,1,2,2833.333252,9357.407227
mid3220008,322,1602739,1602,2,1,1,0,1,0,0,0,0,0,1,0,0,0,0,1,0,1.592087388,1,9,2351.851807,46441.66797
mid3420008,342,1602739,1602,2,2,1,0,1,0,0,0,1,0,0,0,0,0,0,0,1,1.603503346,0,0,,0
mid3370023,337,1602739,1602,2,2,1,1,0,1,0,0,0,1,0,0,0,0,0,0,1,1.145878673,0,0,,0
mid3520017,352,1602739,1602,2,2,1,1,0,0,0,1,1,0,0,0,0,0,0,0,1,1.130257249,0,0,,0
mid3490029,349,1602739,1602,2,3,1,1,0,0,0,0,1,0,0,0,0,0,0,0,0,1.145878673,0,0,,0
mid3560003,356,1602739,1602,2,3,0,1,0,0,1,1,0,0,1,0,0,0,0,0,0,0.7833237648,0,0,,0
mid3500023,350,1602739,1602,2,3,1,0,1,0,0,0,0,0,1,0,0,0,0,0,0,1.592087388,0,5,2666.666748,24226.85156
mid3420006,342,1602739,1602,2,2,0,0,1,0,0,0,1,0,0,0,0,0,0,0,1,0.5744906068,0,0,,0
mid3560027,356,1602739,1602,2,3,1,1,0,0,1,1,0,1,0,0,0,0,0,0,0,1.130257249,0,6,2500,30072.22461
mid3260013,326,1602739,1602,2,2,0,1,0,1,1,1,0,0,1,0,0,0,0,0,1,0.7833237648,1,7,2428.571533,35584.26172
mid3550024,355,1602739,1602,2,1,1,1,0,0,0,1,0,1,0,0,0,0,0,1,0,1.145878673,0,0,,0
mid3490012,349,1602739,1602,2,3,1,1,0,0,0,0,0,1,0,0,0,0,0,0,0,1.145878673,0,0,,0
mid3500019,350,1602739,1602,2,3,0,0,1,0,0,0,0,0,1,0,0,0,0,0,0,0.5712976456,0,0,,0
mid3510015,351,1602739,1602,2,3,1,1,0,1,0,0,1,0,0,0,0,0,0,0,0,1.145878673,0,3.333333254,3000,15040.12402
mid3490032,349,1602739,1602,2,3,1,1,0,0,0,0,1,0,0,0,0,0,0,0,0,1.145878673,0,6,2000,33072.22266
mid3370025,337,1602739,1602,2,2,0,1,0,1,0,0,1,0,0,0,0,0,0,0,1,0.7833237648,0,2,2500,10024.07422
mid3420028,342,1602739,1602,2,2,1,0,1,0,0,0,1,0,0,0,0,0,0,0,1,1.603503346,0,0,,0
mid3490013,349,1602739,1602,2,3,1,1,0,0,0,0,1,0,0,0,0,0,0,0,0,1.145878673,0,0,,0
mid3560016,356,1602739,1602,2,3,1,1,0,0,1,1,0,0,1,0,0,0,0,0,0,1.130257249,0,12,2500,60144.44922
mid3450022,345,1602739,1602,2,2,1,0,1,0,0,0,1,0,0,0,0,0,0,0,1,1.603503346,0,7,2142.857178,37584.26172
mid3510002,351,1602739,1602,2,3,0,1,0,1,0,0,0,0,1,0,0,0,0,0,0,0.7833237648,0,3.666666746,2727.272705,17544.13477
mid3490008,349,1602739,1602,2,3,0,1,0,0,0,0,0,0,1,0,0,0,0,0,0,0.7833237648,0,10,3600,39120.37109
mid3430001,343,1602739,1602,2,1,1,1,0,1,0,0,1,0,0,0,0,0,0,1,0,1.145878673,0,0,,0
mid3440003,344,1602739,1602,2,1,0,0,1,0,0,0,1,0,0,0,0,0,0,1,0,0.5744906068,0,2,3083.333252,8857.407227
mid3510026,351,1602739,1602,2,3,0,1,0,1,0,0,0,0,1,0,0,0,0,0,0,0.7833237648,1,3.333333254,3000,15040.12402
mid3260027,326,1602739,1602,2,2,1,1,0,1,1,1,0,1,0,0,0,0,0,0,1,1.145878673,1,7,2428.571533,35584.26172
mid3520010,352,1602739,1602,2,2,1,1,0,0,0,1,0,1,0,0,0,0,0,0,1,1.130257249,0,0,,0
mid3320018,332,1602739,1602,2,1,0,1,0,0,0,1,0,0,1,0,0,0,0,1,0,0.7833237648,1,10,2333.333252,51787.03516
mid3460040,346,1602739,1602,2,3,0,1,0,1,0,1,0,0,1,0,0,0,0,0,0,0.7833237648,0,0,,0
mid3370016,337,1602739,1602,2,2,1,1,0,1,0,0,0,1,0,0,0,0,0,0,1,1.145878673,0,0,,0
mid3560005,356,1602739,1602,2,3,1,1,0,0,1,1,0,1,0,0,0,0,0,0,0,1.130257249,0,6,2500,30072.22461
mid3320004,332,1602739,1602,2,1,1,1,0,0,0,1,1,0,0,0,0,0,0,1,0,1.130257249,0,0,,0
mid3370015,337,1602739,1602,2,2,0,1,0,1,0,0,0,0,1,0,0,0,0,0,1,0.7833237648,0,2,2500,10024.07422
mid3430021,343,1602739,1602,2,1,1,1,0,1,0,0,0,0,1,0,0,0,0,1,0,1.145878673,1,6,2500,30072.22461
mid3220002,322,1602739,1602,2,1,1,0,1,0,0,0,0,0,1,0,0,0,0,1,0,0.5745193958,1,9,2351.851807,46441.66797
mid3320026,332,1602739,1602,2,1,0,1,0,0,0,1,1,0,0,0,0,0,0,1,0,0.7833237648,1,7.5,2333.333252,38840.27734
mid3260014,326,1602739,1602,2,2,1,1,0,1,1,1,0,1,0,0,0,0,0,0,1,1.145878673,1,7,2428.571533,35584.26172
mid3500020,350,1602739,1602,2,3,1,0,1,0,0,0,0,1,0,0,0,0,0,0,0,0.9093042016,0,5,2666.666748,24226.85156
mid3540007,354,1602739,1602,2,3,0,1,0,1,1,1,0,0,1,0,0,0,0,0,0,0.7833237648,1,7.5,2666.666748,36340.27734
mid3420026,342,1602739,1602,2,2,0,0,1,0,0,0,0,0,1,0,0,0,0,0,1,0.5712976456,0,0,,0
mid3540003,354,1602739,1602,2,3,0,1,0,1,1,1,1,0,0,0,0,0,0,0,0,0.7833237648,0,7.5,2666.666748,36340.27734
mid3260028,326,1602739,1602,2,2,0,1,0,1,1,1,0,0,1,0,0,0,0,0,1,0.7833237648,1,7,2428.571533,35584.26172
mid3560030,356,1602739,1602,2,3,1,1,0,0,1,1,0,1,0,0,0,0,0,0,0,1.130257249,0,10,2466.666748,50453.70312
mid3390016,339,1602739,1602,2,1,0,0,1,0,0,0,1,0,0,0,0,0,0,1,0,0.5744906068,1,2.5,2266.666748,13113.42578
mid3550030,355,1602739,1602,2,1,1,1,0,0,0,1,0,1,0,0,0,0,0,1,0,1.130257249,0,0,,0
mid3390001,339,1602739,1602,2,1,1,0,1,0,0,0,0,1,0,0,0,0,0,1,0,0.9093042016,0,0,,0
mid3220004,322,1602739,1602,2,1,1,0,1,0,0,0,0,1,0,0,0,0,0,1,0,1.913222551,1,9,2370.370361,46275
mid3430029,343,1602739,1602,2,1,0,1,0,1,0,0,0,0,1,0,0,0,0,1,0,0.7833237648,1,5,3000,22560.18555
mid3560014,356,1602739,1602,2,3,1,1,0,0,1,1,0,1,0,0,0,0,0,0,0,1.145878673,0,6,2500,30072.22461
mid3420019,342,1602739,1602,2,2,0,0,1,0,0,0,0,0,1,0,0,0,0,0,1,0.5712976456,0,0,,0
mid3510001,351,1602739,1602,2,3,0,1,0,1,0,0,0,0,1,0,0,0,0,0,0,0.7833237648,0,0,,0
mid3460039,346,1602739,1602,2,3,0,1,0,1,0,1,0,0,1,0,0,0,0,0,0,0.7833237648,0,0,,0
mid3390023,339,1602739,1602,2,1,1,0,1,0,0,0,1,0,0,0,0,0,0,1,0,1.005606055,1,2.5,2266.666748,13113.42578
mid3290007,329,1602739,1602,2,3,1,0,1,0,0,0,1,0,0,0,0,0,0,0,0,1.603503346,0,0,,0
mid3320037,332,1602739,1602,2,1,1,1,0,0,0,1,0,1,0,0,0,0,0,1,0,1.145878673,1,5,2333.333252,25893.51758
mid3500012,350,1602739,1602,2,3,0,0,1,0,0,0,1,0,0,0,0,0,0,0,0,0.5744906068,0,0,,0
mid3380022,338,1602739,1602,2,2,1,0,1,0,0,0,0,1,0,0,0,0,0,0,1,0.8675042391,0,0,,0
mid3380015,338,1602739,1602,2,2,0,0,1,0,0,0,0,0,1,0,0,0,0,0,1,0.5712976456,0,0,,0
mid3500021,350,1602739,1602,2,3,1,0,1,0,0,0,0,0,1,0,0,0,0,0,0,1.592087388,0,0,,0
mid3500007,350,1602739,1602,2,3,1,0,1,0,0,0,0,1,0,0,0,0,0,0,0,1.913222551,0,5,2666.666748,24226.85156
mid3390030,339,1602739,1602,2,1,0,0,1,0,0,0,1,0,0,0,0,0,0,1,0,0.5744906068,1,2.333333254,2428.571533,11861.41895
mid1950040,195,1602831,1602,2,2,0,0,1,0,0,0,0,0,1,0,0,0,0,0,1,0.6827698946,0,2.5,2666.666748,12113.42578
mid1890019,189,1602831,1602,2,1,1,0,1,0,0,0,1,0,0,0,0,0,0,1,0,1.180561066,0,3.333333254,3200,14373.45703
mid1950020,195,1602831,1602,2,2,1,0,1,0,0,0,0,1,0,0,0,0,0,0,1,1.067504644,1,2.333333254,2857.142822,10861.41992
mid2050027,205,1602831,1602,2,3,1,1,0,0,0,1,1,0,0,0,0,0,0,0,0,1.363845706,1,10,2533.333252,49787.03516
mid2050036,205,1602831,1602,2,3,1,1,0,0,0,1,1,0,0,0,0,0,0,0,0,1.119505167,1,10,2533.333252,49787.03516
mid1950016,195,1602831,1602,2,2,0,0,1,0,0,0,1,0,0,0,0,0,0,0,1,0.6865858436,0,2.333333254,2857.142822,10861.41992
mid1840030,184,1602831,1602,2,1,1,1,0,0,1,0,0,1,0,0,0,0,0,1,0,1.363845706,0,5,2533.333252,24893.51758
mid1970016,197,1602831,1602,2,2,0,1,0,1,0,1,1,0,0,0,0,0,0,0,1,0.7614607811,0,3.333333254,2500,16706.79102
mid1880033,188,1602831,1602,2,3,1,1,0,1,0,0,1,0,0,0,0,0,0,0,0,1.119505167,1,5,2666.666748,24226.85156
mid1880030,188,1602831,1602,2,3,0,1,0,1,0,0,0,0,1,0,0,0,0,0,0,0.7614607811,0,0,,0
mid2090030,209,1602831,1602,2,1,0,1,0,1,0,1,0,0,1,0,0,0,0,1,0,0.7614607811,0,6.666666508,2500,33413.58203
mid2090010,209,1602831,1602,2,1,1,1,0,1,0,1,0,1,0,0,0,0,0,1,0,1.119505167,0,10,1833.333374,56787.03516
mid2030017,203,1602831,1602,2,1,0,1,0,1,1,1,0,0,1,0,0,0,0,1,0,0.7614607811,0,0,,0
mid2000006,200,1602831,1602,2,2,1,1,0,0,1,1,1,0,0,0,0,0,0,0,1,1.363845706,0,3.333333254,3500,13373.45703
mid1920047,192,1602831,1602,2,2,0,1,0,0,1,0,1,0,0,0,0,0,0,0,1,0.7614607811,1,17.5,2577.777832,86127.3125
mid1900011,190,1602831,1602,2,3,1,0,1,0,0,0,1,0,0,0,0,0,0,0,0,1.278241754,0,2.666666746,2500,13365.43262
mid1900014,190,1602831,1602,2,3,1,0,1,0,0,0,0,1,0,0,0,0,0,0,0,1.067504644,0,2.666666746,2500,13365.43262
mid1840012,184,1602831,1602,2,1,1,1,0,0,1,0,1,0,0,0,0,0,0,1,0,1.119505167,0,5,2533.333252,24893.51758
mid2040006,204,1602831,1602,2,1,1,0,1,0,0,0,1,0,0,0,0,0,0,1,0,1.180561066,1,3.333333254,3000,15040.12402
mid1870004,187,1602831,1602,2,3,1,1,0,1,1,0,1,0,0,0,0,0,0,0,0,1.119505167,0,5.333333492,2750,25397.53125
mid2030004,203,1602831,1602,2,1,0,1,0,1,1,1,0,0,1,0,0,0,0,1,0,0.7614607811,0,0,,0
mid2080018,208,1602831,1602,2,2,1,1,0,0,1,0,0,1,0,0,0,0,0,0,1,1.363845706,0,3.333333254,2800,15706.79004
mid2040011,204,1602831,1602,2,1,0,0,1,0,0,0,0,0,1,0,0,0,0,1,0,0.6827698946,1,3.333333254,3000,15040.12402
mid2000003,200,1602831,1602,2,2,0,1,0,0,1,1,0,0,1,0,0,0,0,0,1,0.7614607811,0,5,4800,13560.18457
mid1890005,189,1602831,1602,2,1,1,0,1,0,0,0,1,0,0,0,0,0,0,1,0,1.278241754,0,3.333333254,3200,14373.45703
mid1920033,192,1602831,1602,2,2,1,1,0,0,1,0,1,0,0,0,0,0,0,0,1,1.363845706,1,17.5,2444.444336,88127.3125
mid1910040,191,1602831,1602,2,1,0,1,0,0,1,1,0,0,1,0,0,0,0,1,0,0.7614607811,0,2.666666746,2500,13365.43262
mid1940020,194,1602831,1602,2,1,1,1,0,0,0,1,0,1,0,0,0,0,0,1,0,1.119505167,0,10,2800,47120.37109
mid2080004,208,1602831,1602,2,2,1,1,0,0,1,0,0,0,1,0,0,0,0,0,1,1.119505167,1,10,2666.666748,48453.70312
mid1890016,189,1602831,1602,2,1,1,0,1,0,0,0,0,1,0,0,0,0,0,1,0,1.067504644,0,4,3166.666748,17381.48242
mid1890033,189,1602831,1602,2,1,0,0,1,0,0,0,0,0,1,0,0,0,0,1,0,0.6827698946,0,4,2666.666748,19381.48242
mid2030001,203,1602831,1602,2,1,1,1,0,1,1,1,0,1,0,0,0,0,0,1,0,1.119505167,1,10,2466.666748,50453.70312
mid1940015,194,1602831,1602,2,1,1,1,0,0,0,1,0,1,0,0,0,0,0,1,0,1.119505167,1,10,2666.666748,48453.70312
mid1920018,192,1602831,1602,2,2,1,1,0,0,1,0,1,0,0,0,0,0,0,0,1,1.119505167,1,17.5,2444.444336,88127.3125
mid2090012,209,1602831,1602,2,1,0,1,0,1,0,1,0,0,1,0,0,0,0,1,0,0.7614607811,0,6.666666508,2500,33413.58203
mid1890044,189,1602831,1602,2,1,0,0,1,0,0,0,0,0,1,0,0,0,0,1,0,0.6827698946,0,3.333333254,3250,14206.79004
mid1940007,194,1602831,1602,2,1,0,1,0,0,0,1,0,0,1,0,0,0,0,1,0,0.7614607811,0,5.333333492,3125,23397.53125
mid1880015,188,1602831,1602,2,3,1,1,0,1,0,0,0,1,0,0,0,0,0,0,0,1.119505167,1,12,2833.333252,56144.44531
mid2000030,200,1602831,1602,2,2,1,1,0,0,1,1,0,1,0,0,0,0,0,0,1,1.363845706,0,5,4800,13560.18457
mid1970003,197,1602831,1602,2,2,1,1,0,1,0,1,0,1,0,0,0,0,0,0,1,1.119505167,0,2.666666746,3125,11698.76562
mid1890011,189,1602831,1602,2,1,1,0,1,0,0,0,1,0,0,0,0,0,0,1,0,1.180561066,0,3.666666746,2909.09082,16877.46875
mid2010024,201,1602831,1602,2,2,0,0,1,0,0,0,1,0,0,0,0,0,0,0,1,0.6865858436,0,5,2500,25060.18555
mid2110025,211,1602831,1602,2,3,1,1,0,0,0,1,1,0,0,0,0,0,0,0,0,1.119505167,1,10,2800,47120.37109
mid1960020,196,1602831,1602,2,3,0,1,0,0,1,0,0,0,1,0,0,0,0,0,0,0.7614607811,0,0,,0
mid2110029,211,1602831,1602,2,3,0,1,0,0,0,1,0,0,1,0,0,0,0,0,0,0.7614607811,0,6.666666508,2500,33413.58203
mid1900019,190,1602831,1602,2,3,0,0,1,0,0,0,0,0,1,0,0,0,0,0,0,0.6827698946,0,2.666666746,2500,13365.43262
mid2050041,205,1602831,1602,2,3,1,1,0,0,0,1,0,1,0,0,0,0,0,0,0,1.119505167,1,10,2533.333252,49787.03516
mid1920042,192,1602831,1602,2,2,0,1,0,0,1,0,1,0,0,0,0,0,0,0,1,0.7614607811,1,17.5,2444.444336,88127.3125
mid1840016,184,1602831,1602,2,1,0,1,0,0,1,0,1,0,0,0,0,0,0,1,0,0.7614607811,0,5,2533.333252,24893.51758
mid1920003,192,1602831,1602,2,2,1,1,0,0,1,0,0,1,0,0,0,0,0,0,1,1.119505167,1,17.5,2444.444336,88127.3125
mid1950019,195,1602831,1602,2,2,1,0,1,0,0,0,1,0,0,0,0,0,0,0,1,1.278241754,0,2.5,2666.666748,12113.42578
mid1840015,184,1602831,1602,2,1,1,1,0,0,1,0,0,1,0,0,0,0,0,1,0,1.363845706,0,5,2666.666748,24226.85156
mid2040018,204,1602831,1602,2,1,0,0,1,0,0,0,0,0,1,0,0,0,0,1,0,0.6827698946,1,3.333333254,3000,15040.12402
mid2010006,201,1602831,1602,2,2,0,0,1,0,0,0,1,0,0,0,0,0,0,0,1,0.6865858436,0,5,2533.333252,24893.51758
mid1870024,187,1602831,1602,2,3,1,1,0,1,1,0,1,0,0,0,0,0,0,0,0,1.119505167,0,2.666666746,2750,12698.76562
mid1960010,196,1602831,1602,2,3,1,1,0,0,1,0,0,1,0,0,0,0,0,0,0,1.119505167,0,5,2666.666748,24226.85156
mid1910026,191,1602831,1602,2,1,1,1,0,0,1,1,0,1,0,0,0,0,0,1,0,1.119505167,0,2.666666746,2500,13365.43262
mid1840005,184,1602831,1602,2,1,0,1,0,0,1,0,0,0,1,0,0,0,0,1,0,0.7614607811,0,5,2533.333252,24893.51758
mid2090028,209,1602831,1602,2,1,0,1,0,1,0,1,0,0,1,0,0,0,0,1,0,0.7614607811,0,6.666666508,2500,33413.58203
mid1910045,191,1602831,1602,2,1,0,1,0,0,1,1,0,0,1,0,0,0,0,1,0,0.7614607811,0,2.666666746,2500,13365.43262
mid2040004,204,1602831,1602,2,1,0,0,1,0,0,0,0,0,1,0,0,0,0,1,0,0.6827698946,1,3.333333254,3000,15040.12402
mid1950025,195,1602831,1602,2,2,0,0,1,0,0,0,0,0,1,0,0,0,0,0,1,0.6827698946,1,7.5,2666.666748,36340.27734
mid1840037,184,1602831,1602,2,1,1,1,0,0,1,0,1,0,0,0,0,0,0,1,0,1.119505167,0,5,2533.333252,24893.51758
mid1920029,192,1602831,1602,2,2,0,1,0,0,1,0,0,0,1,0,0,0,0,0,1,0.7614607811,0,0,,0
mid1840029,184,1602831,1602,2,1,0,1,0,0,1,0,0,0,1,0,0,0,0,1,0,0.7614607811,0,5,2500,25060.18555
mid1870015,187,1602831,1602,2,3,1,1,0,1,1,0,1,0,0,0,0,0,0,0,0,1.119505167,0,0,,0
mid1890039,189,1602831,1602,2,1,1,0,1,0,0,0,0,1,0,0,0,0,0,1,0,1.525136113,0,3.666666746,2909.09082,16877.46875
mid2080001,208,1602831,1602,2,2,0,1,0,0,1,0,0,0,1,0,0,0,0,0,1,0.7614607811,0,0,,0
mid2050043,205,1602831,1602,2,3,0,1,0,0,0,1,0,0,1,0,0,0,0,0,0,0.7614607811,0,0,,0
mid1950036,195,1602831,1602,2,2,0,0,1,0,0,0,1,0,0,0,0,0,0,0,1,0.6865858436,1,2.333333254,2857.142822,10861.41992
mid2050008,205,1602831,1602,2,3,0,1,0,0,0,1,0,0,1,0,0,0,0,0,0,0.7614607811,0,0,,0
mid2110014,211,1602831,1602,2,3,1,1,0,0,0,1,0,1,0,0,0,0,0,0,0,1.119505167,1,15,2800,70680.55469
mid1950029,195,1602831,1602,2,2,1,0,1,0,0,0,0,1,0,0,0,0,0,0,1,1.525136113,0,2.166666746,3076.923096,9609.414062
mid2000017,200,1602831,1602,2,2,1,1,0,0,1,1,1,0,0,0,0,0,0,0,1,1.119505167,0,3.333333254,3500,13373.45703
mid1970004,197,1602831,1602,2,2,0,1,0,1,0,1,0,0,1,0,0,0,0,0,1,0.7614607811,0,3.333333254,2500,16706.79102
mid1970012,197,1602831,1602,2,2,0,1,0,1,0,1,1,0,0,0,0,0,0,0,1,0.7614607811,0,3.333333254,2500,16706.79102
mid2040020,204,1602831,1602,2,1,1,0,1,0,0,0,1,0,0,0,0,0,0,1,0,1.278241754,1,3.333333254,3000,15040.12402
mid2110003,211,1602831,1602,2,3,0,1,0,0,0,1,0,0,1,0,0,0,0,0,0,0.7614607811,1,10,2800,47120.37109
mid2010022,201,1602831,1602,2,2,0,0,1,0,0,0,0,0,1,0,0,0,0,0,1,0.6827698946,1,5,2666.666748,24226.85156
mid1900021,190,1602831,1602,2,3,0,0,1,0,0,0,0,0,1,0,0,0,0,0,0,0.6827698946,0,5,2666.666748,24226.85156
mid1900043,190,1602831,1602,2,3,1,0,1,0,0,0,0,1,0,0,0,0,0,0,0,1.643831968,0,2.666666746,2500,13365.43262
mid1880004,188,1602831,1602,2,3,0,1,0,1,0,0,0,0,1,0,0,0,0,0,0,0.7614607811,1,15,2500,75180.55469
mid1910022,191,1602831,1602,2,1,1,1,0,0,1,1,0,1,0,0,0,0,0,1,0,1.363845706,0,2.666666746,2500,13365.43262
mid2030019,203,1602831,1602,2,1,1,1,0,1,1,1,0,1,0,0,0,0,0,1,0,1.119505167,1,10,2566.666748,49453.70312
mid1910001,191,1602831,1602,2,1,1,1,0,0,1,1,0,1,0,0,0,0,0,1,0,1.363845706,0,2.666666746,2500,13365.43262
mid1910015,191,1602831,1602,2,1,1,1,0,0,1,1,0,0,1,0,0,0,0,1,0,1.119505167,0,2.666666746,2500,13365.43262
mid1940033,194,1602831,1602,2,1,1,1,0,0,0,1,0,1,0,0,0,0,0,1,0,1.363845706,1,10,2666.666748,48453.70312
mid1880024,188,1602831,1602,2,3,1,1,0,1,0,0,1,0,0,0,0,0,0,0,0,1.119505167,1,5,2666.666748,24226.85156
mid2010025,201,1602831,1602,2,2,1,0,1,0,0,0,0,1,0,0,0,0,0,0,1,1.525136113,1,5,2666.666748,24226.85156
mid1940006,194,1602831,1602,2,1,1,1,0,0,0,1,0,1,0,0,0,0,0,1,0,1.119505167,1,8,3125,35096.29688
mid1900040,190,1602831,1602,2,3,1,0,1,0,0,0,0,1,0,0,0,0,0,0,0,1.643831968,0,2.666666746,2500,13365.43262
mid2080007,208,1602831,1602,2,2,1,1,0,0,1,0,0,1,0,0,0,0,0,0,1,1.119505167,0,5,3000,22560.18555
mid2000016,200,1602831,1602,2,2,0,1,0,0,1,1,1,0,0,0,0,0,0,0,1,0.7614607811,0,3.333333254,3800,12373.45703
mid2080036,208,1602831,1602,2,2,1,1,0,0,1,0,0,1,0,0,0,0,0,0,1,1.119505167,0,0,,0
mid2040010,204,1602831,1602,2,1,0,0,1,0,0,0,0,0,1,0,0,0,0,1,0,0.6827698946,1,3.333333254,3000,15040.12402
mid1960004,196,1602831,1602,2,3,1,1,0,0,1,0,0,1,0,0,0,0,0,0,0,1.363845706,0,5,2666.666748,24226.85156
mid2050032,205,1602831,1602,2,3,0,1,0,0,0,1,0,0,1,0,0,0,0,0,0,0.7614607811,1,10,2533.333252,49787.03516
mid2080011,208,1602831,1602,2,2,1,1,0,0,1,0,1,0,0,0,0,0,0,0,1,1.119505167,1,3.333333254,2800,15706.79004
mid1840018,184,1602831,1602,2,1,1,1,0,0,1,0,1,0,0,0,0,0,0,1,0,1.119505167,0,5,2533.333252,24893.51758
mid2050001,205,1602831,1602,2,3,0,1,0,0,0,1,0,1,0,0,0,0,0,0,0,0.7614607811,0,5,2666.666748,24226.85156
mid1920039,192,1602831,1602,2,2,0,1,0,0,1,0,0,0,1,0,0,0,0,0,1,0.7614607811,1,17.5,1555.555542,101460.6484
mid2000025,200,1602831,1602,2,2,1,1,0,0,1,1,0,1,0,0,0,0,0,0,1,1.119505167,1,7,2857.142822,32584.25977
mid1870030,187,1602831,1602,2,3,0,1,0,1,1,0,0,0,1,0,0,0,0,0,0,0.7614607811,0,0,,0
mid2010011,201,1602831,1602,2,2,1,0,1,0,0,0,0,0,1,0,0,0,0,0,1,0.6744740605,1,10,2533.333252,49787.03516
mid2110012,211,1602831,1602,2,3,1,1,0,0,0,1,0,1,0,0,0,0,0,0,0,1.119505167,1,15,2800,70680.55469
mid2110021,211,1602831,1602,2,3,1,1,0,0,0,1,0,1,0,0,0,0,0,0,0,1.119505167,0,5,2800,23560.18555
mid1910020,191,1602831,1602,2,1,1,1,0,0,1,1,0,1,0,0,0,0,0,1,0,1.119505167,0,2.666666746,2500,13365.43262
mid1940026,194,1602831,1602,2,1,1,1,0,0,0,1,0,1,0,0,0,0,0,1,0,1.363845706,1,5.333333492,3125,23397.53125
mid2080039,208,1602831,1602,2,2,1,1,0,0,1,0,0,1,0,0,0,0,0,0,1,1.363845706,1,5,3066.666748,22226.85156
mid1960044,196,1602831,1602,2,3,1,1,0,0,1,0,1,0,0,0,0,0,0,0,0,1.119505167,0,5,2666.666748,24226.85156
mid1940003,194,1602831,1602,2,1,1,1,0,0,0,1,0,1,0,0,0,0,0,1,0,1.119505167,0,5,2800,23560.18555
mid1960005,196,1602831,1602,2,3,1,1,0,0,1,0,0,1,0,0,0,0,0,0,0,1.363845706,0,5,2666.666748,24226.85156
mid2010023,201,1602831,1602,2,2,1,0,1,0,0,0,1,0,0,0,0,0,0,0,1,1.278241754,0,5,2533.333252,24893.51758
mid2110011,211,1602831,1602,2,3,0,1,0,0,0,1,0,0,1,0,0,0,0,0,0,0.7614607811,1,15,2533.333252,74680.55469
mid1920011,192,1602831,1602,2,2,1,1,0,0,1,0,0,1,0,0,0,0,0,0,1,1.363845706,1,17.5,2444.444336,88127.3125
mid1960032,196,1602831,1602,2,3,0,1,0,0,1,0,0,0,1,0,0,0,0,0,0,0.7614607811,0,0,,0
mid1870033,187,1602831,1602,2,3,1,1,0,1,1,0,0,1,0,0,0,0,0,0,0,1.119505167,0,2.666666746,2750,12698.76562
mid2040028,204,1602831,1602,2,1,1,0,1,0,0,0,0,1,0,0,0,0,0,1,0,1.525136113,1,3.333333254,3000,15040.12402
mid1960011,196,1602831,1602,2,3,0,1,0,0,1,0,0,0,1,0,0,0,0,0,0,0.7614607811,0,0,,0
mid1880029,188,1602831,1602,2,3,0,1,0,1,0,0,0,0,1,0,0,0,0,0,0,0.7614607811,0,0,,0
mid2010045,201,1602831,1602,2,2,0,0,1,0,0,0,0,0,1,0,0,0,0,0,1,0.6827698946,0,0,,0
mid1970028,197,1602831,1602,2,2,0,1,0,1,0,1,0,0,1,0,0,0,0,0,1,0.7614607811,0,3.333333254,2500,16706.79102
mid1960036,196,1602831,1602,2,3,1,1,0,0,1,0,0,1,0,0,0,0,0,0,0,1.119505167,0,0,,0
mid2110023,211,1602831,1602,2,3,1,1,0,0,0,1,0,1,0,0,0,0,0,0,0,1.119505167,0,5,3200,21560.18555
mid2030045,203,1602831,1602,2,1,0,1,0,1,1,1,0,0,1,0,0,0,0,1,0,0.7614607811,0,0,,0
mid1900009,190,1602831,1602,2,3,1,0,1,0,0,0,0,1,0,0,0,0,0,0,0,1.067504644,0,2.666666746,2500,13365.43262
mid1920008,192,1602831,1602,2,2,0,1,0,0,1,0,0,0,1,0,0,0,0,0,1,0.7614607811,1,17.5,2444.444336,88127.3125
mid2010042,201,1602831,1602,2,2,1,0,1,0,0,0,0,1,0,0,0,0,0,0,1,1.018432379,0,0,,0
mid1910021,191,1602831,1602,2,1,1,1,0,0,1,1,0,1,0,0,0,0,0,1,0,1.363845706,0,2.666666746,2500,13365.43262
mid1900041,190,1602831,1602,2,3,0,0,1,0,0,0,0,0,1,0,0,0,0,0,0,0.6827698946,0,2.666666746,2500,13365.43262
mid2030029,203,1602831,1602,2,1,1,1,0,1,1,1,0,1,0,0,0,0,0,1,0,1.119505167,0,10,2566.666748,49453.70312
mid1960016,196,1602831,1602,2,3,1,1,0,0,1,0,0,1,0,0,0,0,0,0,0,1.119505167,0,5,2666.666748,24226.85156
mid1870017,187,1602831,1602,2,3,0,1,0,1,1,0,0,0,1,0,0,0,0,0,0,0.7614607811,0,5,2533.333252,24893.51758
mid2110035,211,1602831,1602,2,3,1,1,0,0,0,1,0,1,0,0,0,0,0,0,0,1.363845706,0,5,2800,23560.18555
mid1940001,194,1602831,1602,2,1,0,1,0,0,0,1,0,0,1,0,0,0,0,1,0,0.7614607811,0,2.666666746,3125,11698.76562
mid2080014,208,1602831,1602,2,2,0,1,0,0,1,0,0,0,1,0,0,0,0,0,1,0.7614607811,0,0,,0
mid2040015,204,1602831,1602,2,1,1,0,1,0,0,0,1,0,0,0,0,0,0,1,0,1.278241754,1,3.333333254,3000,15040.12402
mid1970043,197,1602831,1602,2,2,0,1,0,1,0,1,0,0,1,0,0,0,0,0,1,0.7614607811,0,3.333333254,2500,16706.79102
mid2000012,200,1602831,1602,2,2,0,1,0,0,1,1,0,0,1,0,0,0,0,0,1,0.7614607811,0,0,,0
mid1900038,190,1602831,1602,2,3,1,0,1,0,0,0,0,1,0,0,0,0,0,0,0,1.643831968,0,2.666666746,2500,13365.43262
mid2050018,205,1602831,1602,2,3,0,1,0,0,0,1,1,0,0,0,0,0,0,0,0,0.7614607811,1,10,2533.333252,49787.03516
mid2010028,201,1602831,1602,2,2,1,0,1,0,0,0,1,0,0,0,0,0,0,0,1,1.278241754,1,10,2500,50120.37109
mid1950014,195,1602831,1602,2,2,0,0,1,0,0,0,0,0,1,0,0,0,0,0,1,0.6827698946,0,5,2666.666748,24226.85156
mid1950005,195,1602831,1602,2,2,1,0,1,0,0,0,1,0,0,0,0,0,0,0,1,1.278241754,0,2.5,2666.666748,12113.42578
mid1840023,184,1602831,1602,2,1,0,1,0,0,1,0,0,0,1,0,0,0,0,1,0,0.7614607811,0,0,,0
mid1910033,191,1602831,1602,2,1,0,1,0,0,1,1,1,0,0,0,0,0,0,1,0,0.7614607811,0,2.666666746,2500,13365.43262
mid2040002,204,1602831,1602,2,1,1,0,1,0,0,0,1,0,0,0,0,0,0,1,0,1.278241754,1,3.333333254,3000,15040.12402
mid1970036,197,1602831,1602,2,2,1,1,0,1,0,1,1,0,0,0,0,0,0,0,1,1.119505167,0,3.333333254,2500,16706.79102
mid1880023,188,1602831,1602,2,3,1,1,0,1,0,0,0,1,0,0,0,0,0,0,0,1.119505167,1,4,2833.333252,18714.81445
mid2080025,208,1602831,1602,2,2,0,1,0,0,1,0,1,0,0,0,0,0,0,0,1,0.7614607811,1,3.333333254,2800,15706.79004
mid1940023,194,1602831,1602,2,1,0,1,0,0,0,1,0,0,1,0,0,0,0,1,0,0.7614607811,0,3.333333254,2500,16706.79102
mid1970054,197,1602831,1602,2,2,0,1,0,1,0,1,1,0,0,0,0,0,0,0,1,0.7614607811,0,3.333333254,2500,16706.79102
mid1890026,189,1602831,1602,2,1,0,0,1,0,0,0,0,0,1,0,0,0,0,1,0,0.6827698946,0,3.333333254,3200,14373.45703
mid2000031,200,1602831,1602,2,2,0,1,0,0,1,1,0,0,1,0,0,0,0,0,1,0.7614607811,0,0,,0
mid1870029,187,1602831,1602,2,3,1,1,0,1,1,0,1,0,0,0,0,0,0,0,0,1.119505167,0,2.5,2666.666748,12113.42578
mid2050037,205,1602831,1602,2,3,1,1,0,0,0,1,1,0,0,0,0,0,0,0,0,1.119505167,1,10,2533.333252,49787.03516
mid2000043,200,1602831,1602,2,2,1,1,0,0,1,1,1,0,0,0,0,0,0,0,1,1.363845706,0,3.333333254,3500,13373.45703
mid1890022,189,1602831,1602,2,1,1,0,1,0,0,0,1,0,0,0,0,0,0,1,0,1.180561066,0,3.666666746,2909.09082,16877.46875
mid4290032,429,1671177,1671,2,1,1,1,0,0,0,1,0,0,1,0,0,0,0,1,0,0.6750317812,1,2.5,3000,11280.09277
mid4300019,430,1671177,1671,2,3,1,1,0,0,1,0,1,0,0,0,0,0,0,0,0,0.6750317812,0,0,,0
mid4300003,430,1671177,1671,2,3,0,1,0,0,1,0,0,0,1,0,0,0,0,0,0,1.124986053,1,1,2500,5012.037109
mid4300041,430,1671177,1671,2,3,0,1,0,0,1,0,0,0,1,0,0,0,0,0,0,1.124986053,0,1,3000,4512.037109
mid4300023,430,1671177,1671,2,3,0,1,0,0,1,0,0,0,1,0,0,0,0,0,0,1.124986053,0,1.25,3000,5640.046387
mid4300012,430,1671177,1671,2,3,1,1,0,0,1,0,1,0,0,0,0,0,0,0,0,0.6750317812,1,2.5,2000,13780.09277
mid4300043,430,1671177,1671,2,3,0,1,0,0,1,0,1,0,0,0,0,0,0,0,0,1.124986053,1,2,2500,10024.07422
mid4290035,429,1671177,1671,2,1,1,1,0,0,0,1,0,1,0,0,0,0,0,1,0,0.6750317812,0,3,3000,13536.11133
mid4290025,429,1671177,1671,2,1,1,1,0,0,0,1,1,0,0,0,0,0,0,1,0,0.6750317812,0,7.5,3000,33840.27734
mid4300022,430,1671177,1671,2,3,1,1,0,0,1,0,0,1,0,0,0,0,0,0,0,0.6750317812,1,4,2500,20048.14844
mid4290033,429,1671177,1671,2,1,0,1,0,0,0,1,0,0,1,0,0,0,0,1,0,1.124986053,0,2.5,3000,11280.09277
mid4290031,429,1671177,1671,2,1,1,1,0,0,0,1,1,0,0,0,0,0,0,1,0,0.6750317812,0,5.25,3000,23688.19531
mid4300009,430,1671177,1671,2,3,1,1,0,0,1,0,0,1,0,0,0,0,0,0,0,2.249882698,1,2.625,3063.491943,11719.09766
mid4290026,429,1671177,1671,2,1,1,1,0,0,0,1,0,1,0,0,0,0,0,1,0,2.249882698,0,11.25,1800,64260.41406
mid4290018,429,1671177,1671,2,1,1,1,0,0,0,1,1,0,0,0,0,0,0,1,0,0.6750317812,1,10,3000,45120.37109
mid4300029,430,1671177,1671,2,3,1,1,0,0,1,0,1,0,0,0,0,0,0,0,0,0.6750317812,0,0,,0
mid4290042,429,1671177,1671,2,1,1,1,0,0,0,1,1,0,0,0,0,0,0,1,0,0.6750317812,0,11.25,3000,50760.41406
mid4290028,429,1671177,1671,2,1,0,1,0,0,0,1,0,0,1,0,0,0,0,1,0,1.124986053,1,7.25,3000,32712.26953
mid3820019,382,1671215,1671,2,3,1,1,0,0,0,1,0,1,0,0,0,0,0,0,0,0.8027797937,0,5.699999809,2500,28568.60938
mid3780016,378,1671215,1671,2,2,1,1,0,1,1,1,1,0,0,0,0,0,0,0,1,2.095822334,1,7,2857.142822,32584.25977
mid3820008,382,1671215,1671,2,3,0,1,0,0,0,1,0,0,1,0,0,0,0,0,0,0.5736153722,0,1.949999928,2500,9773.47168
mid3830005,383,1671215,1671,2,1,0,1,0,1,1,1,0,0,1,0,0,0,0,1,0,0.5736153722,0,0,,0
mid3780045,378,1671215,1671,2,2,0,1,0,1,1,1,0,0,1,0,0,0,0,0,1,0.5736153722,1,7,2857.142822,32584.25977
mid3780033,378,1671215,1671,2,2,1,1,0,1,1,1,1,0,0,0,0,0,0,0,1,2.095822334,1,7,2857.142822,32584.25977
mid3830020,383,1671215,1671,2,1,0,1,0,1,1,1,0,0,1,0,0,0,0,1,0,0.5736153722,1,4,2500,20048.14844
mid3820003,382,1671215,1671,2,3,1,1,0,0,0,1,0,1,0,0,0,0,0,0,0,2.095822334,0,1.949999928,2500,9773.47168
mid3820021,382,1671215,1671,2,3,0,1,0,0,0,1,0,0,1,0,0,0,0,0,0,0.5736153722,0,1.949999928,2500,9773.47168
mid3830014,383,1671215,1671,2,1,0,1,0,1,1,1,0,0,1,0,0,0,0,1,0,0.5736153722,1,4,2500,20048.14844
mid3780019,378,1671215,1671,2,2,0,1,0,1,1,1,1,0,0,0,0,0,0,0,1,0.5736153722,1,7,2857.142822,32584.25977
mid3820024,382,1671215,1671,2,3,0,1,0,0,0,1,0,0,1,0,0,0,0,0,0,0.5736153722,0,1.949999928,2500,9773.47168
mid3830019,383,1671215,1671,2,1,0,1,0,1,1,1,0,0,1,0,0,0,0,1,0,0.5736153722,1,4,2500,20048.14844
mid3820040,382,1671215,1671,2,3,1,1,0,0,0,1,0,1,0,0,0,0,0,0,0,0.8027797937,0,3.75,2500,18795.13867
mid3820033,382,1671215,1671,2,3,1,1,0,0,0,1,0,1,0,0,0,0,0,0,0,2.095822334,0,3.75,2400,19170.13867
mid3820010,382,1671215,1671,2,3,1,1,0,0,0,1,0,1,0,0,0,0,0,0,0,0.8027797937,0,0,,0
mid3780021,378,1671215,1671,2,2,0,1,0,1,1,1,0,0,1,0,0,0,0,0,1,0.5736153722,1,7,2857.142822,32584.25977
mid3780026,378,1671215,1671,2,2,0,1,0,1,1,1,1,0,0,0,0,0,0,0,1,0.5736153722,1,7,2857.142822,32584.25977
mid3820034,382,1671215,1671,2,3,1,1,0,0,0,1,0,1,0,0,0,0,0,0,0,0.8027797937,0,1.949999928,2500,9773.47168
mid3780002,378,1671215,1671,2,2,1,1,0,1,1,1,0,1,0,0,0,0,0,0,1,2.095822334,1,7,2857.142822,32584.25977
mid3970003,397,1671255,1671,2,1,1,1,0,1,0,1,0,1,0,0,0,0,0,1,0,1.666716218,0,1.666666627,2500,8353.395508
mid3980023,398,1671255,1671,2,2,1,0,1,0,0,0,0,1,0,0,0,0,0,0,1,1.913194299,1,4.666666508,2500,23389.50586
mid3980030,398,1671255,1671,2,2,1,0,1,0,0,0,0,1,0,0,0,0,0,0,1,0.5702005625,0,2,3333.333252,8357.407227
mid3980042,398,1671255,1671,2,2,1,0,1,0,0,0,0,1,0,0,0,0,0,0,1,1.913194299,0,2.333333254,2500,11694.75293
mid3970014,397,1671255,1671,2,1,1,1,0,1,0,1,0,1,0,0,0,0,0,1,0,1.666716218,1,3.75,2500,18795.13867
mid3980001,398,1671255,1671,2,2,1,0,1,0,0,0,0,1,0,0,0,0,0,0,1,0.5702005625,1,7,2500,35084.25781
mid3980031,398,1671255,1671,2,2,1,0,1,0,0,0,0,0,1,0,0,0,0,0,1,1.477105975,1,7,2500,35084.25781
mid3980019,398,1671255,1671,2,2,0,0,1,0,0,0,1,0,0,0,0,0,0,0,1,0.5461432338,1,1.666666627,2500,8353.395508
mid3970002,397,1671255,1671,2,1,0,1,0,1,0,1,0,0,1,0,0,0,0,1,0,0.7142645121,1,7,3571.428467,27584.25977
mid3980003,398,1671255,1671,2,2,1,0,1,0,0,0,0,0,1,0,0,0,0,0,1,0.3776249588,1,6.333333492,2500,31742.90039
mid3980027,398,1671255,1671,2,2,0,0,1,0,0,0,0,0,1,0,0,0,0,0,1,0.5431078672,1,7,2500,35084.25781
mid3960023,396,1671255,1671,2,3,0,1,0,1,1,0,0,0,1,0,0,0,0,0,0,0.7142645121,0,0,,0
mid3970035,397,1671255,1671,2,1,0,1,0,1,0,1,0,0,1,0,0,0,0,1,0,0.7142645121,1,5,2500,25060.18555
mid3970019,397,1671255,1671,2,1,0,1,0,1,0,1,0,0,1,0,0,0,0,1,0,0.7142645121,1,5,2500,25060.18555
mid3970037,397,1671255,1671,2,1,1,1,0,1,0,1,1,0,0,0,0,0,0,1,0,1.666716218,1,3.75,2500,18795.13867
mid3960017,396,1671255,1671,2,3,0,1,0,1,1,0,0,0,1,0,0,0,0,0,0,0.7142645121,1,10,3000,45120.37109
mid3960002,396,1671255,1671,2,3,0,1,0,1,1,0,0,0,1,0,0,0,0,0,0,0.7142645121,1,2,3250,8524.074219
mid3960027,396,1671255,1671,2,3,0,1,0,1,1,0,0,1,0,0,0,0,0,0,0,0.7142645121,1,2,3000,9024.074219
mid3980010,398,1671255,1671,2,2,1,0,1,0,0,0,0,1,0,0,0,0,0,0,1,0.5976751447,1,5,2500,25060.18555
mid3690027,369,1671279,1671,2,3,1,0,1,0,0,0,1,0,0,0,0,0,0,0,0,2.230522633,1,4,2333.333252,20714.81445
mid3760038,376,1671279,1671,2,2,1,0,1,0,0,0,1,0,0,0,0,0,0,0,1,0.7933154106,1,4.5,2555.555664,22304.16797
mid3730006,373,1671279,1671,2,2,0,1,0,1,0,1,0,0,1,0,0,0,0,0,1,0.4095863998,1,4.666666508,2300,24322.83789
mid3670001,367,1671279,1671,2,3,0,1,0,1,0,0,0,0,1,0,0,0,0,0,0,0.4095863998,0,0.6666666865,2500,3341.358154
mid3690008,369,1671279,1671,2,3,0,0,1,0,0,0,0,0,1,0,0,0,0,0,0,0.5374698639,0,0,,0
mid3760020,376,1671279,1671,2,2,0,0,1,0,0,0,1,0,0,0,0,0,0,0,1,0.5404737592,1,9,2555.555664,44608.33594
mid3690029,369,1671279,1671,2,3,0,0,1,0,0,0,1,0,0,0,0,0,0,0,0,0.5404737592,1,4,2333.333252,20714.81445
mid3670026,367,1671279,1671,2,3,0,1,0,1,0,0,0,0,1,0,0,0,0,0,0,0.4095863998,1,2,2500,10024.07422
mid3690011,369,1671279,1671,2,3,0,0,1,0,0,0,0,0,1,0,0,0,0,0,0,0.5374698639,0,0,,0
mid3730008,373,1671279,1671,2,2,0,1,0,1,0,1,1,0,0,0,0,0,0,0,1,0.4095863998,1,4.666666508,2300,24322.83789
mid3760014,376,1671279,1671,2,2,1,0,1,0,0,0,1,0,0,0,0,0,0,0,1,2.230522633,1,1.5,2555.555664,7434.722656
mid3690009,369,1671279,1671,2,3,0,0,1,0,0,0,0,0,1,0,0,0,0,0,0,0.5374698639,1,6,2333.333252,31072.22266
mid3760030,376,1671279,1671,2,2,1,0,1,0,0,0,1,0,0,0,0,0,0,0,1,2.230522633,1,4.5,2555.555664,22304.16797
mid3760047,376,1671279,1671,2,2,1,0,1,0,0,0,0,0,1,0,0,0,0,0,1,0.4532342553,0,0,,0
mid3760033,376,1671279,1671,2,2,0,0,1,0,0,0,0,0,1,0,0,0,0,0,1,0.5374698639,1,1.333333373,3125,5849.382812
mid3730020,373,1671279,1671,2,2,0,1,0,1,0,1,0,0,1,0,0,0,0,0,1,0.4095863998,0,0,,0
mid3670007,367,1671279,1671,2,3,0,1,0,1,0,0,0,0,1,0,0,0,0,0,0,0.4095863998,0,0,,0
mid3680017,368,1671279,1671,2,1,1,1,0,1,1,0,0,1,0,0,0,0,0,1,0,2.889323473,1,2.666666746,2500,13365.43262
mid3760042,376,1671279,1671,2,2,1,0,1,0,0,0,0,1,0,0,0,0,0,0,1,0.7173436284,1,2.666666746,2875,12365.43262
mid3680026,368,1671279,1671,2,1,0,1,0,1,1,0,0,0,1,0,0,0,0,1,0,0.4095863998,0,0,,0
mid3690031,369,1671279,1671,2,3,0,0,1,0,0,0,0,0,1,0,0,0,0,0,0,0.5374698639,0,0,,0
mid3690015,369,1671279,1671,2,3,1,0,1,0,0,0,1,0,0,0,0,0,0,0,0,0.7933154106,1,4,2333.333252,20714.81445
mid3730023,373,1671279,1671,2,2,1,1,0,1,0,1,1,0,0,0,0,0,0,0,1,2.889323473,1,2.333333254,2285.714355,12194.75293
mid3760001,376,1671279,1671,2,2,0,0,1,0,0,0,0,0,1,0,0,0,0,0,1,0.5374698639,0,0,,0
mid3670021,367,1671279,1671,2,3,0,1,0,1,0,0,1,0,0,0,0,0,0,0,0,0.4095863998,1,2,2500,10024.07422
mid3670022,367,1671279,1671,2,3,0,1,0,1,0,0,0,0,1,0,0,0,0,0,0,0.4095863998,1,2,2500,10024.07422
mid3680002,368,1671279,1671,2,1,0,1,0,1,1,0,0,0,1,0,0,0,0,1,0,0.4095863998,0,0,,0
mid3730005,373,1671279,1671,2,2,1,1,0,1,0,1,1,0,0,0,0,0,0,0,1,2.889323473,1,4.666666508,2285.714355,24389.50586
mid3680033,368,1671279,1671,2,1,0,1,0,1,1,0,0,0,1,0,0,0,0,1,0,0.4095863998,1,5.333333492,2500,26730.86523
mid3670004,367,1671279,1671,2,3,1,1,0,1,0,0,1,0,0,0,0,0,0,0,0,2.889323473,1,2,2500,10024.07422
mid3730025,373,1671279,1671,2,2,0,1,0,1,0,1,1,0,0,0,0,0,0,0,1,0.4095863998,1,4.666666508,2300,24322.83789
mid3690016,369,1671279,1671,2,3,0,0,1,0,0,0,0,0,1,0,0,0,0,0,0,0.5374698639,0,0,,0
mid3680020,368,1671279,1671,2,1,1,1,0,1,1,0,0,1,0,0,0,0,0,1,0,2.889323473,1,5.333333492,2500,26730.86523
mid3670023,367,1671279,1671,2,3,0,1,0,1,0,0,1,0,0,0,0,0,0,0,0,0.4095863998,1,2,2500,10024.07422
mid3670002,367,1671279,1671,2,3,0,1,0,1,0,0,0,0,1,0,0,0,0,0,0,0.4095863998,1,2,2500,10024.07422
mid3690024,369,1671279,1671,2,3,0,0,1,0,0,0,1,0,0,0,0,0,0,0,0,0.5404737592,1,1.333333373,2500,6682.716309
mid3670009,367,1671279,1671,2,3,0,1,0,1,0,0,1,0,0,0,0,0,0,0,0,0.4095863998,1,2,2500,10024.07422
mid3760027,376,1671279,1671,2,2,1,0,1,0,0,0,0,1,0,0,0,0,0,0,1,2.661351442,1,4.5,2555.555664,22304.16797
mid3730024,373,1671279,1671,2,2,0,1,0,1,0,1,0,0,1,0,0,0,0,0,1,0.4095863998,1,4.666666508,2300,24322.83789
mid4260021,426,1671324,1671,2,1,0,0,1,0,0,0,0,0,1,0,0,0,0,1,0,0.2652784288,1,10,3000,45120.37109
mid4280031,428,1671324,1671,2,3,1,1,0,0,0,1,0,1,0,0,0,0,0,0,0,1.142286062,1,7.5,2533.333252,37340.27734
mid4280015,428,1671324,1671,2,3,1,1,0,0,0,1,0,1,0,0,0,0,0,0,0,0.5732433796,1,5,2466.666748,25226.85156
mid4280039,428,1671324,1671,2,3,1,1,0,0,0,1,0,1,0,0,0,0,0,0,0,0.5732433796,1,7.5,2533.333252,37340.27734
mid4270026,427,1671324,1671,2,2,1,1,0,1,0,0,0,1,0,0,0,0,0,0,1,1.142286062,1,5,3000,22560.18555
mid4280044,428,1671324,1671,2,3,1,1,0,0,0,1,0,1,0,0,0,0,0,0,0,1.142286062,1,7.5,2533.333252,37340.27734
mid4270011,427,1671324,1671,2,2,0,1,0,1,0,0,0,0,1,0,0,0,0,0,1,1.142218232,0,10,2500,50120.37109
mid4260017,426,1671324,1671,2,1,1,0,1,0,0,0,1,0,0,0,0,0,0,1,0,0.5286383033,1,5,3000,22560.18555
mid4280013,428,1671324,1671,2,3,0,1,0,0,0,1,0,0,1,0,0,0,0,0,0,1.142218232,1,7.5,2533.333252,37340.27734
mid4270034,427,1671324,1671,2,2,1,1,0,1,0,0,1,0,0,0,0,0,0,0,1,1.142286062,1,5,2500,25060.18555
mid4270012,427,1671324,1671,2,2,1,1,0,1,0,0,1,0,0,0,0,0,0,0,1,1.142286062,1,5,2500,25060.18555
mid4280011,428,1671324,1671,2,3,0,1,0,0,0,1,0,0,1,0,0,0,0,0,0,1.142218232,0,0,,0
mid4270036,427,1671324,1671,2,2,0,1,0,1,0,0,0,0,1,0,0,0,0,0,1,1.142218232,1,5,2500,25060.18555
mid4280024,428,1671324,1671,2,3,0,1,0,0,0,1,0,0,1,0,0,0,0,0,0,1.142218232,1,7.5,2533.333252,37340.27734
mid4270017,427,1671324,1671,2,2,1,1,0,1,0,0,1,0,0,0,0,0,0,0,1,1.142286062,1,5,2500,25060.18555
mid4260044,426,1671324,1671,2,1,1,0,1,0,0,0,1,0,0,0,0,0,0,1,0,0.5286383033,1,5,3000,22560.18555
mid4260034,426,1671324,1671,2,1,1,0,1,0,0,0,1,0,0,0,0,0,0,1,0,0.5286383033,1,5,3000,22560.18555
mid4280035,428,1671324,1671,2,3,1,1,0,0,0,1,0,1,0,0,0,0,0,0,0,0.5732433796,1,7.5,2533.333252,37340.27734
mid4260003,426,1671324,1671,2,1,0,0,1,0,0,0,1,0,0,0,0,0,0,1,0,0.2667610347,1,10,3000,45120.37109
mid4260005,426,1671324,1671,2,1,0,0,1,0,0,0,0,0,1,0,0,0,0,1,0,0.2652784288,1,5,3000,22560.18555
mid4260029,426,1671324,1671,2,1,0,0,1,0,0,0,0,0,1,0,0,0,0,1,0,0.2652784288,1,5,3000,22560.18555
mid4270016,427,1671324,1671,2,2,0,1,0,1,0,0,0,0,1,0,0,0,0,0,1,1.142218232,1,5,2500,25060.18555
mid4260040,426,1671324,1671,2,1,1,0,1,0,0,0,0,1,0,0,0,0,0,1,0,5.173713207,1,5,3000,22560.18555
mid4280028,428,1671324,1671,2,3,1,1,0,0,0,1,0,1,0,0,0,0,0,0,0,0.5732433796,1,7,2500,35084.25781
mid4260007,426,1671324,1671,2,1,1,0,1,0,0,0,0,1,0,0,0,0,0,1,0,0.4780132771,1,5,3000,22560.18555
mid4170005,417,1671475,1671,2,2,1,1,0,0,0,0,1,0,0,0,0,0,0,0,1,1.249861956,1,5,2600,24560.18555
mid4150017,415,1671475,1671,2,1,1,1,0,0,0,0,0,1,0,0,0,0,0,1,0,2.263613701,0,2.666666746,2500,13365.43262
mid4150030,415,1671475,1671,2,1,0,1,0,0,0,0,0,0,1,0,0,0,0,1,0,0.5756759644,0,0,,0
mid4180035,418,1671475,1671,2,1,1,1,0,1,1,0,0,1,0,0,0,0,0,1,0,1.249861956,0,0,,0
mid4160004,416,1671475,1671,2,3,1,1,0,1,1,1,1,0,0,0,0,0,0,0,0,1.249861956,1,5,2800,23560.18555
mid4160045,416,1671475,1671,2,3,1,1,0,1,1,1,1,0,0,0,0,0,0,0,0,1.249861956,1,7,2857.142822,32584.25977
mid4170019,417,1671475,1671,2,2,1,1,0,0,0,0,1,0,0,0,0,0,0,0,1,2.263613701,0,1.666666627,2600,8186.728516
mid4150005,415,1671475,1671,2,1,0,1,0,0,0,0,0,0,1,0,0,0,0,1,0,0.5756759644,1,4,2500,20048.14844
mid4150009,415,1671475,1671,2,1,0,1,0,0,0,0,0,0,1,0,0,0,0,1,0,0.5756759644,0,0,,0
mid4150023,415,1671475,1671,2,1,1,1,0,0,0,0,1,0,0,0,0,0,0,1,0,1.249861956,1,4,2500,20048.14844
mid4170026,417,1671475,1671,2,2,1,1,0,0,0,0,0,1,0,0,0,0,0,0,1,1.249861956,1,5,2600,24560.18555
mid4150029,415,1671475,1671,2,1,1,1,0,0,0,0,0,0,1,0,0,0,0,1,0,2.263613701,1,4,2300,20848.14844
mid4180003,418,1671475,1671,2,1,1,1,0,1,1,0,1,0,0,0,0,0,0,1,0,1.249861956,1,15,2400,76680.55469
mid4150026,415,1671475,1671,2,1,0,1,0,0,0,0,0,0,1,0,0,0,0,1,0,0.5756759644,1,4,2500,20048.14844
mid4180043,418,1671475,1671,2,1,0,1,0,1,1,0,0,0,1,0,0,0,0,1,0,0.5756759644,0,0,,0
mid4160018,416,1671475,1671,2,3,0,1,0,1,1,1,0,0,1,0,0,0,0,0,0,0.5756759644,0,0,,0
mid4170023,417,1671475,1671,2,2,0,1,0,0,0,0,1,0,0,0,0,0,0,0,1,0.5756759644,0,0,,0
mid4170012,417,1671475,1671,2,2,1,1,0,0,0,0,0,1,0,0,0,0,0,0,1,1.249861956,1,6.666666508,2600,32746.91406
mid4160036,416,1671475,1671,2,3,1,1,0,1,1,1,0,1,0,0,0,0,0,0,0,1.249861956,1,5,2800,23560.18555
mid4180041,418,1671475,1671,2,1,1,1,0,1,1,0,0,1,0,0,0,0,0,1,0,1.249861956,1,15,2400,76680.55469
mid4170029,417,1671475,1671,2,2,1,1,0,0,0,0,1,0,0,0,0,0,0,0,1,1.249861956,1,10,2600,49120.37109
mid4180037,418,1671475,1671,2,1,0,1,0,1,1,0,0,0,1,0,0,0,0,1,0,0.5756759644,0,3.333333254,2900,15373.45703
mid4150014,415,1671475,1671,2,1,0,1,0,0,0,0,0,0,1,0,0,0,0,1,0,0.5756759644,0,0,,0
mid4160034,416,1671475,1671,2,3,0,1,0,1,1,1,0,0,1,0,0,0,0,0,0,0.5756759644,0,0,,0
mid4160035,416,1671475,1671,2,3,1,1,0,1,1,1,0,1,0,0,0,0,0,0,0,1.249861956,1,3.333333254,2800,15706.79004
mid4150019,415,1671475,1671,2,1,0,1,0,0,0,0,0,0,1,0,0,0,0,1,0,0.5756759644,0,0,,0
mid4170004,417,1671475,1671,2,2,0,1,0,0,0,0,0,0,1,0,0,0,0,0,1,0.5756759644,0,0,,0
mid4160022,416,1671475,1671,2,3,0,1,0,1,1,1,0,0,1,0,0,0,0,0,0,0.5756759644,1,5,2800,23560.18555
mid4170002,417,1671475,1671,2,2,0,1,0,0,0,0,0,0,1,0,0,0,0,0,1,0.5756759644,1,3.333333254,2600,16373.45703
mid4180027,418,1671475,1671,2,1,0,1,0,1,1,0,0,0,1,0,0,0,0,1,0,0.5756759644,0,0,,0
mid4170008,417,1671475,1671,2,2,0,1,0,0,0,0,0,0,1,0,0,0,0,0,1,0.5756759644,1,5,2600,24560.18555
mid3900028,390,1671535,1671,2,1,1,1,0,0,0,1,0,1,0,0,0,0,0,1,0,1.8929919,1,4.5,2200,23904.16797
mid3950016,395,1671535,1671,2,3,0,0,1,0,0,0,0,0,1,0,0,0,0,0,0,0.7088894248,1,3,2500,15036.11133
mid3950021,395,1671535,1671,2,3,0,0,1,0,0,0,0,0,1,0,0,0,0,0,0,0.7088894248,1,2,2500,10024.07422
mid3900012,390,1671535,1671,2,1,1,1,0,0,0,1,0,1,0,0,0,0,0,1,0,1.8929919,1,3,2200,15936.11133
mid3940018,394,1671535,1671,2,3,1,1,0,0,0,1,0,1,0,0,0,0,0,0,0,1.8929919,1,1.5,2500,7518.055664
mid3920015,392,1671535,1671,2,2,0,0,1,0,0,0,1,0,0,0,0,0,0,0,1,0.7128514051,0,1.5,2500,7518.055664
mid3950004,395,1671535,1671,2,3,1,0,1,0,0,0,1,0,0,0,0,0,0,0,0,1.399217248,1,6,2500,30072.22266
mid3920017,392,1671535,1671,2,2,1,0,1,0,0,0,0,1,0,0,0,0,0,0,1,0.8376834393,0,1,2500,5012.037109
mid3920007,392,1671535,1671,2,2,1,0,1,0,0,0,1,0,0,0,0,0,0,0,1,1.399217248,1,2,2500,10024.07422
mid3900025,390,1671535,1671,2,1,0,1,0,0,0,1,0,0,1,0,0,0,0,1,0,0.623398304,0,0,,0
mid3900015,390,1671535,1671,2,1,0,1,0,0,0,1,0,0,1,0,0,0,0,1,0,0.623398304,0,0,,0
mid3940008,394,1671535,1671,2,3,0,1,0,0,0,1,0,0,1,0,0,0,0,0,0,0.623398304,0,4.5,2500,22554.16797
mid3940014,394,1671535,1671,2,3,0,1,0,0,0,1,0,0,1,0,0,0,0,0,0,0.623398304,0,4.5,2500,22554.16797
mid3900023,390,1671535,1671,2,1,0,1,0,0,0,1,0,0,1,0,0,0,0,1,0,0.623398304,1,6,2200,31872.22266
mid3900024,390,1671535,1671,2,1,0,1,0,0,0,1,0,0,1,0,0,0,0,1,0,0.623398304,1,4.5,2200,23904.16797
mid3940012,394,1671535,1671,2,3,1,1,0,0,0,1,1,0,0,0,0,0,0,0,0,1.118406534,0,1.25,4000,4390.046387
mid3900027,390,1671535,1671,2,1,0,1,0,0,0,1,0,0,1,0,0,0,0,1,0,0.623398304,1,3,2200,15936.11133
mid3920001,392,1671535,1671,2,2,0,0,1,0,0,0,0,0,1,0,0,0,0,0,1,0.7088894248,1,2.5,2500,12530.09277
mid3950014,395,1671535,1671,2,3,1,0,1,0,0,0,1,0,0,0,0,0,0,0,0,0.9710379243,0,4,1250,25048.14844
mid3920019,392,1671535,1671,2,2,1,0,1,0,0,0,1,0,0,0,0,0,0,0,1,1.399217248,1,2,2500,10024.07422
mid3900001,390,1671535,1671,2,1,0,1,0,0,0,1,0,0,1,0,0,0,0,1,0,0.623398304,1,4.5,2200,23904.16797
mid3950029,395,1671535,1671,2,3,0,0,1,0,0,0,0,0,1,0,0,0,0,0,0,0.7088894248,1,4,2500,20048.14844
mid3950019,395,1671535,1671,2,3,1,0,1,0,0,0,1,0,0,0,0,0,0,0,0,1.399217248,1,4,2500,20048.14844
mid3940007,394,1671535,1671,2,3,1,1,0,0,0,1,0,1,0,0,0,0,0,0,0,1.118406534,1,4.5,2500,22554.16797
mid3920009,392,1671535,1671,2,2,1,0,1,0,0,0,1,0,0,0,0,0,0,0,1,0.9710379243,1,2.5,2500,12530.09277
mid3950010,395,1671535,1671,2,3,1,0,1,0,0,0,0,1,0,0,0,0,0,0,0,0.8780465126,1,3,2500,15036.11133
mid3900007,390,1671535,1671,2,1,0,1,0,0,0,1,0,0,1,0,0,0,0,1,0,0.623398304,0,0,,0
mid3940021,394,1671535,1671,2,3,1,1,0,0,0,1,1,0,0,0,0,0,0,0,0,1.118406534,1,6,2500,30072.22266
mid3920012,392,1671535,1671,2,2,0,0,1,0,0,0,0,0,1,0,0,0,0,0,1,0.7088894248,0,1,2500,5012.037109
mid3940030,394,1671535,1671,2,3,1,1,0,0,0,1,1,0,0,0,0,0,0,0,0,1.118406534,1,6,2500,30072.22266
mid3940001,394,1671535,1671,2,3,1,1,0,0,0,1,0,0,1,0,0,0,0,0,0,1.118406534,0,3,2500,15036.11133
mid3950011,395,1671535,1671,2,3,1,0,1,0,0,0,1,0,0,0,0,0,0,0,0,1.399217248,1,3,2500,15036.11133
mid3950030,395,1671535,1671,2,3,0,0,1,0,0,0,0,0,1,0,0,0,0,0,0,0.7088894248,1,4,2500,20048.14844
mid3940026,394,1671535,1671,2,3,1,1,0,0,0,1,1,0,0,0,0,0,0,0,0,1.118406534,1,6,2500,30072.22266
mid3920011,392,1671535,1671,2,2,1,0,1,0,0,0,0,1,0,0,0,0,0,0,1,1.669478178,0,2,2500,10024.07422
mid3920020,392,1671535,1671,2,2,0,0,1,0,0,0,0,0,1,0,0,0,0,0,1,0.7088894248,1,2,2500,10024.07422
mid4200015,420,1671543,1671,2,3,1,1,0,0,1,0,1,0,0,0,0,0,0,0,0,1.468580127,0,0,,0
mid4220008,422,1671543,1671,2,1,0,1,0,0,1,1,0,0,1,0,0,0,0,1,0,0.7330127954,0,0,,0
mid4210011,421,1671543,1671,2,2,0,1,0,1,0,0,0,0,1,0,0,0,0,0,1,0.7330127954,1,3,2500,15036.11133
mid4210006,421,1671543,1671,2,2,1,1,0,1,0,0,1,0,0,0,0,0,0,0,1,1.468580127,1,3,2500,15036.11133
mid4210008,421,1671543,1671,2,2,1,1,0,1,0,0,1,0,0,0,0,0,0,0,1,1.468580127,1,3,2500,15036.11133
mid4220005,422,1671543,1671,2,1,1,1,0,0,1,1,0,1,0,0,0,0,0,1,0,1.098091245,1,0.75,4000,2634.027832
mid4250016,425,1671543,1671,2,2,1,1,0,0,1,0,0,1,0,0,0,0,0,0,1,1.098091245,0,1.25,3000,5640.046387
mid4250012,425,1671543,1671,2,2,0,1,0,0,1,0,1,0,0,0,0,0,0,0,1,0.7330127954,1,1.5,2500,7518.055664
mid4210017,421,1671543,1671,2,2,0,1,0,1,0,0,0,0,1,0,0,0,0,0,1,0.7330127954,1,4.5,2500,22554.16797
mid4220028,422,1671543,1671,2,1,1,1,0,0,1,1,0,1,0,0,0,0,0,1,0,1.468580127,1,1.5,3333.333252,6268.055664
mid4230010,423,1671543,1671,2,1,0,0,1,0,0,0,0,0,1,0,0,0,0,1,0,0.5495365262,0,1.333333373,2500,6682.716309
mid4200005,420,1671543,1671,2,3,0,1,0,0,1,0,0,0,1,0,0,0,0,0,0,0.7330127954,1,4,2500,20048.14844
mid4200003,420,1671543,1671,2,3,1,1,0,0,1,0,0,1,0,0,0,0,0,0,0,1.468580127,1,4,2500,20048.14844
mid4210001,421,1671543,1671,2,2,1,1,0,1,0,0,1,0,0,0,0,0,0,0,1,1.468580127,1,3,2500,15036.11133
mid4220024,422,1671543,1671,2,1,0,1,0,0,1,1,0,0,1,0,0,0,0,1,0,0.7330127954,0,0,,0
mid4220004,422,1671543,1671,2,1,1,1,0,0,1,1,0,1,0,0,0,0,0,1,0,1.468580127,0,0,,0
mid4220022,422,1671543,1671,2,1,0,1,0,0,1,1,0,0,1,0,0,0,0,1,0,0.7330127954,0,2.25,3333.333252,9402.083984
mid4220027,422,1671543,1671,2,1,0,1,0,0,1,1,0,0,1,0,0,0,0,1,0,0.7330127954,0,0.5,3000,2256.018555
mid4230014,423,1671543,1671,2,1,0,0,1,0,0,0,0,0,1,0,0,0,0,1,0,0.5495365262,0,1.333333373,2500,6682.716309
mid4210029,421,1671543,1671,2,2,1,1,0,1,0,0,0,1,0,0,0,0,0,0,1,1.468580127,1,6,2500,30072.22266
mid4230006,423,1671543,1671,2,1,0,0,1,0,0,0,0,0,1,0,0,0,0,1,0,0.5495365262,0,1.333333373,2500,6682.716309
mid4250006,425,1671543,1671,2,2,0,1,0,0,1,0,0,0,1,0,0,0,0,0,1,0.7330127954,0,0,,0
mid4230011,423,1671543,1671,2,1,1,0,1,0,0,0,0,1,0,0,0,0,0,1,0,4.195576668,0,1.333333373,2500,6682.716309
mid4200004,420,1671543,1671,2,3,1,1,0,0,1,0,0,1,0,0,0,0,0,0,0,1.468580127,1,3.75,3000,16920.13867
mid4200013,420,1671543,1671,2,3,0,1,0,0,1,0,0,0,1,0,0,0,0,0,0,0.7330127954,1,4,2500,20048.14844
mid4230013,423,1671543,1671,2,1,1,0,1,0,0,0,0,1,0,0,0,0,0,1,0,0.65172261,0,1.333333373,2500,6682.716309
mid4220011,422,1671543,1671,2,1,1,1,0,0,1,1,0,1,0,0,0,0,0,1,0,1.098091245,0,0,,0
mid4230002,423,1671543,1671,2,1,1,0,1,0,0,0,1,0,0,0,0,0,0,1,0,0.7554731965,0,2.666666746,2500,13365.43262
mid4250029,425,1671543,1671,2,2,0,1,0,0,1,0,0,0,1,0,0,0,0,0,1,0.7330127954,0,0,,0
mid4250011,425,1671543,1671,2,2,1,1,0,0,1,0,0,1,0,0,0,0,0,0,1,1.098091245,1,2.5,3000,11280.09277
mid4230015,423,1671543,1671,2,1,0,0,1,0,0,0,0,0,1,0,0,0,0,1,0,0.5495365262,0,0,,0
mid4250001,425,1671543,1671,2,2,0,1,0,0,1,0,1,0,0,0,0,0,0,0,1,0.7330127954,1,11.25,4000,39510.41406
mid4250004,425,1671543,1671,2,2,0,1,0,0,1,0,0,0,1,0,0,0,0,0,1,0.7330127954,0,0.625,3000,2820.023193
mid4200009,420,1671543,1671,2,3,1,1,0,0,1,0,0,1,0,0,0,0,0,0,0,1.098091245,1,4,2500,20048.14844
mid4230016,423,1671543,1671,2,1,0,0,1,0,0,0,0,0,1,0,0,0,0,1,0,0.5495365262,0,1.333333373,2500,6682.716309
mid4220001,422,1671543,1671,2,1,1,1,0,0,1,1,0,1,0,0,0,0,0,1,0,1.098091245,0,1.25,3000,5640.046387
mid4230009,423,1671543,1671,2,1,0,0,1,0,0,0,0,0,1,0,0,0,0,1,0,0.5495365262,1,1.333333373,2500,6682.716309
mid4200001,420,1671543,1671,2,3,0,1,0,0,1,0,0,0,1,0,0,0,0,0,0,0.7330127954,1,6,2500,30072.22266
mid4200010,420,1671543,1671,2,3,0,1,0,0,1,0,0,0,1,0,0,0,0,0,0,0.7330127954,1,4,2500,20048.14844
mid4250008,425,1671543,1671,2,2,0,1,0,0,1,0,1,0,0,0,0,0,0,0,1,0.7330127954,1,1.25,3000,5640.046387
mid4250017,425,1671543,1671,2,2,0,1,0,0,1,0,0,0,1,0,0,0,0,0,1,0.7330127954,1,1.25,3000,5640.046387
mid4200011,420,1671543,1671,2,3,0,1,0,0,1,0,0,0,1,0,0,0,0,0,0,0.7330127954,1,3,2500,15036.11133
mid4030024,403,1671702,1671,2,3,1,0,1,0,0,0,0,1,0,0,0,0,0,0,0,0.4449394941,1,1.166666627,2285.714355,6097.376465
mid4030013,403,1671702,1671,2,3,0,0,1,0,0,0,0,0,1,0,0,0,0,0,0,0.7276251316,0,0,,0
mid4030014,403,1671702,1671,2,3,0,0,1,0,0,0,0,0,1,0,0,0,0,0,0,0.7276251316,0,0,,0
mid4030006,403,1671702,1671,2,3,1,0,1,0,0,0,0,1,0,0,0,0,0,0,0,0.46637851,0,0,,0
mid4030002,403,1671702,1671,2,3,1,0,1,0,0,0,1,0,0,0,0,0,0,0,0,2.088667154,1,3.5,2857.142822,16292.12988
mid4020013,402,1671702,1671,2,2,1,0,1,0,0,0,1,0,0,0,0,0,0,0,1,0.5157713294,0,0,,0
mid4020005,402,1671702,1671,2,2,1,0,1,0,0,0,1,0,0,0,0,0,0,0,1,2.088667154,1,15,2500,75180.55469
mid4000014,400,1671702,1671,2,1,1,0,1,0,0,0,0,1,0,0,0,0,0,1,0,2.686047316,1,3.333333254,2200,17706.79102
mid4000006,400,1671702,1671,2,1,0,0,1,0,0,0,0,0,1,0,0,0,0,1,0,0.7276251316,0,0,,0
mid3990015,399,1671702,1671,2,2,0,1,0,0,0,1,0,0,1,0,0,0,0,0,1,1.125344038,0,0,,0
mid4030008,403,1671702,1671,2,3,1,0,1,0,0,0,0,1,0,0,0,0,0,0,0,0.4449394941,1,3,4500,9036.111328
mid4000004,400,1671702,1671,2,1,0,0,1,0,0,0,0,0,1,0,0,0,0,1,0,0.7276251316,1,5,2600,24560.18555
mid4020002,402,1671702,1671,2,2,1,0,1,0,0,0,0,1,0,0,0,0,0,0,1,0.4449394941,1,10,2666.666748,48453.70312
mid4030020,403,1671702,1671,2,3,1,0,1,0,0,0,0,1,0,0,0,0,0,0,0,0.4449394941,0,1.666666627,2500,8353.395508
mid4000002,400,1671702,1671,2,1,1,0,1,0,0,0,0,0,1,0,0,0,0,1,0,0.2946687043,0,0,,0
mid4020018,402,1671702,1671,2,2,0,0,1,0,0,0,0,0,1,0,0,0,0,0,1,0.7276251316,0,0,,0
mid3990021,399,1671702,1671,2,2,1,1,0,0,0,1,1,0,0,0,0,0,0,0,1,0.4518198073,1,5,2500,25060.18555
mid4020008,402,1671702,1671,2,2,0,0,1,0,0,0,0,0,1,0,0,0,0,0,1,0.7276251316,0,0,,0
mid4020003,402,1671702,1671,2,2,0,0,1,0,0,0,0,0,1,0,0,0,0,0,1,0.7276251316,0,0,,0
mid4030009,403,1671702,1671,2,3,0,0,1,0,0,0,0,0,1,0,0,0,0,0,0,0.7276251316,0,1,2666.666748,4845.370605
mid4000021,400,1671702,1671,2,1,1,0,1,0,0,0,0,1,0,0,0,0,0,1,0,2.492096424,1,5,2600,24560.18555
mid3990024,399,1671702,1671,2,2,1,1,0,0,0,1,1,0,0,0,0,0,0,0,1,0.4518198073,1,15,2000,82680.55469
mid3990018,399,1671702,1671,2,2,0,1,0,0,0,1,0,0,1,0,0,0,0,0,1,1.125344038,0,0,,0
mid4000022,400,1671702,1671,2,1,0,0,1,0,0,0,0,0,1,0,0,0,0,1,0,0.7276251316,0,0,,0
mid4000020,400,1671702,1671,2,1,0,0,1,0,0,0,0,0,1,0,0,0,0,1,0,0.7276251316,1,5,2600,24560.18555
mid4000025,400,1671702,1671,2,1,0,0,1,0,0,0,0,0,1,0,0,0,0,1,0,0.7276251316,0,0,,0
mid4030001,403,1671702,1671,2,3,1,0,1,0,0,0,0,1,0,0,0,0,0,0,0,2.686047316,1,2,2666.666748,9690.741211
mid3990003,399,1671702,1671,2,2,1,1,0,0,0,1,0,0,1,0,0,0,0,0,1,0.4518198073,0,0,,0
mid3990009,399,1671702,1671,2,2,1,1,0,0,0,1,0,1,0,0,0,0,0,0,1,0.4518198073,1,15,2500,75180.55469
mid3990028,399,1671702,1671,2,2,1,1,0,0,0,1,0,1,0,0,0,0,0,0,1,3.364868879,1,10,2000,55120.37109
mid3990010,399,1671702,1671,2,2,0,1,0,0,0,1,0,0,1,0,0,0,0,0,1,1.125344038,0,0,,0
mid4000012,400,1671702,1671,2,1,0,0,1,0,0,0,1,0,0,0,0,0,0,1,0,0.7316917777,1,5,2600,24560.18555
mid4020001,402,1671702,1671,2,2,1,0,1,0,0,0,0,1,0,0,0,0,0,0,1,0.46637851,0,0,,0
mid4020021,402,1671702,1671,2,2,1,0,1,0,0,0,1,0,0,0,0,0,0,0,1,0.5157713294,0,5,2533.333252,24893.51758
mid4020015,402,1671702,1671,2,2,0,0,1,0,0,0,0,0,1,0,0,0,0,0,1,0.7276251316,1,3.333333254,2500,16706.79102
mid3990007,399,1671702,1671,2,2,1,1,0,0,0,1,0,1,0,0,0,0,0,0,1,0.4518198073,1,10,2500,50120.37109
mid3850022,385,1671750,1671,2,1,1,0,1,0,0,0,1,0,0,0,0,0,0,1,0,1.311646342,1,6,2500,30072.22266
mid3850009,385,1671750,1671,2,1,1,0,1,0,0,0,0,0,1,0,0,0,0,1,0,1.006649017,1,6,2500,30072.22266
mid3890044,389,1671750,1671,2,2,0,1,0,0,1,1,1,0,0,0,0,0,0,0,1,0.6929144859,1,2.5,2500,12530.09277
mid3840025,384,1671750,1671,2,3,1,1,0,1,0,0,1,0,0,0,0,0,0,0,0,1.079481602,1,2,2500,10024.07422
mid3890043,389,1671750,1671,2,2,1,1,0,0,1,1,1,0,0,0,0,0,0,0,1,1.079481602,1,2.5,2500,12530.09277
mid3890021,389,1671750,1671,2,2,1,1,0,0,1,1,1,0,0,0,0,0,0,0,1,1.079481602,0,2.5,2500,12530.09277
mid3890005,389,1671750,1671,2,2,0,1,0,0,1,1,0,0,1,0,0,0,0,0,1,0.6929144859,1,5,2500,25060.18555
mid3850015,385,1671750,1671,2,1,1,0,1,0,0,0,1,0,0,0,0,0,0,1,0,0.7245582342,1,6,2500,30072.22266
mid3890004,389,1671750,1671,2,2,0,1,0,0,1,1,0,0,1,0,0,0,0,0,1,0.6929144859,1,7.5,,37590.27734
mid3850021,385,1671750,1671,2,1,1,0,1,0,0,0,0,1,0,0,0,0,0,1,0,0.6551709175,1,6,2500,30072.22266
mid3890008,389,1671750,1671,2,2,1,1,0,0,1,1,0,1,0,0,0,0,0,0,1,1.079481602,1,1.25,2500,6265.046387
mid3850016,385,1671750,1671,2,1,1,0,1,0,0,0,1,0,0,0,0,0,0,1,0,1.311646342,1,6,2500,30072.22266
mid3840016,384,1671750,1671,2,3,1,1,0,1,0,0,0,1,0,0,0,0,0,0,0,1.079481602,1,4,2500,20048.14844
mid3840001,384,1671750,1671,2,3,0,1,0,1,0,0,0,0,1,0,0,0,0,0,0,0.6929144859,0,0,,0
mid3890041,389,1671750,1671,2,2,0,1,0,0,1,1,0,0,1,0,0,0,0,0,1,0.6929144859,1,2.5,2500,12530.09277
mid3850010,385,1671750,1671,2,1,1,0,1,0,0,0,1,0,0,0,0,0,0,1,0,1.311646342,1,6,2500,30072.22266
mid3840032,384,1671750,1671,2,3,1,1,0,1,0,0,1,0,0,0,0,0,0,0,0,1.079481602,1,6,2500,30072.22266
mid3890020,389,1671750,1671,2,2,1,1,0,0,1,1,0,1,0,0,0,0,0,0,1,2.434263945,1,3.75,2500,18795.13867
mid3850012,385,1671750,1671,2,1,1,0,1,0,0,0,0,0,1,0,0,0,0,1,0,1.006649017,1,6,2500,30072.22266
mid3840012,384,1671750,1671,2,3,1,1,0,1,0,0,1,0,0,0,0,0,0,0,0,1.079481602,1,4,2500,20048.14844
mid3840015,384,1671750,1671,2,3,1,1,0,1,0,0,1,0,0,0,0,0,0,0,0,1.079481602,1,6,2500,30072.22266
mid3840010,384,1671750,1671,2,3,1,1,0,1,0,0,0,0,1,0,0,0,0,0,0,1.079481602,1,8,2500,40096.29688
mid3890028,389,1671750,1671,2,2,0,1,0,0,1,1,1,0,0,0,0,0,0,0,1,0.6929144859,0,2.5,2500,12530.09277
mid3850013,385,1671750,1671,2,1,1,0,1,0,0,0,0,1,0,0,0,0,0,1,0,1.564992785,1,6,2500,30072.22266
mid3840017,384,1671750,1671,2,3,0,1,0,1,0,0,0,0,1,0,0,0,0,0,0,0.6929144859,1,2.5,3000,11280.09277
mid4080058,408,1671831,1671,2,2,1,0,1,0,0,0,1,0,0,0,0,0,0,0,1,0.5919463038,1,5,3000,22560.18555
mid4080047,408,1671831,1671,2,2,0,0,1,0,0,0,0,0,1,0,0,0,0,0,1,0.7551853657,1,2.5,2600,12280.09277
mid4060043,406,1671831,1671,2,2,1,1,0,1,1,1,0,1,0,0,0,0,0,0,1,2.595100641,1,15,2400,76680.55469
mid4090030,409,1671831,1671,2,1,0,1,0,1,0,1,0,0,1,0,0,0,0,1,0,0.5157382488,1,5.25,2428.571533,26688.19336
mid4080037,408,1671831,1671,2,2,1,0,1,0,0,0,1,0,0,0,0,0,0,0,1,1.764453292,1,6.25,2600,30700.23242
mid4110012,411,1671831,1671,2,3,0,1,0,1,0,1,0,0,1,0,0,0,0,0,0,0.5157382488,1,1.25,3200,5390.046387
mid4080022,408,1671831,1671,2,2,1,0,1,0,0,0,1,0,0,0,0,0,0,0,1,0.5919463038,1,5,2600,24560.18555
mid4080046,408,1671831,1671,2,2,0,0,1,0,0,0,0,0,1,0,0,0,0,0,1,0.7551853657,1,10,2600,49120.37109
mid4130004,413,1671831,1671,2,1,0,1,0,0,1,0,0,0,1,0,0,0,0,1,0,0.5157382488,0,3.75,2000,20670.13867
mid4130008,413,1671831,1671,2,1,0,1,0,0,1,0,0,0,1,0,0,0,0,1,0,0.5157382488,0,2.5,2000,13780.09277
mid4100009,410,1671831,1671,2,3,0,0,1,0,0,0,0,0,1,0,0,0,0,0,0,0.7551853657,1,3.75,1666.666626,21920.13867
mid4130002,413,1671831,1671,2,1,1,1,0,0,1,0,0,1,0,0,0,0,0,1,0,3.193994284,1,3.75,2000,20670.13867
mid4100002,410,1671831,1671,2,3,1,0,1,0,0,0,0,1,0,0,0,0,0,0,0,0.5352585912,0,3.333333254,4000,11706.79004
mid4130023,413,1671831,1671,2,1,1,1,0,0,1,0,0,1,0,0,0,0,0,1,0,2.595100641,0,3.75,2000,20670.13867
mid4110005,411,1671831,1671,2,3,0,1,0,1,0,1,0,0,1,0,0,0,0,0,0,0.5157382488,1,3.75,2333.333252,19420.13867
mid4100016,410,1671831,1671,2,3,1,0,1,0,0,0,0,1,0,0,0,0,0,0,0,2.269104958,1,7.5,2000,41340.27734
mid4130005,413,1671831,1671,2,1,0,1,0,0,1,0,0,0,1,0,0,0,0,1,0,0.5157382488,0,0,,0
mid4100014,410,1671831,1671,2,3,0,0,1,0,0,0,0,0,1,0,0,0,0,0,0,0.6478409767,0,0,,0
mid4130001,413,1671831,1671,2,1,0,1,0,0,1,0,0,0,1,0,0,0,0,1,0,0.5157382488,1,3.75,2000,20670.13867
mid4110014,411,1671831,1671,2,3,1,1,0,1,0,1,0,1,0,0,0,0,0,0,0,2.595100641,0,0,,0
mid4080031,408,1671831,1671,2,2,1,0,1,0,0,0,0,1,0,0,0,0,0,0,1,0.5352585912,1,5,2600,24560.18555
mid4110016,411,1671831,1671,2,3,0,1,0,1,0,1,0,0,1,0,0,0,0,0,0,0.5157382488,0,0,,0
mid4060004,406,1671831,1671,2,2,0,1,0,1,1,1,1,0,0,0,0,0,0,0,1,0.5157382488,1,7.5,2266.666748,39340.27734
mid4100006,410,1671831,1671,2,3,0,0,1,0,0,0,0,0,1,0,0,0,0,0,0,0.6478409767,0,0,,0
mid4080045,408,1671831,1671,2,2,0,0,1,0,0,0,0,0,1,0,0,0,0,0,1,0.7551853657,1,5,3000,22560.18555
mid4060038,406,1671831,1671,2,2,0,1,0,1,1,1,1,0,0,0,0,0,0,0,1,0.5157382488,0,0,,0
mid4100015,410,1671831,1671,2,3,0,0,1,0,0,0,0,0,1,0,0,0,0,0,0,0.7551853657,1,3.75,4000,13170.13867
mid4060022,406,1671831,1671,2,2,1,1,0,1,1,1,1,0,0,0,0,0,0,0,1,2.595100641,1,15,2400,76680.55469
mid4060016,406,1671831,1671,2,2,0,1,0,1,1,1,0,0,1,0,0,0,0,0,1,0.5157382488,0,3.75,2400,19170.13867
mid4080044,408,1671831,1671,2,2,1,0,1,0,0,0,0,1,0,0,0,0,0,0,1,2.105260134,1,5,2600,24560.18555
mid4060024,406,1671831,1671,2,2,0,1,0,1,1,1,0,0,1,0,0,0,0,0,1,0.5157382488,0,0,,0
mid4100004,410,1671831,1671,2,3,1,0,1,0,0,0,0,1,0,0,0,0,0,0,0,2.105260134,1,3.75,4000,13170.13867
mid4090001,409,1671831,1671,2,1,0,1,0,1,0,1,0,0,1,0,0,0,0,1,0,0.5157382488,0,3.5,2571.428467,17292.12891
mid4130028,413,1671831,1671,2,1,0,1,0,0,1,0,0,0,1,0,0,0,0,1,0,0.5157382488,0,3.75,2000,20670.13867
mid4110003,411,1671831,1671,2,3,0,1,0,1,0,1,0,1,0,0,0,0,0,0,0,0.5157382488,0,0,,0
mid4090013,409,1671831,1671,2,1,0,1,0,1,0,1,0,0,1,0,0,0,0,1,0,0.5157382488,1,7.5,2533.333252,37340.27734
mid4130018,413,1671831,1671,2,1,0,1,0,0,1,0,0,0,1,0,0,0,0,1,0,0.5157382488,0,0,,0
mid4080026,408,1671831,1671,2,2,0,0,1,0,0,0,1,0,0,0,0,0,0,0,1,0.7594060302,0,0,,0
mid4100012,410,1671831,1671,2,3,0,0,1,0,0,0,0,0,1,0,0,0,0,0,0,0.6478409767,0,0,,0
mid4130025,413,1671831,1671,2,1,0,1,0,0,1,0,0,0,1,0,0,0,0,1,0,0.5157382488,0,0,,0
mid4060023,406,1671831,1671,2,2,0,1,0,1,1,1,1,0,0,0,0,0,0,0,1,0.5157382488,1,5,2400,25560.18555
mid4110002,411,1671831,1671,2,3,0,1,0,1,0,1,0,0,1,0,0,0,0,0,0,0.5157382488,0,0,,0
mid4090045,409,1671831,1671,2,1,1,1,0,1,0,1,0,1,0,0,0,0,0,1,0,2.595100641,1,7.5,2533.333252,37340.27734
mid4100018,410,1671831,1671,2,3,1,0,1,0,0,0,0,1,0,0,0,0,0,0,0,0.5106531978,1,6,2500,30072.22266
mid4110013,411,1671831,1671,2,3,0,1,0,1,0,1,0,0,1,0,0,0,0,0,0,0.5157382488,0,1.25,4000,4390.046387
mid3570006,357,1671931,1671,2,1,1,1,0,0,1,0,0,1,0,0,0,0,0,1,0,0.9693930149,1,7,2500,35084.25781
mid3630034,363,1671931,1671,2,2,0,0,1,0,0,0,0,0,1,0,0,0,0,0,1,1.008426785,1,3.75,3000,16920.13867
mid3570026,357,1671931,1671,2,1,1,1,0,0,1,0,0,1,0,0,0,0,0,1,0,0.9693930149,1,8.5,2500,42602.3125
mid3650028,365,1671931,1671,2,3,1,1,0,0,1,0,1,0,0,0,0,0,0,0,0,0.9693930149,1,3,2250,15786.11133
mid3590027,359,1671931,1671,2,2,1,1,0,1,1,0,1,0,0,0,0,0,0,0,1,1.501033783,0,3.75,2000,20670.13867
mid3650005,365,1671931,1671,2,3,1,1,0,0,1,0,0,1,0,0,0,0,0,0,0,0.9693930149,1,3,2250,15786.11133
mid3660037,366,1671931,1671,2,3,1,0,1,0,0,0,0,1,0,0,0,0,0,0,0,2.040712595,1,5,2500,25060.18555
mid3660023,366,1671931,1671,2,3,0,0,1,0,0,0,0,0,1,0,0,0,0,0,0,1.008426785,1,3,2500,15036.11133
mid3630006,363,1671931,1671,2,2,0,0,1,0,0,0,0,0,1,0,0,0,0,0,1,1.008426785,1,5,3000,22560.18555
mid3620019,362,1671931,1671,2,1,0,1,0,1,0,0,0,0,1,0,0,0,0,1,0,0.6574222445,1,2.5,2600,12280.09277
mid3660012,366,1671931,1671,2,3,1,0,1,0,0,0,0,1,0,0,0,0,0,0,0,0.3182317317,1,2.25,2500,11277.08398
mid3570042,357,1671931,1671,2,1,0,1,0,0,1,0,0,0,1,0,0,0,0,1,0,0.6574222445,1,5.25,2500,26313.19336
mid3620004,362,1671931,1671,2,1,0,1,0,1,0,0,0,0,1,0,0,0,0,1,0,0.6574222445,0,0,,0
mid3630025,363,1671931,1671,2,2,1,0,1,0,0,0,0,1,0,0,0,0,0,0,1,2.199533939,1,5,3000,22560.18555
mid3570016,357,1671931,1671,2,1,1,1,0,0,1,0,0,1,0,0,0,0,0,1,0,1.501033783,0,4.75,2500,23807.17578
mid3620010,362,1671931,1671,2,1,0,1,0,1,0,0,0,0,1,0,0,0,0,1,0,0.6574222445,1,5,2600,24560.18555
mid3650007,365,1671931,1671,2,3,0,1,0,0,1,0,0,0,1,0,0,0,0,0,0,0.6574222445,1,4,2250,21048.14844
mid3630008,363,1671931,1671,2,2,1,0,1,0,0,0,0,1,0,0,0,0,0,0,1,0.3182317317,1,5,3000,22560.18555
mid3650031,365,1671931,1671,2,3,1,1,0,0,1,0,0,0,1,0,0,0,0,0,0,1.501033783,1,3,2250,15786.11133
mid3590008,359,1671931,1671,2,2,0,1,0,1,1,0,0,0,1,0,0,0,0,0,1,0.6574222445,0,1.125,2666.666748,5451.041992
mid3570028,357,1671931,1671,2,1,1,1,0,0,1,0,0,1,0,0,0,0,0,1,0,1.501033783,1,5.5,2416.666748,28191.20312
mid3630032,363,1671931,1671,2,2,1,0,1,0,0,0,0,1,0,0,0,0,0,0,1,2.040712595,1,5,3000,22560.18555
mid3590035,359,1671931,1671,2,2,1,1,0,1,1,0,0,1,0,0,0,0,0,0,1,1.501033783,1,1,3000,4512.037109
mid3590034,359,1671931,1671,2,2,0,1,0,1,1,0,0,0,1,0,0,0,0,0,1,0.6574222445,0,1.25,2400,6390.046387
mid3660003,366,1671931,1671,2,3,1,0,1,0,0,0,0,1,0,0,0,0,0,0,0,2.199533939,1,3,2500,15036.11133
mid3620029,362,1671931,1671,2,1,0,1,0,1,0,0,1,0,0,0,0,0,0,1,0,0.6574222445,1,3.75,2600,18420.13867
mid3570003,357,1671931,1671,2,1,0,1,0,0,1,0,0,0,1,0,0,0,0,1,0,0.6574222445,1,7,2285.714355,36584.25781
mid3630027,363,1671931,1671,2,2,0,0,1,0,0,0,0,0,1,0,0,0,0,0,1,1.008426785,0,0,,0
mid3650010,365,1671931,1671,2,3,1,1,0,0,1,0,0,1,0,0,0,0,0,0,0,0.9693930149,1,3,2250,15786.11133
mid3590012,359,1671931,1671,2,2,0,1,0,1,1,0,1,0,0,0,0,0,0,0,1,0.6574222445,0,1,3000,4512.037109
mid3570032,357,1671931,1671,2,1,1,1,0,0,1,0,0,1,0,0,0,0,0,1,0,1.501033783,1,6,2750,28822.22266
mid3630030,363,1671931,1671,2,2,0,0,1,0,0,0,1,0,0,0,0,0,0,0,1,1.014062881,1,3.75,3000,16920.13867
mid3620024,362,1671931,1671,2,1,1,1,0,1,0,0,0,1,0,0,0,0,0,1,0,1.501033783,1,3.75,2600,18420.13867
mid3620001,362,1671931,1671,2,1,0,1,0,1,0,0,0,0,1,0,0,0,0,1,0,0.6574222445,0,0,,0
mid3650036,365,1671931,1671,2,3,0,1,0,0,1,0,0,0,1,0,0,0,0,0,0,0.6574222445,1,3,2250,15786.11133
mid3620025,362,1671931,1671,2,1,0,1,0,1,0,0,0,0,1,0,0,0,0,1,0,0.6574222445,0,0,,0
mid3630026,363,1671931,1671,2,2,1,0,1,0,0,0,1,0,0,0,0,0,0,0,1,0.3519347608,1,4,2500,20048.14844
mid3570019,357,1671931,1671,2,1,1,1,0,0,1,0,0,0,1,0,0,0,0,1,0,0.9693930149,0,4.5,2500,22554.16797
mid3650008,365,1671931,1671,2,3,1,1,0,0,1,0,1,0,0,0,0,0,0,0,0,1.501033783,1,3,2250,15786.11133
mid3630013,363,1671931,1671,2,2,1,0,1,0,0,0,0,1,0,0,0,0,0,0,1,0.3182317317,1,6.25,3000,28200.23242
mid3660025,366,1671931,1671,2,3,0,0,1,0,0,0,0,0,1,0,0,0,0,0,0,1.008426785,1,3,2500,15036.11133
mid3570008,357,1671931,1671,2,1,1,1,0,0,1,0,0,1,0,0,0,0,0,1,0,0.9693930149,1,8.75,2500,43855.32031
mid3660032,366,1671931,1671,2,3,1,0,1,0,0,0,0,0,1,0,0,0,0,0,0,1.187779784,1,4.5,2500,22554.16797
mid3650014,365,1671931,1671,2,3,1,1,0,0,1,0,0,1,0,0,0,0,0,0,0,1.501033783,1,3,2000,16536.11133
mid3650030,365,1671931,1671,2,3,1,1,0,0,1,0,1,0,0,0,0,0,0,0,0,1.501033783,1,4,2250,21048.14844
mid3590020,359,1671931,1671,2,2,0,1,0,1,1,0,0,0,1,0,0,0,0,0,1,0.6574222445,0,1.125,2666.666748,5451.041992
mid3660024,366,1671931,1671,2,3,1,0,1,0,0,0,0,1,0,0,0,0,0,0,0,0.3036028743,1,2.25,2500,11277.08398
mid3660031,366,1671931,1671,2,3,1,0,1,0,0,0,0,1,0,0,0,0,0,0,0,2.040712595,0,0,,0
mid3660014,366,1671931,1671,2,3,1,0,1,0,0,0,0,1,0,0,0,0,0,0,0,0.3036028743,1,3,2500,15036.11133
mid4470006,447,1805279,1805,2,3,0,0,1,0,0,0,0,0,1,0,0,0,0,0,0,1.014356375,1,6.666666508,1800,38080.24609
mid4500016,450,1805279,1805,2,3,0,0,1,0,0,0,0,0,1,0,0,0,0,0,0,1.014356375,1,5,2000,27560.18555
mid4500030,450,1805279,1805,2,3,1,0,1,0,0,0,0,1,0,0,0,0,0,0,0,0.9509152174,1,5,2000,27560.18555
mid4500037,450,1805279,1805,2,3,1,0,1,0,0,0,0,1,0,0,0,0,0,0,0,1.337352991,0,0,,0
mid4370011,437,1805279,1805,2,1,1,1,0,0,1,1,0,1,0,0,0,0,0,1,0,1.321453094,0,6.666666508,2000,36746.91406
mid4340013,434,1805279,1805,2,2,1,1,0,0,1,1,0,1,0,0,0,0,0,0,1,1.321453094,1,3.75,2400,19170.13867
mid4370008,437,1805279,1805,2,1,1,1,0,0,1,1,0,1,0,0,0,0,0,1,0,1.47661984,0,0,,0
mid4310001,431,1805279,1805,2,2,1,1,0,1,0,1,1,0,0,0,0,0,0,0,1,1.321453094,0,1.666666627,2200,8853.395508
mid4470022,447,1805279,1805,2,3,1,0,1,0,0,0,0,1,0,0,0,0,0,0,0,1.240787029,0,2,2500,10024.07422
mid4470035,447,1805279,1805,2,3,0,0,1,0,0,0,0,0,1,0,0,0,0,0,0,1.014356375,1,3,2500,15036.11133
mid4370034,437,1805279,1805,2,1,1,1,0,0,1,1,0,1,0,0,0,0,0,1,0,1.47661984,1,6.666666508,2000,36746.91406
mid4500028,450,1805279,1805,2,3,1,0,1,0,0,0,0,0,1,0,0,0,0,0,0,1.032520413,0,3.333333254,2000,18373.45703
mid4370003,437,1805279,1805,2,1,0,1,0,0,1,1,0,0,1,0,0,0,0,1,0,0.6129674911,1,6.666666508,2000,36746.91406
mid4500039,450,1805279,1805,2,3,0,0,1,0,0,0,0,0,1,0,0,0,0,0,0,1.014356375,1,4,2500,20048.14844
mid4470001,447,1805279,1805,2,3,1,0,1,0,0,0,1,0,0,0,0,0,0,0,0,1.039924026,0,2,2500,10024.07422
mid4470020,447,1805279,1805,2,3,1,0,1,0,0,0,0,1,0,0,0,0,0,0,0,0.9072024226,1,4.666666508,2142.857178,25056.17188
mid4470012,447,1805279,1805,2,3,0,0,1,0,0,0,0,0,1,0,0,0,0,0,0,1.014356375,1,3.5,2142.857178,18792.12891
mid4310015,431,1805279,1805,2,2,0,1,0,1,0,1,0,0,1,0,0,0,0,0,1,0.6129674911,1,5,2200,26560.18555
mid4470014,447,1805279,1805,2,3,1,0,1,0,0,0,1,0,0,0,0,0,0,0,0,1.039924026,1,8,2500,40096.29688
mid4340019,434,1805279,1805,2,2,0,1,0,0,1,1,1,0,0,0,0,0,0,0,1,0.6129674911,1,1.25,2400,6390.046387
mid4500006,450,1805279,1805,2,3,1,0,1,0,0,0,0,1,0,0,0,0,0,0,0,1.337352991,0,0,,0
mid4370038,437,1805279,1805,2,1,1,1,0,0,1,1,0,1,0,0,0,0,0,1,0,1.47661984,1,3.333333254,2000,18373.45703
mid4470030,447,1805279,1805,2,3,1,0,1,0,0,0,1,0,0,0,0,0,0,0,0,1.039924026,1,4.333333492,2307.692383,22552.16211
mid4500034,450,1805279,1805,2,3,0,0,1,0,0,0,0,0,1,0,0,0,0,0,0,1.014356375,0,0,,0
mid4340012,434,1805279,1805,2,2,1,1,0,0,1,1,0,1,0,0,0,0,0,0,1,1.47661984,1,5,2400,25560.18555
mid4370045,437,1805279,1805,2,1,1,1,0,0,1,1,0,1,0,0,0,0,0,1,0,1.321453094,1,5,2000,27560.18555
mid4470013,447,1805279,1805,2,3,1,0,1,0,0,0,0,1,0,0,0,0,0,0,0,0.9509152174,1,4.666666508,2142.857178,25056.17188
mid4350023,435,1805279,1805,2,1,1,0,1,0,0,0,0,1,0,0,0,0,0,1,0,1.240787029,1,3.333333254,2000,18373.45703
mid4340029,434,1805279,1805,2,2,1,1,0,0,1,1,1,0,0,0,0,0,0,0,1,1.321453094,1,1.75,2000,9646.064453
mid4370041,437,1805279,1805,2,1,1,1,0,0,1,1,0,1,0,0,0,0,0,1,0,1.321453094,1,6.666666508,2000,36746.91406
mid4350009,435,1805279,1805,2,1,0,0,1,0,0,0,0,0,1,0,0,0,0,1,0,1.014356375,1,6.666666508,2000,36746.91406
mid4350008,435,1805279,1805,2,1,1,0,1,0,0,0,0,0,1,0,0,0,0,1,0,1.032520413,1,6.666666508,2000,36746.91406
mid4350041,435,1805279,1805,2,1,0,0,1,0,0,0,0,0,1,0,0,0,0,1,0,1.014356375,0,3.333333254,2000,18373.45703
mid4340014,434,1805279,1805,2,2,0,1,0,0,1,1,0,0,1,0,0,0,0,0,1,0.6129674911,0,0,,0
mid4330007,433,1805279,1805,2,2,0,1,0,0,0,1,0,0,1,0,0,0,0,0,1,0.6129674911,1,12,2500,60144.44531
mid4370023,437,1805279,1805,2,1,0,1,0,0,1,1,0,0,1,0,0,0,0,1,0,0.6129674911,0,4,2500,20048.14844
mid4330013,433,1805279,1805,2,2,0,1,0,0,0,1,0,0,1,0,0,0,0,0,1,0.6129674911,0,0,,0
mid4500036,450,1805279,1805,2,3,1,0,1,0,0,0,1,0,0,0,0,0,0,0,0,1.039924026,0,1.666666627,2000,9186.728516
mid4310027,431,1805279,1805,2,2,1,1,0,1,0,1,1,0,0,0,0,0,0,0,1,1.321453094,1,5,2200,26560.18555
mid4330028,433,1805279,1805,2,2,0,1,0,0,0,1,0,0,1,0,0,0,0,0,1,0.6129674911,0,0,,0
mid4320012,432,1805279,1805,2,1,1,1,0,1,0,0,0,1,0,0,0,0,0,1,0,1.321453094,0,0,,0
mid4310052,431,1805279,1805,2,2,0,1,0,1,0,1,0,0,1,0,0,0,0,0,1,0.6129674911,1,3.333333254,2200,17706.79102
mid4320028,432,1805279,1805,2,1,0,1,0,1,0,0,0,0,1,0,0,0,0,1,0,0.6129674911,1,15,2333.333252,77680.55469
mid4370019,437,1805279,1805,2,1,1,1,0,0,1,1,0,1,0,0,0,0,0,1,0,1.321453094,1,3.333333254,2000,18373.45703
mid4330033,433,1805279,1805,2,2,0,1,0,0,0,1,1,0,0,0,0,0,0,0,1,0.6129674911,0,2.666666746,2500,13365.43262
mid4340017,434,1805279,1805,2,2,1,1,0,0,1,1,0,1,0,0,0,0,0,0,1,1.321453094,0,2.25,2000,12402.08398
mid4330014,433,1805279,1805,2,2,1,1,0,0,0,1,1,0,0,0,0,0,0,0,1,1.47661984,0,2.666666746,2500,13365.43262
mid4350025,435,1805279,1805,2,1,1,0,1,0,0,0,1,0,0,0,0,0,0,1,0,1.039924026,1,5,2000,27560.18555
mid4340005,434,1805279,1805,2,2,0,1,0,0,1,1,0,0,1,0,0,0,0,0,1,0.6129674911,1,3.75,2400,19170.13867
mid4330022,433,1805279,1805,2,2,1,1,0,0,0,1,0,1,0,0,0,0,0,0,1,1.321453094,0,0,,0
mid4330025,433,1805279,1805,2,2,1,1,0,0,0,1,1,0,0,0,0,0,0,0,1,1.321453094,0,2.5,2666.666748,12113.42578
mid4310036,431,1805279,1805,2,2,1,1,0,1,0,1,0,1,0,0,0,0,0,0,1,1.321453094,1,5,2200,26560.18555
mid4320022,432,1805279,1805,2,1,1,1,0,1,0,0,0,1,0,0,0,0,0,1,0,1.321453094,1,2.666666746,2750,12698.76562
mid4370015,437,1805279,1805,2,1,1,1,0,0,1,1,0,0,1,0,0,0,0,1,0,1.321453094,1,6.666666508,1000,43413.58203
mid4320031,432,1805279,1805,2,1,0,1,0,1,0,0,0,0,1,0,0,0,0,1,0,0.6129674911,1,4,2750,19048.14844
mid4320027,432,1805279,1805,2,1,1,1,0,1,0,0,0,1,0,0,0,0,0,1,0,1.321453094,1,10,2333.333252,51787.03516
mid4350006,435,1805279,1805,2,1,1,0,1,0,0,0,0,1,0,0,0,0,0,1,0,0.9072024226,0,3.333333254,2000,18373.45703
mid4320025,432,1805279,1805,2,1,0,1,0,1,0,0,0,0,1,0,0,0,0,1,0,0.6129674911,1,5,2200,26560.18555
mid4330032,433,1805279,1805,2,2,0,1,0,0,0,1,0,0,1,0,0,0,0,0,1,0.6129674911,0,0,,0
mid4310009,431,1805279,1805,2,2,0,1,0,1,0,1,0,0,1,0,0,0,0,0,1,0.6129674911,1,5,2400,25560.18555
mid4350022,435,1805279,1805,2,1,0,0,1,0,0,0,0,0,1,0,0,0,0,1,0,1.014356375,0,0,,0
mid4310046,431,1805279,1805,2,2,0,1,0,1,0,1,0,0,1,0,0,0,0,0,1,0.6129674911,1,6,2000,33072.22266
mid4320018,432,1805279,1805,2,1,0,1,0,1,0,0,0,0,1,0,0,0,0,1,0,0.6129674911,1,5,2000,27560.18555
mid4310040,431,1805279,1805,2,2,0,1,0,1,0,1,1,0,0,0,0,0,0,0,1,0.6129674911,0,3.333333254,2200,17706.79102
mid4500012,450,1805279,1805,2,3,1,0,1,0,0,0,1,0,0,0,0,0,0,0,0,1.039924026,0,0,,0
mid4310047,431,1805279,1805,2,2,1,1,0,1,0,1,0,1,0,0,0,0,0,0,1,1.321453094,0,3.333333254,2200,17706.79102
mid4470034,447,1805279,1805,2,3,1,0,1,0,0,0,1,0,0,0,0,0,0,0,0,1.039924026,1,7,2142.857178,37584.25781
mid4350034,435,1805279,1805,2,1,1,0,1,0,0,0,0,1,0,0,0,0,0,1,0,1.337352991,1,6.666666508,2000,36746.91406
mid4350043,435,1805279,1805,2,1,1,0,1,0,0,0,0,1,0,0,0,0,0,1,0,0.9509152174,1,5,2000,27560.18555
mid4340031,434,1805279,1805,2,2,0,1,0,0,1,1,0,1,0,0,0,0,0,0,1,0.6129674911,1,3.5,2000,19292.12891
mid4370028,437,1805279,1805,2,1,0,1,0,0,1,1,0,0,1,0,0,0,0,1,0,0.6129674911,0,2.5,2000,13780.09277
mid4500042,450,1805279,1805,2,3,1,0,1,0,0,0,0,1,0,0,0,0,0,0,0,0.9509152174,0,0,,0
mid4330027,433,1805279,1805,2,2,1,1,0,0,0,1,0,1,0,0,0,0,0,0,1,1.321453094,1,11.19999981,2708.333252,54134.81641
mid4340026,434,1805279,1805,2,2,1,1,0,0,1,1,0,1,0,0,0,0,0,0,1,1.321453094,1,3.75,2400,19170.13867
mid4340023,434,1805279,1805,2,2,0,1,0,0,1,1,0,0,1,0,0,0,0,0,1,0.6129674911,0,0,,0
mid4470009,447,1805279,1805,2,3,0,0,1,0,0,0,0,0,1,0,0,0,0,0,0,1.014356375,1,7,2142.857178,37584.25781
mid4330015,433,1805279,1805,2,2,1,1,0,0,0,1,1,0,0,0,0,0,0,0,1,1.47661984,1,8,2500,40096.29688
mid4340021,434,1805279,1805,2,2,0,1,0,0,1,1,0,0,1,0,0,0,0,0,1,0.6129674911,0,0,,0
mid4500029,450,1805279,1805,2,3,1,0,1,0,0,0,0,1,0,0,0,0,0,0,0,1.240787029,0,3.333333254,2000,18373.45703
mid4310051,431,1805279,1805,2,2,0,1,0,1,0,1,1,0,0,0,0,0,0,0,1,0.6129674911,1,2,2000,11024.07422
mid4350042,435,1805279,1805,2,1,1,0,1,0,0,0,0,1,0,0,0,0,0,1,0,0.9072024226,1,8.5,2000,46852.3125
mid4330018,433,1805279,1805,2,2,1,1,0,0,0,1,0,1,0,0,0,0,0,0,1,1.321453094,1,6.666666508,2800,31413.58008
mid4350011,435,1805279,1805,2,1,1,0,1,0,0,0,1,0,0,0,0,0,0,1,0,1.039924026,0,2.333333254,2857.142822,10861.41992
mid5270024,527,1805351,1805,2,3,1,1,0,0,0,0,1,0,0,0,0,0,0,0,0,0.9706349969,0,3.333333254,2000,18373.45703
mid5100030,510,1805351,1805,2,3,1,1,0,0,1,0,1,0,0,0,0,0,0,0,0,0.9706349969,1,5,2133.333252,26893.51758
mid5170030,517,1805351,1805,2,3,0,1,0,1,1,1,0,0,1,0,0,0,0,0,0,0.9239150286,1,6.333333492,2083.333252,34576.23438
mid5210009,521,1805351,1805,2,2,0,0,1,0,0,0,0,0,1,0,0,0,0,0,1,0.5220304132,1,3.333333254,2000,18373.45703
mid5100017,510,1805351,1805,2,3,1,1,0,0,1,0,0,1,0,0,0,0,0,0,0,0.9706349969,1,7.5,2000,41340.27734
mid5260021,526,1805351,1805,2,1,0,1,0,0,1,0,0,0,1,0,0,0,0,1,0,0.9239150286,1,5,2000,27560.18555
mid5150019,515,1805351,1805,2,1,0,0,1,0,0,0,0,0,1,0,0,0,0,1,0,0.5220304132,1,1.75,2857.142822,8146.064941
mid5060004,506,1805351,1805,2,1,1,0,1,0,0,0,0,1,0,0,0,0,0,1,0,1.557435155,1,3,2000,16536.11133
mid5060027,506,1805351,1805,2,1,0,0,1,0,0,0,0,0,1,0,0,0,0,1,0,0.5220304132,1,3,2000,16536.11133
mid5100018,510,1805351,1805,2,3,1,1,0,0,1,0,0,1,0,0,0,0,0,0,0,1.36690557,1,13.33333302,2000,73493.82812
mid5120042,512,1805351,1805,2,2,0,0,1,0,0,0,1,0,0,0,0,0,0,0,1,0.5249480009,1,3,2166.666748,16036.11133
mid5040005,504,1805351,1805,2,1,1,1,0,1,1,0,1,0,0,0,0,0,0,1,0,0.9706349969,1,2.333333254,1928.571411,13028.08594
mid5040004,504,1805351,1805,2,1,0,1,0,1,1,0,0,0,1,0,0,0,0,1,0,0.9239150286,1,3.333333254,2700,16040.12402
mid5100019,510,1805351,1805,2,3,0,1,0,0,1,0,0,0,1,0,0,0,0,0,0,0.9239150286,1,7.5,2000,41340.27734
mid5040021,504,1805351,1805,2,1,1,1,0,1,1,0,0,1,0,0,0,0,0,1,0,0.9706349969,1,7.333333492,2004.761963,40754.9375
mid5210024,521,1805351,1805,2,2,0,0,1,0,0,0,0,0,1,0,0,0,0,0,1,0.5220304132,1,1.666666627,2000,9186.728516
mid5270032,527,1805351,1805,2,3,1,1,0,0,0,0,0,1,0,0,0,0,0,0,0,0.9706349969,1,1.666666627,2000,9186.728516
mid5260023,526,1805351,1805,2,1,1,1,0,0,1,0,0,1,0,0,0,0,0,1,0,0.9706349969,1,5,2000,27560.18555
mid5180024,518,1805351,1805,2,2,1,1,0,1,0,1,0,1,0,0,0,0,0,0,1,0.9706349969,1,6.666666508,2000,36746.91406
mid5060010,506,1805351,1805,2,1,1,0,1,0,0,0,0,1,0,0,0,0,0,1,0,1.736524224,1,3,2000,16536.11133
mid5210004,521,1805351,1805,2,2,0,0,1,0,0,0,0,1,0,0,0,0,0,0,1,0.5050497651,1,20,,110240.7422
mid5120009,512,1805351,1805,2,2,1,0,1,0,0,0,1,0,0,0,0,0,0,0,1,1.305312157,1,3,2166.666748,16036.11133
mid5200021,520,1805351,1805,2,1,0,1,0,1,0,1,0,0,1,0,0,0,0,1,0,0.9239150286,1,5,2000,27560.18555
mid5040012,504,1805351,1805,2,1,1,1,0,1,1,0,0,1,0,0,0,0,0,1,0,0.9706349969,1,7.5,2000,41340.27734
mid5040033,504,1805351,1805,2,1,0,1,0,1,1,0,0,0,1,0,0,0,0,1,0,0.9239150286,0,0,,0
mid5120037,512,1805351,1805,2,2,1,0,1,0,0,0,0,1,0,0,0,0,0,0,1,1.557435155,1,5,2000,27560.18555
mid5170019,517,1805351,1805,2,3,1,1,0,1,1,1,0,0,1,0,0,0,0,0,0,0.9706349969,1,4.333333492,1923.076904,24218.82812
mid5150024,515,1805351,1805,2,1,1,0,1,0,0,0,0,1,0,0,0,0,0,1,0,1.557435155,1,7.5,2000,41340.27734
mid5200008,520,1805351,1805,2,1,0,1,0,1,0,1,0,0,1,0,0,0,0,1,0,0.9239150286,1,7.5,2144.444336,40340.27734
mid5060032,506,1805351,1805,2,1,1,0,1,0,0,0,1,0,0,0,0,0,0,1,0,1.305312157,1,3,2000,16536.11133
mid5270047,527,1805351,1805,2,3,1,1,0,0,0,0,1,0,0,0,0,0,0,0,0,0.9706349969,1,1.666666627,2000,9186.728516
mid5260028,526,1805351,1805,2,1,0,1,0,0,1,0,0,0,1,0,0,0,0,1,0,0.9239150286,1,5,2000,27560.18555
mid5120032,512,1805351,1805,2,2,1,0,1,0,0,0,0,1,0,0,0,0,0,0,1,1.820197225,1,3,2166.666748,16036.11133
mid5180006,518,1805351,1805,2,2,1,1,0,1,0,1,0,0,1,0,0,0,0,0,1,0.9706349969,1,3.333333254,2000,18373.45703
mid5180042,518,1805351,1805,2,2,1,1,0,1,0,1,1,0,0,0,0,0,0,0,1,0.9706349969,1,3.333333254,2000,18373.45703
mid5150033,515,1805351,1805,2,1,1,0,1,0,0,0,0,1,0,0,0,0,0,1,0,1.736524224,1,7.5,2000,41340.27734
mid5060033,506,1805351,1805,2,1,0,0,1,0,0,0,0,0,1,0,0,0,0,1,0,0.5220304132,1,3,2000,16536.11133
mid5100045,510,1805351,1805,2,3,1,1,0,0,1,0,0,1,0,0,0,0,0,0,0,1.36690557,1,3.333333254,2000,18373.45703
mid5260016,526,1805351,1805,2,1,1,1,0,0,1,0,0,1,0,0,0,0,0,1,0,1.36690557,1,5,2000,27560.18555
mid5270029,527,1805351,1805,2,3,0,1,0,0,0,0,0,0,1,0,0,0,0,0,0,0.9239150286,1,3.333333254,2000,18373.45703
mid5270035,527,1805351,1805,2,3,1,1,0,0,0,0,0,1,0,0,0,0,0,0,0,1.36690557,0,1.666666627,2200,8853.395508
mid5270002,527,1805351,1805,2,3,0,1,0,0,0,0,0,0,1,0,0,0,0,0,0,0.9239150286,1,1.666666627,2000,9186.728516
mid5180012,518,1805351,1805,2,2,0,1,0,1,0,1,0,0,1,0,0,0,0,0,1,0.9239150286,1,6.666666508,2000,36746.91406
mid5270040,527,1805351,1805,2,3,1,1,0,0,0,0,1,0,0,0,0,0,0,0,0,0.9706349969,1,3.333333254,2000,18373.45703
mid5180020,518,1805351,1805,2,2,1,1,0,1,0,1,1,0,0,0,0,0,0,0,1,0.9706349969,1,6.666666508,2000,36746.91406
mid5060028,506,1805351,1805,2,1,0,0,1,0,0,0,0,0,1,0,0,0,0,1,0,0.5220304132,1,3,2000,16536.11133
mid5100031,510,1805351,1805,2,3,0,1,0,0,1,0,0,0,1,0,0,0,0,0,0,0.9239150286,0,0,,0
mid5200018,520,1805351,1805,2,1,1,1,0,1,0,1,0,1,0,0,0,0,0,1,0,0.9706349969,1,5.833333492,2222.222168,30820.2168
mid5100013,510,1805351,1805,2,3,1,1,0,0,1,0,1,0,0,0,0,0,0,0,0,0.9706349969,1,5,2400,25560.18555
mid5260018,526,1805351,1805,2,1,1,1,0,0,1,0,0,1,0,0,0,0,0,1,0,0.9706349969,1,6.666666508,2000,36746.91406
mid5200015,520,1805351,1805,2,1,0,1,0,1,0,1,1,0,0,0,0,0,0,1,0,0.9239150286,1,2.5,2933.333252,11446.75879
mid5260005,526,1805351,1805,2,1,0,1,0,0,1,0,0,0,1,0,0,0,0,1,0,0.9239150286,0,0,,0
mid5210021,521,1805351,1805,2,2,0,0,1,0,0,0,0,0,1,0,0,0,0,0,1,0.5220304132,0,0,,0
mid5120007,512,1805351,1805,2,2,0,0,1,0,0,0,0,0,1,0,0,0,0,0,1,0.5220304132,0,0,,0
mid5170006,517,1805351,1805,2,3,1,1,0,1,1,1,0,0,1,0,0,0,0,0,0,0.9706349969,1,12,2166.666748,64144.44531
mid5040024,504,1805351,1805,2,1,0,1,0,1,1,0,0,0,1,0,0,0,0,1,0,0.9239150286,1,1.666666627,2000,9186.728516
mid5170023,517,1805351,1805,2,3,0,1,0,1,1,1,1,0,0,0,0,0,0,0,0,0.9239150286,1,3.333333254,2000,18373.45703
mid5260012,526,1805351,1805,2,1,1,1,0,0,1,0,0,1,0,0,0,0,0,1,0,1.36690557,1,6.666666508,2000,36746.91406
mid5270037,527,1805351,1805,2,3,1,1,0,0,0,0,1,0,0,0,0,0,0,0,0,0.9706349969,1,6.666666508,2000,36746.91406
mid5150017,515,1805351,1805,2,1,0,0,1,0,0,0,0,0,1,0,0,0,0,1,0,0.5220304132,0,0,,0
mid5180035,518,1805351,1805,2,2,1,1,0,1,0,1,0,1,0,0,0,0,0,0,1,0.9706349969,1,6.666666508,2000,36746.91406
mid5210012,521,1805351,1805,2,2,0,0,1,0,0,0,0,0,1,0,0,0,0,0,1,0.5220304132,1,5.833333492,2000,32153.54883
mid5180029,518,1805351,1805,2,2,0,1,0,1,0,1,0,0,1,0,0,0,0,0,1,0.9239150286,0,0,,0
mid5060009,506,1805351,1805,2,1,1,0,1,0,0,0,0,1,0,0,0,0,0,1,0,1.736524224,1,3,2000,16536.11133
mid5100024,510,1805351,1805,2,3,1,1,0,0,1,0,1,0,0,0,0,0,0,0,0,0.9706349969,1,8,2000,44096.29688
mid5120029,512,1805351,1805,2,2,0,0,1,0,0,0,0,0,1,0,0,0,0,0,1,0.5220304132,1,3,2166.666748,16036.11133
mid5270042,527,1805351,1805,2,3,0,1,0,0,0,0,0,0,1,0,0,0,0,0,0,0.9239150286,1,1.666666627,2000,9186.728516
mid5200011,520,1805351,1805,2,1,0,1,0,1,0,1,0,0,1,0,0,0,0,1,0,0.9239150286,1,1.666666627,2200,8853.395508
mid5040026,504,1805351,1805,2,1,0,1,0,1,1,0,0,0,1,0,0,0,0,1,0,0.9239150286,1,5,2700,24060.18555
mid5210013,521,1805351,1805,2,2,1,0,1,0,0,0,1,0,0,0,0,0,0,0,1,1.305312157,1,6.666666508,2000,36746.91406
mid5060006,506,1805351,1805,2,1,1,0,1,0,0,0,1,0,0,0,0,0,0,1,0,1.305312157,1,3,2000,16536.11133
mid5150001,515,1805351,1805,2,1,1,0,1,0,0,0,0,1,0,0,0,0,0,1,0,1.820197225,0,2.5,2000,13780.09277
mid5180025,518,1805351,1805,2,2,1,1,0,1,0,1,0,0,1,0,0,0,0,0,1,0.9706349969,1,3.333333254,2000,18373.45703
mid5260034,526,1805351,1805,2,1,1,1,0,0,1,0,0,1,0,0,0,0,0,1,0,1.36690557,1,6.666666508,2000,36746.91406
mid5170008,517,1805351,1805,2,3,1,1,0,1,1,1,0,1,0,0,0,0,0,0,0,0.9706349969,1,6,2166.666748,32072.22266
mid5100001,510,1805351,1805,2,3,0,1,0,0,1,0,0,0,1,0,0,0,0,0,0,0.9239150286,1,15,2000,82680.55469
mid5210031,521,1805351,1805,2,2,1,0,1,0,0,0,1,0,0,0,0,0,0,0,1,1.305312157,1,3.333333254,2000,18373.45703
mid5150023,515,1805351,1805,2,1,0,0,1,0,0,0,0,0,1,0,0,0,0,1,0,0.5220304132,1,2.5,2000,13780.09277
mid5150007,515,1805351,1805,2,1,1,0,1,0,0,0,0,1,0,0,0,0,0,1,0,1.736524224,1,2.5,2000,13780.09277
mid5260008,526,1805351,1805,2,1,1,1,0,0,1,0,0,1,0,0,0,0,0,1,0,0.9706349969,1,6.666666508,2000,36746.91406
mid5060042,506,1805351,1805,2,1,1,0,1,0,0,0,0,1,0,0,0,0,0,1,0,1.557435155,1,3,2000,16536.11133
mid5040032,504,1805351,1805,2,1,1,1,0,1,1,0,1,0,0,0,0,0,0,1,0,0.9706349969,1,3.333333254,1800,19040.12305
mid5210018,521,1805351,1805,2,2,0,0,1,0,0,0,0,0,1,0,0,0,0,0,1,0.5220304132,1,3.333333254,2000,18373.45703
mid5210015,521,1805351,1805,2,2,1,0,1,0,0,0,0,1,0,0,0,0,0,0,1,1.557435155,1,10,2000,55120.37109
mid5120013,512,1805351,1805,2,2,1,0,1,0,0,0,0,0,1,0,0,0,0,0,1,1.296019077,1,3,2166.666748,16036.11133
mid5060034,506,1805351,1805,2,1,1,0,1,0,0,0,1,0,0,0,0,0,0,1,0,1.305312157,1,5,3000,22560.18555
mid5170031,517,1805351,1805,2,3,0,1,0,1,1,1,0,0,1,0,0,0,0,0,0,0.9239150286,1,8,2083.333252,43429.62891
mid5200030,520,1805351,1805,2,1,1,1,0,1,0,1,0,1,0,0,0,0,0,1,0,0.9706349969,1,4.166666508,2233.333252,21966.82031
mid5260003,526,1805351,1805,2,1,0,1,0,0,1,0,0,0,1,0,0,0,0,1,0,0.9239150286,1,6.666666508,2000,36746.91406
mid5260036,526,1805351,1805,2,1,1,1,0,0,1,0,0,1,0,0,0,0,0,1,0,1.36690557,1,5,2000,27560.18555
mid5150035,515,1805351,1805,2,1,1,0,1,0,0,0,0,1,0,0,0,0,0,1,0,1.557435155,1,1.875,2666.666748,9085.069336
mid5180015,518,1805351,1805,2,2,1,1,0,1,0,1,0,1,0,0,0,0,0,0,1,0.9706349969,1,6.666666508,2000,36746.91406
mid5150031,515,1805351,1805,2,1,0,0,1,0,0,0,0,0,1,0,0,0,0,1,0,0.5220304132,0,0,,0
mid5270018,527,1805351,1805,2,3,1,1,0,0,0,0,0,1,0,0,0,0,0,0,0,1.36690557,1,3.333333254,2000,18373.45703
mid5120008,512,1805351,1805,2,2,1,0,1,0,0,0,1,0,0,0,0,0,0,0,1,1.305312157,1,3,2166.666748,16036.11133
mid5150012,515,1805351,1805,2,1,1,0,1,0,0,0,0,1,0,0,0,0,0,1,0,1.557435155,0,0,,0
mid5120041,512,1805351,1805,2,2,1,0,1,0,0,0,1,0,0,0,0,0,0,0,1,1.305312157,1,3,2166.666748,16036.11133
mid5100016,510,1805351,1805,2,3,1,1,0,0,1,0,1,0,0,0,0,0,0,0,0,0.9706349969,1,10,2500,50120.37109
mid5170009,517,1805351,1805,2,3,1,1,0,1,1,1,0,1,0,0,0,0,0,0,0,0.9706349969,1,3.5,2000,19292.12891
mid5100042,510,1805351,1805,2,3,0,1,0,0,1,0,0,0,1,0,0,0,0,0,0,0.9239150286,1,6.666666508,2000,36746.91406
mid5060035,506,1805351,1805,2,1,0,0,1,0,0,0,0,0,1,0,0,0,0,1,0,0.5220304132,1,3,1666.666626,17536.11133
mid5120017,512,1805351,1805,2,2,0,0,1,0,0,0,0,0,1,0,0,0,0,0,1,0.5220304132,1,3,2166.666748,16036.11133
mid5210008,521,1805351,1805,2,2,0,0,1,0,0,0,0,0,1,0,0,0,0,0,1,0.5220304132,1,6.666666508,2000,36746.91406
mid5210023,521,1805351,1805,2,2,0,0,1,0,0,0,0,0,1,0,0,0,0,0,1,0.5220304132,1,5,2000,27560.18555
mid5200024,520,1805351,1805,2,1,0,1,0,1,0,1,0,0,1,0,0,0,0,1,0,0.9239150286,0,0,,0
mid5200026,520,1805351,1805,2,1,0,1,0,1,0,1,1,0,0,0,0,0,0,1,0,0.9239150286,1,6.666666508,2244.444336,35080.24609
mid5150010,515,1805351,1805,2,1,1,0,1,0,0,0,0,1,0,0,0,0,0,1,0,1.678644776,0,0,,0
mid5120028,512,1805351,1805,2,2,1,0,1,0,0,0,0,1,0,0,0,0,0,0,1,1.557435155,1,3,2166.666748,16036.11133
mid5270033,527,1805351,1805,2,3,0,1,0,0,0,0,0,0,1,0,0,0,0,0,0,0.9239150286,0,0,,0
mid5510003,551,1805373,1805,2,3,1,1,0,0,0,0,1,0,0,0,0,0,0,0,0,1.185894847,1,10,2000,55120.37109
mid5510022,551,1805373,1805,2,3,0,1,0,0,0,0,0,0,1,0,0,0,0,0,0,0.9591226578,0,0,,0
mid5540017,554,1805373,1805,2,1,1,0,1,0,0,0,0,1,0,0,0,0,0,1,0,1.479589343,1,2.666666746,3250,11365.43262
mid5490007,549,1805373,1805,2,1,1,1,0,0,1,0,0,1,0,0,0,0,0,1,0,1.185894847,0,0,,0
mid5470015,547,1805373,1805,2,3,0,0,1,0,0,0,0,0,1,0,0,0,0,0,0,0.7114822865,1,7,2285.714355,36584.25781
mid5550010,555,1805373,1805,2,3,0,1,0,1,0,1,0,0,1,0,0,0,0,0,0,0.9591226578,1,6.666666508,1600,39413.58203
mid5470023,547,1805373,1805,2,3,1,0,1,0,0,0,1,0,0,0,0,0,0,0,0,1.094279051,1,7,2285.714355,36584.25781
mid5470028,547,1805373,1805,2,3,1,0,1,0,0,0,0,1,0,0,0,0,0,0,0,1.407253981,1,6.666666508,2373.626465,34080.24609
mid5490023,549,1805373,1805,2,1,1,1,0,0,1,0,0,1,0,0,0,0,0,1,0,0.7383115888,0,0,,0
mid5510017,551,1805373,1805,2,3,1,1,0,0,0,0,0,1,0,0,0,0,0,0,0,1.185894847,0,5,2000,27560.18555
mid5470030,547,1805373,1805,2,3,0,0,1,0,0,0,0,0,1,0,0,0,0,0,0,0.7114822865,0,5,2133.333252,26893.51758
mid5510026,551,1805373,1805,2,3,1,1,0,0,0,0,0,1,0,0,0,0,0,0,0,0.7383115888,0,0,,0
mid5550029,555,1805373,1805,2,3,0,1,0,1,0,1,0,0,1,0,0,0,0,0,0,0.9591226578,1,5,2000,27560.18555
mid5540014,554,1805373,1805,2,1,1,0,1,0,0,0,1,0,0,0,0,0,0,1,0,1.094279051,1,5,2600,24560.18555
mid5510007,551,1805373,1805,2,3,1,1,0,0,0,0,0,1,0,0,0,0,0,0,0,1.185894847,0,10,2000,55120.37109
mid5570010,557,1805373,1805,2,2,1,0,1,0,0,0,0,1,0,0,0,0,0,0,1,1.411573887,0,0,,0
mid5540021,554,1805373,1805,2,1,0,0,1,0,0,0,0,0,1,0,0,0,0,1,0,0.7114822865,1,3.333333254,2600,16373.45703
mid5540015,554,1805373,1805,2,1,0,0,1,0,0,0,0,0,1,0,0,0,0,1,0,0.7114822865,1,5,2600,24560.18555
mid5500030,550,1805373,1805,2,2,0,1,0,1,1,1,0,0,1,0,0,0,0,0,1,0.9591226578,1,1.666666627,1800,9520.061523
mid5490018,549,1805373,1805,2,1,1,1,0,0,1,0,0,1,0,0,0,0,0,1,0,0.7383115888,0,0,,0
mid5540028,554,1805373,1805,2,1,1,0,1,0,0,0,0,0,1,0,0,0,0,1,0,0.9348387122,1,4,3250,17048.14844
mid5490004,549,1805373,1805,2,1,1,1,0,0,1,0,0,1,0,0,0,0,0,1,0,1.185894847,0,0,,0
mid5570034,557,1805373,1805,2,2,1,0,1,0,0,0,0,1,0,0,0,0,0,0,1,1.407253981,1,5,2000,27560.18555
mid5490002,549,1805373,1805,2,1,1,1,0,0,1,0,0,0,1,0,0,0,0,1,0,1.185894847,0,0,,0
mid5490019,549,1805373,1805,2,1,1,1,0,0,1,0,0,1,0,0,0,0,0,1,0,1.185894847,0,0,,0
mid5540043,554,1805373,1805,2,1,1,0,1,0,0,0,1,0,0,0,0,0,0,1,0,1.094279051,1,8,1625,47096.29688
mid5550020,555,1805373,1805,2,3,1,1,0,1,0,1,0,1,0,0,0,0,0,0,0,1.185894847,0,5,2133.333252,26893.51758
mid5510020,551,1805373,1805,2,3,0,1,0,0,0,0,0,0,1,0,0,0,0,0,0,0.9591226578,0,0,,0
mid5510018,551,1805373,1805,2,3,1,1,0,0,0,0,0,1,0,0,0,0,0,0,0,0.7383115888,0,5,2000,27560.18555
mid5470031,547,1805373,1805,2,3,0,0,1,0,0,0,0,0,1,0,0,0,0,0,0,0.7114822865,1,4.666666508,2285.714355,24389.50586
mid5500032,550,1805373,1805,2,2,0,1,0,1,1,1,0,0,1,0,0,0,0,0,1,0.9591226578,1,3.333333254,1800,19040.12305
mid5570014,557,1805373,1805,2,2,1,0,1,0,0,0,0,1,0,0,0,0,0,0,1,1.411573887,0,0,,0
mid5570002,557,1805373,1805,2,2,1,0,1,0,0,0,0,1,0,0,0,0,0,0,1,1.407253981,1,2.5,4000,8780.092773
mid5570022,557,1805373,1805,2,2,0,0,1,0,0,0,0,0,1,0,0,0,0,0,1,0.7114822865,0,0,,0
mid5470019,547,1805373,1805,2,3,1,0,1,0,0,0,0,1,0,0,0,0,0,0,0,1.407253981,1,2.333333254,2142.857178,12528.08594
mid5550032,555,1805373,1805,2,3,1,1,0,1,0,1,1,0,0,0,0,0,0,0,0,1.185894847,1,5,2200,26560.18555
mid5540018,554,1805373,1805,2,1,1,0,1,0,0,0,0,1,0,0,0,0,0,1,0,1.411573887,1,5,2600,24560.18555
mid5540007,554,1805373,1805,2,1,1,0,1,0,0,0,0,1,0,0,0,0,0,1,0,1.407253981,1,4,3250,17048.14844
mid5510025,551,1805373,1805,2,3,0,1,0,0,0,0,0,0,1,0,0,0,0,0,0,0.9591226578,0,1.666666627,2000,9186.728516
mid5500007,550,1805373,1805,2,2,0,1,0,1,1,1,0,0,1,0,0,0,0,0,1,0.9591226578,0,0,,0
mid5490026,549,1805373,1805,2,1,1,1,0,0,1,0,0,1,0,0,0,0,0,1,0,0.7383115888,0,0,,0
mid5550037,555,1805373,1805,2,3,1,1,0,1,0,1,1,0,0,0,0,0,0,0,0,1.185894847,1,5,2200,26560.18555
mid5490017,549,1805373,1805,2,1,0,1,0,0,1,0,0,0,1,0,0,0,0,1,0,0.9591226578,0,0,,0
mid5470003,547,1805373,1805,2,3,0,0,1,0,0,0,0,0,1,0,0,0,0,0,0,0.7114822865,1,7,2285.714355,36584.25781
mid5500003,550,1805373,1805,2,2,0,1,0,1,1,1,0,0,1,0,0,0,0,0,1,0.9591226578,0,0,,0
mid5470009,547,1805373,1805,2,3,1,0,1,0,0,0,0,1,0,0,0,0,0,0,0,1.407253981,1,7.333333492,2142.857178,39754.9375
mid5470005,547,1805373,1805,2,3,1,0,1,0,0,0,0,1,0,0,0,0,0,0,0,1.407253981,0,4.666666508,2285.714355,24389.50586
mid5570003,557,1805373,1805,2,2,0,0,1,0,0,0,0,0,1,0,0,0,0,0,1,0.7114822865,0,0,,0
mid5500018,550,1805373,1805,2,2,1,1,0,1,1,1,0,1,0,0,0,0,0,0,1,1.185894847,1,5,1800,28560.18555
mid5490012,549,1805373,1805,2,1,1,1,0,0,1,0,0,1,0,0,0,0,0,1,0,0.7383115888,0,2.5,2133.333252,13446.75879
mid5540001,554,1805373,1805,2,1,1,0,1,0,0,0,0,1,0,0,0,0,0,1,0,1.407253981,1,5,2600,24560.18555
mid5500004,550,1805373,1805,2,2,1,1,0,1,1,1,0,1,0,0,0,0,0,0,1,1.185894847,1,5,1800,28560.18555
mid5470029,547,1805373,1805,2,3,1,0,1,0,0,0,0,1,0,0,0,0,0,0,0,1.407253981,1,7,2285.714355,36584.25781
mid5540004,554,1805373,1805,2,1,1,0,1,0,0,0,0,1,0,0,0,0,0,1,0,1.305640697,1,5,2600,24560.18555
mid5510009,551,1805373,1805,2,3,0,1,0,0,0,0,0,0,1,0,0,0,0,0,0,0.9591226578,0,0,,0
mid5550003,555,1805373,1805,2,3,0,1,0,1,0,1,1,0,0,0,0,0,0,0,0,0.9591226578,1,5,2133.333252,26893.51758
mid5550015,555,1805373,1805,2,3,0,1,0,1,0,1,0,0,1,0,0,0,0,0,0,0.9591226578,1,5,2133.333252,26893.51758
mid5510002,551,1805373,1805,2,3,1,1,0,0,0,0,0,1,0,0,0,0,0,0,0,0.7383115888,1,5,2000,27560.18555
mid5540003,554,1805373,1805,2,1,1,0,1,0,0,0,0,0,1,0,0,0,0,1,0,1.086488366,1,5,2600,24560.18555
mid5570039,557,1805373,1805,2,2,1,0,1,0,0,0,0,1,0,0,0,0,0,0,1,1.407253981,1,2.5,2000,13780.09277
mid5490022,549,1805373,1805,2,1,0,1,0,0,1,0,0,0,1,0,0,0,0,1,0,0.9591226578,0,0,,0
mid5470018,547,1805373,1805,2,3,1,0,1,0,0,0,0,1,0,0,0,0,0,0,0,1.407253981,1,6.666666508,3000,30080.24609
mid5570021,557,1805373,1805,2,2,0,0,1,0,0,0,0,1,0,0,0,0,0,0,1,0.6883391142,0,0,,0
mid5490020,549,1805373,1805,2,1,0,1,0,0,1,0,0,0,1,0,0,0,0,1,0,0.9591226578,0,0,,0
mid5500027,550,1805373,1805,2,2,1,1,0,1,1,1,0,1,0,0,0,0,0,0,1,1.185894847,0,0,,0
mid5570007,557,1805373,1805,2,2,1,0,1,0,0,0,0,1,0,0,0,0,0,0,1,1.411573887,1,5,2000,27560.18555
mid5500001,550,1805373,1805,2,2,1,1,0,1,1,1,0,1,0,0,0,0,0,0,1,1.185894847,1,6.666666508,1800,38080.24609
mid5550045,555,1805373,1805,2,3,0,1,0,1,0,1,0,1,0,0,0,0,0,0,0,0.9591226578,0,5,2200,26560.18555
mid5510021,551,1805373,1805,2,3,1,1,0,0,0,0,0,1,0,0,0,0,0,0,0,0.7383115888,1,5,2000,27560.18555
mid5550005,555,1805373,1805,2,3,1,1,0,1,0,1,1,0,0,0,0,0,0,0,0,1.185894847,1,10,2133.333252,53787.03516
mid5550019,555,1805373,1805,2,3,0,1,0,1,0,1,0,0,1,0,0,0,0,0,0,0.9591226578,0,5,2133.333252,26893.51758
mid5570015,557,1805373,1805,2,2,0,0,1,0,0,0,0,0,1,0,0,0,0,0,1,0.7114822865,0,0,,0
mid5570018,557,1805373,1805,2,2,0,0,1,0,0,0,0,0,1,0,0,0,0,0,1,0.7114822865,0,0,,0
mid5360005,536,1805543,1805,2,1,1,0,1,0,0,0,0,1,0,0,0,0,0,1,0,0.5181070566,1,3.333333254,1800,19040.12305
mid5450038,545,1805543,1805,2,3,1,0,1,0,0,0,1,0,0,0,0,0,0,0,0,1.45089674,1,6.666666508,1800,38080.24609
mid5400016,540,1805543,1805,2,3,1,1,0,1,0,0,1,0,0,0,0,0,0,0,0,1.5552845,1,6.666666508,2000,36746.91406
mid5400023,540,1805543,1805,2,3,0,1,0,1,0,0,0,0,1,0,0,0,0,0,0,0.6557094455,0,1.666666627,1800,9520.061523
mid5440011,544,1805543,1805,2,1,0,1,0,1,1,1,0,0,1,0,0,0,0,1,0,0.6557094455,1,3.333333254,1800,19040.12305
mid5450006,545,1805543,1805,2,3,1,0,1,0,0,0,0,1,0,0,0,0,0,0,0,1.73113966,1,13.33333302,1800,76160.49219
mid5430008,543,1805543,1805,2,2,0,1,0,1,0,1,0,0,1,0,0,0,0,0,1,0.6557094455,0,0,,0
mid5390005,539,1805543,1805,2,2,1,0,1,0,0,0,1,0,0,0,0,0,0,0,1,1.45089674,0,2.333333254,2142.857178,12528.08594
mid5460011,546,1805543,1805,2,3,0,1,0,0,1,1,0,0,1,0,0,0,0,0,0,0.6557094455,0,3,2111.111084,16202.77832
mid5450031,545,1805543,1805,2,3,1,0,1,0,0,0,0,1,0,0,0,0,0,0,0,0.5181070566,0,0,,0
mid5360031,536,1805543,1805,2,1,1,0,1,0,0,0,0,1,0,0,0,0,0,1,0,0.543071568,1,3.333333254,1800,19040.12305
mid5370020,537,1805543,1805,2,1,1,1,0,0,1,1,0,1,0,0,0,0,0,1,0,1.30467844,1,5,1800,28560.18555
mid5360014,536,1805543,1805,2,1,1,0,1,0,0,0,0,1,0,0,0,0,0,1,0,0.5181070566,1,5,1866.666626,28226.85156
mid5390017,539,1805543,1805,2,2,1,0,1,0,0,0,0,1,0,0,0,0,0,0,1,0.5181070566,1,4.666666508,2142.857178,25056.17188
mid5440022,544,1805543,1805,2,1,0,1,0,1,1,1,0,0,1,0,0,0,0,1,0,0.6557094455,0,0,,0
mid5390023,539,1805543,1805,2,2,0,0,1,0,0,0,0,0,1,0,0,0,0,0,1,0.794423759,0,0,,0
mid5370019,537,1805543,1805,2,1,1,1,0,0,1,1,0,1,0,0,0,0,0,1,0,1.5552845,1,3.333333254,1800,19040.12305
mid5450040,545,1805543,1805,2,3,0,0,1,0,0,0,0,0,1,0,0,0,0,0,0,0.794423759,1,5,1800,28560.18555
mid5430022,543,1805543,1805,2,2,0,1,0,1,0,1,0,0,1,0,0,0,0,0,1,0.6557094455,0,0,,0
mid5430014,543,1805543,1805,2,2,1,1,0,1,0,1,0,1,0,0,0,0,0,0,1,1.5552845,1,15,1666.666626,87680.55469
mid5460018,546,1805543,1805,2,3,0,1,0,0,1,1,0,0,1,0,0,0,0,0,0,0.6557094455,0,0,,0
mid5410024,541,1805543,1805,2,2,0,1,0,0,1,0,1,0,0,0,0,0,0,0,1,0.6557094455,1,5,1800,28560.18555
mid5390004,539,1805543,1805,2,2,0,0,1,0,0,0,0,0,1,0,0,0,0,0,1,0.794423759,0,0,,0
mid5410018,541,1805543,1805,2,2,1,1,0,0,1,0,0,1,0,0,0,0,0,0,1,1.30467844,1,15,1800,85680.55469
mid5360007,536,1805543,1805,2,1,0,0,1,0,0,0,0,0,1,0,0,0,0,1,0,0.794423759,1,1.666666627,1800,9520.061523
mid5370016,537,1805543,1805,2,1,0,1,0,0,1,1,0,0,1,0,0,0,0,1,0,0.6557094455,1,3.333333254,1800,19040.12305
mid5460024,546,1805543,1805,2,3,1,1,0,0,1,1,0,1,0,0,0,0,0,0,0,1.5552845,1,6.666666508,2000,36746.91406
mid5440007,544,1805543,1805,2,1,0,1,0,1,1,1,0,0,1,0,0,0,0,1,0,0.6557094455,1,3,2000,16536.11133
mid5450021,545,1805543,1805,2,3,1,0,1,0,0,0,0,1,0,0,0,0,0,0,0,1.73113966,1,10,1800,57120.37109
mid5460029,546,1805543,1805,2,3,1,1,0,0,1,1,1,0,0,0,0,0,0,0,0,1.5552845,0,3.333333254,2000,18373.45703
mid5390015,539,1805543,1805,2,2,0,0,1,0,0,0,0,0,1,0,0,0,0,0,1,0.794423759,1,6.666666508,1900,37413.58203
mid5360012,536,1805543,1805,2,1,0,0,1,0,0,0,0,0,1,0,0,0,0,1,0,0.794423759,1,3.333333254,1800,19040.12305
mid5450032,545,1805543,1805,2,3,0,0,1,0,0,0,0,0,1,0,0,0,0,0,0,0.794423759,1,10,1800,57120.37109
mid5450012,545,1805543,1805,2,3,1,0,1,0,0,0,0,1,0,0,0,0,0,0,0,0.5181070566,1,20,1900,112240.7422
mid5460028,546,1805543,1805,2,3,1,1,0,0,1,1,1,0,0,0,0,0,0,0,0,1.5552845,0,3.333333254,2000,18373.45703
mid5430017,543,1805543,1805,2,2,1,1,0,1,0,1,0,1,0,0,0,0,0,0,1,1.5552845,1,15,1733.333374,86680.55469
mid5360010,536,1805543,1805,2,1,0,0,1,0,0,0,0,0,1,0,0,0,0,1,0,0.794423759,1,1.666666627,1800,9520.061523
mid5430015,543,1805543,1805,2,2,0,1,0,1,0,1,0,0,1,0,0,0,0,0,1,0.6557094455,0,0,,0
mid5400018,540,1805543,1805,2,3,1,1,0,1,0,0,0,1,0,0,0,0,0,0,0,1.5552845,1,5,2000,27560.18555
mid5410032,541,1805543,1805,2,2,0,1,0,0,1,0,0,0,1,0,0,0,0,0,1,0.6557094455,1,5,1800,28560.18555
mid5460027,546,1805543,1805,2,3,1,1,0,0,1,1,0,1,0,0,0,0,0,0,0,1.30467844,1,6.666666508,2000,36746.91406
mid5390001,539,1805543,1805,2,2,0,0,1,0,0,0,0,0,1,0,0,0,0,0,1,0.794423759,1,9.333333015,2142.857178,50112.34375
mid5400005,540,1805543,1805,2,3,0,1,0,1,0,0,0,0,1,0,0,0,0,0,0,0.6557094455,0,0,,0
mid5410013,541,1805543,1805,2,2,0,1,0,0,1,0,1,0,0,0,0,0,0,0,1,0.6557094455,1,5,1800,28560.18555
mid5400027,540,1805543,1805,2,3,0,1,0,1,0,0,0,0,1,0,0,0,0,0,0,0.6557094455,1,1.666666627,2200,8853.395508
mid5460005,546,1805543,1805,2,3,0,1,0,0,1,1,0,0,1,0,0,0,0,0,0,0.6557094455,0,0,,0
mid5410019,541,1805543,1805,2,2,0,1,0,0,1,0,0,0,1,0,0,0,0,0,1,0.6557094455,1,10,1800,57120.37109
mid5440020,544,1805543,1805,2,1,0,1,0,1,1,1,0,0,1,0,0,0,0,1,0,0.6557094455,1,6,2000,33072.22266
mid5400011,540,1805543,1805,2,3,1,1,0,1,0,0,0,1,0,0,0,0,0,0,0,1.5552845,1,5,2000,27560.18555
mid5430026,543,1805543,1805,2,2,0,1,0,1,0,1,0,0,1,0,0,0,0,0,1,0.6557094455,0,0,,0
mid5460020,546,1805543,1805,2,3,0,1,0,0,1,1,0,0,1,0,0,0,0,0,0,0.6557094455,0,0,,0
mid5370002,537,1805543,1805,2,1,1,1,0,0,1,1,0,1,0,0,0,0,0,1,0,1.5552845,1,3,2000,16536.11133
mid5450027,545,1805543,1805,2,3,1,0,1,0,0,0,0,1,0,0,0,0,0,0,0,1.73113966,1,10,1800,57120.37109
mid5360026,536,1805543,1805,2,1,1,0,1,0,0,0,0,1,0,0,0,0,0,1,0,0.5181070566,1,6.666666508,1800,38080.24609
mid5370013,537,1805543,1805,2,1,0,1,0,0,1,1,0,0,1,0,0,0,0,1,0,0.6557094455,0,0,,0
mid5370034,537,1805543,1805,2,1,1,1,0,0,1,1,0,1,0,0,0,0,0,1,0,1.5552845,1,15,1800,85680.55469
mid5360032,536,1805543,1805,2,1,1,0,1,0,0,0,0,1,0,0,0,0,0,1,0,1.865868092,1,3.333333254,1800,19040.12305
mid5370018,537,1805543,1805,2,1,1,1,0,0,1,1,0,1,0,0,0,0,0,1,0,1.30467844,1,10,1800,57120.37109
mid5360001,536,1805543,1805,2,1,1,0,1,0,0,0,0,1,0,0,0,0,0,1,0,0.543071568,1,3.333333254,1800,19040.12305
mid5440025,544,1805543,1805,2,1,0,1,0,1,1,1,0,0,1,0,0,0,0,1,0,0.6557094455,1,1.5,2000,8268.055664
mid5440005,544,1805543,1805,2,1,0,1,0,1,1,1,0,0,1,0,0,0,0,1,0,0.6557094455,1,3,2000,16536.11133
mid5360028,536,1805543,1805,2,1,0,0,1,0,0,0,0,0,1,0,0,0,0,1,0,0.794423759,1,6.666666508,1800,38080.24609
mid5440029,544,1805543,1805,2,1,0,1,0,1,1,1,0,0,1,0,0,0,0,1,0,0.6557094455,0,0,,0
mid5460026,546,1805543,1805,2,3,0,1,0,0,1,1,0,0,1,0,0,0,0,0,0,0.6557094455,1,6,2111.111084,32405.55664
mid5460017,546,1805543,1805,2,3,1,1,0,0,1,1,0,1,0,0,0,0,0,0,0,1.30467844,0,2.666666746,2500,13365.43262
mid5410001,541,1805543,1805,2,2,1,1,0,0,1,0,0,1,0,0,0,0,0,0,1,1.5552845,1,5,1800,28560.18555
mid5400020,540,1805543,1805,2,3,1,1,0,1,0,0,0,1,0,0,0,0,0,0,0,1.5552845,1,2.5,2000,13780.09277
mid5430025,543,1805543,1805,2,2,1,1,0,1,0,1,0,1,0,0,0,0,0,0,1,1.5552845,1,15,1800,85680.55469
mid5360027,536,1805543,1805,2,1,1,0,1,0,0,0,0,1,0,0,0,0,0,1,0,1.865868092,1,5,1800,28560.18555
mid5450029,545,1805543,1805,2,3,0,0,1,0,0,0,0,0,1,0,0,0,0,0,0,0.794423759,0,0,,0
mid5410007,541,1805543,1805,2,2,0,1,0,0,1,0,0,0,1,0,0,0,0,0,1,0.6557094455,1,10,1800,57120.37109
mid5400004,540,1805543,1805,2,3,0,1,0,1,0,0,0,0,1,0,0,0,0,0,0,0.6557094455,1,3.333333254,3000,15040.12402
mid5390010,539,1805543,1805,2,2,1,0,1,0,0,0,1,0,0,0,0,0,0,0,1,1.45089674,1,9.333333015,2142.857178,50112.34375
mid5410023,541,1805543,1805,2,2,0,1,0,0,1,0,1,0,0,0,0,0,0,0,1,0.6557094455,1,10,1733.333374,57787.03516
mid5390032,539,1805543,1805,2,2,1,0,1,0,0,0,0,1,0,0,0,0,0,0,1,0.5181070566,1,4.666666508,2142.857178,25056.17188
mid5410002,541,1805543,1805,2,2,1,1,0,0,1,0,0,1,0,0,0,0,0,0,1,1.30467844,1,5,1800,28560.18555
mid5460002,546,1805543,1805,2,3,0,1,0,0,1,1,0,0,1,0,0,0,0,0,0,0.6557094455,0,0,,0
mid5390013,539,1805543,1805,2,2,1,0,1,0,0,0,0,1,0,0,0,0,0,0,1,1.865868092,1,4.666666508,2500,23389.50586
mid5370045,537,1805543,1805,2,1,0,1,0,0,1,1,0,0,1,0,0,0,0,1,0,0.6557094455,1,6.666666508,1800,38080.24609
mid5410020,541,1805543,1805,2,2,0,1,0,0,1,0,0,0,1,0,0,0,0,0,1,0.6557094455,1,3.333333254,2700,16040.12402
mid5370003,537,1805543,1805,2,1,1,1,0,0,1,1,1,0,0,0,0,0,0,1,0,1.5552845,1,5,1800,28560.18555
mid5390029,539,1805543,1805,2,2,1,0,1,0,0,0,0,1,0,0,0,0,0,0,1,1.865868092,1,10,2000,55120.37109
mid5370006,537,1805543,1805,2,1,0,1,0,0,1,1,0,0,1,0,0,0,0,1,0,0.6557094455,0,0,,0
mid5410021,541,1805543,1805,2,2,1,1,0,0,1,0,0,1,0,0,0,0,0,0,1,1.5552845,1,10,1800,57120.37109
mid5370041,537,1805543,1805,2,1,1,1,0,0,1,1,0,1,0,0,0,0,0,1,0,1.30467844,1,15,1866.666626,84680.55469
mid5390026,539,1805543,1805,2,2,1,0,1,0,0,0,0,1,0,0,0,0,0,0,1,0.5181070566,1,7.333333492,2071.428467,40088.26953
mid5450028,545,1805543,1805,2,3,1,0,1,0,0,0,1,0,0,0,0,0,0,0,0,1.45089674,1,6.666666508,1800,38080.24609
mid5450026,545,1805543,1805,2,3,0,0,1,0,0,0,0,0,1,0,0,0,0,0,0,0.794423759,1,6.666666508,1800,38080.24609
mid4800017,480,1805579,1805,2,2,1,0,1,0,0,0,0,1,0,0,0,0,0,0,1,1.465130687,1,6.25,2000,34450.23047
mid4890034,489,1805579,1805,2,3,0,1,0,1,1,0,0,0,1,0,0,0,0,0,0,0.5504116416,0,0,,0
mid4800013,480,1805579,1805,2,2,1,0,1,0,0,0,0,1,0,0,0,0,0,0,1,1.465130687,1,10,2000,55120.37109
mid4840014,484,1805579,1805,2,2,1,1,0,1,1,0,1,0,0,0,0,0,0,0,1,1.808100104,1,7.5,2000,41340.27734
mid4870032,487,1805579,1805,2,1,1,1,0,0,0,0,1,0,0,0,0,0,0,1,0,1.808100104,1,3.333333254,2400,17040.12305
mid4830014,483,1805579,1805,2,3,0,1,0,0,0,0,0,0,1,0,0,0,0,0,0,0.5504116416,1,5,2000,27560.18555
mid4830015,483,1805579,1805,2,3,1,1,0,0,0,0,0,1,0,0,0,0,0,0,0,1.07557106,1,5,2000,27560.18555
mid4810001,481,1805579,1805,2,1,1,1,0,0,0,1,0,1,0,0,0,0,0,1,0,1.07557106,0,1.875,2000,10335.06934
mid4810028,481,1805579,1805,2,1,1,1,0,0,0,1,0,1,0,0,0,0,0,1,0,1.07557106,1,2.5,2000,13780.09277
mid4900004,490,1805579,1805,2,2,0,1,0,1,1,1,0,0,1,0,0,0,0,0,1,0.5504116416,0,0,,0
mid4830008,483,1805579,1805,2,3,0,1,0,0,0,0,0,0,1,0,0,0,0,0,0,0.5504116416,1,10,2000,55120.37109
mid4870023,487,1805579,1805,2,1,1,1,0,0,0,0,0,1,0,0,0,0,0,1,0,1.808100104,1,10,2200,53120.37109
mid4830003,483,1805579,1805,2,3,0,1,0,0,0,0,0,0,1,0,0,0,0,0,0,0.5504116416,1,5,2000,27560.18555
mid4870013,487,1805579,1805,2,1,0,1,0,0,0,0,0,0,1,0,0,0,0,1,0,0.5504116416,1,5,2200,26560.18555
mid4810010,481,1805579,1805,2,1,0,1,0,0,0,1,0,0,1,0,0,0,0,1,0,0.5504116416,1,2.5,3000,11280.09277
mid4870018,487,1805579,1805,2,1,0,1,0,0,0,0,0,0,1,0,0,0,0,1,0,0.5504116416,1,3.333333254,2400,17040.12305
mid4900022,490,1805579,1805,2,2,0,1,0,1,1,1,0,0,1,0,0,0,0,0,1,0.5504116416,0,0,,0
mid4910042,491,1805579,1805,2,1,1,0,1,0,0,0,0,1,0,0,0,0,0,1,0,1.565149784,1,7,2285.714355,36584.25781
mid4800016,480,1805579,1805,2,2,0,0,1,0,0,0,0,0,1,0,0,0,0,0,1,0.6875656843,0,0,,0
mid4840017,484,1805579,1805,2,2,1,1,0,1,1,0,0,1,0,0,0,0,0,0,1,1.808100104,1,10,2200,53120.37109
mid4870027,487,1805579,1805,2,1,1,1,0,0,0,0,1,0,0,0,0,0,0,1,0,1.808100104,1,7.5,2400,38340.27734
mid4840022,484,1805579,1805,2,2,0,1,0,1,1,0,0,0,1,0,0,0,0,0,1,0.5504116416,1,10,2000,55120.37109
mid4850002,485,1805579,1805,2,2,0,1,0,0,0,1,0,0,1,0,0,0,0,0,1,0.5504116416,0,6,2500,30072.22461
mid4800026,480,1805579,1805,2,2,0,0,1,0,0,0,1,0,0,0,0,0,0,0,1,0.6914084554,1,7.5,2000,41340.27734
mid4870017,487,1805579,1805,2,1,0,1,0,0,0,0,0,0,1,0,0,0,0,1,0,0.5504116416,1,2.666666746,2750,12698.76562
mid4920035,492,1805579,1805,2,3,1,0,1,0,0,0,0,1,0,0,0,0,0,0,0,1.465130687,0,0,,0
mid4810032,481,1805579,1805,2,1,0,1,0,0,0,1,0,0,1,0,0,0,0,1,0,0.5504116416,1,3.75,2000,20670.13867
mid4910026,491,1805579,1805,2,1,1,0,1,0,0,0,1,0,0,0,0,0,0,1,0,1.139283895,1,8,2000,44096.29688
mid4840011,484,1805579,1805,2,2,0,1,0,1,1,0,0,0,1,0,0,0,0,0,1,0.5504116416,1,5,2000,27560.18555
mid4870002,487,1805579,1805,2,1,0,1,0,0,0,0,0,0,1,0,0,0,0,1,0,0.5504116416,1,1.75,3428.571533,7146.064941
mid4810007,481,1805579,1805,2,1,1,1,0,0,0,1,0,1,0,0,0,0,0,1,0,1.07557106,0,2,2500,10024.07422
mid4830016,483,1805579,1805,2,3,0,1,0,0,0,0,0,0,1,0,0,0,0,0,0,0.5504116416,1,5,2000,27560.18555
mid4900012,490,1805579,1805,2,2,0,1,0,1,1,1,0,0,1,0,0,0,0,0,1,0.5504116416,0,0,,0
mid4920003,492,1805579,1805,2,3,1,0,1,0,0,0,1,0,0,0,0,0,0,0,0,1.139283895,0,0,,0
mid4920039,492,1805579,1805,2,3,1,0,1,0,0,0,0,0,1,0,0,0,0,0,0,1.131172776,0,0,,0
mid4830004,483,1805579,1805,2,3,1,1,0,0,0,0,0,1,0,0,0,0,0,0,0,1.07557106,1,7.5,2000,41340.27734
mid4920025,492,1805579,1805,2,3,0,0,1,0,0,0,1,0,0,0,0,0,0,0,0,0.6914084554,1,15,2000,82680.55469
mid4810006,481,1805579,1805,2,1,1,1,0,0,0,1,0,1,0,0,0,0,0,1,0,1.07557106,1,11.25,2000,62010.41406
mid4850001,485,1805579,1805,2,2,1,1,0,0,0,1,1,0,0,0,0,0,0,0,1,1.07557106,1,4.5,2444.444336,22804.16797
mid4920013,492,1805579,1805,2,3,0,0,1,0,0,0,0,0,1,0,0,0,0,0,0,0.6875656843,0,2.5,2500,12530.09277
mid4910039,491,1805579,1805,2,1,1,0,1,0,0,0,1,0,0,0,0,0,0,1,0,1.139283895,1,7,2571.428467,34584.25781
mid4810004,481,1805579,1805,2,1,1,1,0,0,0,1,1,0,0,0,0,0,0,1,0,1.808100104,0,1.875,2000,10335.06934
mid4850013,485,1805579,1805,2,2,1,1,0,0,0,1,1,0,0,0,0,0,0,0,1,1.808100104,0,0,,0
mid4810018,481,1805579,1805,2,1,0,1,0,0,0,1,0,0,1,0,0,0,0,1,0,0.5504116416,1,2.5,2000,13780.09277
mid4840018,484,1805579,1805,2,2,0,1,0,1,1,0,1,0,0,0,0,0,0,0,1,0.5504116416,1,10,2000,55120.37109
mid4800036,480,1805579,1805,2,2,1,0,1,0,0,0,0,1,0,0,0,0,0,0,1,1.493201137,1,3.375,2222.222168,17853.125
mid4840004,484,1805579,1805,2,2,1,1,0,1,1,0,1,0,0,0,0,0,0,0,1,1.808100104,1,3.75,2000,20670.13867
mid4800037,480,1805579,1805,2,2,0,0,1,0,0,0,0,0,1,0,0,0,0,0,1,0.6875656843,1,5,2000,27560.18555
mid4920011,492,1805579,1805,2,3,1,0,1,0,0,0,1,0,0,0,0,0,0,0,0,1.139283895,1,10,2000,55120.37109
mid4920014,492,1805579,1805,2,3,1,0,1,0,0,0,0,0,1,0,0,0,0,0,0,1.131172776,0,0,,0
mid4890029,489,1805579,1805,2,3,0,1,0,1,1,0,0,0,1,0,0,0,0,0,0,0.5504116416,1,1.666666627,2500,8353.395508
mid4830001,483,1805579,1805,2,3,0,1,0,0,0,0,0,0,1,0,0,0,0,0,0,0.5504116416,1,7.5,2000,41340.27734
mid4800020,480,1805579,1805,2,2,1,0,1,0,0,0,1,0,0,0,0,0,0,0,1,1.139283895,1,3,2500,15036.11133
mid4800023,480,1805579,1805,2,2,0,0,1,0,0,0,0,0,1,0,0,0,0,0,1,0.6875656843,0,0,,0
mid4850008,485,1805579,1805,2,2,1,1,0,0,0,1,0,1,0,0,0,0,0,0,1,1.808100104,0,4,2166.666748,21381.48242
mid4850018,485,1805579,1805,2,2,0,1,0,0,0,1,0,0,1,0,0,0,0,0,1,0.5504116416,0,0,,0
mid4810027,481,1805579,1805,2,1,1,1,0,0,0,1,0,1,0,0,0,0,0,1,0,1.07557106,1,3,2000,16536.11133
mid4890010,489,1805579,1805,2,3,0,1,0,1,1,0,0,0,1,0,0,0,0,0,0,0.5504116416,1,1.666666627,2500,8353.395508
mid4920001,492,1805579,1805,2,3,1,0,1,0,0,0,1,0,0,0,0,0,0,0,0,1.139283895,1,8,2187.5,42596.29688
mid4800027,480,1805579,1805,2,2,1,0,1,0,0,0,0,1,0,0,0,0,0,0,1,1.565149784,1,4.5,2222.222168,23804.16797
mid4910030,491,1805579,1805,2,1,1,0,1,0,0,0,1,0,0,0,0,0,0,1,0,1.139283895,1,7,2285.714355,36584.25781
mid4890016,489,1805579,1805,2,3,1,1,0,1,1,0,1,0,0,0,0,0,0,0,0,1.808100104,0,0,,0
mid4800030,480,1805579,1805,2,2,0,0,1,0,0,0,0,0,1,0,0,0,0,0,1,0.6875656843,1,5,2000,27560.18555
mid4890002,489,1805579,1805,2,3,1,1,0,1,1,0,0,1,0,0,0,0,0,0,0,1.808100104,0,0,,0
mid4850003,485,1805579,1805,2,2,0,1,0,0,0,1,0,0,1,0,0,0,0,0,1,0.5504116416,1,4,2000,22048.14844
mid4900015,490,1805579,1805,2,2,1,1,0,1,1,1,0,1,0,0,0,0,0,0,1,1.808100104,0,0,,0
mid4810024,481,1805579,1805,2,1,1,1,0,0,0,1,0,0,1,0,0,0,0,1,0,1.07557106,1,3.5,2000,19292.12891
mid4920006,492,1805579,1805,2,3,0,0,1,0,0,0,0,0,1,0,0,0,0,0,0,0.6875656843,1,7.5,2000,41340.27734
mid4890036,489,1805579,1805,2,3,0,1,0,1,1,0,0,0,1,0,0,0,0,0,0,0.5504116416,0,0,,0
mid4870010,487,1805579,1805,2,1,1,1,0,0,0,0,0,1,0,0,0,0,0,1,0,1.808100104,1,1.125,2666.666748,5451.041992
mid4910032,491,1805579,1805,2,1,0,0,1,0,0,0,0,0,1,0,0,0,0,1,0,0.6875656843,1,7,2285.714355,36584.25781
mid4840010,484,1805579,1805,2,2,0,1,0,1,1,0,0,0,1,0,0,0,0,0,1,0.5504116416,1,5,2000,27560.18555
mid4840009,484,1805579,1805,2,2,0,1,0,1,1,0,0,0,1,0,0,0,0,0,1,0.5504116416,1,10,2000,55120.37109
mid4910034,491,1805579,1805,2,1,0,0,1,0,0,0,0,0,1,0,0,0,0,1,0,0.6875656843,1,7,2285.714355,36584.25781
mid4830012,483,1805579,1805,2,3,0,1,0,0,0,0,0,1,0,0,0,0,0,0,0,0.5504116416,0,2.5,2000,13780.09277
mid4890007,489,1805579,1805,2,3,1,1,0,1,1,0,1,0,0,0,0,0,0,0,0,1.808100104,1,1.666666627,2500,8353.395508
mid4870014,487,1805579,1805,2,1,1,1,0,0,0,0,0,1,0,0,0,0,0,1,0,1.07557106,0,0,,0
mid4910008,491,1805579,1805,2,1,0,0,1,0,0,0,0,0,1,0,0,0,0,1,0,0.6875656843,1,7,2000,38584.25781
mid4910011,491,1805579,1805,2,1,0,0,1,0,0,0,0,0,1,0,0,0,0,1,0,0.6875656843,1,7.5,2000,41340.27734
mid4910036,491,1805579,1805,2,1,1,0,1,0,0,0,0,1,0,0,0,0,0,1,0,1.565149784,1,8,2000,44096.29688
mid4850015,485,1805579,1805,2,2,0,1,0,0,0,1,0,0,1,0,0,0,0,0,1,0.5504116416,0,4,2000,22048.14844
mid4850009,485,1805579,1805,2,2,0,1,0,0,0,1,0,0,1,0,0,0,0,0,1,0.5504116416,1,2.5,2000,13780.09277
mid4910017,491,1805579,1805,2,1,1,0,1,0,0,0,0,1,0,0,0,0,0,1,0,1.359338284,0,3.5,2285.714355,18292.12891
mid4810023,481,1805579,1805,2,1,0,1,0,0,0,1,0,0,1,0,0,0,0,1,0,0.5504116416,1,2.5,3000,11280.09277
mid4830020,483,1805579,1805,2,3,0,1,0,0,0,0,0,0,1,0,0,0,0,0,0,0.5504116416,1,5,2000,27560.18555
mid4920020,492,1805579,1805,2,3,1,0,1,0,0,0,0,1,0,0,0,0,0,0,0,1.493201137,1,3.75,2000,20670.13867
mid4870020,487,1805579,1805,2,1,0,1,0,0,0,0,0,0,1,0,0,0,0,1,0,0.5504116416,1,1.333333373,3000,6016.049316
mid4920012,492,1805579,1805,2,3,1,0,1,0,0,0,0,1,0,0,0,0,0,0,0,1.465130687,1,3.75,2000,20670.13867
mid4910010,491,1805579,1805,2,1,1,0,1,0,0,0,1,0,0,0,0,0,0,1,0,1.139283895,1,3.5,2285.714355,18292.12891
mid4850006,485,1805579,1805,2,2,1,1,0,0,0,1,0,1,0,0,0,0,0,0,1,1.07557106,0,1.333333373,3000,6016.049316
mid4850004,485,1805579,1805,2,2,0,1,0,0,0,1,0,0,1,0,0,0,0,0,1,0.5504116416,1,6.5,2000,35828.24219
mid4900036,490,1805579,1805,2,2,1,1,0,1,1,1,1,0,0,0,0,0,0,0,1,1.808100104,0,3.75,2133.333252,20170.13867
mid4800003,480,1805579,1805,2,2,0,0,1,0,0,0,0,1,0,0,0,0,0,0,1,0.6652005315,1,11.25,2000,62010.41797
mid4890017,489,1805579,1805,2,3,1,1,0,1,1,0,1,0,0,0,0,0,0,0,0,1.808100104,1,15,1977.777832,83013.89062
mid4830017,483,1805579,1805,2,3,0,1,0,0,0,0,0,0,1,0,0,0,0,0,0,0.5504116416,1,10,2000,55120.37109
mid4870004,487,1805579,1805,2,1,1,1,0,0,0,0,1,0,0,0,0,0,0,1,0,1.808100104,1,2.5,2400,12780.09277
mid4830018,483,1805579,1805,2,3,1,1,0,0,0,0,1,0,0,0,0,0,0,0,0,1.808100104,1,7.5,2000,41340.27734
mid4850011,485,1805579,1805,2,2,0,1,0,0,0,1,0,0,1,0,0,0,0,0,1,0.5504116416,0,2,1833.333374,11357.40723
mid4890013,489,1805579,1805,2,3,1,1,0,1,1,0,1,0,0,0,0,0,0,0,0,1.808100104,1,10,2000,55120.37109
mid5290017,529,1805702,1805,2,2,1,1,0,0,0,1,0,1,0,0,0,0,0,0,1,1.158227563,1,20,2000,110240.7422
mid5320006,532,1805702,1805,2,2,1,0,1,0,0,0,1,0,0,0,0,0,0,0,1,1.247106194,1,20,1500,120240.7422
mid5310007,531,1805702,1805,2,3,1,0,1,0,0,0,1,0,0,0,0,0,0,0,0,1.247106194,1,3.333333254,2000,18373.45703
mid5340022,534,1805702,1805,2,1,1,1,0,0,0,1,0,1,0,0,0,0,0,1,0,1.158227563,0,2.5,2000,13780.09277
mid5340021,534,1805702,1805,2,1,1,1,0,0,0,1,1,0,0,0,0,0,0,1,0,1.158227563,0,2.5,2000,13780.09277
mid5350029,535,1805702,1805,2,3,0,1,0,0,0,1,0,0,1,0,0,0,0,0,0,0.8888142705,1,15,2000,82680.55469
mid5320020,532,1805702,1805,2,2,1,0,1,0,0,0,0,1,0,0,0,0,0,0,1,0.901409328,1,7.5,2000,41340.27734
mid5300013,530,1805702,1805,2,3,1,1,0,1,1,0,0,1,0,0,0,0,0,0,0,1.158227563,1,5,2000,27560.18555
mid5340016,534,1805702,1805,2,1,0,1,0,0,0,1,0,0,1,0,0,0,0,1,0,0.8888142705,0,2.5,2000,13780.09277
mid5280033,528,1805702,1805,2,1,0,1,0,1,1,1,0,0,1,0,0,0,0,1,0,0.8888142705,1,5,2000,27560.18555
mid5340014,534,1805702,1805,2,1,1,1,0,0,0,1,0,1,0,0,0,0,0,1,0,0.8921359181,1,10,2000,55120.37109
mid5340010,534,1805702,1805,2,1,0,1,0,0,0,1,0,0,1,0,0,0,0,1,0,0.8888142705,0,4.333333492,2307.692383,22552.16211
mid5310023,531,1805702,1805,2,3,0,0,1,0,0,0,0,0,1,0,0,0,0,0,0,0.7215311527,1,3.333333254,2000,18373.45703
mid5320025,532,1805702,1805,2,2,0,0,1,0,0,0,0,0,1,0,0,0,0,0,1,0.7215311527,0,0,,0
mid5310003,531,1805702,1805,2,3,1,0,1,0,0,0,1,0,0,0,0,0,0,0,0,1.247106194,1,6.666666508,2000,36746.91406
mid5310014,531,1805702,1805,2,3,0,0,1,0,0,0,0,0,1,0,0,0,0,0,0,0.7215311527,0,3.333333254,2000,18373.45703
mid5280005,528,1805702,1805,2,1,0,1,0,1,1,1,0,0,1,0,0,0,0,1,0,0.8888142705,0,0,,0
mid5300003,530,1805702,1805,2,3,0,1,0,1,1,0,0,0,1,0,0,0,0,0,0,0.8888142705,0,0,,0
mid5320008,532,1805702,1805,2,2,0,0,1,0,0,0,0,0,1,0,0,0,0,0,1,0.7215311527,0,0,,0
mid5300007,530,1805702,1805,2,3,0,1,0,1,1,0,0,0,1,0,0,0,0,0,0,0.8888142705,1,4.166666508,2000,22966.82031
mid5300002,530,1805702,1805,2,3,1,1,0,1,1,0,1,0,0,0,0,0,0,0,0,1.158227563,1,7.5,2000,41340.27734
mid5280034,528,1805702,1805,2,1,0,1,0,1,1,1,1,0,0,0,0,0,0,1,0,0.8888142705,1,4,2500,20048.14844
mid5290011,529,1805702,1805,2,2,1,1,0,0,0,1,0,1,0,0,0,0,0,0,1,1.158227563,1,15,2000,82680.55469
mid5350004,535,1805702,1805,2,3,1,1,0,0,0,1,0,1,0,0,0,0,0,0,0,0.8921359181,0,10,2000,55120.37109
mid5330015,533,1805702,1805,2,2,0,1,0,1,0,0,0,0,1,0,0,0,0,0,1,0.8888142705,0,0,,0
mid5300038,530,1805702,1805,2,3,0,1,0,1,1,0,0,0,1,0,0,0,0,0,0,0.8888142705,0,5,2000,27560.18555
mid5340004,534,1805702,1805,2,1,1,1,0,0,0,1,0,1,0,0,0,0,0,1,0,0.8921359181,0,5,2000,27560.18555
mid5310001,531,1805702,1805,2,3,1,0,1,0,0,0,0,1,0,0,0,0,0,0,0,0.901409328,1,3.333333254,2000,18373.45703
mid5280035,528,1805702,1805,2,1,1,1,0,1,1,1,0,1,0,0,0,0,0,1,0,1.158227563,1,10,2133.333252,53787.03516
mid5320010,532,1805702,1805,2,2,0,0,1,0,0,0,0,0,1,0,0,0,0,0,1,0.7215311527,0,0,,0
mid5320012,532,1805702,1805,2,2,1,0,1,0,0,0,0,1,0,0,0,0,0,0,1,0.901409328,0,2.5,2000,13780.09277
mid5310026,531,1805702,1805,2,3,1,0,1,0,0,0,0,1,0,0,0,0,0,0,0,1.487986565,1,3.333333254,2000,18373.45703
mid5310035,531,1805702,1805,2,3,0,0,1,0,0,0,0,0,1,0,0,0,0,0,0,0.7215311527,1,3.333333254,2000,18373.45703
mid5310048,531,1805702,1805,2,3,1,0,1,0,0,0,1,0,0,0,0,0,0,0,0,1.044908643,1,1.666666627,2000,9186.728516
mid5350031,535,1805702,1805,2,3,0,1,0,0,0,1,0,0,1,0,0,0,0,0,0,0.8888142705,1,15,1700,87180.55469
mid5350028,535,1805702,1805,2,3,1,1,0,0,0,1,0,1,0,0,0,0,0,0,0,1.158227563,0,0,,0
mid5290015,529,1805702,1805,2,2,1,1,0,0,0,1,0,1,0,0,0,0,0,0,1,1.158227563,1,10,2000,55120.37109
mid5310022,531,1805702,1805,2,3,1,0,1,0,0,0,1,0,0,0,0,0,0,0,0,1.247106194,1,1.5,2444.444336,7601.38916
mid5280001,528,1805702,1805,2,1,0,1,0,1,1,1,0,0,1,0,0,0,0,1,0,0.8888142705,1,2.5,2133.333252,13446.75879
mid5350013,535,1805702,1805,2,3,1,1,0,0,0,1,1,0,0,0,0,0,0,0,0,1.158227563,1,10,2000,55120.37109
mid5300005,530,1805702,1805,2,3,1,1,0,1,1,0,1,0,0,0,0,0,0,0,0,1.158227563,0,2.5,2000,13780.09277
mid5340015,534,1805702,1805,2,1,1,1,0,0,0,1,0,1,0,0,0,0,0,1,0,1.158227563,1,5,2000,27560.18555
mid5320028,532,1805702,1805,2,2,1,0,1,0,0,0,0,1,0,0,0,0,0,0,1,0.901409328,1,15,,80180.55469
mid5290014,529,1805702,1805,2,2,1,1,0,0,0,1,0,0,1,0,0,0,0,0,1,1.158227563,1,20,2000,110240.7422
mid5350010,535,1805702,1805,2,3,1,1,0,0,0,1,0,1,0,0,0,0,0,0,0,1.158227563,0,3.333333254,2200,17706.79102
mid5330010,533,1805702,1805,2,2,0,1,0,1,0,0,0,0,1,0,0,0,0,0,1,0.8888142705,0,0,,0
mid5290019,529,1805702,1805,2,2,1,1,0,0,0,1,0,1,0,0,0,0,0,0,1,1.158227563,1,15,2000,82680.55469
mid5300034,530,1805702,1805,2,3,1,1,0,1,1,0,0,1,0,0,0,0,0,0,0,1.158227563,1,1.666666627,3000,7520.062012
mid5300011,530,1805702,1805,2,3,1,1,0,1,1,0,1,0,0,0,0,0,0,0,0,1.158227563,1,4.5,2250,23804.16602
mid5340031,534,1805702,1805,2,1,0,1,0,0,0,1,0,0,1,0,0,0,0,1,0,0.8888142705,0,5.833333492,2000,32153.54883
mid5350018,535,1805702,1805,2,3,0,1,0,0,0,1,0,0,1,0,0,0,0,0,0,0.8888142705,0,0,,0
mid5330004,533,1805702,1805,2,2,0,1,0,1,0,0,0,0,1,0,0,0,0,0,1,0.8888142705,0,0,,0
mid5300017,530,1805702,1805,2,3,0,1,0,1,1,0,0,0,1,0,0,0,0,0,0,0.8888142705,1,7.5,2000,41340.27734
mid5280013,528,1805702,1805,2,1,1,1,0,1,1,1,0,1,0,0,0,0,0,1,0,1.158227563,1,4.333333492,2307.692383,22552.16211
mid5290013,529,1805702,1805,2,2,1,1,0,0,0,1,0,0,1,0,0,0,0,0,1,1.158227563,1,15,2000,82680.55469
mid5340002,534,1805702,1805,2,1,1,1,0,0,0,1,0,1,0,0,0,0,0,1,0,0.8921359181,0,2.5,2000,13780.09277
mid5320005,532,1805702,1805,2,2,0,0,1,0,0,0,0,0,1,0,0,0,0,0,1,0.7215311527,0,0,,0
mid5350019,535,1805702,1805,2,3,1,1,0,0,0,1,1,0,0,0,0,0,0,0,0,1.158227563,1,3.333333254,2000,18373.45703
mid5350023,535,1805702,1805,2,3,1,1,0,0,0,1,1,0,0,0,0,0,0,0,0,1.158227563,1,15,2000,82680.55469
mid5320018,532,1805702,1805,2,2,1,0,1,0,0,0,0,1,0,0,0,0,0,0,1,1.603791356,0,4,2500,20048.14844
mid5310030,531,1805702,1805,2,3,0,0,1,0,0,0,0,0,1,0,0,0,0,0,0,0.7215311527,1,1.666666627,2000,9186.728516
mid5350027,535,1805702,1805,2,3,1,1,0,0,0,1,1,0,0,0,0,0,0,0,0,1.158227563,1,11.66666698,2000,64307.09766
mid5340024,534,1805702,1805,2,1,1,1,0,0,0,1,0,1,0,0,0,0,0,1,0,0.8921359181,0,2.5,2000,13780.09277
mid5330016,533,1805702,1805,2,2,0,1,0,1,0,0,0,0,1,0,0,0,0,0,1,0.8888142705,0,0,,0
mid5290007,529,1805702,1805,2,2,1,1,0,0,0,1,0,0,1,0,0,0,0,0,1,0.8921359181,1,20,2000,110240.7422
mid5320011,532,1805702,1805,2,2,1,0,1,0,0,0,1,0,0,0,0,0,0,0,1,1.247106194,1,10,3000,45120.37109
mid5290008,529,1805702,1805,2,2,1,1,0,0,0,1,0,1,0,0,0,0,0,0,1,0.8921359181,1,15,2000,82680.55469
mid5280004,528,1805702,1805,2,1,0,1,0,1,1,1,0,0,1,0,0,0,0,1,0,0.8888142705,1,7.5,2000,41340.27734
mid5340026,534,1805702,1805,2,1,0,1,0,0,0,1,0,0,1,0,0,0,0,1,0,0.8888142705,1,5,2000,27560.18555
mid5290002,529,1805702,1805,2,2,1,1,0,0,0,1,0,1,0,0,0,0,0,0,1,0.8921359181,1,15,2000,82680.55469
mid5330005,533,1805702,1805,2,2,0,1,0,1,0,0,0,0,1,0,0,0,0,0,1,0.8888142705,0,0,,0
mid5290010,529,1805702,1805,2,2,1,1,0,0,0,1,0,1,0,0,0,0,0,0,1,0.8921359181,1,15,2000,82680.55469
mid5310032,531,1805702,1805,2,3,1,0,1,0,0,0,0,1,0,0,0,0,0,0,0,1.603791356,1,3.333333254,2000,18373.45703
mid5330012,533,1805702,1805,2,2,0,1,0,1,0,0,1,0,0,0,0,0,0,0,1,0.8888142705,0,0,,0
mid5300035,530,1805702,1805,2,3,1,1,0,1,1,0,1,0,0,0,0,0,0,0,0,1.158227563,0,2.5,2000,13780.09277
mid5320027,532,1805702,1805,2,2,1,0,1,0,0,0,0,1,0,0,0,0,0,0,1,1.603791356,0,5,2000,27560.18555
mid5290001,529,1805702,1805,2,2,0,1,0,0,0,1,0,0,1,0,0,0,0,0,1,0.8888142705,1,15,2000,82680.55469
mid5350011,535,1805702,1805,2,3,0,1,0,0,0,1,0,0,1,0,0,0,0,0,0,0.8888142705,1,10,2000,55120.37109
mid5720023,572,1805739,1805,2,3,0,1,0,1,1,1,0,0,1,0,0,0,0,0,0,0.7582380772,1,3.75,2000,20670.13867
mid5800005,580,1805739,1805,2,3,1,0,1,0,0,0,1,0,0,0,0,0,0,0,0,1.91666925,1,6,2000,33072.22266
mid5770004,577,1805739,1805,2,3,1,1,0,0,1,1,0,1,0,0,0,0,0,0,0,1.063495755,1,3.75,2400,19170.13867
mid5720002,572,1805739,1805,2,3,0,1,0,1,1,1,0,0,1,0,0,0,0,0,0,0.7582380772,0,2.5,2000,13780.09277
mid5800030,580,1805739,1805,2,3,0,0,1,0,0,0,0,0,1,0,0,0,0,0,0,0.5692958236,1,6,2000,33072.22266
mid5800002,580,1805739,1805,2,3,0,0,1,0,0,0,0,0,1,0,0,0,0,0,0,0.5692958236,1,6,2000,33072.22266
mid5780020,578,1805739,1805,2,2,0,1,0,0,1,0,0,0,1,0,0,0,0,0,1,0.7582380772,1,2,3000,9024.074219
mid5850019,585,1805739,1805,2,2,0,0,1,0,0,0,0,0,1,0,0,0,0,0,1,0.5692958236,1,3.75,2000,20670.13867
mid5720036,572,1805739,1805,2,3,1,1,0,1,1,1,0,1,0,0,0,0,0,0,0,1.391335487,1,5,2000,27560.18555
mid5730006,573,1805739,1805,2,1,1,0,1,0,0,0,0,1,0,0,0,0,0,1,0,2.286876678,1,13.33333302,2000,73493.82812
mid5730034,573,1805739,1805,2,1,0,0,1,0,0,0,0,0,1,0,0,0,0,1,0,0.5692958236,1,6.666666508,2000,36746.91406
mid5860035,586,1805739,1805,2,2,1,0,1,0,0,0,1,0,0,0,0,0,0,0,1,1.91666925,1,2,2000,11024.07422
mid5750013,575,1805739,1805,2,3,1,0,1,0,0,0,0,1,0,0,0,0,0,0,0,2.464856148,1,1.5,3333.333252,6268.055664
mid5800013,580,1805739,1805,2,3,1,0,1,0,0,0,0,1,0,0,0,0,0,0,0,0.8592829704,1,3,2000,16536.11133
mid5750022,575,1805739,1805,2,3,1,0,1,0,0,0,0,1,0,0,0,0,0,0,0,0.8197824359,1,3.5,2857.142822,16292.12988
mid5860031,586,1805739,1805,2,2,0,0,1,0,0,0,0,0,1,0,0,0,0,0,1,0.5692958236,1,2,2000,11024.07422
mid5780001,578,1805739,1805,2,2,0,1,0,0,1,0,0,0,1,0,0,0,0,0,1,0.7582380772,1,1.333333373,3000,6016.049316
mid5770030,577,1805739,1805,2,3,1,1,0,0,1,1,0,1,0,0,0,0,0,0,0,1.063495755,0,1.125,2666.666748,5451.041992
mid5790001,579,1805739,1805,2,1,0,1,0,1,1,1,0,0,1,0,0,0,0,1,0,0.7582380772,1,6,2000,33072.22266
mid5780030,578,1805739,1805,2,2,0,1,0,0,1,0,0,0,1,0,0,0,0,0,1,0.7582380772,0,0,,0
mid5790006,579,1805739,1805,2,1,1,1,0,1,1,1,0,1,0,0,0,0,0,1,0,1.391335487,1,15,2000,82680.55469
mid5710032,571,1805739,1805,2,2,0,1,0,0,0,1,0,0,1,0,0,0,0,0,1,0.7582380772,0,3.333333254,2500,16706.79102
mid5730005,573,1805739,1805,2,1,1,0,1,0,0,0,0,1,0,0,0,0,0,1,0,0.8592829704,1,5.333333492,2875,24730.86523
mid5850003,585,1805739,1805,2,2,0,0,1,0,0,0,0,0,1,0,0,0,0,0,1,0.5692958236,1,3.75,2000,20670.13867
mid5710015,571,1805739,1805,2,2,1,1,0,0,0,1,0,1,0,0,0,0,0,0,1,1.063495755,1,3,2666.666748,14536.1123
mid5710012,571,1805739,1805,2,2,1,1,0,0,0,1,0,1,0,0,0,0,0,0,1,1.063495755,0,4,2000,22048.14844
mid5820035,582,1805739,1805,2,2,1,1,0,1,1,0,0,1,0,0,0,0,0,0,1,1.391335487,0,0.6666666865,2500,3341.358154
mid5700027,570,1805739,1805,2,1,0,0,1,0,0,0,0,0,1,0,0,0,0,1,0,0.5692958236,1,2,3333.333252,8357.407227
mid5700014,570,1805739,1805,2,1,0,0,1,0,0,0,0,0,1,0,0,0,0,1,0,0.5692958236,1,2,3333.333252,8357.407227
mid5700004,570,1805739,1805,2,1,0,0,1,0,0,0,0,1,0,0,0,0,0,1,0,0.5507777333,1,3.333333254,2000,18373.45703
mid5810016,581,1805739,1805,2,1,1,1,0,0,0,1,0,1,0,0,0,0,0,1,0,1.063495755,1,5,2000,27560.18555
mid5780019,578,1805739,1805,2,2,0,1,0,0,1,0,0,0,1,0,0,0,0,0,1,0.7582380772,1,2,3000,9024.074219
mid5710044,571,1805739,1805,2,2,0,1,0,0,0,1,0,0,1,0,0,0,0,0,1,0.7582380772,1,3.333333254,2500,16706.79102
mid5860005,586,1805739,1805,2,2,1,0,1,0,0,0,0,1,0,0,0,0,0,0,1,2.286876678,1,2,2000,11024.07422
mid5730008,573,1805739,1805,2,1,1,0,1,0,0,0,1,0,0,0,0,0,0,1,0,1.91666925,1,8.666666985,2486.111084,44437.65625
mid5800023,580,1805739,1805,2,3,1,0,1,0,0,0,1,0,0,0,0,0,0,0,0,1.91666925,0,2.375,2526.315674,11841.08789
mid5810019,581,1805739,1805,2,1,0,1,0,0,0,1,0,0,1,0,0,0,0,1,0,0.7582380772,1,5,2000,27560.18555
mid5710003,571,1805739,1805,2,2,1,1,0,0,0,1,1,0,0,0,0,0,0,0,1,1.063495755,0,3.333333254,2500,16706.79102
mid5700024,570,1805739,1805,2,1,0,0,1,0,0,0,0,0,1,0,0,0,0,1,0,0.5692958236,1,2,3333.333252,8357.407227
mid5770010,577,1805739,1805,2,3,1,1,0,0,1,1,1,0,0,0,0,0,0,0,0,1.063495755,0,1,3000,4512.037109
mid5720024,572,1805739,1805,2,3,0,1,0,1,1,1,0,0,1,0,0,0,0,0,0,0.7582380772,1,2.5,2000,13780.09277
mid5790034,579,1805739,1805,2,1,0,1,0,1,1,1,0,0,1,0,0,0,0,1,0,0.7582380772,1,2.5,2400,12780.09277
mid5780006,578,1805739,1805,2,2,0,1,0,0,1,0,0,0,1,0,0,0,0,0,1,0.7582380772,0,0,,0
mid5780015,578,1805739,1805,2,2,0,1,0,0,1,0,1,0,0,0,0,0,0,0,1,0.7582380772,1,2,3000,9024.074219
mid5730041,573,1805739,1805,2,1,0,0,1,0,0,0,0,0,1,0,0,0,0,1,0,0.5692958236,1,5.333333492,2875,24730.86523
mid5850004,585,1805739,1805,2,2,0,0,1,0,0,0,0,0,1,0,0,0,0,0,1,0.5692958236,1,3.75,2000,20670.13867
mid5800031,580,1805739,1805,2,3,1,0,1,0,0,0,0,1,0,0,0,0,0,0,0,0.8592829704,1,6,2000,33072.22266
mid5820013,582,1805739,1805,2,2,0,1,0,1,1,0,0,0,1,0,0,0,0,0,1,0.7582380772,1,1.666666627,2000,9186.728516
mid5710045,571,1805739,1805,2,2,0,1,0,0,0,1,0,0,1,0,0,0,0,0,1,0.7582380772,1,2.5,1666.666626,14613.42578
mid5770007,577,1805739,1805,2,3,0,1,0,0,1,1,0,0,1,0,0,0,0,0,0,0.7582380772,1,3.75,2000,20670.13867
mid5800015,580,1805739,1805,2,3,0,0,1,0,0,0,0,0,1,0,0,0,0,0,0,0.5692958236,1,5,2424.242432,25560.18555
mid5800025,580,1805739,1805,2,3,1,0,1,0,0,0,0,0,1,0,0,0,0,0,0,0.5429148078,1,5,2400,25560.18555
mid5790042,579,1805739,1805,2,1,1,1,0,1,1,1,0,1,0,0,0,0,0,1,0,1.391335487,1,15,2000,82680.55469
mid5860028,586,1805739,1805,2,2,1,0,1,0,0,0,0,1,0,0,0,0,0,0,1,2.464856148,1,2,2000,11024.07422
mid5810001,581,1805739,1805,2,1,0,1,0,0,0,1,0,0,1,0,0,0,0,1,0,0.7582380772,1,3,3333.333252,12536.11133
mid5810010,581,1805739,1805,2,1,1,1,0,0,0,1,0,1,0,0,0,0,0,1,0,1.391335487,1,5,2000,27560.18555
mid5820023,582,1805739,1805,2,2,0,1,0,1,1,0,0,0,1,0,0,0,0,0,1,0.7582380772,0,0.6666666865,2500,3341.358154
mid5850011,585,1805739,1805,2,2,1,0,1,0,0,0,1,0,0,0,0,0,0,0,1,1.91666925,1,2.5,3000,11280.09277
mid5800029,580,1805739,1805,2,3,1,0,1,0,0,0,0,1,0,0,0,0,0,0,0,0.8592829704,1,2.75,2181.818115,14658.10156
mid5850014,585,1805739,1805,2,2,0,0,1,0,0,0,0,0,1,0,0,0,0,0,1,0.5692958236,1,3.75,2000,20670.13867
mid5850018,585,1805739,1805,2,2,0,0,1,0,0,0,0,0,1,0,0,0,0,0,1,0.5692958236,1,7.5,2000,41340.27734
mid5860024,586,1805739,1805,2,2,0,0,1,0,0,0,0,0,1,0,0,0,0,0,1,0.5692958236,1,2,2000,11024.07422
mid5780003,578,1805739,1805,2,2,0,1,0,0,1,0,0,0,1,0,0,0,0,0,1,0.7582380772,1,4,2000,22048.14844
mid5770014,577,1805739,1805,2,3,0,1,0,0,1,1,0,0,1,0,0,0,0,0,0,0.7582380772,0,4,3000,18048.14844
mid5850016,585,1805739,1805,2,2,1,0,1,0,0,0,1,0,0,0,0,0,0,0,1,0.9502871633,1,3.75,2000,20670.13867
mid5800006,580,1805739,1805,2,3,0,0,1,0,0,0,1,0,0,0,0,0,0,0,0,0.5724775791,1,3,2000,16536.11133
mid5730042,573,1805739,1805,2,1,0,0,1,0,0,0,0,1,0,0,0,0,0,1,0,0.5507777333,1,2.666666746,2500,13365.43262
mid5720033,572,1805739,1805,2,3,1,1,0,1,1,1,1,0,0,0,0,0,0,0,0,1.391335487,0,1.125,2222.222168,5951.041992
mid5770002,577,1805739,1805,2,3,0,1,0,0,1,1,0,0,1,0,0,0,0,0,0,0.7582380772,1,3,2750,14286.11133
mid5790007,579,1805739,1805,2,1,0,1,0,1,1,1,0,0,1,0,0,0,0,1,0,0.7582380772,1,1.25,2000,6890.046387
mid5820021,582,1805739,1805,2,2,0,1,0,1,1,0,0,0,1,0,0,0,0,0,1,0.7582380772,1,0.6666666865,2500,3341.358154
mid5700010,570,1805739,1805,2,1,1,0,1,0,0,0,0,0,1,0,0,0,0,1,0,0.5429148078,1,2,3333.333252,8357.407227
mid5790009,579,1805739,1805,2,1,1,1,0,1,1,1,1,0,0,0,0,0,0,1,0,1.391335487,1,11.25,2000,62010.41406
mid5730007,573,1805739,1805,2,1,0,0,1,0,0,0,0,0,1,0,0,0,0,1,0,0.5692958236,1,5.333333492,2500,26730.86523
mid5710035,571,1805739,1805,2,2,1,1,0,0,0,1,0,1,0,0,0,0,0,0,1,1.391335487,0,3.333333254,2500,16706.79102
mid5700008,570,1805739,1805,2,1,0,0,1,0,0,0,0,0,1,0,0,0,0,1,0,0.4883743227,1,3.333333254,2000,18373.45703
mid5720031,572,1805739,1805,2,3,0,1,0,1,1,1,0,0,1,0,0,0,0,0,0,0.7582380772,1,3,2500,15036.11133
mid5810006,581,1805739,1805,2,1,1,1,0,0,0,1,0,1,0,0,0,0,0,1,0,1.063495755,1,5,2000,27560.18555
mid5770018,577,1805739,1805,2,3,0,1,0,0,1,1,0,0,1,0,0,0,0,0,0,0.7582380772,0,3,2000,16536.11133
mid5750037,575,1805739,1805,2,3,0,0,1,0,0,0,0,0,1,0,0,0,0,0,0,0.5692958236,1,1.5,3333.333252,6268.055664
mid5710040,571,1805739,1805,2,2,1,1,0,0,0,1,0,1,0,0,0,0,0,0,1,1.391335487,0,3.333333254,2500,16706.79102
mid5810004,581,1805739,1805,2,1,1,1,0,0,0,1,0,0,1,0,0,0,0,1,0,1.391335487,1,5,2000,27560.18555
mid5780023,578,1805739,1805,2,2,0,1,0,0,1,0,0,0,1,0,0,0,0,0,1,0.7582380772,0,0,,0
mid5710025,571,1805739,1805,2,2,1,1,0,0,0,1,0,1,0,0,0,0,0,0,1,1.391335487,1,4,2083.333252,21714.81445
mid5730031,573,1805739,1805,2,1,1,0,1,0,0,0,0,1,0,0,0,0,0,1,0,0.8592829704,1,5.333333492,2875,24730.86523
mid5730030,573,1805739,1805,2,1,1,0,1,0,0,0,0,1,0,0,0,0,0,1,0,0.8592829704,1,5,3066.666748,22226.85156
mid5860026,586,1805739,1805,2,2,1,0,1,0,0,0,1,0,0,0,0,0,0,0,1,1.91666925,1,2,2000,11024.07422
mid5750012,575,1805739,1805,2,3,1,0,1,0,0,0,0,1,0,0,0,0,0,0,0,0.8197824359,1,2.5,2000,13780.09277
mid5730026,573,1805739,1805,2,1,0,0,1,0,0,0,0,0,1,0,0,0,0,1,0,0.5692958236,1,5.333333492,2875,24730.86523
mid5750021,575,1805739,1805,2,3,1,0,1,0,0,0,0,1,0,0,0,0,0,0,0,0.8197824359,1,1.5,3333.333252,6268.055664
mid5810003,581,1805739,1805,2,1,0,1,0,0,0,1,0,0,1,0,0,0,0,1,0,0.7582380772,1,7.5,2000,41340.27734
mid5710026,571,1805739,1805,2,2,0,1,0,0,0,1,1,0,0,0,0,0,0,0,1,0.7582380772,0,8,2083.333252,43429.62891
mid5750014,575,1805739,1805,2,3,1,0,1,0,0,0,0,1,0,0,0,0,0,0,0,2.464856148,1,3,3333.333252,12536.11133
mid5850022,585,1805739,1805,2,2,0,0,1,0,0,0,0,0,1,0,0,0,0,0,1,0.5692958236,1,1.875,2000,10335.06934
mid5710031,571,1805739,1805,2,2,1,1,0,0,0,1,0,0,1,0,0,0,0,0,1,1.391335487,0,3.333333254,2400,17040.12305
mid5750027,575,1805739,1805,2,3,1,0,1,0,0,0,0,1,0,0,0,0,0,0,0,2.464856148,1,2.25,3333.333252,9402.083984
mid5860019,586,1805739,1805,2,2,0,0,1,0,0,0,0,0,1,0,0,0,0,0,1,0.5692958236,1,2,2000,11024.07422
mid5820030,582,1805739,1805,2,2,1,1,0,1,1,0,1,0,0,0,0,0,0,0,1,1.391335487,1,2,2500,10024.07422
mid5810046,581,1805739,1805,2,1,1,1,0,0,0,1,0,1,0,0,0,0,0,1,0,1.391335487,1,2.25,2250,11902.08398
mid5750007,575,1805739,1805,2,3,1,0,1,0,0,0,1,0,0,0,0,0,0,0,0,1.91666925,1,1.75,2857.142822,8146.064941
mid5730028,573,1805739,1805,2,1,1,0,1,0,0,0,0,1,0,0,0,0,0,1,0,2.286876678,1,5.333333492,2500,26730.86523
mid5770013,577,1805739,1805,2,3,0,1,0,0,1,1,0,0,1,0,0,0,0,0,0,0.7582380772,1,3,2750,14286.11133
mid5700025,570,1805739,1805,2,1,0,0,1,0,0,0,0,0,1,0,0,0,0,1,0,0.5692958236,1,3.333333254,2000,18373.45703
mid5770005,577,1805739,1805,2,3,0,1,0,0,1,1,0,0,1,0,0,0,0,0,0,0.7582380772,0,2.5,2400,12780.09277
mid5780004,578,1805739,1805,2,2,1,1,0,0,1,0,1,0,0,0,0,0,0,0,1,1.391335487,1,3.333333254,2400,17040.12305
mid5750032,575,1805739,1805,2,3,0,0,1,0,0,0,0,0,1,0,0,0,0,0,0,0.5692958236,1,4,2500,20048.14844
mid5810009,581,1805739,1805,2,1,1,1,0,0,0,1,0,1,0,0,0,0,0,1,0,1.063495755,1,5,2000,27560.18555
mid5700001,570,1805739,1805,2,1,0,0,1,0,0,0,0,0,1,0,0,0,0,1,0,0.5692958236,1,1.833333373,3666.666748,7105.401367
mid5750029,575,1805739,1805,2,3,0,0,1,0,0,0,0,0,1,0,0,0,0,0,0,0.5692958236,1,2.25,2250,11902.08398
mid5780002,578,1805739,1805,2,2,1,1,0,0,1,0,0,1,0,0,0,0,0,0,1,1.391335487,1,3.333333254,2400,17040.12305
mid5790028,579,1805739,1805,2,1,1,1,0,1,1,1,0,1,0,0,0,0,0,1,0,1.391335487,1,12.75,2258.461426,67278.46875
mid5850007,585,1805739,1805,2,2,0,0,1,0,0,0,0,0,1,0,0,0,0,0,1,0.5692958236,1,7.5,2000,41340.27734
mid5770026,577,1805739,1805,2,3,0,1,0,0,1,1,0,0,1,0,0,0,0,0,0,0.7582380772,0,1.5,4000,5268.055664
mid5860012,586,1805739,1805,2,2,1,0,1,0,0,0,0,1,0,0,0,0,0,0,1,0.8592829704,1,2,2000,11024.07422
mid5700012,570,1805739,1805,2,1,0,0,1,0,0,0,0,0,1,0,0,0,0,1,0,0.4883743227,1,4,2500,20048.14844
mid5810045,581,1805739,1805,2,1,1,1,0,0,0,1,0,1,0,0,0,0,0,1,0,1.063495755,1,10,2000,55120.37109
mid5850002,585,1805739,1805,2,2,1,0,1,0,0,0,0,1,0,0,0,0,0,0,1,2.286876678,1,3.75,2000,20670.13867
mid5820034,582,1805739,1805,2,2,0,1,0,1,1,0,0,1,0,0,0,0,0,0,1,0.7582380772,1,1.333333373,2500,6682.716309
mid5700011,570,1805739,1805,2,1,0,0,1,0,0,0,0,0,1,0,0,0,0,1,0,0.5692958236,1,3,3333.333252,12536.11133
mid5700028,570,1805739,1805,2,1,0,0,1,0,0,0,0,0,1,0,0,0,0,1,0,0.5692958236,1,2.333333254,2857.142822,10861.41992
mid5850013,585,1805739,1805,2,2,0,0,1,0,0,0,0,0,1,0,0,0,0,0,1,0.5692958236,1,3.75,2000,20670.13867
mid5860025,586,1805739,1805,2,2,1,0,1,0,0,0,0,1,0,0,0,0,0,0,1,0.8197824359,1,2.25,2000,12402.08398
mid5770011,577,1805739,1805,2,3,0,1,0,0,1,1,0,0,1,0,0,0,0,0,0,0.7582380772,0,0,,0
mid5860040,586,1805739,1805,2,2,1,0,1,0,0,0,0,1,0,0,0,0,0,0,1,0.8592829704,1,2,2000,11024.07422
mid5800014,580,1805739,1805,2,3,0,0,1,0,0,0,1,0,0,0,0,0,0,0,0,0.5724775791,1,6,2000,33072.22266
mid5720020,572,1805739,1805,2,3,1,1,0,1,1,1,0,1,0,0,0,0,0,0,0,1.391335487,1,1.25,2000,6890.046387
mid5790012,579,1805739,1805,2,1,1,1,0,1,1,1,0,1,0,0,0,0,0,1,0,1.391335487,1,7.5,2000,41340.27734
mid5810033,581,1805739,1805,2,1,1,1,0,0,0,1,0,1,0,0,0,0,0,1,0,1.391335487,1,5,2000,27560.18555
mid5860013,586,1805739,1805,2,2,0,0,1,0,0,0,0,0,1,0,0,0,0,0,1,0.5692958236,1,2,2000,11024.07422
mid5780022,578,1805739,1805,2,2,0,1,0,0,1,0,0,0,1,0,0,0,0,0,1,0.7582380772,1,2.666666746,3000,12032.09863
mid5750035,575,1805739,1805,2,3,0,0,1,0,0,0,0,0,1,0,0,0,0,0,0,0.5692958236,1,2.5,2000,13780.09277
mid5030008,503,1805750,1805,2,3,1,1,0,0,1,1,0,1,0,0,0,0,0,0,0,1.120112658,1,5,2000,27560.18555
mid4940015,494,1805750,1805,2,2,1,0,1,0,0,0,0,1,0,0,0,0,0,0,1,1.454498768,1,4.666666508,2142.857178,25056.17188
mid5020027,502,1805750,1805,2,1,1,1,0,0,1,0,0,1,0,0,0,0,0,1,0,1.120112658,1,10,2000,55120.37109
mid4980021,498,1805750,1805,2,2,0,1,0,1,1,0,0,0,1,0,0,0,0,0,1,0.7490282655,0,0,,0
mid5030012,503,1805750,1805,2,3,0,1,0,0,1,1,0,0,1,0,0,0,0,0,0,0.7490282655,1,5,2000,27560.18555
mid4930032,493,1805750,1805,2,1,1,1,0,1,0,0,0,1,0,0,0,0,0,1,0,1.120112658,1,15,2000,82680.55469
mid4940042,494,1805750,1805,2,2,0,0,1,0,0,0,0,0,1,0,0,0,0,0,1,0.9833738208,1,5,2000,27560.18555
mid4970027,497,1805750,1805,2,3,1,0,1,0,0,0,1,0,0,0,0,0,0,0,0,1.131016493,1,5,2000,27560.18555
mid4960007,496,1805750,1805,2,3,0,1,0,1,0,1,0,0,1,0,0,0,0,0,0,0.7490282655,1,6.666666508,2000,36746.91406
mid5000015,500,1805750,1805,2,1,1,0,1,0,0,0,0,1,0,0,0,0,0,1,0,1.349474072,1,5,2666.666748,24226.85156
mid5030004,503,1805750,1805,2,3,1,1,0,0,1,1,1,0,0,0,0,0,0,0,0,1.120112658,1,10,2000,55120.37109
mid4970011,497,1805750,1805,2,3,1,0,1,0,0,0,0,1,0,0,0,0,0,0,0,0.7407547235,1,10,2000,55120.37109
mid5020039,502,1805750,1805,2,1,1,1,0,0,1,0,0,1,0,0,0,0,0,1,0,1.433035374,1,15,2000,82680.55469
mid4980006,498,1805750,1805,2,2,1,1,0,1,1,0,0,1,0,0,0,0,0,0,1,1.120112658,1,10,2000,55120.37109
mid4940001,494,1805750,1805,2,2,1,0,1,0,0,0,0,1,0,0,0,0,0,0,1,1.349474072,1,3.333333254,2000,18373.45703
mid5020025,502,1805750,1805,2,1,0,1,0,0,1,0,0,0,1,0,0,0,0,1,0,0.7490282655,1,10,2000,55120.37109
mid4930046,493,1805750,1805,2,1,0,1,0,1,0,0,0,0,1,0,0,0,0,1,0,0.7490282655,1,5,2000,27560.18555
mid4970004,497,1805750,1805,2,3,1,0,1,0,0,0,1,0,0,0,0,0,0,0,0,1.131016493,1,7,2142.857178,37584.25781
mid5000009,500,1805750,1805,2,1,1,0,1,0,0,0,0,1,0,0,0,0,0,1,0,0.7407547235,1,5,2666.666748,24226.85156
mid5020047,502,1805750,1805,2,1,0,1,0,0,1,0,0,0,1,0,0,0,0,1,0,0.7490282655,0,0,,0
mid4970015,497,1805750,1805,2,3,1,0,1,0,0,0,0,1,0,0,0,0,0,0,0,0.7407547235,1,7.5,2000,41340.27734
mid5030002,503,1805750,1805,2,3,1,1,0,0,1,1,1,0,0,0,0,0,0,0,0,1.120112658,0,0,,0
mid4930025,493,1805750,1805,2,1,0,1,0,1,0,0,0,0,1,0,0,0,0,1,0,0.7490282655,1,5,2000,27560.18555
mid4990022,499,1805750,1805,2,2,1,1,0,0,1,1,1,0,0,0,0,0,0,0,1,1.120112658,1,15,2133.333252,80680.55469
mid4960003,496,1805750,1805,2,3,0,1,0,1,0,1,0,0,1,0,0,0,0,0,0,0.7490282655,0,0,,0
mid4960047,496,1805750,1805,2,3,0,1,0,1,0,1,0,0,1,0,0,0,0,0,0,0.7490282655,0,0,,0
mid4940032,494,1805750,1805,2,2,1,0,1,0,0,0,0,0,1,0,0,0,0,0,1,0.4680259228,1,2.5,2000,13780.09277
mid4990003,499,1805750,1805,2,2,0,1,0,0,1,1,0,0,1,0,0,0,0,0,1,0.7490282655,1,10,2133.333252,53787.03516
mid4980019,498,1805750,1805,2,2,1,1,0,1,1,0,1,0,0,0,0,0,0,0,1,1.120112658,1,10,2000,55120.37109
mid5000021,500,1805750,1805,2,1,1,0,1,0,0,0,1,0,0,0,0,0,0,1,0,1.131016493,1,5,2666.666748,24226.85156
mid4990042,499,1805750,1805,2,2,0,1,0,0,1,1,0,0,1,0,0,0,0,0,1,0.7490282655,1,5,2133.333252,26893.51758
mid4980001,498,1805750,1805,2,2,0,1,0,1,1,0,0,0,1,0,0,0,0,0,1,0.7490282655,0,5,2000,27560.18555
mid4940040,494,1805750,1805,2,2,1,0,1,0,0,0,0,1,0,0,0,0,0,0,1,0.7407547235,1,5,2000,27560.18555
mid5030025,503,1805750,1805,2,3,1,1,0,0,1,1,0,1,0,0,0,0,0,0,0,1.433035374,1,5,2000,27560.18555
mid5020021,502,1805750,1805,2,1,0,1,0,0,1,0,0,0,1,0,0,0,0,1,0,0.7490282655,1,10,2000,55120.37109
mid4940023,494,1805750,1805,2,2,1,0,1,0,0,0,0,0,1,0,0,0,0,0,1,1.122964263,1,7,2142.857178,37584.25781
mid4980018,498,1805750,1805,2,2,1,1,0,1,1,0,1,0,0,0,0,0,0,0,1,1.120112658,1,15,2000,82680.55469
mid4960022,496,1805750,1805,2,3,1,1,0,1,0,1,0,1,0,0,0,0,0,0,0,1.120112658,1,10,2000,55120.37109
mid5030029,503,1805750,1805,2,3,1,1,0,0,1,1,0,1,0,0,0,0,0,0,0,1.120112658,1,5,2000,27560.18555
mid4970031,497,1805750,1805,2,3,1,0,1,0,0,0,1,0,0,0,0,0,0,0,0,1.131016493,1,5,3000,22560.18555
mid4990014,499,1805750,1805,2,2,1,1,0,0,1,1,1,0,0,0,0,0,0,0,1,1.433035374,1,10,2133.333252,53787.03516
mid5030021,503,1805750,1805,2,3,1,1,0,0,1,1,1,0,0,0,0,0,0,0,0,1.120112658,1,5,2000,27560.18555
mid4930040,493,1805750,1805,2,1,1,1,0,1,0,0,0,1,0,0,0,0,0,1,0,1.120112658,1,15,2000,82680.55469
mid4930013,493,1805750,1805,2,1,0,1,0,1,0,0,0,0,1,0,0,0,0,1,0,0.7490282655,0,0,,0
mid4960019,496,1805750,1805,2,3,1,1,0,1,0,1,1,0,0,0,0,0,0,0,0,1.120112658,1,10,2000,55120.37109
mid4930043,493,1805750,1805,2,1,1,1,0,1,0,0,1,0,0,0,0,0,0,1,0,1.120112658,1,10,2000,55120.37109
mid4970007,497,1805750,1805,2,3,0,0,1,0,0,0,0,0,1,0,0,0,0,0,0,0.9833738208,0,0,,0
mid4990025,499,1805750,1805,2,2,0,1,0,0,1,1,0,0,1,0,0,0,0,0,1,0.7490282655,0,0,,0
mid4960038,496,1805750,1805,2,3,0,1,0,1,0,1,1,0,0,0,0,0,0,0,0,0.7490282655,0,0,,0
mid4970013,497,1805750,1805,2,3,0,0,1,0,0,0,0,0,1,0,0,0,0,0,0,0.9833738208,0,0,,0
mid4990019,499,1805750,1805,2,2,0,1,0,0,1,1,0,0,1,0,0,0,0,0,1,0.7490282655,1,10,2133.333252,53787.03516
mid4990010,499,1805750,1805,2,2,1,1,0,0,1,1,0,1,0,0,0,0,0,0,1,1.433035374,1,5,2133.333252,26893.51758
mid5000013,500,1805750,1805,2,1,1,0,1,0,0,0,0,1,0,0,0,0,0,1,0,0.7067028284,1,5,2666.666748,24226.85156
mid5000040,500,1805750,1805,2,1,0,0,1,0,0,0,0,0,1,0,0,0,0,1,0,0.9833738208,1,5,2666.666748,24226.85156
mid4980014,498,1805750,1805,2,2,1,1,0,1,1,0,1,0,0,0,0,0,0,0,1,1.120112658,1,15,2000,82680.55469
mid4980025,498,1805750,1805,2,2,1,1,0,1,1,0,0,1,0,0,0,0,0,0,1,1.120112658,1,10,2000,55120.37109
mid5000003,500,1805750,1805,2,1,0,0,1,0,0,0,0,0,1,0,0,0,0,1,0,0.9833738208,1,5,2666.666748,24226.85156
mid5000008,500,1805750,1805,2,1,0,0,1,0,0,0,0,0,1,0,0,0,0,1,0,0.9833738208,1,5,2666.666748,24226.85156
mid4940014,494,1805750,1805,2,2,0,0,1,0,0,0,0,0,1,0,0,0,0,0,1,0.9833738208,1,7,2142.857178,37584.25781
mid4960015,496,1805750,1805,2,3,0,1,0,1,0,1,0,0,1,0,0,0,0,0,0,0.7490282655,0,0,,0
mid4960044,496,1805750,1805,2,3,1,1,0,1,0,1,1,0,0,0,0,0,0,0,0,1.120112658,1,10,2000,55120.37109
mid5030027,503,1805750,1805,2,3,0,1,0,0,1,1,0,0,1,0,0,0,0,0,0,0.7490282655,1,5,2000,27560.18555
mid5000043,500,1805750,1805,2,1,0,0,1,0,0,0,0,0,1,0,0,0,0,1,0,0.9833738208,1,10,2666.666748,48453.70312
mid4940041,494,1805750,1805,2,2,1,0,1,0,0,0,1,0,0,0,0,0,0,0,1,1.131016493,1,7.5,2000,41340.27734
mid5020007,502,1805750,1805,2,1,1,1,0,0,1,0,0,1,0,0,0,0,0,1,0,1.120112658,1,15,2000,82680.55469
mid4940008,494,1805750,1805,2,2,1,0,1,0,0,0,1,0,0,0,0,0,0,0,1,1.131016493,1,15,2000,82680.55469
mid4990021,499,1805750,1805,2,2,1,1,0,0,1,1,0,1,0,0,0,0,0,0,1,1.120112658,1,10,2133.333252,53787.03516
mid5020022,502,1805750,1805,2,1,1,1,0,0,1,0,0,1,0,0,0,0,0,1,0,1.120112658,1,10,2000,55120.37109
mid4960001,496,1805750,1805,2,3,0,1,0,1,0,1,1,0,0,0,0,0,0,0,0,0.7490282655,1,10,2000,55120.37109
mid5030003,503,1805750,1805,2,3,1,1,0,0,1,1,1,0,0,0,0,0,0,0,0,1.120112658,1,5,2000,27560.18555
mid4930015,493,1805750,1805,2,1,1,1,0,1,0,0,1,0,0,0,0,0,0,1,0,1.120112658,1,7,4285.714355,22584.25977
mid4940029,494,1805750,1805,2,2,1,0,1,0,0,0,0,1,0,0,0,0,0,0,1,1.349474072,1,4.666666508,2142.857178,25056.17188
mid4940019,494,1805750,1805,2,2,1,0,1,0,0,0,0,1,0,0,0,0,0,0,1,0.7407547235,1,7.5,2000,41340.27734
mid5020017,502,1805750,1805,2,1,1,1,0,0,1,0,1,0,0,0,0,0,0,1,0,1.120112658,1,5,2000,27560.18555
mid5020011,502,1805750,1805,2,1,0,1,0,0,1,0,0,0,1,0,0,0,0,1,0,0.7490282655,1,10,2000,55120.37109
mid5000005,500,1805750,1805,2,1,1,0,1,0,0,0,0,1,0,0,0,0,0,1,0,0.7067028284,1,5,2666.666748,24226.85156
mid4970029,497,1805750,1805,2,3,0,0,1,0,0,0,0,0,1,0,0,0,0,0,0,0.9833738208,0,0,,0
mid5030022,503,1805750,1805,2,3,0,1,0,0,1,1,0,0,1,0,0,0,0,0,0,0.7490282655,0,3.333333254,2000,18373.45703
mid4970016,497,1805750,1805,2,3,1,0,1,0,0,0,0,1,0,0,0,0,0,0,0,0.7407547235,0,0,,0
mid5020045,502,1805750,1805,2,1,1,1,0,0,1,0,0,1,0,0,0,0,0,1,0,1.433035374,1,10,2000,55120.37109
mid4990038,499,1805750,1805,2,2,1,1,0,0,1,1,0,1,0,0,0,0,0,0,1,1.120112658,1,10,2100,54120.37109
mid4970006,497,1805750,1805,2,3,1,0,1,0,0,0,0,1,0,0,0,0,0,0,0,1.349474072,1,10,2000,55120.37109
mid4970025,497,1805750,1805,2,3,0,0,1,0,0,0,0,0,1,0,0,0,0,0,0,0.9833738208,1,7.5,2000,41340.27734
mid5000033,500,1805750,1805,2,1,1,0,1,0,0,0,0,1,0,0,0,0,0,1,0,1.454498768,1,5,2666.666748,24226.85156
mid4990007,499,1805750,1805,2,2,1,1,0,0,1,1,0,1,0,0,0,0,0,0,1,1.120112658,1,10,2133.333252,53787.03516
mid4980013,498,1805750,1805,2,2,0,1,0,1,1,0,0,0,1,0,0,0,0,0,1,0.7490282655,0,0,,0
mid5000007,500,1805750,1805,2,1,1,0,1,0,0,0,0,1,0,0,0,0,0,1,0,1.349474072,1,5,2666.666748,24226.85156
mid5020036,502,1805750,1805,2,1,1,1,0,0,1,0,0,1,0,0,0,0,0,1,0,1.433035374,1,10,2000,55120.37109
mid5030033,503,1805750,1805,2,3,0,1,0,0,1,1,0,0,1,0,0,0,0,0,0,0.7490282655,0,0,,0
mid4930009,493,1805750,1805,2,1,1,1,0,1,0,0,1,0,0,0,0,0,0,1,0,1.120112658,1,15,2000,82680.55469
mid4980012,498,1805750,1805,2,2,0,1,0,1,1,0,0,0,1,0,0,0,0,0,1,0.7490282655,1,10,1000,65120.37109
mid4990040,499,1805750,1805,2,2,1,1,0,0,1,1,0,1,0,0,0,0,0,0,1,1.433035374,1,5,2133.333252,26893.51758
mid5660051,566,1805773,1805,2,2,1,0,1,0,0,0,0,1,0,0,0,0,0,0,1,1.31280899,1,3.333333254,2500,16706.79102
mid5630039,563,1805773,1805,2,3,0,1,0,1,0,1,0,0,1,0,0,0,0,0,0,0.7837210894,1,3.5,1714.285767,20292.12891
mid5640009,564,1805773,1805,2,3,1,0,1,0,0,0,0,1,0,0,0,0,0,0,0,1.31280899,1,4,2000,22048.14844
mid5640026,564,1805773,1805,2,3,0,0,1,0,0,0,0,0,1,0,0,0,0,0,0,0.8577156067,1,4,2000,22048.14844
mid5690029,569,1805773,1805,2,1,1,0,1,0,0,0,0,1,0,0,0,0,0,1,0,1.31280899,1,2.5,3000,11280.09277
mid5620017,562,1805773,1805,2,2,1,1,0,1,0,1,0,1,0,0,0,0,0,0,1,1.253211498,0,1,2666.666748,4845.370605
mid5650044,565,1805773,1805,2,3,0,1,0,0,0,0,0,0,1,0,0,0,0,0,0,0.7837210894,1,2.5,2400,12780.09277
mid5680014,568,1805773,1805,2,2,1,1,0,0,1,0,1,0,0,0,0,0,0,0,1,1.253211498,1,13,2300,66656.48438
mid5650004,565,1805773,1805,2,3,1,1,0,0,0,0,0,1,0,0,0,0,0,0,0,1.253211498,1,2,2000,11024.07422
mid5590026,559,1805773,1805,2,2,1,1,0,1,0,1,0,1,0,0,0,0,0,0,1,1.253211498,1,6,1833.333374,34072.22266
mid5640025,564,1805773,1805,2,3,0,0,1,0,0,0,0,0,1,0,0,0,0,0,0,0.8577156067,1,8,2000,44096.29688
mid5640036,564,1805773,1805,2,3,0,0,1,0,0,0,0,0,1,0,0,0,0,0,0,0.8577156067,1,6,2000,33072.22266
mid5650006,565,1805773,1805,2,3,1,1,0,0,0,0,0,1,0,0,0,0,0,0,0,0.9076684117,0,0.8333333135,2400,4260.030762
mid5690026,569,1805773,1805,2,1,0,0,1,0,0,0,0,0,1,0,0,0,0,1,0,0.8577156067,0,0,,0
mid5660011,566,1805773,1805,2,2,1,0,1,0,0,0,1,0,0,0,0,0,0,0,1,1.06184423,0,0,,0
mid5690005,569,1805773,1805,2,1,1,0,1,0,0,0,0,1,0,0,0,0,0,1,0,1.266941071,1,1.25,3000,5640.046387
mid5640021,564,1805773,1805,2,3,1,0,1,0,0,0,1,0,0,0,0,0,0,0,0,1.06184423,1,1,2000,5512.037109
mid5680016,568,1805773,1805,2,2,1,1,0,0,1,0,0,0,1,0,0,0,0,0,1,1.253211498,1,15.66666698,2554.3479,77688.57812
mid5650002,565,1805773,1805,2,3,0,1,0,0,0,0,0,0,1,0,0,0,0,0,0,0.7837210894,1,2,3000,9024.074219
mid5680024,568,1805773,1805,2,2,0,1,0,0,1,0,0,0,1,0,0,0,0,0,1,0.7837210894,1,16.66666603,2480,83867.28906
mid5660026,566,1805773,1805,2,2,1,0,1,0,0,0,0,1,0,0,0,0,0,0,1,1.266941071,1,10,2600,49120.37109
mid5630006,563,1805773,1805,2,3,0,1,0,1,0,1,1,0,0,0,0,0,0,0,0,0.7837210894,0,0,,0
mid5630034,563,1805773,1805,2,3,0,1,0,1,0,1,0,0,1,0,0,0,0,0,0,0.7837210894,1,2,2000,11024.07422
mid5650045,565,1805773,1805,2,3,0,1,0,0,0,0,0,1,0,0,0,0,0,0,0,0.7837210894,1,1.666666627,2400,8520.061523
mid5640037,564,1805773,1805,2,3,1,0,1,0,0,0,0,1,0,0,0,0,0,0,0,1.365542531,1,2,2000,11024.07422
mid5620027,562,1805773,1805,2,2,1,1,0,1,0,1,1,0,0,0,0,0,0,0,1,1.253211498,0,1.666666627,2000,9186.728516
mid5690007,569,1805773,1805,2,1,0,0,1,0,0,0,0,0,1,0,0,0,0,1,0,0.8577156067,1,3.75,3000,16920.13867
mid5580005,558,1805773,1805,2,1,1,1,0,0,0,1,0,1,0,0,0,0,0,1,0,0.9076684117,1,3.333333254,2333.333252,17373.45703
mid5620014,562,1805773,1805,2,2,0,1,0,1,0,1,0,0,1,0,0,0,0,0,1,0.7837210894,0,2.5,2666.666748,12113.42578
mid5650037,565,1805773,1805,2,3,1,1,0,0,0,0,0,1,0,0,0,0,0,0,0,0.9076684117,1,1.333333373,3000,6016.049316
mid5620037,562,1805773,1805,2,2,0,1,0,1,0,1,1,0,0,0,0,0,0,0,1,0.7837210894,0,0.8333333135,4000,2926.69751
mid5640019,564,1805773,1805,2,3,1,0,1,0,0,0,0,1,0,0,0,0,0,0,0,1.266941071,1,3,2000,16536.11133
mid5640030,564,1805773,1805,2,3,1,0,1,0,0,0,0,1,0,0,0,0,0,0,0,1.376065612,1,2,2000,11024.07422
mid5680027,568,1805773,1805,2,2,1,1,0,0,1,0,0,1,0,0,0,0,0,0,1,1.253211498,1,17.5,2290.90918,91460.64844
mid5690021,569,1805773,1805,2,1,1,0,1,0,0,0,1,0,0,0,0,0,0,1,0,1.06184423,1,3.75,3000,16920.13867
mid5630042,563,1805773,1805,2,3,0,1,0,1,0,1,0,0,1,0,0,0,0,0,0,0.7837210894,1,3,2000,16536.11133
mid5580031,558,1805773,1805,2,1,1,1,0,0,0,1,0,1,0,0,0,0,0,1,0,0.9076684117,1,3.333333254,1800,19040.12305
mid5600012,560,1805773,1805,2,1,1,1,0,1,0,0,0,1,0,0,0,0,0,1,0,1.253211498,0,1.666666627,2200,8853.395508
mid5630035,563,1805773,1805,2,3,1,1,0,1,0,1,0,1,0,0,0,0,0,0,0,1.253211498,1,3.5,1714.285767,20292.12891
mid5650012,565,1805773,1805,2,3,1,1,0,0,0,0,1,0,0,0,0,0,0,0,0,0.9076684117,1,3,2000,16536.11133
mid5600018,560,1805773,1805,2,1,0,1,0,1,0,0,0,0,1,0,0,0,0,1,0,0.7837210894,0,1.666666627,2200,8853.395508
mid5580018,558,1805773,1805,2,1,1,1,0,0,0,1,0,1,0,0,0,0,0,1,0,1.253211498,1,2.666666746,2250,14032.09863
mid5620036,562,1805773,1805,2,2,1,1,0,1,0,1,0,1,0,0,0,0,0,0,1,1.253211498,1,2.5,2600,12780.09277
mid5630033,563,1805773,1805,2,3,0,1,0,1,0,1,0,0,1,0,0,0,0,0,0,0.7837210894,1,3,2000,16536.11133
mid5660031,566,1805773,1805,2,2,0,0,1,0,0,0,0,0,1,0,0,0,0,0,1,0.8577156067,1,3.333333254,2500,16706.79102
mid5650013,565,1805773,1805,2,3,1,1,0,0,0,0,0,1,0,0,0,0,0,0,0,1.253211498,1,1.666666627,2400,8520.061523
mid5660038,566,1805773,1805,2,2,0,0,1,0,0,0,0,0,1,0,0,0,0,0,1,0.8577156067,0,0,,0
mid5660016,566,1805773,1805,2,2,1,0,1,0,0,0,1,0,0,0,0,0,0,0,1,1.06184423,1,4,2166.666748,21381.48242
mid5630022,563,1805773,1805,2,3,1,1,0,1,0,1,1,0,0,0,0,0,0,0,0,1.253211498,1,4.5,1777.777832,25804.16797
mid5620016,562,1805773,1805,2,2,0,1,0,1,0,1,0,0,1,0,0,0,0,0,1,0.7837210894,1,2.333333254,2857.142822,10861.41992
mid5690034,569,1805773,1805,2,1,1,0,1,0,0,0,0,1,0,0,0,0,0,1,0,1.31280899,1,3.75,3000,16920.13867
mid5580026,558,1805773,1805,2,1,1,1,0,0,0,1,0,1,0,0,0,0,0,1,0,0.9076684117,1,1.666666627,1800,9520.061523
mid5620028,562,1805773,1805,2,2,0,1,0,1,0,1,0,0,1,0,0,0,0,0,1,0.7837210894,0,0.7666666508,4347.826172,2425.89502
mid5650031,565,1805773,1805,2,3,1,1,0,0,0,0,0,1,0,0,0,0,0,0,0,0.9076684117,1,3,2000,16536.11133
mid5690006,569,1805773,1805,2,1,1,0,1,0,0,0,1,0,0,0,0,0,0,1,0,1.06184423,0,3,2500,15036.11133
mid5580046,558,1805773,1805,2,1,0,1,0,0,0,1,0,0,1,0,0,0,0,1,0,0.7837210894,1,3.666666746,2547.619141,18210.80273
mid5590021,559,1805773,1805,2,2,0,1,0,1,0,1,0,1,0,0,0,0,0,0,1,0.7837210894,1,3,3666.666748,11536.11133
mid5690024,569,1805773,1805,2,1,0,0,1,0,0,0,1,0,0,0,0,0,0,1,0,0.8625093699,1,3.75,3000,16920.13867
mid5590005,559,1805773,1805,2,2,0,1,0,1,0,1,0,0,1,0,0,0,0,0,1,0.7837210894,1,3.5,2857.142822,16292.12988
mid5580015,558,1805773,1805,2,1,0,1,0,0,0,1,0,0,1,0,0,0,0,1,0,0.7837210894,1,3.333333254,1800,19040.12305
mid5680023,568,1805773,1805,2,2,1,1,0,0,1,0,0,0,1,0,0,0,0,0,1,1.253211498,1,15,1766.666626,85680.55469
mid5580006,558,1805773,1805,2,1,0,1,0,0,0,1,0,0,1,0,0,0,0,1,0,0.7837210894,0,1.666666627,2000,9186.728516
mid5660037,566,1805773,1805,2,2,1,0,1,0,0,0,0,1,0,0,0,0,0,0,1,1.266941071,1,10,2500,50120.37109
mid5600034,560,1805773,1805,2,1,1,1,0,1,0,0,0,1,0,0,0,0,0,1,0,1.253211498,0,0,,0
mid5680043,568,1805773,1805,2,2,1,1,0,0,1,0,1,0,0,0,0,0,0,0,1,1.253211498,1,16.66666603,2400,85200.61719
mid5580034,558,1805773,1805,2,1,0,1,0,0,0,1,0,0,1,0,0,0,0,1,0,0.7837210894,0,1.666666627,1800,9520.061523
mid5640005,564,1805773,1805,2,3,1,0,1,0,0,0,0,1,0,0,0,0,0,0,0,1.365542531,1,3,2000,16536.11133
mid5580010,558,1805773,1805,2,1,1,1,0,0,0,1,0,1,0,0,0,0,0,1,0,0.9076684117,1,1.333333373,2250,7016.049316
mid5590025,559,1805773,1805,2,2,0,1,0,1,0,1,0,0,1,0,0,0,0,0,1,0.7837210894,1,5,2000,27560.18555
mid5660025,566,1805773,1805,2,2,1,0,1,0,0,0,1,0,0,0,0,0,0,0,1,1.06184423,0,0,,0
mid5660015,566,1805773,1805,2,2,0,0,1,0,0,0,0,0,1,0,0,0,0,0,1,0.8577156067,0,3.333333254,2500,16706.79102
mid5680025,568,1805773,1805,2,2,1,1,0,0,1,0,1,0,0,0,0,0,0,0,1,1.253211498,1,16.66666603,2400,85200.61719
mid5680046,568,1805773,1805,2,2,1,1,0,0,1,0,0,1,0,0,0,0,0,0,1,1.253211498,1,8,2500,40096.29688
mid5680010,568,1805773,1805,2,2,1,1,0,0,1,0,0,0,1,0,0,0,0,0,1,1.253211498,1,13.33333302,2153.846191,70827.16406
mid5600006,560,1805773,1805,2,1,0,1,0,1,0,0,0,0,1,0,0,0,0,1,0,0.7837210894,0,1.333333373,2750,6349.382812
mid5660009,566,1805773,1805,2,2,1,0,1,0,0,0,0,0,1,0,0,0,0,0,1,1.054284573,1,6.666666508,2500,33413.58203
mid5600031,560,1805773,1805,2,1,1,1,0,1,0,0,1,0,0,0,0,0,0,1,0,1.253211498,0,1.666666627,2000,9186.728516
mid5690046,569,1805773,1805,2,1,1,0,1,0,0,0,0,0,1,0,0,0,0,1,0,1.054284573,1,3.75,3000,16920.13867
mid5590030,559,1805773,1805,2,2,0,1,0,1,0,1,0,0,1,0,0,0,0,0,1,0.7837210894,1,4,2500,20048.14844
mid5600001,560,1805773,1805,2,1,1,1,0,1,0,0,0,1,0,0,0,0,0,1,0,1.253211498,0,1.666666627,2200,8853.395508
mid5600047,560,1805773,1805,2,1,0,1,0,1,0,0,0,0,1,0,0,0,0,1,0,0.7837210894,0,1.666666627,2200,8853.395508
mid5620001,562,1805773,1805,2,2,1,1,0,1,0,1,0,1,0,0,0,0,0,0,1,1.253211498,1,3.333333254,1600,19706.79102
mid5690044,569,1805773,1805,2,1,1,0,1,0,0,0,1,0,0,0,0,0,0,1,0,1.06184423,1,3.75,3000,16920.13867
mid5580027,558,1805773,1805,2,1,1,1,0,0,0,1,0,1,0,0,0,0,0,1,0,1.253211498,1,3.333333254,1800,19040.12305
mid5640038,564,1805773,1805,2,3,0,0,1,0,0,0,1,0,0,0,0,0,0,0,0,0.8625093699,1,5.625,2000,31005.20703
mid5650018,565,1805773,1805,2,3,0,1,0,0,0,0,0,0,1,0,0,0,0,0,0,0.7837210894,1,3,2000,16536.11133
mid5680002,568,1805773,1805,2,2,1,1,0,0,1,0,1,0,0,0,0,0,0,0,1,1.253211498,1,16.66666603,2160,89200.61719
mid5680033,568,1805773,1805,2,2,1,1,0,0,1,0,0,1,0,0,0,0,0,0,1,1.253211498,1,13,2300,66656.48438
mid5640011,564,1805773,1805,2,3,0,0,1,0,0,0,0,0,1,0,0,0,0,0,0,0.8577156067,1,8,2000,44096.29688
mid5650040,565,1805773,1805,2,3,1,1,0,0,0,0,0,0,1,0,0,0,0,0,0,0.9076684117,1,2,3000,9024.074219
mid5660036,566,1805773,1805,2,2,1,0,1,0,0,0,1,0,0,0,0,0,0,0,1,1.06184423,1,3.333333254,2600,16373.45703
mid5580022,558,1805773,1805,2,1,1,1,0,0,0,1,0,1,0,0,0,0,0,1,0,0.9076684117,1,3.666666746,2547.619141,18210.80273
mid5690025,569,1805773,1805,2,1,0,0,1,0,0,0,0,0,1,0,0,0,0,1,0,0.8577156067,1,3.75,3000,16920.13867
mid4540032,454,1805784,1805,2,3,0,1,0,0,1,0,0,0,1,0,0,0,0,0,0,0.7560901642,1,8,2250,42096.29688
mid4540031,454,1805784,1805,2,3,0,1,0,0,1,0,0,1,0,0,0,0,0,0,0,0.7560901642,1,4,2250,21048.14844
mid4540017,454,1805784,1805,2,3,0,1,0,0,1,0,0,0,1,0,0,0,0,0,0,0.7560901642,0,0,,0
mid4780003,478,1805784,1805,2,3,0,1,0,1,0,1,0,0,1,0,0,0,0,0,0,0.7560901642,1,4.166666508,2800,19633.48828
mid4580021,458,1805784,1805,2,3,1,0,1,0,0,0,0,1,0,0,0,0,0,0,0,1.497506976,1,6.666666508,2000,36746.91406
mid4790027,479,1805784,1805,2,1,1,0,1,0,0,0,0,1,0,0,0,0,0,1,0,1.614052534,1,3,2750,14286.11133
mid4530038,453,1805784,1805,2,1,1,1,0,0,1,0,0,1,0,0,0,0,0,1,0,1.124968529,1,3.75,2666.666748,18170.13867
mid4790020,479,1805784,1805,2,1,0,0,1,0,0,0,0,0,1,0,0,0,0,1,0,0.9694128633,1,3.5,2285.714355,18292.12891
mid4550008,455,1805784,1805,2,2,1,1,0,1,0,0,1,0,0,0,0,0,0,0,1,1.159413576,1,3,2500,15036.11133
mid4790025,479,1805784,1805,2,1,1,0,1,0,0,0,0,1,0,0,0,0,0,1,0,0.5606503487,1,4.5,2500,22554.16797
mid4580045,458,1805784,1805,2,3,1,0,1,0,0,0,0,1,0,0,0,0,0,0,0,0.5606503487,1,5,2000,27560.18555
mid4530018,453,1805784,1805,2,1,1,1,0,0,1,0,0,0,1,0,0,0,0,1,0,1.159413576,1,4,2500,20048.14844
mid4530031,453,1805784,1805,2,1,1,1,0,0,1,0,1,0,0,0,0,0,0,1,0,1.124968529,0,1.875,2666.666748,9085.069336
mid4540006,454,1805784,1805,2,3,1,1,0,0,1,0,0,0,1,0,0,0,0,0,0,1.124968529,1,4,2250,21048.14844
mid4690021,469,1805784,1805,2,2,1,1,0,0,0,1,0,1,0,0,0,0,0,0,1,1.159413576,0,2.5,2000,13780.09277
mid4570014,457,1805784,1805,2,3,1,0,1,0,0,0,0,1,0,0,0,0,0,0,0,0.5606503487,1,10,2000,55120.37109
mid4580046,458,1805784,1805,2,3,0,0,1,0,0,0,0,0,1,0,0,0,0,0,0,0.9694128633,1,6.666666508,2000,36746.91406
mid4530006,453,1805784,1805,2,1,1,1,0,0,1,0,0,1,0,0,0,0,0,1,0,1.159413576,1,3,3333.333252,12536.11133
mid4690027,469,1805784,1805,2,2,0,1,0,0,0,1,0,0,1,0,0,0,0,0,1,0.7560901642,0,2.25,2222.222168,11902.08398
mid4530001,453,1805784,1805,2,1,0,1,0,0,1,0,0,0,1,0,0,0,0,1,0,0.7560901642,1,7,1428.571411,42584.25781
mid4690005,469,1805784,1805,2,2,1,1,0,0,0,1,1,0,0,0,0,0,0,0,1,1.124968529,1,9,2222.222168,47608.33594
mid4570030,457,1805784,1805,2,3,1,0,1,0,0,0,0,1,0,0,0,0,0,0,0,0.5876648426,1,5,2000,27560.18555
mid4740012,474,1805784,1805,2,2,1,0,1,0,0,0,0,1,0,0,0,0,0,0,1,1.614052534,1,2,3750,7524.074219
mid4570018,457,1805784,1805,2,3,1,0,1,0,0,0,1,0,0,0,0,0,0,0,0,1.255085349,1,5,3200,21560.18555
mid4740036,474,1805784,1805,2,2,0,0,1,0,0,0,0,0,1,0,0,0,0,0,1,0.9694128633,1,3,2500,15036.11133
mid4740035,474,1805784,1805,2,2,1,0,1,0,0,0,1,0,0,0,0,0,0,0,1,1.255085349,1,2.25,2500,11277.08398
mid4530044,453,1805784,1805,2,1,1,1,0,0,1,0,0,1,0,0,0,0,0,1,0,1.124968529,1,4,2500,20048.14844
mid4560017,456,1805784,1805,2,1,1,1,0,0,0,1,0,1,0,0,0,0,0,1,0,1.159413576,1,11.25,2133.333252,60510.41406
mid4570002,457,1805784,1805,2,3,0,0,1,0,0,0,0,0,1,0,0,0,0,0,0,0.9694128633,1,3.75,2666.666748,18170.13867
mid4550005,455,1805784,1805,2,2,0,1,0,1,0,0,0,0,1,0,0,0,0,0,1,0.7560901642,1,5,2000,27560.18555
mid4690032,469,1805784,1805,2,2,0,1,0,0,0,1,0,0,1,0,0,0,0,0,1,0.7560901642,0,0,,0
mid4580030,458,1805784,1805,2,3,1,0,1,0,0,0,0,1,0,0,0,0,0,0,0,1.614052534,1,3.333333254,2000,18373.45703
mid4580013,458,1805784,1805,2,3,0,0,1,0,0,0,0,0,1,0,0,0,0,0,0,0.9694128633,1,3.333333254,2000,18373.45703
mid4570023,457,1805784,1805,2,3,0,0,1,0,0,0,0,0,1,0,0,0,0,0,0,0.9694128633,1,3.5,2857.142822,16292.12988
mid4790038,479,1805784,1805,2,1,1,0,1,0,0,0,0,1,0,0,0,0,0,1,0,0.5606503487,1,3.75,3400,15420.13867
mid4740009,474,1805784,1805,2,2,0,0,1,0,0,0,0,0,1,0,0,0,0,0,1,0.9694128633,0,1.25,3500,5015.046387
mid4580009,458,1805784,1805,2,3,1,0,1,0,0,0,0,1,0,0,0,0,0,0,0,0.5606503487,1,8.333333015,2000,45933.64062
mid4740014,474,1805784,1805,2,2,0,0,1,0,0,0,0,0,1,0,0,0,0,0,1,0.9694128633,1,3,2500,15036.11133
mid4780008,478,1805784,1805,2,3,1,1,0,1,0,1,0,1,0,0,0,0,0,0,0,1.159413576,0,5,2333.333252,25893.51758
mid4740041,474,1805784,1805,2,2,1,0,1,0,0,0,1,0,0,0,0,0,0,0,1,0.649902761,1,3.25,2321.428467,16914.12109
mid4560025,456,1805784,1805,2,1,1,1,0,0,0,1,0,1,0,0,0,0,0,1,0,1.124968529,1,7.5,2133.333252,40340.27734
mid4780038,478,1805784,1805,2,3,1,1,0,1,0,1,1,0,0,0,0,0,0,0,0,1.159413576,0,0,,0
mid4660020,466,1805784,1805,2,1,1,0,1,0,0,0,0,1,0,0,0,0,0,1,0,1.614052534,1,3.75,1800,21420.13867
mid4570036,457,1805784,1805,2,3,1,0,1,0,0,0,0,1,0,0,0,0,0,0,0,0.5606503487,1,1.875,2000,10335.06934
mid4550033,455,1805784,1805,2,2,1,1,0,1,0,0,0,1,0,0,0,0,0,0,1,1.159413576,1,2,1875,11274.07422
mid4560006,456,1805784,1805,2,1,1,1,0,0,0,1,0,1,0,0,0,0,0,1,0,1.159413576,1,7.5,2133.333252,40340.27734
mid4660003,466,1805784,1805,2,1,1,0,1,0,0,0,0,1,0,0,0,0,0,1,0,0.5876648426,1,3.75,1700,21795.13867
mid4530040,453,1805784,1805,2,1,1,1,0,0,1,0,0,1,0,0,0,0,0,1,0,1.159413576,1,4,2500,20048.14844
mid4780002,478,1805784,1805,2,3,0,1,0,1,0,1,0,0,1,0,0,0,0,0,0,0.7560901642,0,5,2333.333252,25893.51758
mid4540023,454,1805784,1805,2,3,1,1,0,0,1,0,0,1,0,0,0,0,0,0,0,1.159413576,1,4,2250,21048.14844
mid4580028,458,1805784,1805,2,3,1,0,1,0,0,0,0,1,0,0,0,0,0,0,0,0.5876648426,1,1.666666627,2000,9186.728516
mid4560005,456,1805784,1805,2,1,0,1,0,0,0,1,0,0,1,0,0,0,0,1,0,0.7560901642,1,3.75,2133.333252,20170.13867
mid4560015,456,1805784,1805,2,1,1,1,0,0,0,1,0,1,0,0,0,0,0,1,0,1.159413576,1,7.5,2133.333252,40340.27734
mid4690004,469,1805784,1805,2,2,1,1,0,0,0,1,0,1,0,0,0,0,0,0,1,1.124968529,1,7.5,2000,41340.27734
mid4740010,474,1805784,1805,2,2,1,0,1,0,0,0,0,1,0,0,0,0,0,0,1,1.497506976,1,4,1875,22548.14844
mid4780021,478,1805784,1805,2,3,0,1,0,1,0,1,1,0,0,0,0,0,0,0,0,0.7560901642,1,5,2333.333252,25893.51758
mid4790009,479,1805784,1805,2,1,0,0,1,0,0,0,0,0,1,0,0,0,0,1,0,0.9694128633,1,3.75,2000,20670.13867
mid4790028,479,1805784,1805,2,1,0,0,1,0,0,0,0,0,1,0,0,0,0,1,0,0.9694128633,1,7,2428.571533,35584.25781
mid4660035,466,1805784,1805,2,1,1,0,1,0,0,0,0,1,0,0,0,0,0,1,0,1.614052534,1,2.5,1900,14030.09277
mid4560008,456,1805784,1805,2,1,1,1,0,0,0,1,0,1,0,0,0,0,0,1,0,1.124968529,1,5,2133.333252,26893.51758
mid4540011,454,1805784,1805,2,3,1,1,0,0,1,0,1,0,0,0,0,0,0,0,0,1.159413576,1,4,2333.333252,20714.81445
mid4690035,469,1805784,1805,2,2,1,1,0,0,0,1,0,1,0,0,0,0,0,0,1,1.124968529,1,7.5,2000,41340.27734
mid4690019,469,1805784,1805,2,2,1,1,0,0,0,1,0,1,0,0,0,0,0,0,1,1.159413576,1,5,2000,27560.18555
mid4660025,466,1805784,1805,2,1,1,0,1,0,0,0,0,1,0,0,0,0,0,1,0,1.614052534,1,2.5,1800,14280.09277
mid4540010,454,1805784,1805,2,3,0,1,0,0,1,0,0,0,1,0,0,0,0,0,0,0.7560901642,1,3.666666746,2454.54541,18544.13672
mid4690010,469,1805784,1805,2,2,0,1,0,0,0,1,0,0,1,0,0,0,0,0,1,0.7560901642,0,3.75,2000,20670.13867
mid4780026,478,1805784,1805,2,3,0,1,0,1,0,1,0,0,1,0,0,0,0,0,0,0.7560901642,0,0,,0
mid4550035,455,1805784,1805,2,2,1,1,0,1,0,0,1,0,0,0,0,0,0,0,1,1.159413576,1,3.75,2000,20670.13867
mid4540026,454,1805784,1805,2,3,1,1,0,0,1,0,1,0,0,0,0,0,0,0,0,1.159413576,1,9.666666985,2536.764648,47616.35938
mid4550029,455,1805784,1805,2,2,0,1,0,1,0,0,0,0,1,0,0,0,0,0,1,0.7560901642,1,3.75,2000,20670.13867
mid4660005,466,1805784,1805,2,1,1,0,1,0,0,0,0,1,0,0,0,0,0,1,0,0.5606503487,1,3.75,1800,21420.13867
mid4540012,454,1805784,1805,2,3,1,1,0,0,1,0,1,0,0,0,0,0,0,0,0,1.159413576,1,4,2250,21048.14844
mid4570010,457,1805784,1805,2,3,1,0,1,0,0,0,0,1,0,0,0,0,0,0,0,0.5606503487,1,3.75,2000,20670.13867
mid4790011,479,1805784,1805,2,1,0,0,1,0,0,0,0,0,1,0,0,0,0,1,0,0.9694128633,1,3,2666.666748,14536.11133
mid4660027,466,1805784,1805,2,1,0,0,1,0,0,0,0,0,1,0,0,0,0,1,0,0.9694128633,1,3.75,1800,21420.13867
mid4740013,474,1805784,1805,2,2,1,0,1,0,0,0,0,1,0,0,0,0,0,0,1,1.497506976,1,3.5,2000,19292.12891
mid4580047,458,1805784,1805,2,3,1,0,1,0,0,0,0,1,0,0,0,0,0,0,0,1.614052534,1,10,2000,55120.37109
mid4530046,453,1805784,1805,2,1,0,1,0,0,1,0,0,0,1,0,0,0,0,1,0,0.7560901642,1,3.75,2666.666748,18170.13867
mid4690018,469,1805784,1805,2,2,1,1,0,0,0,1,1,0,0,0,0,0,0,0,1,1.159413576,0,2.5,2000,13780.09277
mid4780028,478,1805784,1805,2,3,1,1,0,1,0,1,0,1,0,0,0,0,0,0,0,1.159413576,0,5,2333.333252,25893.51758
mid4690031,469,1805784,1805,2,2,0,1,0,0,0,1,0,0,1,0,0,0,0,0,1,0.7560901642,0,2.5,2000,13780.09277
mid4660001,466,1805784,1805,2,1,0,0,1,0,0,0,0,0,1,0,0,0,0,1,0,0.9694128633,1,3.75,1800,21420.13867
mid4560021,456,1805784,1805,2,1,1,1,0,0,0,1,0,1,0,0,0,0,0,1,0,1.124968529,1,7.5,2133.333252,40340.27734
mid4780014,478,1805784,1805,2,3,1,1,0,1,0,1,1,0,0,0,0,0,0,0,0,1.159413576,0,0,,0
mid4780046,478,1805784,1805,2,3,0,1,0,1,0,1,0,0,1,0,0,0,0,0,0,0.7560901642,0,5,2333.333252,25893.51758
mid4580035,458,1805784,1805,2,3,0,0,1,0,0,0,0,0,1,0,0,0,0,0,0,0.9694128633,1,2.666666746,2500,13365.43262
mid4580016,458,1805784,1805,2,3,0,0,1,0,0,0,0,0,1,0,0,0,0,0,0,0.9694128633,1,10,2000,55120.37109
mid4570012,457,1805784,1805,2,3,1,0,1,0,0,0,1,0,0,0,0,0,0,0,0,1.255085349,1,7.5,2000,41340.27734
mid4570005,457,1805784,1805,2,3,0,0,1,0,0,0,0,0,1,0,0,0,0,0,0,0.9694128633,1,3.75,2666.666748,18170.13867
mid4580041,458,1805784,1805,2,3,1,0,1,0,0,0,0,1,0,0,0,0,0,0,0,0.5606503487,1,6.666666508,2000,36746.91406
mid4540020,454,1805784,1805,2,3,1,1,0,0,1,0,1,0,0,0,0,0,0,0,0,1.159413576,1,4,2250,21048.14844
mid4740042,474,1805784,1805,2,2,1,0,1,0,0,0,0,1,0,0,0,0,0,0,1,1.497506976,1,4.5,2500,22554.16797
mid4530014,453,1805784,1805,2,1,0,1,0,0,1,0,0,0,1,0,0,0,0,1,0,0.7560901642,1,3.75,2666.666748,18170.13867
mid4550028,455,1805784,1805,2,2,0,1,0,1,0,0,0,0,1,0,0,0,0,0,1,0.7560901642,1,3.75,2000,20670.13867
mid4790001,479,1805784,1805,2,1,1,0,1,0,0,0,1,0,0,0,0,0,0,1,0,1.255085349,1,3.5,2142.857178,18792.12891
mid4660008,466,1805784,1805,2,1,1,0,1,0,0,0,0,1,0,0,0,0,0,1,0,0.5876648426,1,3.75,1800,21420.13867
mid4560018,456,1805784,1805,2,1,0,1,0,0,0,1,0,0,1,0,0,0,0,1,0,0.7560901642,0,0,,0
mid4660004,466,1805784,1805,2,1,0,0,1,0,0,0,0,0,1,0,0,0,0,1,0,0.9694128633,1,2.5,1800,14280.09277
mid4780041,478,1805784,1805,2,3,1,1,0,1,0,1,1,0,0,0,0,0,0,0,0,1.159413576,1,5,2466.666748,25226.85156
mid4570037,457,1805784,1805,2,3,1,0,1,0,0,0,1,0,0,0,0,0,0,0,0,1.255085349,1,4.25,2352.941162,21926.1582
mid4790024,479,1805784,1805,2,1,1,0,1,0,0,0,1,0,0,0,0,0,0,1,0,1.255085349,1,3.75,2000,20670.13867
mid4660010,466,1805784,1805,2,1,0,0,1,0,0,0,0,0,1,0,0,0,0,1,0,0.9694128633,1,7.5,1800,42840.27734
mid4530002,453,1805784,1805,2,1,1,1,0,0,1,0,0,1,0,0,0,0,0,1,0,1.124968529,1,4.5,2222.222168,23804.16797
mid4740023,474,1805784,1805,2,2,1,0,1,0,0,0,0,1,0,0,0,0,0,0,1,0.5876648426,1,4.875,2307.692383,25371.18164
mid4560030,456,1805784,1805,2,1,1,1,0,0,0,1,0,1,0,0,0,0,0,1,0,1.124968529,1,3.75,2133.333252,20170.13867
mid4790031,479,1805784,1805,2,1,1,0,1,0,0,0,0,1,0,0,0,0,0,1,0,1.614052534,1,6.875,2250,36145.25391
mid4570033,457,1805784,1805,2,3,0,0,1,0,0,0,0,0,1,0,0,0,0,0,0,0.9694128633,1,3.5,2857.142822,16292.12988
mid4790039,479,1805784,1805,2,1,1,0,1,0,0,0,0,1,0,0,0,0,0,1,0,0.5606503487,1,3.75,2000,20670.13867
mid4660011,466,1805784,1805,2,1,1,0,1,0,0,0,0,1,0,0,0,0,0,1,0,0.5876648426,1,3.75,1800,21420.13867
mid4740022,474,1805784,1805,2,2,0,0,1,0,0,0,0,0,1,0,0,0,0,0,1,0.9694128633,1,1.5,1416.666626,9143.055664
mid4690028,469,1805784,1805,2,2,1,1,0,0,0,1,0,1,0,0,0,0,0,0,1,1.159413576,1,7.5,2000,41340.27734
mid4540005,454,1805784,1805,2,3,1,1,0,0,1,0,0,1,0,0,0,0,0,0,0,1.124968529,1,4,2250,21048.14844
mid4560004,456,1805784,1805,2,1,0,1,0,0,0,1,0,0,1,0,0,0,0,1,0,0.7560901642,0,0,,0
mid4550010,455,1805784,1805,2,2,1,1,0,1,0,0,0,0,1,0,0,0,0,0,1,1.159413576,1,3.25,2307.692383,16914.12109
mid4560026,456,1805784,1805,2,1,0,1,0,0,0,1,0,0,1,0,0,0,0,1,0,0.7560901642,1,5,2133.333252,26893.51758
mid4530011,453,1805784,1805,2,1,1,1,0,0,1,0,0,1,0,0,0,0,0,1,0,1.159413576,1,4,2500,20048.14844
mid6820035,682,1871177,1871,2,2,0,1,0,1,0,0,0,0,1,0,0,0,0,0,1,0.4349232912,0,0,,0
mid6800025,680,1871177,1871,2,1,0,1,0,1,0,0,0,0,1,0,0,0,0,1,0,0.4349232912,0,0,,0
mid6830023,683,1871177,1871,2,2,0,1,0,0,1,1,0,0,1,0,0,0,0,0,1,0.4349232912,1,10,2200,53120.37109
mid6840011,684,1871177,1871,2,1,1,0,1,0,0,0,0,1,0,0,0,0,0,1,0,1.083137035,1,2.333333254,2714.285645,11194.75293
mid6810037,681,1871177,1871,2,3,0,1,0,1,0,0,0,0,1,0,0,0,0,0,0,0.4349232912,0,0,,0
mid6820031,682,1871177,1871,2,2,0,1,0,1,0,0,0,0,1,0,0,0,0,0,1,0.4349232912,0,0,,0
mid6830032,683,1871177,1871,2,2,0,1,0,0,1,1,0,0,1,0,0,0,0,0,1,0.4349232912,0,0,,0
mid6810006,681,1871177,1871,2,3,1,1,0,1,0,0,0,0,1,0,0,0,0,0,0,2.354930639,1,10,2600,49120.37109
mid6830029,683,1871177,1871,2,2,1,1,0,0,1,1,1,0,0,0,0,0,0,0,1,1.748659015,1,10,2200,53120.37109
mid6830030,683,1871177,1871,2,2,0,1,0,0,1,1,0,0,1,0,0,0,0,0,1,0.4349232912,0,0,,0
mid6800003,680,1871177,1871,2,1,0,1,0,1,0,0,0,0,1,0,0,0,0,1,0,0.4349232912,0,0,,0
mid6780022,678,1871177,1871,2,1,1,1,0,0,1,0,1,0,0,0,0,0,0,1,0,1.748659015,1,26.66666603,2500,133654.3281
mid6790019,679,1871177,1871,2,3,1,0,1,0,0,0,0,1,0,0,0,0,0,0,0,1.635810971,1,10,2500,50120.37109
mid6840013,684,1871177,1871,2,1,1,0,1,0,0,0,0,1,0,0,0,0,0,1,0,1.763120294,1,2.5,2533.333252,12446.75879
mid6840033,684,1871177,1871,2,1,0,0,1,0,0,0,0,0,1,0,0,0,0,1,0,0.4975869954,0,0,,0
mid6810030,681,1871177,1871,2,3,1,1,0,1,0,0,1,0,0,0,0,0,0,0,0,2.354930639,1,2.666666746,2500,13365.43262
mid6790011,679,1871177,1871,2,3,1,0,1,0,0,0,1,0,0,0,0,0,0,0,0,1.37100029,1,5,2500,25060.18555
mid6840008,684,1871177,1871,2,1,1,0,1,0,0,0,0,1,0,0,0,0,0,1,0,1.763120294,1,7.5,2533.333252,37340.27734
mid6810042,681,1871177,1871,2,3,0,1,0,1,0,0,0,0,1,0,0,0,0,0,0,0.4349232912,1,3.333333254,2600,16373.45703
mid6790035,679,1871177,1871,2,3,1,0,1,0,0,0,0,1,0,0,0,0,0,0,0,1.135327101,1,13.33333302,2500,66827.16406
mid6790024,679,1871177,1871,2,3,1,0,1,0,0,0,0,1,0,0,0,0,0,0,0,1.635810971,1,10,3800,37120.37109
mid6820008,682,1871177,1871,2,2,0,1,0,1,0,0,0,0,1,0,0,0,0,0,1,0.4349232912,0,0,,0
mid6780023,678,1871177,1871,2,1,1,1,0,0,1,0,0,1,0,0,0,0,0,1,0,2.354930639,0,0,,0
mid6840004,684,1871177,1871,2,1,0,0,1,0,0,0,0,0,1,0,0,0,0,1,0,0.4975869954,0,0,,0
mid6840035,684,1871177,1871,2,1,0,0,1,0,0,0,0,0,1,0,0,0,0,1,0,0.4975869954,0,0,,0
mid6790038,679,1871177,1871,2,3,0,0,1,0,0,0,0,0,1,0,0,0,0,0,0,0.4975869954,1,10,2500,50120.37109
mid6800020,680,1871177,1871,2,1,0,1,0,1,0,0,0,0,1,0,0,0,0,1,0,0.4349232912,0,0,,0
mid6820019,682,1871177,1871,2,2,1,1,0,1,0,0,0,1,0,0,0,0,0,0,1,2.354930639,1,10,2200,53120.37109
mid6810025,681,1871177,1871,2,3,0,1,0,1,0,0,1,0,0,0,0,0,0,0,0,0.4349232912,1,8,2500,40096.29688
mid6840018,684,1871177,1871,2,1,0,0,1,0,0,0,0,0,1,0,0,0,0,1,0,0.4975869954,0,0,,0
mid6780042,678,1871177,1871,2,1,1,1,0,0,1,0,0,1,0,0,0,0,0,1,0,1.748659015,1,10,2100,54120.37109
mid6780009,678,1871177,1871,2,1,0,1,0,0,1,0,0,0,1,0,0,0,0,1,0,0.4349232912,0,0,,0
mid6820010,682,1871177,1871,2,2,0,1,0,1,0,0,1,0,0,0,0,0,0,0,1,0.4349232912,0,0,,0
mid6780006,678,1871177,1871,2,1,0,1,0,0,1,0,0,0,1,0,0,0,0,1,0,0.4349232912,0,0,,0
mid6830031,683,1871177,1871,2,2,0,1,0,0,1,1,0,0,1,0,0,0,0,0,1,0.4349232912,1,10,2200,53120.37109
mid6830019,683,1871177,1871,2,2,0,1,0,0,1,1,0,0,1,0,0,0,0,0,1,0.4349232912,0,0,,0
mid6810040,681,1871177,1871,2,3,0,1,0,1,0,0,0,0,1,0,0,0,0,0,0,0.4349232912,1,5,2600,24560.18555
mid6790026,679,1871177,1871,2,3,1,0,1,0,0,0,0,1,0,0,0,0,0,0,0,1.135327101,1,10,2500,50120.37109
mid6830020,683,1871177,1871,2,2,0,1,0,0,1,1,1,0,0,0,0,0,0,0,1,0.4349232912,0,0,,0
mid6830021,683,1871177,1871,2,2,1,1,0,0,1,1,0,0,1,0,0,0,0,0,1,1.748659015,1,10,2200,53120.37109
mid6790007,679,1871177,1871,2,3,1,0,1,0,0,0,1,0,0,0,0,0,0,0,0,1.37100029,1,10,2500,50120.37109
mid6780038,678,1871177,1871,2,1,1,1,0,0,1,0,0,1,0,0,0,0,0,1,0,1.748659015,1,10,2100,54120.37109
mid6840029,684,1871177,1871,2,1,1,0,1,0,0,0,0,1,0,0,0,0,0,1,0,1.083137035,1,5,3800,18560.18555
mid6790013,679,1871177,1871,2,3,0,0,1,0,0,0,0,0,1,0,0,0,0,0,0,0.4975869954,1,7.5,2533.333252,37340.27734
mid6820001,682,1871177,1871,2,2,1,1,0,1,0,0,0,1,0,0,0,0,0,0,1,2.354930639,1,15,2200,79680.55469
mid6840009,684,1871177,1871,2,1,1,0,1,0,0,0,0,1,0,0,0,0,0,1,0,1.083137035,1,7.5,2533.333252,37340.27734
mid6790015,679,1871177,1871,2,3,1,0,1,0,0,0,0,1,0,0,0,0,0,0,0,1.135327101,1,10,2533.333252,49787.03516
mid6830007,683,1871177,1871,2,2,0,1,0,0,1,1,0,0,1,0,0,0,0,0,1,0.4349232912,0,0,,0
mid6800024,680,1871177,1871,2,1,1,1,0,1,0,0,1,0,0,0,0,0,0,1,0,2.354930639,1,15,2333.333252,77680.55469
mid6810043,681,1871177,1871,2,3,1,1,0,1,0,0,0,1,0,0,0,0,0,0,0,2.354930639,1,10,2600,49120.37109
mid6820033,682,1871177,1871,2,2,1,1,0,1,0,0,0,1,0,0,0,0,0,0,1,2.354930639,1,15,2200,79680.55469
mid6800015,680,1871177,1871,2,1,0,1,0,1,0,0,0,0,1,0,0,0,0,1,0,0.4349232912,0,0,,0
mid6800009,680,1871177,1871,2,1,0,1,0,1,0,0,0,0,1,0,0,0,0,1,0,0.4349232912,0,0,,0
mid6820021,682,1871177,1871,2,2,0,1,0,1,0,0,0,1,0,0,0,0,0,0,1,0.4349232912,1,15,2200,79680.55469
mid6780029,678,1871177,1871,2,1,0,1,0,0,1,0,1,0,0,0,0,0,0,1,0,0.4349232912,1,10,2500,50120.37109
mid6780041,678,1871177,1871,2,1,0,1,0,0,1,0,0,0,1,0,0,0,0,1,0,0.4349232912,0,0,,0
mid6830005,683,1871177,1871,2,2,0,1,0,0,1,1,0,0,1,0,0,0,0,0,1,0.4349232912,0,0,,0
mid6810014,681,1871177,1871,2,3,0,1,0,1,0,0,1,0,0,0,0,0,0,0,0,0.4349232912,1,4,2500,20048.14844
mid6780018,678,1871177,1871,2,1,1,1,0,0,1,0,1,0,0,0,0,0,0,1,0,2.354930639,0,6.666666508,2500,33413.58203
mid6780026,678,1871177,1871,2,1,0,1,0,0,1,0,0,0,1,0,0,0,0,1,0,0.4349232912,0,0,,0
mid6820017,682,1871177,1871,2,2,0,1,0,1,0,0,0,0,1,0,0,0,0,0,1,0.4349232912,0,0,,0
mid6800013,680,1871177,1871,2,1,0,1,0,1,0,0,0,0,1,0,0,0,0,1,0,0.4349232912,1,15,2000,82680.55469
mid6830015,683,1871177,1871,2,2,0,1,0,0,1,1,0,0,1,0,0,0,0,0,1,0.4349232912,0,0,,0
mid6790010,679,1871177,1871,2,3,0,0,1,0,0,0,0,0,1,0,0,0,0,0,0,0.4268584549,1,7.5,2533.333252,37340.27734
mid6790002,679,1871177,1871,2,3,0,0,1,0,0,0,0,0,1,0,0,0,0,0,0,0.4975869954,1,1.666666627,3400,6853.39502
mid6780005,678,1871177,1871,2,1,1,1,0,0,1,0,0,1,0,0,0,0,0,1,0,2.354930639,1,10,2500,50120.37109
mid6820037,682,1871177,1871,2,2,1,1,0,1,0,0,0,1,0,0,0,0,0,0,1,2.354930639,0,0,,0
mid6840016,684,1871177,1871,2,1,0,0,1,0,0,0,0,1,0,0,0,0,0,1,0,0.4814014733,1,5.666666508,2714.285645,26765.03516
mid6800021,680,1871177,1871,2,1,0,1,0,1,0,0,0,0,1,0,0,0,0,1,0,0.4349232912,0,0,,0
mid6840005,684,1871177,1871,2,1,1,0,1,0,0,0,0,1,0,0,0,0,0,1,0,1.635810971,1,2.333333254,2714.285645,11194.75293
mid6800004,680,1871177,1871,2,1,0,1,0,1,0,0,0,0,1,0,0,0,0,1,0,0.4349232912,0,0,,0
mid6040017,604,1871215,1871,2,3,0,0,1,0,0,0,0,0,1,0,0,0,0,0,0,0.98209095,1,3.333333254,2400,17040.12305
mid6120025,612,1871215,1871,2,1,1,0,1,0,0,0,0,1,0,0,0,0,0,1,0,0.3034470379,1,4,2283.333252,20798.14844
mid6110041,611,1871215,1871,2,3,1,1,0,1,1,0,1,0,0,0,0,0,0,0,0,1.722448587,1,4,3000,18048.14844
mid6090015,609,1871215,1871,2,1,0,1,0,0,1,0,0,0,1,0,0,0,0,1,0,0.5988111496,1,9,2444.444336,45608.33594
mid6090011,609,1871215,1871,2,1,0,1,0,0,1,0,0,0,1,0,0,0,0,1,0,0.5988111496,1,10,2200,53120.37109
mid6110036,611,1871215,1871,2,3,1,1,0,1,1,0,0,1,0,0,0,0,0,0,0,1.722448587,1,4,3000,18048.14844
mid6090005,609,1871215,1871,2,1,0,1,0,0,1,0,1,0,0,0,0,0,0,1,0,0.5988111496,1,20,2200,106240.7422
mid6050002,605,1871215,1871,2,3,0,1,0,0,1,1,0,0,1,0,0,0,0,0,0,0.5988111496,1,6,2000,33072.22266
mid6090027,609,1871215,1871,2,1,0,1,0,0,1,0,0,0,1,0,0,0,0,1,0,0.5988111496,0,0,,0
mid6130029,613,1871215,1871,2,2,0,1,0,1,0,0,0,0,1,0,0,0,0,0,1,0.5988111496,0,0,,0
mid6080041,608,1871215,1871,2,2,1,1,0,1,0,1,1,0,0,0,0,0,0,0,1,1.722448587,1,10,2500,50120.37109
mid6040039,604,1871215,1871,2,3,1,0,1,0,0,0,1,0,0,0,0,0,0,0,0,1.674075127,1,10,2400,51120.37109
mid6040022,604,1871215,1871,2,3,1,0,1,0,0,0,0,1,0,0,0,0,0,0,0,2.152877569,1,6.666666508,2400,34080.24609
mid6050023,605,1871215,1871,2,3,0,1,0,0,1,1,0,0,1,0,0,0,0,0,0,0.5988111496,1,6,2000,33072.22266
mid6030014,603,1871215,1871,2,2,0,1,0,0,0,1,0,0,1,0,0,0,0,0,1,0.5988111496,1,6,2000,33072.22266
mid6090029,609,1871215,1871,2,1,1,1,0,0,1,0,0,1,0,0,0,0,0,1,0,1.151865482,1,13.5,2444.444336,68412.5
mid6100006,610,1871215,1871,2,2,0,0,1,0,0,0,0,0,1,0,0,0,0,0,1,1.144819021,1,5,2500,25060.18555
mid6100016,610,1871215,1871,2,2,1,0,1,0,0,0,0,1,0,0,0,0,0,0,1,0.3034470379,1,5,2500,25060.18555
mid6100023,610,1871215,1871,2,2,1,0,1,0,0,0,0,1,0,0,0,0,0,0,1,0.3034470379,1,10,2500,50120.37109
mid6050013,605,1871215,1871,2,3,1,1,0,0,1,1,0,1,0,0,0,0,0,0,0,1.151865482,1,10,2166.666748,53453.70312
mid6100037,610,1871215,1871,2,2,1,0,1,0,0,0,0,1,0,0,0,0,0,0,1,0.3034470379,1,5,2500,25060.18555
mid6100045,610,1871215,1871,2,2,1,0,1,0,0,0,0,0,1,0,0,0,0,0,1,1.13259685,1,5,2500,25060.18555
mid6070013,607,1871215,1871,2,1,0,1,0,1,1,0,0,0,1,0,0,0,0,1,0,0.5988111496,0,0,,0
mid6130021,613,1871215,1871,2,2,0,1,0,1,0,0,0,0,1,0,0,0,0,0,1,0.5988111496,1,7,2166.666748,37584.25781
mid6120019,612,1871215,1871,2,1,0,0,1,0,0,0,0,0,1,0,0,0,0,1,0,1.144819021,0,0,,0
mid6050025,605,1871215,1871,2,3,1,1,0,0,1,1,0,1,0,0,0,0,0,0,0,1.151865482,1,6,2166.666748,32072.22266
mid6040036,604,1871215,1871,2,3,1,0,1,0,0,0,0,1,0,0,0,0,0,0,0,0.3034470379,1,5,2400,25560.18555
mid6110023,611,1871215,1871,2,3,1,1,0,1,1,0,1,0,0,0,0,0,0,0,0,1.722448587,1,4,3000,18048.14844
mid6080040,608,1871215,1871,2,2,0,1,0,1,0,1,0,0,1,0,0,0,0,0,1,0.5988111496,0,0,,0
mid6120047,612,1871215,1871,2,1,0,0,1,0,0,0,0,0,1,0,0,0,0,1,0,0.98209095,1,6,2166.666748,32072.22266
mid6080011,608,1871215,1871,2,2,0,1,0,1,0,1,1,0,0,0,0,0,0,0,1,0.5988111496,0,0,,0
mid6120030,612,1871215,1871,2,1,1,0,1,0,0,0,0,1,0,0,0,0,0,1,0,1.997425199,1,4,2188.888916,21298.14844
mid6030025,603,1871215,1871,2,2,0,1,0,0,0,1,0,0,1,0,0,0,0,0,1,0.5988111496,0,0,,0
mid6100036,610,1871215,1871,2,2,1,0,1,0,0,0,0,1,0,0,0,0,0,0,1,0.3034470379,1,5,2500,25060.18555
mid6130025,613,1871215,1871,2,2,0,1,0,1,0,0,0,0,1,0,0,0,0,0,1,0.5988111496,1,5,2000,27560.18555
mid6100026,610,1871215,1871,2,2,0,0,1,0,0,0,0,0,1,0,0,0,0,0,1,1.144819021,1,1.666666627,2500,8353.395508
mid6090032,609,1871215,1871,2,1,1,1,0,0,1,0,0,1,0,0,0,0,0,1,0,1.722448587,1,13.5,1703.703735,78412.5
mid6120032,612,1871215,1871,2,1,1,0,1,0,0,0,1,0,0,0,0,0,0,1,0,0.3355842531,1,8.75,2142.857178,46980.32031
mid6030015,603,1871215,1871,2,2,0,1,0,0,0,1,0,0,1,0,0,0,0,0,1,0.5988111496,0,0,,0
mid6030020,603,1871215,1871,2,2,1,1,0,0,0,1,1,0,0,0,0,0,0,0,1,1.151865482,1,6,1333.333374,37072.22266
mid6120038,612,1871215,1871,2,1,1,0,1,0,0,0,1,0,0,0,0,0,0,1,0,1.674075127,1,3.5,2142.857178,18792.12891
mid6070011,607,1871215,1871,2,1,0,1,0,1,1,0,0,0,1,0,0,0,0,1,0,0.5988111496,1,5,2600,24560.18555
mid6040008,604,1871215,1871,2,3,0,0,1,0,0,0,1,0,0,0,0,0,0,0,0,1.151217341,1,5,2300,26060.18555
mid6050012,605,1871215,1871,2,3,1,1,0,0,1,1,0,1,0,0,0,0,0,0,0,1.151865482,1,6,2000,33072.22266
mid6070018,607,1871215,1871,2,1,0,1,0,1,1,0,0,0,1,0,0,0,0,1,0,0.5988111496,1,4,2500,20048.14844
mid6100033,610,1871215,1871,2,2,1,0,1,0,0,0,1,0,0,0,0,0,0,0,1,0.3355842531,1,5,2500,25060.18555
mid6050005,605,1871215,1871,2,3,0,1,0,0,1,1,0,0,1,0,0,0,0,0,0,0.5988111496,1,6,2000,33072.22266
mid6100041,610,1871215,1871,2,2,1,0,1,0,0,0,0,1,0,0,0,0,0,0,1,0.3034470379,1,10,2500,50120.37109
mid6070028,607,1871215,1871,2,1,0,1,0,1,1,0,0,0,1,0,0,0,0,1,0,0.5988111496,1,8,2500,40096.29688
mid6040020,604,1871215,1871,2,3,0,0,1,0,0,0,0,0,1,0,0,0,0,0,0,1.144819021,1,3.333333254,2400,17040.12305
mid6030017,603,1871215,1871,2,2,1,1,0,0,0,1,0,1,0,0,0,0,0,0,1,1.722448587,1,6,2000,33072.22266
mid6120021,612,1871215,1871,2,1,0,0,1,0,0,0,0,0,1,0,0,0,0,1,0,0.98209095,1,2.75,2283.333252,14408.10156
mid6090020,609,1871215,1871,2,1,1,1,0,0,1,0,1,0,0,0,0,0,0,1,0,1.722448587,1,10,2200,53120.37109
mid6030038,603,1871215,1871,2,2,1,1,0,0,0,1,0,1,0,0,0,0,0,0,1,1.151865482,1,6,2000,33072.22266
mid6110019,611,1871215,1871,2,3,0,1,0,1,1,0,1,0,0,0,0,0,0,0,0,0.5988111496,1,5,4000,17560.18555
mid6080049,608,1871215,1871,2,2,1,1,0,1,0,1,0,1,0,0,0,0,0,0,1,1.722448587,1,6.666666508,2500,33413.58203
mid6040021,604,1871215,1871,2,3,1,0,1,0,0,0,0,1,0,0,0,0,0,0,0,0.3034470379,1,5,2333.333252,25893.51953
mid6110012,611,1871215,1871,2,3,0,1,0,1,1,0,0,0,1,0,0,0,0,0,0,0.5988111496,1,4,3000,18048.14844
mid6090031,609,1871215,1871,2,1,1,1,0,0,1,0,1,0,0,0,0,0,0,1,0,1.722448587,1,10,2200,53120.37109
mid6110005,611,1871215,1871,2,3,0,1,0,1,1,0,0,0,1,0,0,0,0,0,0,0.5988111496,0,0,,0
mid6080034,608,1871215,1871,2,2,0,1,0,1,0,1,0,0,1,0,0,0,0,0,1,0.5988111496,1,10,2500,50120.37109
mid6090022,609,1871215,1871,2,1,1,1,0,0,1,0,0,1,0,0,0,0,0,1,0,1.151865482,1,10,2200,53120.37109
mid6040034,604,1871215,1871,2,3,1,0,1,0,0,0,0,1,0,0,0,0,0,0,0,0.3034470379,1,6.666666508,2400,34080.24609
mid6120002,612,1871215,1871,2,1,0,0,1,0,0,0,0,0,1,0,0,0,0,1,0,0.98209095,1,4.5,2166.666748,24054.16797
mid6130022,613,1871215,1871,2,2,1,1,0,1,0,0,0,1,0,0,0,0,0,0,1,1.722448587,1,8.375,2401.315674,42913.3125
mid6070007,607,1871215,1871,2,1,0,1,0,1,1,0,0,0,1,0,0,0,0,1,0,0.5988111496,1,4,1800,22848.14844
mid6070021,607,1871215,1871,2,1,1,1,0,1,1,0,0,1,0,0,0,0,0,1,0,1.722448587,1,3.333333254,2100,18040.12305
mid6110029,611,1871215,1871,2,3,0,1,0,1,1,0,0,0,1,0,0,0,0,0,0,0.5988111496,1,4,3000,18048.14844
mid6050043,605,1871215,1871,2,3,1,1,0,0,1,1,1,0,0,0,0,0,0,0,0,1.722448587,1,4,2166.666748,21381.48242
mid6110033,611,1871215,1871,2,3,0,1,0,1,1,0,0,0,1,0,0,0,0,0,0,0.5988111496,1,2.666666746,3000,12032.09863
mid6090009,609,1871215,1871,2,1,0,1,0,0,1,0,0,0,1,0,0,0,0,1,0,0.5988111496,0,0,,0
mid6040006,604,1871215,1871,2,3,1,0,1,0,0,0,1,0,0,0,0,0,0,0,0,1.674075127,1,5,2400,25560.18555
mid6100043,610,1871215,1871,2,2,1,0,1,0,0,0,0,1,0,0,0,0,0,0,1,2.152877569,1,15,,75180.55469
mid6080042,608,1871215,1871,2,2,0,1,0,1,0,1,1,0,0,0,0,0,0,0,1,0.5988111496,1,10,2500,50120.37109
mid6120003,612,1871215,1871,2,1,1,0,1,0,0,0,1,0,0,0,0,0,0,1,0,1.674075127,1,3.5,2142.857178,18792.12891
mid6080047,608,1871215,1871,2,2,0,1,0,1,0,1,0,0,1,0,0,0,0,0,1,0.5988111496,1,10,2500,50120.37109
mid6120026,612,1871215,1871,2,1,1,0,1,0,0,0,0,1,0,0,0,0,0,1,0,0.3034470379,1,4,2188.888916,21298.14844
mid6120020,612,1871215,1871,2,1,1,0,1,0,0,0,0,1,0,0,0,0,0,1,0,1.997425199,1,7.5,2200,39840.27734
mid6090014,609,1871215,1871,2,1,1,1,0,0,1,0,0,1,0,0,0,0,0,1,0,1.722448587,1,6,2333.333252,31072.2207
mid6030032,603,1871215,1871,2,2,0,1,0,0,0,1,0,0,1,0,0,0,0,0,1,0.5988111496,1,6,2000,33072.22266
mid6080039,608,1871215,1871,2,2,0,1,0,1,0,1,0,0,1,0,0,0,0,0,1,0.5988111496,1,10,2500,50120.37109
mid6040024,604,1871215,1871,2,3,0,0,1,0,0,0,0,0,1,0,0,0,0,0,0,1.144819021,1,5,2400,25560.18555
mid6030023,603,1871215,1871,2,2,1,1,0,0,0,1,0,1,0,0,0,0,0,0,1,1.722448587,1,6,2000,33072.22266
mid6080046,608,1871215,1871,2,2,1,1,0,1,0,1,1,0,0,0,0,0,0,0,1,1.722448587,1,10,2500,50120.37109
mid6100030,610,1871215,1871,2,2,1,0,1,0,0,0,0,0,1,0,0,0,0,0,1,0.1917248368,1,8.333333015,2500,41766.97656
mid6030046,603,1871215,1871,2,2,1,1,0,0,0,1,1,0,0,0,0,0,0,0,1,1.722448587,1,6,2000,33072.22266
mid6110040,611,1871215,1871,2,3,0,1,0,1,1,0,1,0,0,0,0,0,0,0,0,0.5988111496,1,4,3000,18048.14844
mid6040032,604,1871215,1871,2,3,0,0,1,0,0,0,0,0,1,0,0,0,0,0,0,0.98209095,1,3.333333254,2400,17040.12305
mid6050026,605,1871215,1871,2,3,1,1,0,0,1,1,1,0,0,0,0,0,0,0,0,1.151865482,1,5,2000,27560.18555
mid6130031,613,1871215,1871,2,2,0,1,0,1,0,0,0,0,1,0,0,0,0,0,1,0.5988111496,1,5,2000,27560.18555
mid6130026,613,1871215,1871,2,2,1,1,0,1,0,0,0,1,0,0,0,0,0,0,1,1.722448587,1,10,2000,55120.37109
mid6030022,603,1871215,1871,2,2,1,1,0,0,0,1,0,1,0,0,0,0,0,0,1,1.151865482,1,12,2000,66144.44531
mid6030033,603,1871215,1871,2,2,1,1,0,0,0,1,0,1,0,0,0,0,0,0,1,1.151865482,1,6,2000,33072.22266
mid6070012,607,1871215,1871,2,1,0,1,0,1,1,0,0,0,1,0,0,0,0,1,0,0.5988111496,1,8,1625,47096.29688
mid6130038,613,1871215,1871,2,2,0,1,0,1,0,0,1,0,0,0,0,0,0,0,1,0.5988111496,1,7.5,2000,41340.27734
mid6070004,607,1871215,1871,2,1,0,1,0,1,1,0,0,0,1,0,0,0,0,1,0,0.5988111496,1,4,2750,19048.14844
mid6050035,605,1871215,1871,2,3,0,1,0,0,1,1,0,0,1,0,0,0,0,0,0,0.5988111496,1,6,2000,33072.22266
mid6070001,607,1871215,1871,2,1,0,1,0,1,1,0,0,0,1,0,0,0,0,1,0,0.5988111496,1,4,2500,20048.14844
mid6050031,605,1871215,1871,2,3,1,1,0,0,1,1,0,1,0,0,0,0,0,0,0,1.722448587,1,6,2166.666748,32072.22266
mid6050022,605,1871215,1871,2,3,1,1,0,0,1,1,0,1,0,0,0,0,0,0,0,1.722448587,1,6,2166.666748,32072.22266
mid6690046,669,1871222,1871,2,1,1,1,0,0,1,1,1,0,0,0,0,0,0,1,0,0.9139149785,0,0,,0
mid6690022,669,1871222,1871,2,1,0,1,0,0,1,1,0,0,1,0,0,0,0,1,0,1.031565309,0,0,,0
mid6640005,664,1871222,1871,2,2,1,0,1,0,0,0,0,1,0,0,0,0,0,0,1,0.7667294741,0,7.5,2000,41340.27734
mid6690035,669,1871222,1871,2,1,1,1,0,0,1,1,0,1,0,0,0,0,0,1,0,0.9139149785,1,12.5,2200,66400.46094
mid6670007,667,1871222,1871,2,3,1,0,1,0,0,0,0,1,0,0,0,0,0,0,0,0.7314835191,1,7,2500,35084.25781
mid6680035,668,1871222,1871,2,3,1,1,0,0,1,1,0,1,0,0,0,0,0,0,0,1.104448438,0,0,,0
mid6640003,664,1871222,1871,2,2,1,0,1,0,0,0,1,0,0,0,0,0,0,0,1,1.679175854,0,7.5,2000,41340.27734
mid6670031,667,1871222,1871,2,3,1,0,1,0,0,0,1,0,0,0,0,0,0,0,0,1.679175854,1,10,2500,50120.37109
mid6680009,668,1871222,1871,2,3,1,1,0,0,1,1,0,1,0,0,0,0,0,0,0,0.9139149785,0,6.25,2000,34450.23047
mid6680014,668,1871222,1871,2,3,1,1,0,0,1,1,0,1,0,0,0,0,0,0,0,1.104448438,0,5,2000,27560.18555
mid6640006,664,1871222,1871,2,2,1,0,1,0,0,0,0,1,0,0,0,0,0,0,1,0.7314835191,0,5,2000,27560.18555
mid6640032,664,1871222,1871,2,2,0,0,1,0,0,0,0,0,1,0,0,0,0,0,1,0.4682495892,0,0,,0
mid6690036,669,1871222,1871,2,1,1,1,0,0,1,1,0,1,0,0,0,0,0,1,0,0.9139149785,1,7.5,2200,39840.27734
mid6690029,669,1871222,1871,2,1,0,1,0,0,1,1,0,0,1,0,0,0,0,1,0,1.031565309,0,0,,0
mid6640031,664,1871222,1871,2,2,1,0,1,0,0,0,0,1,0,0,0,0,0,0,1,2.15943718,0,7.5,2000,41340.27734
mid6640023,664,1871222,1871,2,2,0,0,1,0,0,0,1,0,0,0,0,0,0,0,1,0.4708666205,0,7.5,2000,41340.27734
mid6640002,664,1871222,1871,2,2,0,0,1,0,0,0,0,0,1,0,0,0,0,0,1,0.4682495892,0,0,,0
mid6640016,664,1871222,1871,2,2,1,0,1,0,0,0,0,1,0,0,0,0,0,0,1,2.15943718,0,5,2000,27560.18555
mid6670029,667,1871222,1871,2,3,0,0,1,0,0,0,0,0,1,0,0,0,0,0,0,0.4682495892,0,0,,0
mid6680032,668,1871222,1871,2,3,1,1,0,0,1,1,1,0,0,0,0,0,0,0,0,0.9139149785,0,7.5,2200,39840.27734
mid6670034,667,1871222,1871,2,3,1,0,1,0,0,0,0,1,0,0,0,0,0,0,0,0.7667294741,1,5,2500,25060.18555
mid6670024,667,1871222,1871,2,3,0,0,1,0,0,0,0,0,1,0,0,0,0,0,0,0.4682495892,0,0,,0
mid6670045,667,1871222,1871,2,3,1,0,1,0,0,0,0,1,0,0,0,0,0,0,0,0.7667294741,1,7,2500,35084.25781
mid6680013,668,1871222,1871,2,3,0,1,0,0,1,1,0,0,1,0,0,0,0,0,0,1.031565309,0,0,,0
mid6680004,668,1871222,1871,2,3,0,1,0,0,1,1,0,0,1,0,0,0,0,0,0,1.031565309,0,7.5,1700,43590.27734
mid6680033,668,1871222,1871,2,3,0,1,0,0,1,1,0,0,1,0,0,0,0,0,0,1.031565309,0,0,,0
mid6680027,668,1871222,1871,2,3,1,1,0,0,1,1,0,1,0,0,0,0,0,0,0,0.9139149785,1,5,2000,27560.18555
mid6670041,667,1871222,1871,2,3,1,0,1,0,0,0,0,1,0,0,0,0,0,0,0,2.00351119,1,7.5,2333.333252,38840.27734
mid6680018,668,1871222,1871,2,3,0,1,0,0,1,1,0,0,1,0,0,0,0,0,0,1.031565309,1,2.5,2000,13780.09277
mid6690040,669,1871222,1871,2,1,1,1,0,0,1,1,0,1,0,0,0,0,0,1,0,1.104448438,1,10,2200,53120.37109
mid6680015,668,1871222,1871,2,3,1,1,0,0,1,1,0,1,0,0,0,0,0,0,0,0.9139149785,0,5,2000,27560.18555
mid6670033,667,1871222,1871,2,3,0,0,1,0,0,0,0,0,1,0,0,0,0,0,0,0.4682495892,0,0,,0
mid6690006,669,1871222,1871,2,1,1,1,0,0,1,1,0,1,0,0,0,0,0,1,0,0.9139149785,1,7.5,2200,39840.27734
mid6670016,667,1871222,1871,2,3,0,0,1,0,0,0,0,0,1,0,0,0,0,0,0,0.4682495892,0,0,,0
mid6680017,668,1871222,1871,2,3,1,1,0,0,1,1,1,0,0,0,0,0,0,0,0,0.9139149785,0,3.75,2000,20670.13867
mid6690031,669,1871222,1871,2,1,0,1,0,0,1,1,0,0,1,0,0,0,0,1,0,1.031565309,0,2.5,2200,13280.09277
mid6690012,669,1871222,1871,2,1,0,1,0,0,1,1,0,0,1,0,0,0,0,1,0,1.031565309,0,0,,0
mid6640004,664,1871222,1871,2,2,1,0,1,0,0,0,0,1,0,0,0,0,0,0,1,0.7667294741,0,7.5,2000,41340.27734
mid6640042,664,1871222,1871,2,2,0,0,1,0,0,0,0,0,1,0,0,0,0,0,1,0.4682495892,0,0,,0
mid6640017,664,1871222,1871,2,2,0,0,1,0,0,0,0,0,1,0,0,0,0,0,1,0.4682495892,0,0,,0
mid6690024,669,1871222,1871,2,1,1,1,0,0,1,1,0,1,0,0,0,0,0,1,0,1.104448438,1,10,2200,53120.37109
mid6670023,667,1871222,1871,2,3,1,0,1,0,0,0,0,1,0,0,0,0,0,0,0,2.00351119,0,0,,0
mid6690018,669,1871222,1871,2,1,1,1,0,0,1,1,0,1,0,0,0,0,0,1,0,1.104448438,1,7.5,2200,39840.27734
mid6670017,667,1871222,1871,2,3,1,0,1,0,0,0,0,1,0,0,0,0,0,0,0,2.00351119,1,7,2500,35084.25781
mid6720014,672,1871324,1871,2,2,1,0,1,0,0,0,1,0,0,0,0,0,0,0,1,1.525041819,1,6,2333.333252,31072.22266
mid6760016,676,1871324,1871,2,3,1,1,0,0,0,0,0,1,0,0,0,0,0,0,0,1.201528072,1,5.333333492,3750,20064.19727
mid6770023,677,1871324,1871,2,1,1,1,0,0,0,0,0,1,0,0,0,0,0,1,0,1.201528072,0,0,,0
mid6770003,677,1871324,1871,2,1,1,1,0,0,0,0,0,1,0,0,0,0,0,1,0,1.201528072,1,7.5,2333.333252,38840.27734
mid6740032,674,1871324,1871,2,2,0,1,0,0,1,1,0,0,1,0,0,0,0,0,1,0.9370609522,1,10,2000,55120.37109
mid6720007,672,1871324,1871,2,2,1,0,1,0,0,0,0,1,0,0,0,0,0,0,1,0.8972126245,1,12,2333.333252,62144.44531
mid6770035,677,1871324,1871,2,1,0,1,0,0,0,0,0,0,1,0,0,0,0,1,0,0.9370609522,0,0,,0
mid6720015,672,1871324,1871,2,2,0,0,1,0,0,0,0,0,1,0,0,0,0,0,1,0.3588198423,1,6,2333.333252,31072.22266
mid6770039,677,1871324,1871,2,1,1,1,0,0,0,0,0,1,0,0,0,0,0,1,0,0.8167365193,0,0,,0
mid6750039,675,1871324,1871,2,1,1,1,0,1,0,0,0,1,0,0,0,0,0,1,0,1.201528072,1,4.5,2666.666748,21804.16797
mid6740042,674,1871324,1871,2,2,1,1,0,0,1,1,1,0,0,0,0,0,0,0,1,0.8167365193,1,7,1714.285767,40584.25781
mid6760013,676,1871324,1871,2,3,1,1,0,0,0,0,0,1,0,0,0,0,0,0,0,0.8167365193,1,8,2500,40096.29688
mid6760021,676,1871324,1871,2,3,1,1,0,0,0,0,0,1,0,0,0,0,0,0,0,0.8167365193,1,5.333333492,2500,26730.86523
mid6740015,674,1871324,1871,2,2,1,1,0,0,1,1,0,1,0,0,0,0,0,0,1,0.8167365193,1,2.333333254,2142.857178,12528.08594
mid6760017,676,1871324,1871,2,3,0,1,0,0,0,0,0,0,1,0,0,0,0,0,0,0.9370609522,0,0,,0
mid6740010,674,1871324,1871,2,2,1,1,0,0,1,1,0,0,1,0,0,0,0,0,1,0.8167365193,1,5,3200,21560.18555
mid6750011,675,1871324,1871,2,1,1,1,0,1,0,0,0,1,0,0,0,0,0,1,0,1.201528072,1,5.333333492,3000,24064.19727
mid6750008,675,1871324,1871,2,1,1,1,0,1,0,0,0,1,0,0,0,0,0,1,0,1.201528072,1,2.666666746,3000,12032.09863
mid6770022,677,1871324,1871,2,1,0,1,0,0,0,0,0,0,1,0,0,0,0,1,0,0.9370609522,0,0,,0
mid6770046,677,1871324,1871,2,1,1,1,0,0,0,0,0,1,0,0,0,0,0,1,0,1.201528072,0,0,,0
mid6720029,672,1871324,1871,2,2,0,0,1,0,0,0,0,0,1,0,0,0,0,0,1,0.3588198423,1,6.666666508,2800,31413.58008
mid6770019,677,1871324,1871,2,1,0,1,0,0,0,0,1,0,0,0,0,0,0,1,0,0.9370609522,1,11.25,2333.333252,58260.41406
mid6750028,675,1871324,1871,2,1,0,1,0,1,0,0,0,0,1,0,0,0,0,1,0,0.9370609522,0,0,,0
mid6720019,672,1871324,1871,2,2,1,0,1,0,0,0,0,1,0,0,0,0,0,0,1,1.961219311,1,6,2333.333252,31072.22266
mid6750031,675,1871324,1871,2,1,0,1,0,1,0,0,0,0,1,0,0,0,0,1,0,0.9370609522,1,5,2400,25560.18555
mid6740017,674,1871324,1871,2,2,1,1,0,0,1,1,0,1,0,0,0,0,0,0,1,1.201528072,1,12.5,2000,68900.46094
mid6770012,677,1871324,1871,2,1,0,1,0,0,0,0,0,0,1,0,0,0,0,1,0,0.9370609522,0,0,,0
mid6740005,674,1871324,1871,2,2,1,1,0,0,1,1,1,0,0,0,0,0,0,0,1,1.201528072,1,8,2000,44096.29688
mid6770045,677,1871324,1871,2,1,0,1,0,0,0,0,0,0,1,0,0,0,0,1,0,0.9370609522,0,0,,0
mid6750038,675,1871324,1871,2,1,1,1,0,1,0,0,1,0,0,0,0,0,0,1,0,1.201528072,1,2.666666746,3000,12032.09863
mid6740009,674,1871324,1871,2,2,0,1,0,0,1,1,0,0,1,0,0,0,0,0,1,0.9370609522,0,0,,0
mid6750029,675,1871324,1871,2,1,1,1,0,1,0,0,1,0,0,0,0,0,0,1,0,1.201528072,1,5.333333492,3000,24064.19727
mid6760003,676,1871324,1871,2,3,1,1,0,0,0,0,0,1,0,0,0,0,0,0,0,0.8167365193,1,5.333333492,2500,26730.86523
mid6760045,676,1871324,1871,2,3,1,1,0,0,0,0,0,1,0,0,0,0,0,0,0,0.8167365193,1,10.66666698,2500,53461.73047
mid6750027,675,1871324,1871,2,1,0,1,0,1,0,0,0,0,1,0,0,0,0,1,0,0.9370609522,1,2.666666746,3000,12032.09863
mid6740013,674,1871324,1871,2,2,0,1,0,0,1,1,0,0,1,0,0,0,0,0,1,0.9370609522,1,7.5,2000,41340.27734
mid6720035,672,1871324,1871,2,2,1,0,1,0,0,0,1,0,0,0,0,0,0,0,1,1.525041819,1,6,2666.666748,29072.22266
mid6760028,676,1871324,1871,2,3,1,1,0,0,0,0,0,1,0,0,0,0,0,0,0,0.8167365193,1,5.333333492,2500,26730.86523
mid6720008,672,1871324,1871,2,2,1,0,1,0,0,0,0,1,0,0,0,0,0,0,1,0.9404440522,1,3.333333254,2800,15706.79004
mid6760009,676,1871324,1871,2,3,0,1,0,0,0,0,0,0,1,0,0,0,0,0,0,0.9370609522,1,8,2500,40096.29688
mid6770009,677,1871324,1871,2,1,1,1,0,0,0,0,0,1,0,0,0,0,0,1,0,0.8167365193,1,11.25,2333.333252,58260.41406
mid6720013,672,1871324,1871,2,2,1,0,1,0,0,0,0,1,0,0,0,0,0,0,1,1.961219311,1,6,2333.333252,31072.22266
mid6740044,674,1871324,1871,2,2,1,1,0,0,1,1,1,0,0,0,0,0,0,0,1,1.201528072,1,7.5,2000,41340.27734
mid6770017,677,1871324,1871,2,1,1,1,0,0,0,0,0,1,0,0,0,0,0,1,0,1.201528072,0,0,,0
mid6760008,676,1871324,1871,2,3,0,1,0,0,0,0,0,0,1,0,0,0,0,0,0,0.9370609522,0,0,,0
mid6720031,672,1871324,1871,2,2,0,0,1,0,0,0,0,0,1,0,0,0,0,0,1,0.3588198423,1,6,2333.333252,31072.22266
mid6740002,674,1871324,1871,2,2,1,1,0,0,1,1,1,0,0,0,0,0,0,0,1,1.201528072,1,7,2142.857178,37584.25781
mid6760034,676,1871324,1871,2,3,0,1,0,0,0,0,0,0,1,0,0,0,0,0,0,0.9370609522,0,0,,0
mid6760031,676,1871324,1871,2,3,1,1,0,0,0,0,0,1,0,0,0,0,0,0,0,1.201528072,1,6,2222.222168,31738.89062
mid6740038,674,1871324,1871,2,2,1,1,0,0,1,1,0,1,0,0,0,0,0,0,1,0.8167365193,1,5,2000,27560.18555
mid6750042,675,1871324,1871,2,1,0,1,0,1,0,0,0,0,1,0,0,0,0,1,0,0.9370609522,1,4,3000,18048.14844
mid6720022,672,1871324,1871,2,2,1,0,1,0,0,0,1,0,0,0,0,0,0,0,1,1.525041819,1,8,2333.333252,41429.62891
mid6720002,672,1871324,1871,2,2,0,0,1,0,0,0,0,0,1,0,0,0,0,0,1,0.3588198423,0,6,2333.333252,31072.22266
mid6350007,635,1871351,1871,2,3,1,0,1,0,0,0,1,0,0,0,0,0,0,0,0,1.397161722,0,0,,0
mid6270045,627,1871351,1871,2,1,0,1,0,0,1,0,0,0,1,0,0,0,0,1,0,0.9109249115,1,13.33333302,2666.666748,66827.16406
mid6270029,627,1871351,1871,2,1,1,1,0,0,1,0,0,1,0,0,0,0,0,1,0,0.6805862188,1,10,2000,55120.37109
mid6320026,632,1871351,1871,2,2,1,1,0,0,0,0,1,0,0,0,0,0,0,0,1,0.6805862188,1,7,2142.857178,37584.25781
mid6300019,630,1871351,1871,2,2,1,0,1,0,0,0,0,1,0,0,0,0,0,0,1,1.667025685,1,5,2000,27560.18555
mid6310025,631,1871351,1871,2,1,0,0,1,0,0,0,0,0,1,0,0,0,0,1,0,0.7835788131,1,7.5,2000,41340.27734
mid6320022,632,1871351,1871,2,2,1,1,0,0,0,0,0,1,0,0,0,0,0,0,1,0.6805862188,1,5,2000,27560.18555
mid6320016,632,1871351,1871,2,2,1,1,0,0,0,0,0,1,0,0,0,0,0,0,1,0.6805862188,1,7,2142.857178,37584.25781
mid6260004,626,1871351,1871,2,3,0,1,0,0,0,0,0,0,1,0,0,0,0,0,0,0.9109249115,0,0,,0
mid6270003,627,1871351,1871,2,1,1,1,0,0,1,0,0,1,0,0,0,0,0,1,0,0.6805862188,1,6.666666508,2000,36746.91406
mid6310001,631,1871351,1871,2,1,1,0,1,0,0,0,0,1,0,0,0,0,0,1,0,0.6827135086,1,7.5,2000,41340.27734
mid6270014,627,1871351,1871,2,1,0,1,0,0,1,0,0,0,1,0,0,0,0,1,0,0.9109249115,0,0,,0
mid6320041,632,1871351,1871,2,2,0,1,0,0,0,0,0,0,1,0,0,0,0,0,1,0.9109249115,0,0,,0
mid6230010,623,1871351,1871,2,2,1,1,0,1,1,1,0,1,0,0,0,0,0,0,1,1.298538327,1,10,2400,51120.37109
mid6320011,632,1871351,1871,2,2,1,1,0,0,0,0,0,1,0,0,0,0,0,0,1,0.6805862188,1,7,2000,38584.25781
mid6320006,632,1871351,1871,2,2,0,1,0,0,0,0,0,0,1,0,0,0,0,0,1,0.9109249115,1,7,2142.857178,37584.25781
mid6340002,634,1871351,1871,2,1,1,1,0,1,0,1,0,1,0,0,0,0,0,1,0,1.298538327,1,5,2800,23560.18555
mid6350012,635,1871351,1871,2,3,0,0,1,0,0,0,0,0,1,0,0,0,0,0,0,0.7835788131,0,0,,0
mid6320039,632,1871351,1871,2,2,1,1,0,0,0,0,0,1,0,0,0,0,0,0,1,0.6805862188,1,7,2142.857178,37584.25781
mid6230004,623,1871351,1871,2,2,0,1,0,1,1,1,1,0,0,0,0,0,0,0,1,0.9109249115,1,10,2500,50120.37109
mid6260014,626,1871351,1871,2,3,0,1,0,0,0,0,0,0,1,0,0,0,0,0,0,0.9109249115,0,0,,0
mid6270040,627,1871351,1871,2,1,1,1,0,0,1,0,0,1,0,0,0,0,0,1,0,0.6805862188,1,7.5,2000,41340.27734
mid6270020,627,1871351,1871,2,1,1,1,0,0,1,0,0,1,0,0,0,0,0,1,0,1.298538327,1,5,2000,27560.18555
mid6350002,635,1871351,1871,2,3,1,0,1,0,0,0,0,1,0,0,0,0,0,0,0,1.667025685,1,5.333333492,2500,26730.86523
mid6310030,631,1871351,1871,2,1,1,0,1,0,0,0,0,1,0,0,0,0,0,1,0,1.796764374,0,0,,0
mid6320005,632,1871351,1871,2,2,0,1,0,0,0,0,0,0,1,0,0,0,0,0,1,0.9109249115,0,0,,0
mid6350013,635,1871351,1871,2,3,0,0,1,0,0,0,0,0,1,0,0,0,0,0,0,0.7835788131,0,0,,0
mid6270034,627,1871351,1871,2,1,0,1,0,0,1,0,0,0,1,0,0,0,0,1,0,0.9109249115,0,0,,0
mid6270005,627,1871351,1871,2,1,1,1,0,0,1,0,0,1,0,0,0,0,0,1,0,1.298538327,1,8,2000,44096.29688
mid6350014,635,1871351,1871,2,3,1,0,1,0,0,0,0,1,0,0,0,0,0,0,0,0.7156094909,1,6.666666508,2200,35413.58203
mid6350019,635,1871351,1871,2,3,0,0,1,0,0,0,0,0,1,0,0,0,0,0,0,0.7835788131,0,0,,0
mid6310008,631,1871351,1871,2,1,0,0,1,0,0,0,0,0,1,0,0,0,0,1,0,0.7835788131,1,7.5,2000,41340.27734
mid6350017,635,1871351,1871,2,3,1,0,1,0,0,0,1,0,0,0,0,0,0,0,0,1.397161722,1,10,2200,53120.37109
mid6300016,630,1871351,1871,2,2,1,0,1,0,0,0,0,1,0,0,0,0,0,0,1,0.6827135086,1,5,2000,27560.18555
mid6280010,628,1871351,1871,2,3,1,1,0,1,0,1,1,0,0,0,0,0,0,0,0,1.298538327,1,10,2300,52120.37109
mid6300006,630,1871351,1871,2,2,1,0,1,0,0,0,0,1,0,0,0,0,0,0,1,0.6827135086,0,0,,0
mid6260025,626,1871351,1871,2,3,1,1,0,0,0,0,0,0,1,0,0,0,0,0,0,1.298538327,1,20,2000,110240.7422
mid6300005,630,1871351,1871,2,2,0,0,1,0,0,0,0,0,1,0,0,0,0,0,1,0.7835788131,0,0,,0
mid6280009,628,1871351,1871,2,3,1,1,0,1,0,1,0,1,0,0,0,0,0,0,0,1.298538327,1,5,3200,21560.18555
mid6340035,634,1871351,1871,2,1,0,1,0,1,0,1,0,0,1,0,0,0,0,1,0,0.9109249115,0,0,,0
mid6350023,635,1871351,1871,2,3,1,0,1,0,0,0,0,1,0,0,0,0,0,0,0,0.6827135086,0,0,,0
mid6340005,634,1871351,1871,2,1,1,1,0,1,0,1,0,1,0,0,0,0,0,1,0,1.298538327,1,5,2800,23560.18555
mid6270019,627,1871351,1871,2,1,1,1,0,0,1,0,1,0,0,0,0,0,0,1,0,1.298538327,1,10,2000,55120.37109
mid6310014,631,1871351,1871,2,1,1,0,1,0,0,0,0,1,0,0,0,0,0,1,0,1.796764374,0,0,,0
mid6320008,632,1871351,1871,2,2,1,1,0,0,0,0,1,0,0,0,0,0,0,0,1,1.298538327,1,7,2000,38584.25781
mid6300004,630,1871351,1871,2,2,1,0,1,0,0,0,0,1,0,0,0,0,0,0,1,0.6827135086,0,3.75,2000,20670.13867
mid6230032,623,1871351,1871,2,2,0,1,0,1,1,1,0,0,1,0,0,0,0,0,1,0.9109249115,1,8,2500,40096.29688
mid6310006,631,1871351,1871,2,1,1,0,1,0,0,0,1,0,0,0,0,0,0,1,0,1.397161722,1,5,2000,27560.18555
mid6310032,631,1871351,1871,2,1,1,0,1,0,0,0,0,1,0,0,0,0,0,1,0,0.6827135086,0,0,,0
mid6230045,623,1871351,1871,2,2,0,1,0,1,1,1,0,0,1,0,0,0,0,0,1,0.9109249115,0,0,,0
mid6260012,626,1871351,1871,2,3,0,1,0,0,0,0,0,0,1,0,0,0,0,0,0,0.9109249115,0,0,,0
mid6270018,627,1871351,1871,2,1,1,1,0,0,1,0,0,1,0,0,0,0,0,1,0,1.298538327,1,12.66666698,2000,69819.13281
mid6230014,623,1871351,1871,2,2,0,1,0,1,1,1,1,0,0,0,0,0,0,0,1,0.9109249115,1,6.666666508,2500,33413.58203
mid6310026,631,1871351,1871,2,1,0,0,1,0,0,0,0,0,1,0,0,0,0,1,0,0.7835788131,0,0,,0
mid6280041,628,1871351,1871,2,3,0,1,0,1,0,1,0,0,1,0,0,0,0,0,0,0.9109249115,0,0,,0
mid6230028,623,1871351,1871,2,2,1,1,0,1,1,1,0,1,0,0,0,0,0,0,1,1.298538327,1,2.666666746,2500,13365.43262
mid6300020,630,1871351,1871,2,2,0,0,1,0,0,0,0,0,1,0,0,0,0,0,1,0.7835788131,1,5,2000,27560.18555
mid6310018,631,1871351,1871,2,1,0,0,1,0,0,0,0,0,1,0,0,0,0,1,0,0.7835788131,0,0,,0
mid6350020,635,1871351,1871,2,3,0,0,1,0,0,0,0,0,1,0,0,0,0,0,0,0.7835788131,0,0,,0
mid6260013,626,1871351,1871,2,3,1,1,0,0,0,0,0,1,0,0,0,0,0,0,0,0.6805862188,1,6.666666508,2000,36746.91406
mid6340030,634,1871351,1871,2,1,0,1,0,1,0,1,0,0,1,0,0,0,0,1,0,0.9109249115,1,3.333333254,2800,15706.79004
mid6320035,632,1871351,1871,2,2,1,1,0,0,0,0,0,1,0,0,0,0,0,0,1,0.6805862188,1,7,2142.857178,37584.25781
mid6260035,626,1871351,1871,2,3,1,1,0,0,0,0,1,0,0,0,0,0,0,0,0,1.298538327,1,13.33333302,2100,72160.49219
mid6230012,623,1871351,1871,2,2,0,1,0,1,1,1,0,0,1,0,0,0,0,0,1,0.9109249115,0,0,,0
mid6260020,626,1871351,1871,2,3,1,1,0,0,0,0,0,1,0,0,0,0,0,0,0,1.298538327,1,3.333333254,2000,18373.45703
mid6260019,626,1871351,1871,2,3,1,1,0,0,0,0,1,0,0,0,0,0,0,0,0,0.6805862188,1,13.33333302,2100,72160.49219
mid6300002,630,1871351,1871,2,2,1,0,1,0,0,0,1,0,0,0,0,0,0,0,1,1.397161722,1,5,2000,27560.18555
mid6300011,630,1871351,1871,2,2,0,0,1,0,0,0,1,0,0,0,0,0,0,0,1,0.7879582047,0,3.75,2000,20670.13867
mid6270047,627,1871351,1871,2,1,0,1,0,0,1,0,0,0,1,0,0,0,0,1,0,0.9109249115,1,15,2000,82680.55469
mid6260030,626,1871351,1871,2,3,1,1,0,0,0,0,0,1,0,0,0,0,0,0,0,1.298538327,1,10,2100,54120.37109
mid6280008,628,1871351,1871,2,3,1,1,0,1,0,1,0,1,0,0,0,0,0,0,0,1.298538327,0,0,,0
mid6260022,626,1871351,1871,2,3,1,1,0,0,0,0,0,1,0,0,0,0,0,0,0,1.298538327,1,10,2100,54120.37109
mid6300021,630,1871351,1871,2,2,0,0,1,0,0,0,0,0,1,0,0,0,0,0,1,0.7835788131,1,6.666666508,2066.666748,36413.58203
mid6340016,634,1871351,1871,2,1,1,1,0,1,0,1,0,1,0,0,0,0,0,1,0,1.298538327,1,6.666666508,2800,31413.58008
mid6310023,631,1871351,1871,2,1,1,0,1,0,0,0,0,1,0,0,0,0,0,1,0,0.6827135086,0,5,2000,27560.18555
mid6350010,635,1871351,1871,2,3,1,0,1,0,0,0,1,0,0,0,0,0,0,0,0,1.397161722,1,10,2200,53120.37109
mid6340011,634,1871351,1871,2,1,0,1,0,1,0,1,0,0,1,0,0,0,0,1,0,0.9109249115,0,0,,0
mid6300013,630,1871351,1871,2,2,1,0,1,0,0,0,0,1,0,0,0,0,0,0,1,0.6827135086,0,0,,0
mid6230002,623,1871351,1871,2,2,1,1,0,1,1,1,0,0,1,0,0,0,0,0,1,1.298538327,0,0,,0
mid6310024,631,1871351,1871,2,1,0,0,1,0,0,0,0,0,1,0,0,0,0,1,0,0.7835788131,1,7,2142.857178,37584.25781
mid6260016,626,1871351,1871,2,3,1,1,0,0,0,0,0,1,0,0,0,0,0,0,0,0.6805862188,1,6.666666508,2100,36080.24609
mid6280040,628,1871351,1871,2,3,0,1,0,1,0,1,0,0,1,0,0,0,0,0,0,0.9109249115,1,7,2285.714355,36584.25781
mid6350025,635,1871351,1871,2,3,1,0,1,0,0,0,0,1,0,0,0,0,0,0,0,1.796764374,0,3.333333254,2200,17706.79102
mid6230039,623,1871351,1871,2,2,1,1,0,1,1,1,0,1,0,0,0,0,0,0,1,1.298538327,1,8,2500,40096.29688
mid6320012,632,1871351,1871,2,2,0,1,0,0,0,0,0,0,1,0,0,0,0,0,1,0.9109249115,1,3.333333254,5000,8373.457031
mid6300010,630,1871351,1871,2,2,0,0,1,0,0,0,0,0,1,0,0,0,0,0,1,0.7835788131,0,3.333333254,2000,18373.45703
mid6280026,628,1871351,1871,2,3,0,1,0,1,0,1,0,0,1,0,0,0,0,0,0,0.9109249115,0,0,,0
mid6340008,634,1871351,1871,2,1,0,1,0,1,0,1,0,0,1,0,0,0,0,1,0,0.9109249115,0,0,,0
mid6280019,628,1871351,1871,2,3,0,1,0,1,0,1,0,0,1,0,0,0,0,0,0,0.9109249115,0,0,,0
mid7000008,700,1871373,1871,2,2,0,0,1,0,0,0,1,0,0,0,0,0,0,0,1,0.8080464005,1,7,2428.571533,35584.25781
mid6980005,698,1871373,1871,2,1,0,0,1,0,0,0,0,0,1,0,0,0,0,1,0,0.8035553694,0,0,,0
mid6970020,697,1871373,1871,2,3,0,1,0,1,1,0,0,0,1,0,0,0,0,0,0,0.5132308602,1,7.5,2000,41340.27734
mid7000015,700,1871373,1871,2,2,1,0,1,0,0,0,0,1,0,0,0,0,0,0,1,3.069378853,1,7,2571.428467,34584.25781
mid6970024,697,1871373,1871,2,3,1,1,0,1,1,0,1,0,0,0,0,0,0,0,0,2.703691959,1,5,2200,26560.18555
mid6980022,698,1871373,1871,2,1,1,0,1,0,0,0,0,1,0,0,0,0,0,1,0,0.3113995492,1,2.333333254,2214.285645,12361.41895
mid6980031,698,1871373,1871,2,1,1,0,1,0,0,0,0,1,0,0,0,0,0,1,0,0.3113995492,1,2.333333254,2214.285645,12361.41895
mid6980024,698,1871373,1871,2,1,1,0,1,0,0,0,0,1,0,0,0,0,0,1,0,0.3113995492,1,2.333333254,2142.857178,12528.08594
mid6970011,697,1871373,1871,2,3,0,1,0,1,1,0,0,0,1,0,0,0,0,0,0,0.5132308602,1,7.5,2000,41340.27734
mid6970008,697,1871373,1871,2,3,0,1,0,1,1,0,0,0,1,0,0,0,0,0,0,0.5132308602,0,0,,0
mid6980002,698,1871373,1871,2,1,1,0,1,0,0,0,0,1,0,0,0,0,0,1,0,0.3113995492,1,2.333333254,2214.285645,12361.41895
mid6980007,698,1871373,1871,2,1,0,0,1,0,0,0,0,0,1,0,0,0,0,1,0,0.8035553694,0,0,,0
mid7000039,700,1871373,1871,2,2,1,0,1,0,0,0,0,1,0,0,0,0,0,0,1,0.3264040947,1,7,2571.428467,34584.25781
mid6980025,698,1871373,1871,2,1,0,0,1,0,0,0,0,0,1,0,0,0,0,1,0,0.8035553694,1,2.333333254,2214.285645,12361.41895
mid7000027,700,1871373,1871,2,2,0,0,1,0,0,0,0,0,1,0,0,0,0,0,1,0.8035553694,0,0,,0
mid6970002,697,1871373,1871,2,3,0,1,0,1,1,0,0,0,1,0,0,0,0,0,0,0.5132308602,1,15,2000,82680.55469
mid7000020,700,1871373,1871,2,2,0,0,1,0,0,0,0,0,1,0,0,0,0,0,1,0.8035553694,0,0,,0
mid6970010,697,1871373,1871,2,3,1,1,0,1,1,0,1,0,0,0,0,0,0,0,0,2.703691959,0,3.333333254,2400,17040.12305
mid7000041,700,1871373,1871,2,2,1,0,1,0,0,0,0,1,0,0,0,0,0,0,1,3.069378853,1,7,2571.428467,34584.25781
mid7000024,700,1871373,1871,2,2,1,0,1,0,0,0,0,0,1,0,0,0,0,0,1,0.206229642,1,4.666666508,2571.428467,23056.17188
mid7000035,700,1871373,1871,2,2,1,0,1,0,0,0,1,0,0,0,0,0,0,0,1,0.3609726131,1,7,2571.428467,34584.25781
mid7000004,700,1871373,1871,2,2,0,0,1,0,0,0,0,0,1,0,0,0,0,0,1,0.8035553694,0,0,,0
mid6980016,698,1871373,1871,2,1,0,0,1,0,0,0,0,0,1,0,0,0,0,1,0,0.8035553694,1,2.333333254,2142.857178,12528.08594
mid6980003,698,1871373,1871,2,1,1,0,1,0,0,0,0,1,0,0,0,0,0,1,0,0.3113995492,1,2.333333254,2214.285645,12361.41895
mid6970021,697,1871373,1871,2,3,0,1,0,1,1,0,0,0,1,0,0,0,0,0,0,0.5132308602,1,5,2000,27560.18555
mid6980012,698,1871373,1871,2,1,0,0,1,0,0,0,0,0,1,0,0,0,0,1,0,0.8035553694,1,2.333333254,2214.285645,12361.41895
mid6980028,698,1871373,1871,2,1,1,0,1,0,0,0,0,1,0,0,0,0,0,1,0,0.3113995492,1,2.333333254,2214.285645,12361.41895
mid7000018,700,1871373,1871,2,2,1,0,1,0,0,0,0,1,0,0,0,0,0,0,1,3.069378853,1,7,2214.285645,37917.58984
mid6970019,697,1871373,1871,2,3,0,1,0,1,1,0,0,0,1,0,0,0,0,0,0,0.5132308602,1,5.625,2000,31005.20703
mid6970030,697,1871373,1871,2,3,0,1,0,1,1,0,0,0,1,0,0,0,0,0,0,0.5132308602,1,5,2000,27560.18555
mid7000023,700,1871373,1871,2,2,1,0,1,0,0,0,0,1,0,0,0,0,0,0,1,0.3264040947,1,4.666666508,2571.428467,23056.17188
mid7050037,705,1871395,1871,2,3,0,1,0,0,1,1,0,0,1,0,0,0,0,0,0,0.9329930544,0,0,,0
mid7040007,704,1871395,1871,2,2,1,0,1,0,0,0,0,1,0,0,0,0,0,0,1,1.597560287,1,7,2142.857178,37584.26172
mid7010002,701,1871395,1871,2,1,1,1,0,1,1,0,1,0,0,0,0,0,0,1,0,1.101468801,1,5,2400,25560.18555
mid7050030,705,1871395,1871,2,3,0,1,0,0,1,1,0,0,1,0,0,0,0,0,0,0.9329930544,1,7.5,2000,41340.27734
mid7040016,704,1871395,1871,2,2,1,0,1,0,0,0,0,1,0,0,0,0,0,0,1,1.48220551,1,7,2142.857178,37584.25781
mid7030015,703,1871395,1871,2,3,0,0,1,0,0,0,0,0,1,0,0,0,0,0,0,1.040987611,1,10,2200,53120.37109
mid7040039,704,1871395,1871,2,2,0,0,1,0,0,0,0,0,1,0,0,0,0,0,1,1.040987611,0,0,,0
mid7040037,704,1871395,1871,2,2,0,0,1,0,0,0,0,0,1,0,0,0,0,0,1,1.040987611,0,0,,0
mid7030007,703,1871395,1871,2,3,0,0,1,0,0,0,0,0,1,0,0,0,0,0,0,1.040987611,0,0,,0
mid7030008,703,1871395,1871,2,3,1,0,1,0,0,0,0,1,0,0,0,0,0,0,0,0.4964529872,1,3.75,2200,19920.13867
mid7060026,706,1871395,1871,2,1,0,1,0,0,0,1,0,1,0,0,0,0,0,1,0,0.9329930544,1,6.666666508,2200,35413.58203
mid7010036,701,1871395,1871,2,1,1,1,0,1,1,0,0,1,0,0,0,0,0,1,0,1.101468801,1,5,2400,25560.18555
mid7050005,705,1871395,1871,2,3,1,1,0,0,1,1,0,1,0,0,0,0,0,0,0,1.101468801,1,7.5,2000,41340.27734
mid7010013,701,1871395,1871,2,1,0,1,0,1,1,0,0,0,1,0,0,0,0,1,0,0.9329930544,0,0,,0
mid7050012,705,1871395,1871,2,3,1,1,0,0,1,1,0,1,0,0,0,0,0,0,0,1.101468801,1,6,2222.222168,31738.89062
mid7040008,704,1871395,1871,2,2,1,0,1,0,0,0,1,0,0,0,0,0,0,0,1,1.242260933,0,0,,0
mid7060020,706,1871395,1871,2,1,0,1,0,0,0,1,0,0,1,0,0,0,0,1,0,0.9329930544,0,0,,0
mid7030035,703,1871395,1871,2,3,1,0,1,0,0,0,0,1,0,0,0,0,0,0,0,1.597560287,1,3.75,2200,19920.13867
mid7010022,701,1871395,1871,2,1,1,1,0,1,1,0,0,0,1,0,0,0,0,1,0,1.101468801,1,5,2400,25560.18555
mid7020007,702,1871395,1871,2,2,1,1,0,1,1,1,1,0,0,0,0,0,0,0,1,1.101468801,1,10,2200,53120.37109
mid7040043,704,1871395,1871,2,2,0,0,1,0,0,0,0,0,1,0,0,0,0,0,1,1.040987611,1,7,2142.857178,37584.25781
mid7030034,703,1871395,1871,2,3,1,0,1,0,0,0,0,1,0,0,0,0,0,0,0,1.597560287,1,6.666666508,2200,35413.58203
mid7050024,705,1871395,1871,2,3,1,1,0,0,1,1,0,1,0,0,0,0,0,0,0,0.9081015587,1,15,2000,82680.55469
mid7050011,705,1871395,1871,2,3,1,1,0,0,1,1,1,0,0,0,0,0,0,0,0,1.101468801,1,3.333333254,2000,18373.45703
mid7060029,706,1871395,1871,2,1,0,1,0,0,0,1,0,0,1,0,0,0,0,1,0,0.9329930544,0,0,,0
mid7040021,704,1871395,1871,2,2,1,0,1,0,0,0,0,1,0,0,0,0,0,0,1,0.4964529872,1,7,2142.857178,37584.25781
mid7040041,704,1871395,1871,2,2,1,0,1,0,0,0,1,0,0,0,0,0,0,0,1,0.5754854679,1,7,2142.857178,37584.25781
mid7030016,703,1871395,1871,2,3,1,0,1,0,0,0,0,1,0,0,0,0,0,0,0,1.48220551,1,5,2200,26560.18555
mid7050031,705,1871395,1871,2,3,1,1,0,0,1,1,0,1,0,0,0,0,0,0,0,1.101468801,1,5,2000,27560.18555
mid7030026,703,1871395,1871,2,3,0,0,1,0,0,0,0,0,1,0,0,0,0,0,0,1.040987611,0,0,,0
mid7010037,701,1871395,1871,2,1,1,1,0,1,1,0,0,1,0,0,0,0,0,1,0,1.101468801,1,5,2400,25560.18555
mid7020027,702,1871395,1871,2,2,0,1,0,1,1,1,0,0,1,0,0,0,0,0,1,0.9329930544,1,5,2200,26560.18555
mid7060047,706,1871395,1871,2,1,1,1,0,0,0,1,1,0,0,0,0,0,0,1,0,0.9081015587,1,3.333333254,2200,17706.79102
mid7060028,706,1871395,1871,2,1,1,1,0,0,0,1,0,0,1,0,0,0,0,1,0,0.9081015587,1,5,2200,26560.18555
mid7060018,706,1871395,1871,2,1,1,1,0,0,0,1,1,0,0,0,0,0,0,1,0,1.101468801,1,6.666666508,2200,35413.58203
mid7030028,703,1871395,1871,2,3,1,0,1,0,0,0,0,1,0,0,0,0,0,0,0,0.4964529872,1,5,2200,26560.18555
mid7050023,705,1871395,1871,2,3,1,1,0,0,1,1,1,0,0,0,0,0,0,0,0,1.101468801,1,4.666666508,2142.857178,25056.17188
mid7030006,703,1871395,1871,2,3,1,0,1,0,0,0,0,1,0,0,0,0,0,0,0,0.4964529872,1,5,2200,26560.18555
mid7030020,703,1871395,1871,2,3,1,0,1,0,0,0,0,1,0,0,0,0,0,0,0,1.597560287,1,5,2200,26560.18555
mid7060030,706,1871395,1871,2,1,0,1,0,0,0,1,0,0,1,0,0,0,0,1,0,0.9329930544,1,1.666666627,2200,8853.395508
mid7020033,702,1871395,1871,2,2,1,1,0,1,1,1,0,1,0,0,0,0,0,0,1,1.101468801,1,10,2200,53120.37109
mid7050047,705,1871395,1871,2,3,0,1,0,0,1,1,0,0,1,0,0,0,0,0,0,0.9329930544,0,0,,0
mid7010001,701,1871395,1871,2,1,0,1,0,1,1,0,0,0,1,0,0,0,0,1,0,0.9329930544,1,3.333333254,2400,17040.12305
mid7050017,705,1871395,1871,2,3,1,1,0,0,1,1,1,0,0,0,0,0,0,0,0,1.101468801,1,3.333333254,2000,18373.45703
mid7020001,702,1871395,1871,2,2,0,1,0,1,1,1,0,1,0,0,0,0,0,0,1,0.9329930544,1,6.666666508,2200,35413.58203
mid7010034,701,1871395,1871,2,1,1,1,0,1,1,0,0,1,0,0,0,0,0,1,0,1.101468801,1,5,2400,25560.18555
mid7060016,706,1871395,1871,2,1,1,1,0,0,0,1,0,1,0,0,0,0,0,1,0,0.9081015587,1,4.199999809,2648.148193,20550.55664
mid7020035,702,1871395,1871,2,2,1,1,0,1,1,1,1,0,0,0,0,0,0,0,1,1.101468801,1,10,2200,53120.37109
mid7020015,702,1871395,1871,2,2,0,1,0,1,1,1,0,0,1,0,0,0,0,0,1,0.9329930544,0,0,,0
mid7060004,706,1871395,1871,2,1,1,1,0,0,0,1,0,1,0,0,0,0,0,1,0,1.101468801,1,3.333333254,2200,17706.79102
mid7060019,706,1871395,1871,2,1,1,1,0,0,0,1,1,0,0,0,0,0,0,1,0,0.9081015587,1,10,2200,53120.37109
mid7040042,704,1871395,1871,2,2,1,0,1,0,0,0,0,1,0,0,0,0,0,0,1,0.4964529872,1,7,2142.857178,37584.26172
mid7040038,704,1871395,1871,2,2,1,0,1,0,0,0,0,1,0,0,0,0,0,0,1,0.4964529872,1,7,2142.857178,37584.25781
mid7010040,701,1871395,1871,2,1,0,1,0,1,1,0,0,0,1,0,0,0,0,1,0,0.9329930544,1,5,2400,25560.18555
mid7060007,706,1871395,1871,2,1,1,1,0,0,0,1,0,1,0,0,0,0,0,1,0,0.9081015587,1,10,2200,53120.37109
mid7050044,705,1871395,1871,2,3,0,1,0,0,1,1,0,0,1,0,0,0,0,0,0,0.9329930544,0,0,,0
mid7020024,702,1871395,1871,2,2,0,1,0,1,1,1,0,0,1,0,0,0,0,0,1,0.9329930544,1,10,2200,53120.37109
mid7030036,703,1871395,1871,2,3,0,0,1,0,0,0,0,0,1,0,0,0,0,0,0,1.040987611,1,3.333333254,2200,17706.79102
mid7040017,704,1871395,1871,2,2,0,0,1,0,0,0,0,0,1,0,0,0,0,0,1,1.040987611,0,0,,0
mid7020029,702,1871395,1871,2,2,0,1,0,1,1,1,0,0,1,0,0,0,0,0,1,0.9329930544,1,10,2200,53120.37109
mid6170011,617,1871535,1871,2,1,1,0,1,0,0,0,0,1,0,0,0,0,0,1,0,0.377632767,0,2,2125,10774.07422
mid6170020,617,1871535,1871,2,1,0,0,1,0,0,0,0,0,1,0,0,0,0,1,0,0.7641155124,0,0,,0
mid6210042,621,1871535,1871,2,2,1,0,1,0,0,0,1,0,0,0,0,0,0,0,1,2.434449673,1,8,2500,40096.29688
mid6180016,618,1871535,1871,2,2,1,1,0,0,0,0,1,0,0,0,0,0,0,0,1,1.321279168,0,2.666666746,2250,14032.09863
mid6150032,615,1871535,1871,2,3,0,0,1,0,0,0,0,0,1,0,0,0,0,0,0,0.7641155124,1,4.5,2000,24804.16797
mid6180009,618,1871535,1871,2,2,1,1,0,0,0,0,0,1,0,0,0,0,0,0,1,1.321279168,1,2.666666746,2500,13365.43262
mid6160029,616,1871535,1871,2,1,1,1,0,1,1,0,0,1,0,0,0,0,0,1,0,1.321279168,0,0,,0
mid6140025,614,1871535,1871,2,3,0,1,0,1,1,1,0,0,1,0,0,0,0,0,0,0.6596436501,1,5,2000,27560.18555
mid6210035,621,1871535,1871,2,2,1,0,1,0,0,0,0,1,0,0,0,0,0,0,1,2.904667139,1,10.66666698,2500,53461.73047
mid6220034,622,1871535,1871,2,2,1,1,0,1,1,0,1,0,0,0,0,0,0,0,1,1.321279168,1,5,2600,24560.18555
mid6220011,622,1871535,1871,2,2,1,1,0,1,1,0,0,1,0,0,0,0,0,0,1,1.321279168,1,5,2000,27560.18555
mid6150015,615,1871535,1871,2,3,1,0,1,0,0,0,0,1,0,0,0,0,0,0,0,0.3602733016,1,6.75,2000,37206.25
mid6180035,618,1871535,1871,2,2,0,1,0,0,0,0,0,0,1,0,0,0,0,0,1,0.6596436501,1,8,2250,42096.29688
mid6150024,615,1871535,1871,2,3,0,0,1,0,0,0,0,0,1,0,0,0,0,0,0,0.7641155124,0,0,,0
mid6210006,621,1871535,1871,2,2,0,0,1,0,0,0,0,0,1,0,0,0,0,0,1,0.7641155124,1,8,2500,40096.29688
mid6170038,617,1871535,1871,2,1,1,0,1,0,0,0,0,1,0,0,0,0,0,1,0,0.377632767,0,2,2125,10774.07422
mid6180001,618,1871535,1871,2,2,1,1,0,0,0,0,1,0,0,0,0,0,0,0,1,1.321279168,1,4,2250,21048.14844
mid6220036,622,1871535,1871,2,2,0,1,0,1,1,0,0,0,1,0,0,0,0,0,1,0.6596436501,1,6,2166.666748,32072.22266
mid6140023,614,1871535,1871,2,3,1,1,0,1,1,1,1,0,0,0,0,0,0,0,0,1.321279168,1,17.5,2000,96460.64844
mid6180002,618,1871535,1871,2,2,0,1,0,0,0,0,0,0,1,0,0,0,0,0,1,0.6596436501,1,4,2250,21048.14844
mid6160009,616,1871535,1871,2,1,0,1,0,1,1,0,0,0,1,0,0,0,0,1,0,0.6596436501,0,0,,0
mid6170016,617,1871535,1871,2,1,0,0,1,0,0,0,0,1,0,0,0,0,0,1,0,0.7392603159,1,4,2125,21548.14844
mid6220028,622,1871535,1871,2,2,0,1,0,1,1,0,0,0,1,0,0,0,0,0,1,0.6596436501,1,6,2000,33072.22266
mid6210013,621,1871535,1871,2,2,1,0,1,0,0,0,0,1,0,0,0,0,0,0,1,0.377632767,0,2.666666746,2500,13365.43262
mid6220044,622,1871535,1871,2,2,0,1,0,1,1,0,0,0,1,0,0,0,0,0,1,0.6596436501,1,6,2166.666748,32072.22266
mid6180040,618,1871535,1871,2,2,0,1,0,0,0,0,0,0,1,0,0,0,0,0,1,0.6596436501,1,5.333333492,2000,30064.19727
mid6140027,614,1871535,1871,2,3,1,1,0,1,1,1,0,1,0,0,0,0,0,0,0,1.321279168,1,1.5,2000,8268.055664
mid6210021,621,1871535,1871,2,2,1,0,1,0,0,0,0,1,0,0,0,0,0,0,1,0.377632767,1,5.333333492,2500,26730.86523
mid6150031,615,1871535,1871,2,3,1,0,1,0,0,0,0,1,0,0,0,0,0,0,0,0.3602733016,1,9,2000,49608.33594
mid6150019,615,1871535,1871,2,3,0,0,1,0,0,0,0,0,1,0,0,0,0,0,0,0.7641155124,1,4.5,2000,24804.16797
mid6180017,618,1871535,1871,2,2,1,1,0,0,0,0,0,1,0,0,0,0,0,0,1,1.321279168,1,8,2250,42096.29688
mid6140015,614,1871535,1871,2,3,1,1,0,1,1,1,0,1,0,0,0,0,0,0,0,1.321279168,1,3.75,2000,20670.13867
mid6210033,621,1871535,1871,2,2,0,0,1,0,0,0,0,0,1,0,0,0,0,0,1,0.7641155124,1,5.333333492,2500,26730.86523
mid6180036,618,1871535,1871,2,2,0,1,0,0,0,0,0,0,1,0,0,0,0,0,1,0.6596436501,1,4,2250,21048.14844
mid6220046,622,1871535,1871,2,2,1,1,0,1,1,0,0,1,0,0,0,0,0,0,1,1.321279168,1,7.5,2000,41340.27734
mid6140010,614,1871535,1871,2,3,0,1,0,1,1,1,0,0,1,0,0,0,0,0,0,0.6596436501,0,0,,0
mid6150023,615,1871535,1871,2,3,1,0,1,0,0,0,1,0,0,0,0,0,0,0,0,2.434449673,1,2.5,2200,13280.09277
mid6160025,616,1871535,1871,2,1,0,1,0,1,1,0,0,0,1,0,0,0,0,1,0,0.6596436501,0,0,,0
mid6170021,617,1871535,1871,2,1,1,0,1,0,0,0,0,0,1,0,0,0,0,1,0,0.2385971099,1,4,2125,21548.14844
mid6180039,618,1871535,1871,2,2,1,1,0,0,0,0,1,0,0,0,0,0,0,0,1,1.321279168,1,1.333333373,2500,6682.716309
mid6210036,621,1871535,1871,2,2,1,0,1,0,0,0,0,1,0,0,0,0,0,0,1,3.130727053,1,8,1875,46762.96484
mid6170012,617,1871535,1871,2,1,1,0,1,0,0,0,0,1,0,0,0,0,0,1,0,0.377632767,0,3,2125,16161.11133
mid6210038,621,1871535,1871,2,2,0,0,1,0,0,0,0,0,1,0,0,0,0,0,1,0.7641155124,1,10,2000,55120.37109
mid6210001,621,1871535,1871,2,2,1,0,1,0,0,0,0,1,0,0,0,0,0,0,1,0.377632767,1,10.66666698,2500,53461.73047
mid6140022,614,1871535,1871,2,3,1,1,0,1,1,1,0,1,0,0,0,0,0,0,0,1.321279168,1,5,2000,27560.18555
mid6180038,618,1871535,1871,2,2,1,1,0,0,0,0,1,0,0,0,0,0,0,0,1,1.321279168,1,4,2250,21048.14844
mid6160024,616,1871535,1871,2,1,0,1,0,1,1,0,0,0,1,0,0,0,0,1,0,0.6596436501,1,5,2000,27560.18555
mid6150009,615,1871535,1871,2,3,1,0,1,0,0,0,0,1,0,0,0,0,0,0,0,3.130727053,1,6.75,2000,37206.25
mid6220040,622,1871535,1871,2,2,0,1,0,1,1,0,0,0,1,0,0,0,0,0,1,0.6596436501,1,5,2200,26560.18555
mid6170008,617,1871535,1871,2,1,1,0,1,0,0,0,1,0,0,0,0,0,0,1,0,0.4176267982,1,4,2125,21548.14844
mid6180026,618,1871535,1871,2,2,1,1,0,0,0,0,0,1,0,0,0,0,0,0,1,2.628504038,1,4,2250,21048.14844
mid6160022,616,1871535,1871,2,1,0,1,0,1,1,0,0,0,1,0,0,0,0,1,0,0.6596436501,0,0,,0
mid6210029,621,1871535,1871,2,2,1,0,1,0,0,0,1,0,0,0,0,0,0,0,1,0.4176267982,1,5.333333492,2500,26730.86523
mid6140035,614,1871535,1871,2,3,0,1,0,1,1,1,0,0,1,0,0,0,0,0,0,0.6596436501,0,0,,0
mid6150011,615,1871535,1871,2,3,1,0,1,0,0,0,0,1,0,0,0,0,0,0,0,0.3602733016,1,4.5,2000,24804.16797
mid6140013,614,1871535,1871,2,3,0,1,0,1,1,1,0,0,1,0,0,0,0,0,0,0.6596436501,0,0,,0
mid6150013,615,1871535,1871,2,3,0,0,1,0,0,0,1,0,0,0,0,0,0,0,0,0.7683861256,1,2.25,2000,12402.08398
mid6170025,617,1871535,1871,2,1,0,0,1,0,0,0,0,0,1,0,0,0,0,1,0,0.7641155124,0,3,2125,16161.11133
mid6150012,615,1871535,1871,2,3,1,0,1,0,0,0,0,1,0,0,0,0,0,0,0,0.3602733016,1,5,2000,27560.18555
mid6150030,615,1871535,1871,2,3,0,0,1,0,0,0,0,0,1,0,0,0,0,0,0,0.7641155124,0,0,,0
mid6160019,616,1871535,1871,2,1,0,1,0,1,1,0,0,0,1,0,0,0,0,1,0,0.6596436501,1,5,2000,27560.18555
mid6170014,617,1871535,1871,2,1,1,0,1,0,0,0,0,1,0,0,0,0,0,1,0,0.3602733016,0,2,2125,10774.07422
mid6170026,617,1871535,1871,2,1,0,0,1,0,0,0,0,0,1,0,0,0,0,1,0,0.7641155124,0,3,2125,16161.11133
mid6160030,616,1871535,1871,2,1,0,1,0,1,1,0,0,0,1,0,0,0,0,1,0,0.6596436501,0,0,,0
mid6210041,621,1871535,1871,2,2,0,0,1,0,0,0,0,0,1,0,0,0,0,0,1,0.6555017233,1,8,2500,40096.29688
mid6170004,617,1871535,1871,2,1,1,0,1,0,0,0,0,1,0,0,0,0,0,1,0,0.377632767,0,3,2125,16161.11133
mid6630018,663,1871543,1871,2,3,0,1,0,0,0,0,0,0,1,0,0,0,0,0,0,0.7967662215,0,0,,0
mid6630020,663,1871543,1871,2,3,1,1,0,0,0,0,0,1,0,0,0,0,0,0,0,0.7898418307,1,1.666666627,2000,9186.728516
mid6630028,663,1871543,1871,2,3,1,1,0,0,0,0,0,1,0,0,0,0,0,0,0,0.7898418307,1,1.666666627,2000,9186.728516
mid6600003,660,1871543,1871,2,2,1,0,1,0,0,0,0,1,0,0,0,0,0,0,1,1.141384363,1,10,2000,55120.37109
mid6580004,658,1871543,1871,2,2,1,1,0,0,0,1,0,1,0,0,0,0,0,0,1,1.476483583,1,6.666666508,2150,35746.91406
mid6570022,657,1871543,1871,2,1,1,0,1,0,0,0,1,0,0,0,0,0,0,1,0,0.9566131234,1,5,2200,26560.18555
mid6480002,648,1871543,1871,2,2,0,1,0,1,1,1,0,0,1,0,0,0,0,0,1,0.7967662215,0,0,,0
mid6630005,663,1871543,1871,2,3,1,1,0,0,0,0,1,0,0,0,0,0,0,0,0,1.476483583,1,3.333333254,2000,18373.45703
mid6480039,648,1871543,1871,2,2,1,1,0,1,1,1,0,1,0,0,0,0,0,0,1,1.476483583,1,10,2000,55120.37109
mid6600018,660,1871543,1871,2,2,1,0,1,0,0,0,0,1,0,0,0,0,0,0,1,0.9056394696,1,10,3000,45120.37109
mid6580013,658,1871543,1871,2,2,0,1,0,0,0,1,0,0,1,0,0,0,0,0,1,0.7967662215,0,0,,0
mid6530012,653,1871543,1871,2,2,1,1,0,1,1,0,1,0,0,0,0,0,0,0,1,1.476483583,1,10,2500,50120.37109
mid6590013,659,1871543,1871,2,3,0,1,0,0,0,1,0,0,1,0,0,0,0,0,0,0.7967662215,0,3.333333254,2300,17373.45703
mid6590008,659,1871543,1871,2,3,1,1,0,0,0,1,0,1,0,0,0,0,0,0,0,1.476483583,0,0,,0
mid6590003,659,1871543,1871,2,3,1,1,0,0,0,1,0,1,0,0,0,0,0,0,0,0.7898418307,1,3.333333254,2300,17373.45703
mid6600023,660,1871543,1871,2,2,0,0,1,0,0,0,0,0,1,0,0,0,0,0,1,1.124779224,1,3.333333254,2400,17040.12305
mid6570016,657,1871543,1871,2,1,1,0,1,0,0,0,0,1,0,0,0,0,0,1,0,1.141384363,1,3.333333254,5000,8373.457031
mid6480045,648,1871543,1871,2,2,1,1,0,1,1,1,1,0,0,0,0,0,0,0,1,1.476483583,1,10,2000,55120.37109
mid6570009,657,1871543,1871,2,1,0,0,1,0,0,0,0,0,1,0,0,0,0,1,0,0.9648995996,1,6.666666508,2200,35413.58203
mid6630003,663,1871543,1871,2,3,1,1,0,0,0,0,0,1,0,0,0,0,0,0,0,1.476483583,0,1.666666627,2000,9186.728516
mid6620038,662,1871543,1871,2,1,0,1,0,1,0,1,0,0,1,0,0,0,0,1,0,0.7967662215,1,6,2000,33072.22266
mid6590020,659,1871543,1871,2,3,0,1,0,0,0,1,0,0,1,0,0,0,0,0,0,0.7967662215,0,0,,0
mid6590024,659,1871543,1871,2,3,1,1,0,0,0,1,0,1,0,0,0,0,0,0,0,0.7898418307,0,0,,0
mid6580016,658,1871543,1871,2,2,0,1,0,0,0,1,0,0,1,0,0,0,0,0,1,0.7967662215,0,0,,0
mid6560005,656,1871543,1871,2,1,1,1,0,0,0,0,0,1,0,0,0,0,0,1,0,1.476483583,1,4,2000,22048.14844
mid6580019,658,1871543,1871,2,2,1,1,0,0,0,1,0,1,0,0,0,0,0,0,1,1.476483583,1,6.666666508,2150,35746.91406
mid6490010,649,1871543,1871,2,3,0,0,1,0,0,0,0,0,1,0,0,0,0,0,0,1.124779224,1,4,2166.666748,21381.48242
mid6480006,648,1871543,1871,2,2,0,1,0,1,1,1,0,0,1,0,0,0,0,0,1,0.7967662215,0,0,,0
mid6630030,663,1871543,1871,2,3,1,1,0,0,0,0,1,0,0,0,0,0,0,0,0,0.7898418307,0,1.666666627,2000,9186.728516
mid6600033,660,1871543,1871,2,2,1,0,1,0,0,0,1,0,0,0,0,0,0,0,1,0.9566131234,1,3.333333254,2400,17040.12305
mid6480019,648,1871543,1871,2,2,0,1,0,1,1,1,0,0,1,0,0,0,0,0,1,0.7967662215,1,10,2000,55120.37109
mid6530025,653,1871543,1871,2,2,0,1,0,1,1,0,0,0,1,0,0,0,0,0,1,0.7967662215,0,0,,0
mid6500020,650,1871543,1871,2,3,1,1,0,1,0,1,1,0,0,0,0,0,0,0,0,1.476483583,1,15,2000,82680.55469
mid6590028,659,1871543,1871,2,3,0,1,0,0,0,1,0,0,1,0,0,0,0,0,0,0.7967662215,0,0,,0
mid6620041,662,1871543,1871,2,1,1,1,0,1,0,1,1,0,0,0,0,0,0,1,0,1.476483583,1,6,2000,33072.22266
mid6630009,663,1871543,1871,2,3,1,1,0,0,0,0,0,1,0,0,0,0,0,0,0,0.7898418307,1,5,2000,27560.18555
mid6620009,662,1871543,1871,2,1,0,1,0,1,0,1,0,0,1,0,0,0,0,1,0,0.7967662215,0,0,,0
mid6490021,649,1871543,1871,2,3,1,0,1,0,0,0,0,1,0,0,0,0,0,0,0,1.141384363,1,6,2166.666748,32072.22266
mid6570007,657,1871543,1871,2,1,0,0,1,0,0,0,0,0,1,0,0,0,0,1,0,1.124779224,0,0,,0
mid6560008,656,1871543,1871,2,1,0,1,0,0,0,0,0,0,1,0,0,0,0,1,0,0.7967662215,1,6,2000,33072.22266
mid6490003,649,1871543,1871,2,3,0,0,1,0,0,0,0,0,1,0,0,0,0,0,0,1.124779224,1,6,2166.666748,32072.22266
mid6500030,650,1871543,1871,2,3,0,1,0,1,0,1,0,0,1,0,0,0,0,0,0,0.7967662215,0,0,,0
mid6560020,656,1871543,1871,2,1,1,1,0,0,0,0,0,1,0,0,0,0,0,1,0,0.7898418307,1,6,2000,33072.22266
mid6490005,649,1871543,1871,2,3,0,0,1,0,0,0,0,0,1,0,0,0,0,0,0,1.124779224,0,0,,0
mid6600030,660,1871543,1871,2,2,1,0,1,0,0,0,0,0,1,0,0,0,0,0,1,0.7341717482,1,5,2400,25560.18555
mid6580035,658,1871543,1871,2,2,0,1,0,0,0,1,0,0,1,0,0,0,0,0,1,0.7967662215,1,3.333333254,2150,17873.45703
mid6500007,650,1871543,1871,2,3,0,1,0,1,0,1,0,0,1,0,0,0,0,0,0,0.7967662215,1,9,2000,49608.33594
mid6630032,663,1871543,1871,2,3,0,1,0,0,0,0,0,0,1,0,0,0,0,0,0,0.7967662215,0,0,,0
mid6560017,656,1871543,1871,2,1,1,1,0,0,0,0,0,1,0,0,0,0,0,1,0,0.7898418307,1,4,2000,22048.14844
mid6500016,650,1871543,1871,2,3,1,1,0,1,0,1,0,1,0,0,0,0,0,0,0,1.476483583,1,9,2000,49608.33594
mid6580022,658,1871543,1871,2,2,1,1,0,0,0,1,0,1,0,0,0,0,0,0,1,1.476483583,1,10,2150,53620.37109
mid6590031,659,1871543,1871,2,3,0,1,0,0,0,1,0,0,1,0,0,0,0,0,0,0.7967662215,1,15,2333.333252,77680.55469
mid6600017,660,1871543,1871,2,2,1,0,1,0,0,0,0,1,0,0,0,0,0,0,1,0.9056394696,1,3.333333254,2400,17040.12305
mid6560022,656,1871543,1871,2,1,0,1,0,0,0,0,0,0,1,0,0,0,0,1,0,0.7967662215,0,0,,0
mid6530020,653,1871543,1871,2,2,1,1,0,1,1,0,0,1,0,0,0,0,0,0,1,1.476483583,1,10,2500,50120.37109
mid6560003,656,1871543,1871,2,1,1,1,0,0,0,0,0,1,0,0,0,0,0,1,0,0.7898418307,1,5,2000,27560.18555
mid6590032,659,1871543,1871,2,3,1,1,0,0,0,1,0,1,0,0,0,0,0,0,0,0.7898418307,0,0,,0
mid6480021,648,1871543,1871,2,2,1,1,0,1,1,1,0,1,0,0,0,0,0,0,1,1.476483583,1,10,2000,55120.37109
mid6480038,648,1871543,1871,2,2,1,1,0,1,1,1,0,1,0,0,0,0,0,0,1,1.476483583,1,10,2000,55120.37109
mid6570023,657,1871543,1871,2,1,1,0,1,0,0,0,0,1,0,0,0,0,0,1,0,0.8640079498,1,10,2200,53120.37109
mid6590014,659,1871543,1871,2,3,1,1,0,0,0,1,0,1,0,0,0,0,0,0,0,0.7898418307,1,10,2200,53120.37109
mid6570025,657,1871543,1871,2,1,1,0,1,0,0,0,1,0,0,0,0,0,0,1,0,0.9566131234,1,3.333333254,2200,17706.79102
mid6490016,649,1871543,1871,2,3,1,0,1,0,0,0,0,1,0,0,0,0,0,0,0,0.9056394696,1,12,2166.666748,64144.44531
mid6490047,649,1871543,1871,2,3,1,0,1,0,0,0,0,1,0,0,0,0,0,0,0,0.9056394696,1,4,2166.666748,21381.48242
mid6500001,650,1871543,1871,2,3,0,1,0,1,0,1,0,0,1,0,0,0,0,0,0,0.7967662215,1,15,2000,82680.55469
mid6490009,649,1871543,1871,2,3,1,0,1,0,0,0,0,1,0,0,0,0,0,0,0,0.8640079498,0,0,,0
mid6600008,660,1871543,1871,2,2,1,0,1,0,0,0,0,1,0,0,0,0,0,0,1,1.141384363,0,1.666666627,2400,8520.061523
mid6560004,656,1871543,1871,2,1,0,1,0,0,0,0,0,0,1,0,0,0,0,1,0,0.7967662215,1,10,2000,55120.37109
mid6490034,649,1871543,1871,2,3,1,0,1,0,0,0,1,0,0,0,0,0,0,0,0,0.9566131234,1,7.5,2000,41340.27734
mid6490026,649,1871543,1871,2,3,1,0,1,0,0,0,0,1,0,0,0,0,0,0,0,0.8640079498,1,5,2000,27560.18555
mid6570027,657,1871543,1871,2,1,1,0,1,0,0,0,0,0,1,0,0,0,0,1,0,0.7341717482,1,5,2200,26560.18555
mid6630013,663,1871543,1871,2,3,0,1,0,0,0,0,0,0,1,0,0,0,0,0,0,0.7967662215,1,1.333333373,2250,7016.049316
mid6530022,653,1871543,1871,2,2,0,1,0,1,1,0,0,0,1,0,0,0,0,0,1,0.7967662215,1,10,2500,50120.37109
mid6580028,658,1871543,1871,2,2,1,1,0,0,0,1,0,1,0,0,0,0,0,0,1,0.7898418307,1,6.666666508,2150,35746.91406
mid6630008,663,1871543,1871,2,3,0,1,0,0,0,0,0,0,1,0,0,0,0,0,0,0.7967662215,0,0,,0
mid6480029,648,1871543,1871,2,2,1,1,0,1,1,1,1,0,0,0,0,0,0,0,1,1.476483583,1,10,2000,55120.37109
mid6500004,650,1871543,1871,2,3,0,1,0,1,0,1,0,0,1,0,0,0,0,0,0,0.7967662215,1,10,2000,55120.37109
mid6570020,657,1871543,1871,2,1,1,0,1,0,0,0,1,0,0,0,0,0,0,1,0,0.9566131234,1,3.333333254,2200,17706.79102
mid6600002,660,1871543,1871,2,2,0,0,1,0,0,0,0,0,1,0,0,0,0,0,1,0.9648995996,0,1.666666627,2400,8520.061523
mid6630004,663,1871543,1871,2,3,0,1,0,0,0,0,0,0,1,0,0,0,0,0,0,0.7967662215,0,0,,0
mid6620019,662,1871543,1871,2,1,1,1,0,1,0,1,0,0,1,0,0,0,0,1,0,1.476483583,1,4,2000,22048.14844
mid6620036,662,1871543,1871,2,1,1,1,0,1,0,1,1,0,0,0,0,0,0,1,0,1.476483583,1,1.666666627,2600,8186.728516
mid6530018,653,1871543,1871,2,2,0,1,0,1,1,0,0,0,1,0,0,0,0,0,1,0.7967662215,0,0,,0
mid6600011,660,1871543,1871,2,2,1,0,1,0,0,0,0,1,0,0,0,0,0,0,1,1.141384363,0,1.666666627,2400,8520.061523
mid6590016,659,1871543,1871,2,3,1,1,0,0,0,1,0,1,0,0,0,0,0,0,0,1.476483583,1,5,2400,25560.18555
mid6580010,658,1871543,1871,2,2,1,1,0,0,0,1,1,0,0,0,0,0,0,0,1,1.476483583,1,6.666666508,2200,35413.58203
mid6490038,649,1871543,1871,2,3,0,0,1,0,0,0,0,0,1,0,0,0,0,0,0,1.124779224,0,0,,0
mid6590004,659,1871543,1871,2,3,1,1,0,0,0,1,0,1,0,0,0,0,0,0,0,0.7898418307,1,6.666666508,2400,34080.24609
mid6580047,658,1871543,1871,2,2,1,1,0,0,0,1,1,0,0,0,0,0,0,0,1,0.7898418307,1,6.666666508,2150,35746.91406
mid6600035,660,1871543,1871,2,2,0,0,1,0,0,0,1,0,0,0,0,0,0,0,1,1.131065488,1,5,2400,25560.18555
mid6530014,653,1871543,1871,2,2,0,1,0,1,1,0,0,0,1,0,0,0,0,0,1,0.7967662215,0,0,,0
mid6620031,662,1871543,1871,2,1,0,1,0,1,0,1,0,1,0,0,0,0,0,1,0,0.7967662215,0,0,,0
mid6580003,658,1871543,1871,2,2,0,1,0,0,0,1,0,0,1,0,0,0,0,0,1,0.7967662215,0,0,,0
mid6570037,657,1871543,1871,2,1,0,0,1,0,0,0,0,0,1,0,0,0,0,1,0,0.9648995996,1,4.166666508,2240,21966.82031
mid6570032,657,1871543,1871,2,1,1,0,1,0,0,0,0,1,0,0,0,0,0,1,0,1.141384363,1,10,2200,53120.37109
mid6570038,657,1871543,1871,2,1,0,0,1,0,0,0,1,0,0,0,0,0,0,1,0,1.131065488,1,6.666666508,2200,35413.58203
mid6480020,648,1871543,1871,2,2,0,1,0,1,1,1,0,0,1,0,0,0,0,0,1,0.7967662215,1,5,4000,17560.18555
mid6600010,660,1871543,1871,2,2,0,0,1,0,0,0,0,0,1,0,0,0,0,0,1,0.9648995996,0,1.666666627,2400,8520.061523
mid6560007,656,1871543,1871,2,1,1,1,0,0,0,0,0,1,0,0,0,0,0,1,0,0.7898418307,0,0,,0
mid6560021,656,1871543,1871,2,1,0,1,0,0,0,0,0,0,1,0,0,0,0,1,0,0.7967662215,0,0,,0
mid6530011,653,1871543,1871,2,2,0,1,0,1,1,0,0,0,1,0,0,0,0,0,1,0.7967662215,0,0,,0
mid6580037,658,1871543,1871,2,2,1,1,0,0,0,1,0,1,0,0,0,0,0,0,1,0.7898418307,1,3.333333254,2300,17373.45703
mid6560019,656,1871543,1871,2,1,1,1,0,0,0,0,0,1,0,0,0,0,0,1,0,1.476483583,1,6,2000,33072.22266
mid6490008,649,1871543,1871,2,3,1,0,1,0,0,0,0,1,0,0,0,0,0,0,0,1.230214238,1,4,2166.666748,21381.48242
mid6560012,656,1871543,1871,2,1,1,1,0,0,0,0,0,1,0,0,0,0,0,1,0,0.7898418307,1,5,2000,27560.18555
mid6620017,662,1871543,1871,2,1,0,1,0,1,0,1,1,0,0,0,0,0,0,1,0,0.7967662215,1,4,2166.666748,21381.48242
mid6870015,687,1871691,1871,2,2,0,1,0,0,1,1,0,0,1,0,0,0,0,0,1,0.9759557247,0,0,,0
mid6900007,690,1871691,1871,2,3,0,1,0,0,1,0,0,0,1,0,0,0,0,0,0,0.9759557247,0,0,,0
mid6900032,690,1871691,1871,2,3,0,1,0,0,1,0,0,0,1,0,0,0,0,0,0,0.9759557247,0,0,,0
mid6870019,687,1871691,1871,2,2,1,1,0,0,1,1,0,1,0,0,0,0,0,0,1,1.127726197,0,0,,0
mid6910037,691,1871691,1871,2,1,1,1,0,1,1,1,1,0,0,0,0,0,0,1,0,0.9749186635,1,2,2000,11024.07422
mid6900036,690,1871691,1871,2,3,1,1,0,0,1,0,0,1,0,0,0,0,0,0,0,0.9749186635,1,9.333333015,2383.333252,48112.34766
mid6900011,690,1871691,1871,2,3,0,1,0,0,1,0,0,0,1,0,0,0,0,0,0,0.9759557247,1,10,2300,52120.37109
mid6910032,691,1871691,1871,2,1,1,1,0,1,1,1,1,0,0,0,0,0,0,1,0,0.9749186635,1,4,2000,22048.14844
mid6910041,691,1871691,1871,2,1,0,1,0,1,1,1,0,0,1,0,0,0,0,1,0,0.9759557247,1,2,2000,11024.07422
mid6900041,690,1871691,1871,2,3,0,1,0,0,1,0,0,0,1,0,0,0,0,0,0,0.9759557247,0,0,,0
mid6870001,687,1871691,1871,2,2,1,1,0,0,1,1,0,1,0,0,0,0,0,0,1,0.9749186635,1,11.25,1666.666626,65760.41406
mid6910045,691,1871691,1871,2,1,1,1,0,1,1,1,1,0,0,0,0,0,0,1,0,0.9749186635,0,2.5,1600,14780.09277
mid6870020,687,1871691,1871,2,2,1,1,0,0,1,1,1,0,0,0,0,0,0,0,1,1.127726197,1,15,1800,85680.55469
mid6870046,687,1871691,1871,2,2,0,1,0,0,1,1,0,0,1,0,0,0,0,0,1,0.9759557247,0,0,,0
mid6900019,690,1871691,1871,2,3,1,1,0,0,1,0,1,0,0,0,0,0,0,0,0,0.9749186635,1,15,2133.333252,80680.55469
mid6870018,687,1871691,1871,2,2,0,1,0,0,1,1,0,0,1,0,0,0,0,0,1,0.9759557247,0,0,,0
mid6910035,691,1871691,1871,2,1,1,1,0,1,1,1,0,1,0,0,0,0,0,1,0,0.9749186635,1,2.666666746,2000,14698.76562
mid6900024,690,1871691,1871,2,3,1,1,0,0,1,0,1,0,0,0,0,0,0,0,0,0.9749186635,1,15,2133.333252,80680.55469
mid6900028,690,1871691,1871,2,3,1,1,0,0,1,0,0,1,0,0,0,0,0,0,0,1.127726197,0,0,,0
mid6870031,687,1871691,1871,2,2,1,1,0,0,1,1,1,0,0,0,0,0,0,0,1,0.9749186635,1,11.25,1800,64260.41406
mid6910026,691,1871691,1871,2,1,0,1,0,1,1,1,0,0,1,0,0,0,0,1,0,0.9759557247,1,1.666666627,2000,9186.728516
mid6870023,687,1871691,1871,2,2,1,1,0,0,1,1,1,0,0,0,0,0,0,0,1,1.127726197,1,15,1800,85680.55469
mid6910004,691,1871691,1871,2,1,0,1,0,1,1,1,0,0,1,0,0,0,0,1,0,0.9759557247,1,4,2000,22048.14844
mid6910014,691,1871691,1871,2,1,1,1,0,1,1,1,0,1,0,0,0,0,0,1,0,0.9749186635,1,2,2000,11024.07422
mid6900047,690,1871691,1871,2,3,1,1,0,0,1,0,1,0,0,0,0,0,0,0,0,0.9749186635,1,15,2333.333252,77680.55469
mid6870028,687,1871691,1871,2,2,0,1,0,0,1,1,0,0,1,0,0,0,0,0,1,0.9759557247,0,0,,0
mid6900009,690,1871691,1871,2,3,1,1,0,0,1,0,0,1,0,0,0,0,0,0,0,1.127726197,1,10,2200,53120.37109
mid6870038,687,1871691,1871,2,2,1,1,0,0,1,1,1,0,0,0,0,0,0,0,1,0.9749186635,1,15,1800,85680.55469
mid6870032,687,1871691,1871,2,2,0,1,0,0,1,1,0,1,0,0,0,0,0,0,1,0.9759557247,0,0,,0
mid6900013,690,1871691,1871,2,3,1,1,0,0,1,0,0,1,0,0,0,0,0,0,0,0.9749186635,1,10,2200,53120.37109
mid6910031,691,1871691,1871,2,1,0,1,0,1,1,1,0,0,1,0,0,0,0,1,0,0.9759557247,0,0.8333333135,2000,4593.364258
mid6470003,647,1871831,1871,2,3,0,0,1,0,0,0,0,0,1,0,0,0,0,0,0,0.6780807972,1,7,2500,35084.25781
mid6450010,645,1871831,1871,2,1,0,0,1,0,0,0,0,0,1,0,0,0,0,1,0,0.6780807972,0,0,,0
mid6460021,646,1871831,1871,2,2,1,0,1,0,0,0,1,0,0,0,0,0,0,0,1,1.500445485,1,7,2000,38584.25781
mid6450015,645,1871831,1871,2,1,1,0,1,0,0,0,0,1,0,0,0,0,0,1,0,0.6098192334,1,10,2000,55120.37109
mid6400023,640,1871831,1871,2,1,1,1,0,1,0,0,1,0,0,0,0,0,0,1,0,1.264340401,1,10,2000,55120.37109
mid6460029,646,1871831,1871,2,2,0,0,1,0,0,0,0,0,1,0,0,0,0,0,1,0.6780807972,0,0,,0
mid6420027,642,1871831,1871,2,1,1,1,0,0,0,0,0,0,1,0,0,0,0,1,0,1.063725591,1,9,2222.222168,47608.33594
mid6420006,642,1871831,1871,2,1,0,1,0,0,0,0,0,0,1,0,0,0,0,1,0,0.7752941251,1,10,2200,53120.37109
mid6460025,646,1871831,1871,2,2,1,0,1,0,0,0,0,1,0,0,0,0,0,0,1,1.790258765,1,7,2000,38584.25781
mid6420033,642,1871831,1871,2,1,1,1,0,0,0,0,0,1,0,0,0,0,0,1,0,1.264340401,1,5,2200,26560.18555
mid6450026,645,1871831,1871,2,1,1,0,1,0,0,0,0,1,0,0,0,0,0,1,0,1.790258765,1,15,2000,82680.55469
mid6360018,636,1871831,1871,2,3,1,1,0,0,0,0,0,0,1,0,0,0,0,0,0,1.063725591,1,10,2200,53120.37109
mid6450002,645,1871831,1871,2,1,1,0,1,0,0,0,0,0,1,0,0,0,0,1,0,0.403863132,1,15,2000,82680.55469
mid6380006,638,1871831,1871,2,2,0,1,0,0,0,0,0,0,1,0,0,0,0,0,1,0.7752941251,0,0,,0
mid6410010,641,1871831,1871,2,2,1,1,0,1,0,1,0,1,0,0,0,0,0,0,1,1.264340401,1,10,2000,55120.37109
mid6380029,638,1871831,1871,2,2,1,1,0,0,0,0,1,0,0,0,0,0,0,0,1,1.264340401,1,15,2133.333252,80680.55469
mid6470001,647,1871831,1871,2,3,1,0,1,0,0,0,0,1,0,0,0,0,0,0,0,0.6392028928,1,14,2500,70168.51562
mid6380027,638,1871831,1871,2,2,1,1,0,0,0,0,0,1,0,0,0,0,0,0,1,1.264340401,1,10,2200,53120.37109
mid6370028,637,1871831,1871,2,3,1,1,0,1,1,0,0,1,0,0,0,0,0,0,0,1.264340401,1,3.333333254,2000,18373.45703
mid6410004,641,1871831,1871,2,2,0,1,0,1,0,1,0,0,1,0,0,0,0,0,1,0.7752941251,1,5,2200,26560.18555
mid6450013,645,1871831,1871,2,1,0,0,1,0,0,0,0,0,1,0,0,0,0,1,0,0.6780807972,0,0,,0
mid6420023,642,1871831,1871,2,1,1,1,0,0,0,0,1,0,0,0,0,0,0,1,0,1.063725591,1,5,2200,26560.18555
mid6370021,637,1871831,1871,2,3,1,1,0,1,1,0,0,1,0,0,0,0,0,0,0,1.264340401,1,15,1800,85680.55469
mid6460030,646,1871831,1871,2,2,1,0,1,0,0,0,1,0,0,0,0,0,0,0,1,0.7068990469,1,7,2000,38584.25781
mid6390017,639,1871831,1871,2,3,1,1,0,1,0,1,0,1,0,0,0,0,0,0,0,1.264340401,1,10,2500,50120.37109
mid6470027,647,1871831,1871,2,3,1,0,1,0,0,0,1,0,0,0,0,0,0,0,0,1.500445485,0,3.75,2400,19170.13867
mid6380032,638,1871831,1871,2,2,0,1,0,0,0,0,0,0,1,0,0,0,0,0,1,0.7752941251,0,0,,0
mid6460002,646,1871831,1871,2,2,1,0,1,0,0,0,1,0,0,0,0,0,0,0,1,1.500445485,1,7,2000,38584.25781
mid6390025,639,1871831,1871,2,3,0,1,0,1,0,1,0,0,1,0,0,0,0,0,0,0.7752941251,1,10,2500,50120.37109
mid6400021,640,1871831,1871,2,1,1,1,0,1,0,0,0,1,0,0,0,0,0,1,0,1.264340401,1,13.33333302,2000,73493.82812
mid6420041,642,1871831,1871,2,1,1,1,0,0,0,0,1,0,0,0,0,0,0,1,0,1.264340401,1,5,2200,26560.18555
mid6380010,638,1871831,1871,2,2,1,1,0,0,0,0,0,1,0,0,0,0,0,0,1,1.264340401,1,10,2200,53120.37109
mid6410028,641,1871831,1871,2,2,1,1,0,1,0,1,1,0,0,0,0,0,0,0,1,1.264340401,1,13.33333302,2000,73493.82812
mid6410018,641,1871831,1871,2,2,0,1,0,1,0,1,0,0,1,0,0,0,0,0,1,0.7752941251,0,0,,0
mid6460041,646,1871831,1871,2,2,1,0,1,0,0,0,1,0,0,0,0,0,0,0,1,1.500445485,1,7,2000,38584.25781
mid6360005,636,1871831,1871,2,3,1,1,0,0,0,0,0,1,0,0,0,0,0,0,0,1.264340401,1,6.666666508,2200,35413.58203
mid6450032,645,1871831,1871,2,1,1,0,1,0,0,0,0,1,0,0,0,0,0,1,0,0.6098192334,0,0,,0
mid6460008,646,1871831,1871,2,2,0,0,1,0,0,0,0,0,1,0,0,0,0,0,1,0.6780807972,0,4.666666508,2000,25722.83789
mid6410013,641,1871831,1871,2,2,0,1,0,1,0,1,0,0,1,0,0,0,0,0,1,0.7752941251,0,0,,0
mid6380026,638,1871831,1871,2,2,1,1,0,0,0,0,0,1,0,0,0,0,0,0,1,1.264340401,0,0,,0
mid6380014,638,1871831,1871,2,2,1,1,0,0,0,0,0,1,0,0,0,0,0,0,1,1.063725591,1,10,2200,53120.37109
mid6370019,637,1871831,1871,2,3,0,1,0,1,1,0,0,0,1,0,0,0,0,0,0,0.7752941251,1,14,2166.666748,75168.51562
mid6360020,636,1871831,1871,2,3,1,1,0,0,0,0,0,1,0,0,0,0,0,0,0,1.063725591,1,10,2000,55120.37109
mid6360002,636,1871831,1871,2,3,0,1,0,0,0,0,0,0,1,0,0,0,0,0,0,0.7752941251,0,0,,0
mid6360014,636,1871831,1871,2,3,0,1,0,0,0,0,0,0,1,0,0,0,0,0,0,0.7752941251,0,0,,0
mid6360015,636,1871831,1871,2,3,0,1,0,0,0,0,0,0,1,0,0,0,0,0,0,0.7752941251,0,0,,0
mid6460006,646,1871831,1871,2,2,1,0,1,0,0,0,0,1,0,0,0,0,0,0,1,1.790258765,1,7,2000,38584.25781
mid6470004,647,1871831,1871,2,3,1,0,1,0,0,0,0,1,0,0,0,0,0,0,0,1.790258765,1,14,2500,70168.51562
mid6450016,645,1871831,1871,2,1,0,0,1,0,0,0,0,0,1,0,0,0,0,1,0,0.6780807972,0,0,,0
mid6370025,637,1871831,1871,2,3,0,1,0,1,1,0,0,0,1,0,0,0,0,0,0,0.7752941251,1,5,2300,26060.18555
mid6390005,639,1871831,1871,2,3,1,1,0,1,0,1,0,1,0,0,0,0,0,0,0,1.264340401,1,10,2500,50120.37109
mid6420010,642,1871831,1871,2,1,0,1,0,0,0,0,0,0,1,0,0,0,0,1,0,0.7752941251,1,10,2200,53120.37109
mid6360003,636,1871831,1871,2,3,1,1,0,0,0,0,0,0,1,0,0,0,0,0,0,1.063725591,1,10,2200,53120.37109
mid6390031,639,1871831,1871,2,3,0,1,0,1,0,1,0,0,1,0,0,0,0,0,0,0.7752941251,1,10,2500,50120.37109
mid6360010,636,1871831,1871,2,3,0,1,0,0,0,0,0,0,1,0,0,0,0,0,0,0.7752941251,1,5,2000,27560.18555
mid6400014,640,1871831,1871,2,1,0,1,0,1,0,0,0,0,1,0,0,0,0,1,0,0.7752941251,0,0,,0
mid6390008,639,1871831,1871,2,3,1,1,0,1,0,1,0,1,0,0,0,0,0,0,0,1.264340401,1,10,2500,50120.37109
mid6380036,638,1871831,1871,2,2,1,1,0,0,0,0,0,1,0,0,0,0,0,0,1,1.063725591,0,0,,0
mid6400001,640,1871831,1871,2,1,0,1,0,1,0,0,0,0,1,0,0,0,0,1,0,0.7752941251,1,10,2000,55120.37109
mid6390009,639,1871831,1871,2,3,0,1,0,1,0,1,0,0,1,0,0,0,0,0,0,0.7752941251,0,0,,0
mid6390026,639,1871831,1871,2,3,0,1,0,1,0,1,0,0,1,0,0,0,0,0,0,0.7752941251,0,0,,0
mid6470009,647,1871831,1871,2,3,1,0,1,0,0,0,0,1,0,0,0,0,0,0,0,1.790258765,1,6,2500,30072.22266
mid6470031,647,1871831,1871,2,3,0,0,1,0,0,0,0,0,1,0,0,0,0,0,0,0.6780807972,1,3.5,1600,20692.12891
mid6410033,641,1871831,1871,2,2,1,1,0,1,0,1,0,1,0,0,0,0,0,0,1,1.264340401,1,5,2000,27560.18555
mid6470002,647,1871831,1871,2,3,1,0,1,0,0,0,0,1,0,0,0,0,0,0,0,0.6392028928,1,7,2500,35084.25781
mid6470029,647,1871831,1871,2,3,0,0,1,0,0,0,0,0,1,0,0,0,0,0,0,0.6780807972,1,3.5,2571.428467,17292.12891
mid6360022,636,1871831,1871,2,3,1,1,0,0,0,0,0,1,0,0,0,0,0,0,0,1.063725591,1,10,2000,55120.37109
mid6460009,646,1871831,1871,2,2,0,0,1,0,0,0,0,0,1,0,0,0,0,0,1,0.6780807972,0,0,,0
mid6400033,640,1871831,1871,2,1,1,1,0,1,0,0,1,0,0,0,0,0,0,1,0,1.264340401,1,10,2000,55120.37109
mid6420007,642,1871831,1871,2,1,0,1,0,0,0,0,1,0,0,0,0,0,0,1,0,0.7752941251,1,6.666666508,2200,35413.58203
mid6400025,640,1871831,1871,2,1,0,1,0,1,0,0,0,0,1,0,0,0,0,1,0,0.7752941251,1,10,2000,55120.37109
mid6470021,647,1871831,1871,2,3,1,0,1,0,0,0,1,0,0,0,0,0,0,0,0,1.500445485,1,7.5,2400,38340.27734
mid6460017,646,1871831,1871,2,2,1,0,1,0,0,0,0,1,0,0,0,0,0,0,1,0.6392028928,1,7,2000,38584.25781
mid6410038,641,1871831,1871,2,2,0,1,0,1,0,1,0,0,1,0,0,0,0,0,1,0.7752941251,0,0,,0
mid6450014,645,1871831,1871,2,1,1,0,1,0,0,0,0,1,0,0,0,0,0,1,0,0.6098192334,1,10,2000,55120.37109
mid6450001,645,1871831,1871,2,1,1,0,1,0,0,0,0,1,0,0,0,0,0,1,0,1.929588199,1,15,2000,82680.55469
mid6420009,642,1871831,1871,2,1,1,1,0,0,0,0,0,0,1,0,0,0,0,1,0,1.063725591,1,5,2200,26560.18555
mid6450007,645,1871831,1871,2,1,1,0,1,0,0,0,0,1,0,0,0,0,0,1,0,0.6098192334,1,10,2000,55120.37109
mid6450023,645,1871831,1871,2,1,0,0,1,0,0,0,0,0,1,0,0,0,0,1,0,0.6780807972,1,15,2000,82680.55469
mid6470028,647,1871831,1871,2,3,0,0,1,0,0,0,0,0,1,0,0,0,0,0,0,0.6780807972,0,2.5,1750,14405.09277
mid6410005,641,1871831,1871,2,2,1,1,0,1,0,1,0,1,0,0,0,0,0,0,1,1.264340401,1,9.333333015,2000,51445.67578
mid6360027,636,1871831,1871,2,3,0,1,0,0,0,0,0,0,1,0,0,0,0,0,0,0.7752941251,0,0,,0
mid6360006,636,1871831,1871,2,3,0,1,0,0,0,0,0,0,1,0,0,0,0,0,0,0.7752941251,1,10,2500,50120.37109
mid6370017,637,1871831,1871,2,3,0,1,0,1,1,0,0,0,1,0,0,0,0,0,0,0.7752941251,1,10,2000,55120.37109
mid6380016,638,1871831,1871,2,2,1,1,0,0,0,0,1,0,0,0,0,0,0,0,1,1.264340401,1,7.5,2000,41340.27734
mid6420018,642,1871831,1871,2,1,1,1,0,0,0,0,0,1,0,0,0,0,0,1,0,1.264340401,1,5,2200,26560.18555
mid6380011,638,1871831,1871,2,2,0,1,0,0,0,0,0,0,1,0,0,0,0,0,1,0.7752941251,0,0,,0
mid6380005,638,1871831,1871,2,2,0,1,0,0,0,0,0,0,1,0,0,0,0,0,1,0.7752941251,0,0,,0
mid6410022,641,1871831,1871,2,2,1,1,0,1,0,1,1,0,0,0,0,0,0,0,1,1.264340401,0,0,,0
mid6420037,642,1871831,1871,2,1,1,1,0,0,0,0,0,1,0,0,0,0,0,1,0,1.063725591,1,3.333333254,2200,17706.79102
mid6470020,647,1871831,1871,2,3,1,0,1,0,0,0,0,1,0,0,0,0,0,0,0,0.6392028928,1,5.25,2500,26313.19336
mid6420004,642,1871831,1871,2,1,1,1,0,0,0,0,0,1,0,0,0,0,0,1,0,1.063725591,1,5,2200,26560.18555
mid6460039,646,1871831,1871,2,2,0,0,1,0,0,0,0,0,1,0,0,0,0,0,1,0.6780807972,1,7,2000,38584.25781
mid6370005,637,1871831,1871,2,3,0,1,0,1,1,0,0,0,1,0,0,0,0,0,0,0.7752941251,0,0,,0
mid6400035,640,1871831,1871,2,1,0,1,0,1,0,0,0,0,1,0,0,0,0,1,0,0.7752941251,0,0,,0
mid6960010,696,1871862,1871,2,1,1,0,1,0,0,0,0,1,0,0,0,0,0,1,0,2.076391697,1,15,2000,82680.55469
mid6940019,694,1871862,1871,2,3,1,0,1,0,0,0,0,1,0,0,0,0,0,0,0,0.4906886816,1,15,2266.666748,78680.55469
mid6960003,696,1871862,1871,2,1,0,0,1,0,0,0,0,0,1,0,0,0,0,1,0,0.8158972859,0,0,,0
mid6960013,696,1871862,1871,2,1,1,0,1,0,0,0,0,1,0,0,0,0,0,1,0,2.076391697,1,10,2000,55120.37109
mid6950013,695,1871862,1871,2,2,1,1,0,0,1,1,0,1,0,0,0,0,0,0,1,2.468275547,1,3.333333254,2000,18373.45703
mid6940016,694,1871862,1871,2,3,0,0,1,0,0,0,0,0,1,0,0,0,0,0,0,0.8158972859,0,0,,0
mid6960029,696,1871862,1871,2,1,0,0,1,0,0,0,0,0,1,0,0,0,0,1,0,0.8158972859,0,0,,0
mid6940006,694,1871862,1871,2,3,1,0,1,0,0,0,0,1,0,0,0,0,0,0,0,2.076391697,1,15,2266.666748,78680.55469
mid6950044,695,1871862,1871,2,2,1,1,0,0,1,1,1,0,0,0,0,0,0,0,1,0.5528033376,1,10,2000,55120.37109
mid6940007,694,1871862,1871,2,3,0,0,1,0,0,0,0,0,1,0,0,0,0,0,0,0.8158972859,0,0,,0
mid6930010,693,1871862,1871,2,1,1,1,0,0,0,1,1,0,0,0,0,0,0,1,0,0.5528033376,0,6.666666508,2200,35413.58203
mid6930030,693,1871862,1871,2,1,0,1,0,0,0,1,0,0,1,0,0,0,0,1,0,0.5900841355,0,6.666666508,2000,36746.91406
mid6960017,696,1871862,1871,2,1,1,0,1,0,0,0,0,1,0,0,0,0,0,1,0,0.5143321157,1,15,2000,82680.55469
mid6930031,693,1871862,1871,2,1,1,1,0,0,0,1,1,0,0,0,0,0,0,1,0,0.5528033376,1,10,2200,53120.37109
mid6930012,693,1871862,1871,2,1,1,1,0,0,0,1,0,1,0,0,0,0,0,1,0,0.5528033376,1,10,2200,53120.37109
mid6940023,694,1871862,1871,2,3,1,0,1,0,0,0,0,1,0,0,0,0,0,0,0,2.076391697,0,0,,0
mid6930007,693,1871862,1871,2,1,0,1,0,0,0,1,0,0,1,0,0,0,0,1,0,0.5900841355,1,10,2200,53120.37109
mid6930003,693,1871862,1871,2,1,1,1,0,0,0,1,0,1,0,0,0,0,0,1,0,0.5528033376,1,6.666666508,2200,35413.58203
mid6960024,696,1871862,1871,2,1,1,0,1,0,0,0,0,1,0,0,0,0,0,1,0,0.4906886816,0,3.333333254,2000,18373.45703
mid6960021,696,1871862,1871,2,1,1,0,1,0,0,0,0,1,0,0,0,0,0,1,0,0.4906886816,1,15,2066.666748,81680.55469
mid6940001,694,1871862,1871,2,3,0,0,1,0,0,0,0,0,1,0,0,0,0,0,0,0.8158972859,0,0,,0
mid6950040,695,1871862,1871,2,2,1,1,0,0,1,1,0,1,0,0,0,0,0,0,1,0.5528033376,0,0,,0
mid6950038,695,1871862,1871,2,2,1,1,0,0,1,1,0,1,0,0,0,0,0,0,1,2.468275547,1,3.333333254,2000,18373.45703
mid6940012,694,1871862,1871,2,3,1,0,1,0,0,0,0,1,0,0,0,0,0,0,0,0.4906886816,1,10,2266.666748,52453.70312
mid6950011,695,1871862,1871,2,2,1,1,0,0,1,1,0,1,0,0,0,0,0,0,1,0.5528033376,1,5,2000,27560.18555
mid6960019,696,1871862,1871,2,1,0,0,1,0,0,0,0,0,1,0,0,0,0,1,0,0.8158972859,0,0,,0
mid6930005,693,1871862,1871,2,1,0,1,0,0,0,1,0,0,1,0,0,0,0,1,0,0.5900841355,0,0,,0
mid6940009,694,1871862,1871,2,3,0,0,1,0,0,0,0,0,1,0,0,0,0,0,0,0.8158972859,0,0,,0
mid6930024,693,1871862,1871,2,1,1,1,0,0,0,1,0,1,0,0,0,0,0,1,0,0.5528033376,0,6.666666508,2200,35413.58203
mid6930032,693,1871862,1871,2,1,1,1,0,0,0,1,0,1,0,0,0,0,0,1,0,2.468275547,1,10,2000,55120.37109
mid6950022,695,1871862,1871,2,2,0,1,0,0,1,1,0,0,1,0,0,0,0,0,1,0.5900841355,0,0,,0
mid6950015,695,1871862,1871,2,2,1,1,0,0,1,1,0,1,0,0,0,0,0,0,1,0.5528033376,1,3.333333254,2000,18373.45703
mid6940025,694,1871862,1871,2,3,0,0,1,0,0,0,0,0,1,0,0,0,0,0,0,0.8158972859,0,0,,0
mid6960023,696,1871862,1871,2,1,1,0,1,0,0,0,0,1,0,0,0,0,0,1,0,0.4906886816,1,5,2133.333252,26893.51758
mid6950023,695,1871862,1871,2,2,1,1,0,0,1,1,0,0,1,0,0,0,0,0,1,2.468275547,1,5,2000,27560.18555
mid6940031,694,1871862,1871,2,3,1,0,1,0,0,0,0,1,0,0,0,0,0,0,0,2.076391697,1,15,2266.666748,78680.55469
mid6950021,695,1871862,1871,2,2,0,1,0,0,1,1,1,0,0,0,0,0,0,0,1,0.5900841355,1,1.666666627,2000,9186.728516
mid6930022,693,1871862,1871,2,1,1,1,0,0,0,1,0,1,0,0,0,0,0,1,0,0.5528033376,0,6.666666508,2200,35413.58203
mid6930019,693,1871862,1871,2,1,0,1,0,0,0,1,0,0,1,0,0,0,0,1,0,0.5900841355,0,0,,0
mid6950028,695,1871862,1871,2,2,0,1,0,0,1,1,0,0,1,0,0,0,0,0,1,0.5900841355,0,0,,0
mid6940005,694,1871862,1871,2,3,0,0,1,0,0,0,0,0,1,0,0,0,0,0,0,0.8158972859,0,0,,0
mid6960007,696,1871862,1871,2,1,0,0,1,0,0,0,0,0,1,0,0,0,0,1,0,0.8158972859,1,15,2133.333252,80680.55469
mid6950037,695,1871862,1871,2,2,1,1,0,0,1,1,0,0,1,0,0,0,0,0,1,2.468275547,0,0,,0
mid6960025,696,1871862,1871,2,1,1,0,1,0,0,0,0,1,0,0,0,0,0,1,0,0.5143321157,1,10,2000,55120.37109
mid5910023,591,1871931,1871,2,2,1,0,1,0,0,0,1,0,0,0,0,0,0,0,1,1.687455416,0,3.25,2307.692383,16914.12109
mid5990020,599,1871931,1871,2,3,1,0,1,0,0,0,1,0,0,0,0,0,0,0,0,1.687455416,1,8.5,2000,46852.31641
mid6020001,602,1871931,1871,2,1,1,1,0,0,1,1,0,1,0,0,0,0,0,1,0,1.135373235,1,2.5,2000,13780.09277
mid5900028,590,1871931,1871,2,1,0,1,0,1,0,1,0,0,1,0,0,0,0,1,0,0.8674829006,0,10,2000,55120.37109
mid6000003,600,1871931,1871,2,3,1,1,0,0,1,0,0,1,0,0,0,0,0,0,0,0.9463073611,1,7.5,2000,41340.27734
mid6010032,601,1871931,1871,2,2,1,1,0,1,1,1,0,1,0,0,0,0,0,0,1,1.135373235,0,3,3000,13536.11133
mid5950017,595,1871931,1871,2,3,0,1,0,1,1,0,0,1,0,0,0,0,0,0,0,0.8674829006,1,6,2000,33072.22266
mid6020017,602,1871931,1871,2,1,0,1,0,0,1,1,0,0,1,0,0,0,0,1,0,0.8674829006,0,3.75,2000,20670.13867
mid6020020,602,1871931,1871,2,1,1,1,0,0,1,1,0,1,0,0,0,0,0,1,0,1.135373235,0,11.25,2000,62010.41406
mid5920004,592,1871931,1871,2,1,1,0,1,0,0,0,1,0,0,0,0,0,0,1,0,0.7642102838,1,7,2000,38584.25781
mid5920013,592,1871931,1871,2,1,0,0,1,0,0,0,0,0,1,0,0,0,0,1,0,0.3877409995,1,7,2000,38584.25781
mid6000032,600,1871931,1871,2,3,1,1,0,0,1,0,1,0,0,0,0,0,0,0,0,1.135373235,1,3.75,2200,19920.13867
mid5950037,595,1871931,1871,2,3,1,1,0,1,1,0,0,1,0,0,0,0,0,0,0,1.135373235,1,3,2000,16536.11133
mid5990025,599,1871931,1871,2,3,1,0,1,0,0,0,1,0,0,0,0,0,0,0,0,1.687455416,1,6,2000,33072.22266
mid5920006,592,1871931,1871,2,1,1,0,1,0,0,0,0,0,1,0,0,0,0,1,0,0.4366060197,1,14,2000,77168.51562
mid5990014,599,1871931,1871,2,3,1,0,1,0,0,0,0,1,0,0,0,0,0,0,0,0.6910257339,1,6,2000,33072.22266
mid6010019,601,1871931,1871,2,2,1,1,0,1,1,1,1,0,0,0,0,0,0,0,1,1.135373235,0,3,2166.666748,16036.11133
mid5900015,590,1871931,1871,2,1,1,1,0,1,0,1,0,1,0,0,0,0,0,1,0,1.135373235,1,7,2142.857178,37584.25781
mid5950003,595,1871931,1871,2,3,0,1,0,1,1,0,0,0,1,0,0,0,0,0,0,0.8674829006,1,10,2000,55120.37109
mid5920023,592,1871931,1871,2,1,0,0,1,0,0,0,0,0,1,0,0,0,0,1,0,0.3877409995,0,7,2000,38584.25781
mid5910022,591,1871931,1871,2,2,1,0,1,0,0,0,0,1,0,0,0,0,0,0,1,0.6910257339,1,14,2142.857178,75168.51562
mid5920014,592,1871931,1871,2,1,0,0,1,0,0,0,0,0,1,0,0,0,0,1,0,0.3877409995,1,7,2000,38584.25781
mid5910030,591,1871931,1871,2,2,1,0,1,0,0,0,0,1,0,0,0,0,0,0,1,0.6910257339,0,4.875,2307.692383,25371.18164
mid6000012,600,1871931,1871,2,3,1,1,0,0,1,0,1,0,0,0,0,0,0,0,0,1.135373235,1,3.75,2000,20670.13867
mid5920009,592,1871931,1871,2,1,1,0,1,0,0,0,1,0,0,0,0,0,0,1,0,1.687455416,0,5.25,2000,28938.19336
mid5990013,599,1871931,1871,2,3,0,0,1,0,0,0,0,0,1,0,0,0,0,0,0,0.3877409995,1,6,2000,33072.22266
mid5920001,592,1871931,1871,2,1,1,0,1,0,0,0,0,0,1,0,0,0,0,1,0,0.4366060197,1,14,2000,77168.51562
mid5920027,592,1871931,1871,2,1,1,0,1,0,0,0,1,0,0,0,0,0,0,1,0,0.7642102838,0,10.5,2000,57876.38672
mid5910033,591,1871931,1871,2,2,0,0,1,0,0,0,0,0,1,0,0,0,0,0,1,0.3877409995,1,3.5,2142.857178,18792.12891
mid5910024,591,1871931,1871,2,2,1,0,1,0,0,0,0,0,1,0,0,0,0,0,1,1.295071244,0,4.875,2307.692383,25371.18164
mid6000026,600,1871931,1871,2,3,1,1,0,0,1,0,1,0,0,0,0,0,0,0,0,1.135373235,1,3.75,2200,19920.13867
mid5920010,592,1871931,1871,2,1,1,0,1,0,0,0,0,0,1,0,0,0,0,1,0,0.4366060197,1,17.5,2023.80957,95960.64844
mid6000007,600,1871931,1871,2,3,1,1,0,0,1,0,0,0,1,0,0,0,0,0,0,0.9463073611,1,7.5,2000,41340.27734
mid5990016,599,1871931,1871,2,3,1,0,1,0,0,0,0,1,0,0,0,0,0,0,0,0.6910257339,1,1.875,2000,10335.06934
mid6000028,600,1871931,1871,2,3,1,1,0,0,1,0,0,1,0,0,0,0,0,0,0,1.135373235,1,10,2000,55120.37109
mid6000010,600,1871931,1871,2,3,0,1,0,0,1,0,0,0,1,0,0,0,0,0,0,0.8674829006,1,9.5,2000,52364.35156
mid6020024,602,1871931,1871,2,1,1,1,0,0,1,1,0,1,0,0,0,0,0,1,0,1.135373235,1,3.75,2000,20670.13867
mid6020029,602,1871931,1871,2,1,1,1,0,0,1,1,1,0,0,0,0,0,0,1,0,0.9463073611,1,3.75,2000,20670.13867
mid6010001,601,1871931,1871,2,2,1,1,0,1,1,1,1,0,0,0,0,0,0,0,1,1.135373235,1,6,2166.666748,32072.22266
mid6010006,601,1871931,1871,2,2,1,1,0,1,1,1,1,0,0,0,0,0,0,0,1,1.135373235,0,3,2000,16536.11133
mid5910009,591,1871931,1871,2,2,0,0,1,0,0,0,0,0,1,0,0,0,0,0,1,0.3877409995,0,3.5,2142.857178,18792.12891
mid5910035,591,1871931,1871,2,2,0,0,1,0,0,0,1,0,0,0,0,0,0,0,1,0.3899080753,0,5.25,2142.857178,28188.19336
mid5950030,595,1871931,1871,2,3,0,1,0,1,1,0,0,0,1,0,0,0,0,0,0,0.8674829006,1,3,2000,16536.11133
mid6020025,602,1871931,1871,2,1,0,1,0,0,1,1,0,0,1,0,0,0,0,1,0,0.8674829006,1,5,2000,27560.18555
mid5950036,595,1871931,1871,2,3,1,1,0,1,1,0,0,1,0,0,0,0,0,0,0,1.135373235,1,12,1000,78144.44531
mid5990017,599,1871931,1871,2,3,0,0,1,0,0,0,0,0,1,0,0,0,0,0,0,0.3877409995,1,7.5,2000,41340.27734
mid6020004,602,1871931,1871,2,1,1,1,0,0,1,1,0,1,0,0,0,0,0,1,0,0.9463073611,1,5,2000,27560.18555
mid6010008,601,1871931,1871,2,2,1,1,0,1,1,1,0,0,1,0,0,0,0,0,1,1.135373235,0,4.5,2166.666748,24054.16797
mid5990031,599,1871931,1871,2,3,1,0,1,0,0,0,1,0,0,0,0,0,0,0,0,1.687455416,1,4,2000,22048.14844
mid5990027,599,1871931,1871,2,3,1,0,1,0,0,0,0,1,0,0,0,0,0,0,0,2.013390064,1,8,2000,44096.29688
mid5910034,591,1871931,1871,2,2,1,0,1,0,0,0,0,0,1,0,0,0,0,0,1,2.579209805,1,4.5,2500,22554.16797
mid6020002,602,1871931,1871,2,1,1,1,0,0,1,1,0,1,0,0,0,0,0,1,0,0.9463073611,0,1.25,2000,6890.046387
mid5950043,595,1871931,1871,2,3,0,1,0,1,1,0,0,0,1,0,0,0,0,0,0,0.8674829006,1,3,2000,16536.11133
mid5990021,599,1871931,1871,2,3,0,0,1,0,0,0,0,0,1,0,0,0,0,0,0,0.332626313,0,0,,0
mid5910015,591,1871931,1871,2,2,1,0,1,0,0,0,1,0,0,0,0,0,0,0,1,1.687455416,1,7,2142.857178,37584.25781
mid5990010,599,1871931,1871,2,3,0,0,1,0,0,0,0,0,1,0,0,0,0,0,0,0.3877409995,1,5,2000,27560.18555
mid6010022,601,1871931,1871,2,2,0,1,0,1,1,1,0,0,1,0,0,0,0,0,1,0.8674829006,0,3,2000,16536.11133
mid6010011,601,1871931,1871,2,2,0,1,0,1,1,1,1,0,0,0,0,0,0,0,1,0.8674829006,0,3,2000,16536.11133
mid5900043,590,1871931,1871,2,1,1,1,0,1,0,1,1,0,0,0,0,0,0,1,0,1.135373235,1,3.5,2142.857178,18792.12891
mid6010035,601,1871931,1871,2,2,0,1,0,1,1,1,0,0,1,0,0,0,0,0,1,0.8674829006,1,4.5,2000,24804.16797
mid5950002,595,1871931,1871,2,3,1,1,0,1,1,0,0,1,0,0,0,0,0,0,0,1.135373235,1,3,2000,16536.11133
mid6020010,602,1871931,1871,2,1,0,1,0,0,1,1,0,0,1,0,0,0,0,1,0,0.8674829006,0,0,,0
mid6000018,600,1871931,1871,2,3,1,1,0,0,1,0,0,1,0,0,0,0,0,0,0,0.9463073611,1,10,2000,55120.37109
mid6000015,600,1871931,1871,2,3,1,1,0,0,1,0,1,0,0,0,0,0,0,0,0,1.135373235,1,3,2500,15036.11133
mid6000013,600,1871931,1871,2,3,0,1,0,0,1,0,0,0,1,0,0,0,0,0,0,0.8674829006,1,9.75,2000,53742.36328
mid5920032,592,1871931,1871,2,1,0,0,1,0,0,0,0,0,1,0,0,0,0,1,0,0.3877409995,1,12,2333.333252,62144.44531
mid5910008,591,1871931,1871,2,2,1,0,1,0,0,0,1,0,0,0,0,0,0,0,1,1.687455416,0,5.625,2000,31005.20703
mid5900039,590,1871931,1871,2,1,1,1,0,1,0,1,1,0,0,0,0,0,0,1,0,1.135373235,1,7.5,2000,41340.27734
mid5900023,590,1871931,1871,2,1,0,1,0,1,0,1,0,0,1,0,0,0,0,1,0,0.8674829006,1,7.5,2000,41340.27734
mid6010025,601,1871931,1871,2,2,0,1,0,1,1,1,0,0,1,0,0,0,0,0,1,0.8674829006,0,4.5,2166.666748,24054.16797
mid6010016,601,1871931,1871,2,2,1,1,0,1,1,1,0,1,0,0,0,0,0,0,1,1.135373235,0,3,2166.666748,16036.11133
mid6000001,600,1871931,1871,2,3,0,1,0,0,1,0,0,0,1,0,0,0,0,0,0,0.8674829006,0,4,2000,22048.14844
mid6020019,602,1871931,1871,2,1,0,1,0,0,1,1,0,0,1,0,0,0,0,1,0,0.8674829006,0,5,1500,28810.18555
mid6020014,602,1871931,1871,2,1,0,1,0,0,1,1,1,0,0,0,0,0,0,1,0,0.8674829006,1,2.5,2000,13780.09277
mid5990033,599,1871931,1871,2,3,1,0,1,0,0,0,1,0,0,0,0,0,0,0,0,1.687455416,1,10,2000,55120.37109
mid5920007,592,1871931,1871,2,1,1,0,1,0,0,0,1,0,0,0,0,0,0,1,0,1.687455416,1,7,2000,38584.25781
mid5910011,591,1871931,1871,2,2,1,0,1,0,0,0,0,1,0,0,0,0,0,0,1,2.013390064,0,3.5,2142.857178,18792.12891
mid8110043,811,3312185,3312,2,2,1,0,1,0,0,0,1,0,0,0,0,0,0,0,1,1.621435642,1,2,2750,9524.074219
mid8060007,806,3312185,3312,2,2,1,1,0,0,0,1,1,0,0,0,0,0,0,0,1,1.338475466,1,4.5,1555.555542,26804.16797
mid8060043,806,3312185,3312,2,2,1,1,0,0,0,1,0,1,0,0,0,0,0,0,1,1.338475466,1,7,2000,38584.25781
mid8120005,812,3312185,3312,2,2,1,1,0,1,0,1,0,1,0,0,0,0,0,0,1,1.338475466,1,15,1600,88680.55469
mid8110033,811,3312185,3312,2,2,1,0,1,0,0,0,0,1,0,0,0,0,0,0,1,2.085182905,1,2,2000,11024.07422
mid8040007,804,3312185,3312,2,1,0,1,0,0,1,0,0,0,1,0,0,0,0,1,0,0.7098160386,1,3,1333.333374,18536.11133
mid8100003,810,3312185,3312,2,3,0,0,1,0,0,0,0,0,1,0,0,0,0,0,0,0.7141482234,1,3,2833.333252,14036.11133
mid8080020,808,3312185,3312,2,3,0,1,0,1,0,0,1,0,0,0,0,0,0,0,0,0.7098160386,1,2.5,2000,13780.09277
mid8080016,808,3312185,3312,2,3,0,1,0,1,0,0,0,0,1,0,0,0,0,0,0,0.7098160386,1,2,2500,10024.07422
mid8100042,810,3312185,3312,2,3,1,0,1,0,0,0,0,1,0,0,0,0,0,0,0,2.085182905,1,2,2750,9524.074219
mid8090024,809,3312185,3312,2,3,1,1,0,0,1,0,1,0,0,0,0,0,0,0,0,1.338475466,1,15,1666.666626,87680.55469
mid8100020,810,3312185,3312,2,3,0,0,1,0,0,0,1,0,0,0,0,0,0,0,0,0.7181395888,1,3,1700,17436.11133
mid8070026,807,3312185,3312,2,1,1,1,0,1,1,1,0,1,0,0,0,0,0,1,0,1.338475466,1,4,3000,18048.14844
mid8060014,806,3312185,3312,2,2,1,1,0,0,0,1,1,0,0,0,0,0,0,0,1,1.029192328,1,2.5,2600,12280.09277
mid8040028,804,3312185,3312,2,1,0,1,0,0,1,0,0,0,1,0,0,0,0,1,0,0.7098160386,1,3,1333.333374,18536.11133
mid8010005,801,3312185,3312,2,1,1,1,0,0,1,1,0,1,0,0,0,0,0,1,0,1.338475466,1,5,1800,28560.18555
mid8060035,806,3312185,3312,2,2,1,1,0,0,0,1,0,1,0,0,0,0,0,0,1,1.029192328,0,1.666666627,1300,10353.39551
mid8100004,810,3312185,3312,2,3,0,0,1,0,0,0,0,0,1,0,0,0,0,0,0,0.7141482234,1,2.5,2600,12280.09277
mid8060023,806,3312185,3312,2,2,0,1,0,0,0,1,0,0,1,0,0,0,0,0,1,0.7098160386,0,0,,0
mid8120008,812,3312185,3312,2,2,0,1,0,1,0,1,0,0,1,0,0,0,0,0,1,0.7098160386,0,1.666666627,2400,8520.061523
mid8010038,801,3312185,3312,2,1,1,1,0,0,1,1,0,1,0,0,0,0,0,1,0,1.029192328,0,1.666666627,1800,9520.061523
mid8080004,808,3312185,3312,2,3,1,1,0,1,0,0,1,0,0,0,0,0,0,0,0,1.338475466,1,2,3000,10095.50293
mid8090042,809,3312185,3312,2,3,1,1,0,0,1,0,1,0,0,0,0,0,0,0,0,1.338475466,1,10,1666.666626,58453.70312
mid8090004,809,3312185,3312,2,3,0,1,0,0,1,0,0,0,1,0,0,0,0,0,0,0.7098160386,0,0,,0
mid8120042,812,3312185,3312,2,2,0,1,0,1,0,1,0,0,1,0,0,0,0,0,1,0.7098160386,0,0,,0
mid8100033,810,3312185,3312,2,3,1,0,1,0,0,0,0,1,0,0,0,0,0,0,0,0.5032964349,1,2.5,2200,13280.09277
mid8110053,811,3312185,3312,2,2,0,0,1,0,0,0,0,0,1,0,0,0,0,0,1,0.7141482234,1,2,2000,11024.07422
mid8110028,811,3312185,3312,2,2,0,0,1,0,0,0,0,0,1,0,0,0,0,0,1,0.7141482234,1,2,2833.333252,9357.407227
mid8040022,804,3312185,3312,2,1,0,1,0,0,1,0,0,0,1,0,0,0,0,1,0,0.7098160386,1,3.166666746,1682.539673,18454.7832
mid8010043,801,3312185,3312,2,1,1,1,0,0,1,1,0,1,0,0,0,0,0,1,0,1.338475466,0,1.166666627,2142.857178,6264.042969
mid8060021,806,3312185,3312,2,2,1,1,0,0,0,1,1,0,0,0,0,0,0,0,1,1.338475466,1,4,1750,23048.14844
mid8100025,810,3312185,3312,2,3,1,0,1,0,0,0,0,1,0,0,0,0,0,0,0,1.934618354,1,3,2166.666748,16036.11133
mid8120043,812,3312185,3312,2,2,1,1,0,1,0,1,0,1,0,0,0,0,0,0,1,1.338475466,1,15,1600,88680.55469
mid8030018,803,3312185,3312,2,1,1,0,1,0,0,0,0,1,0,0,0,0,0,1,0,0.5032964349,1,5,2000,27560.18555
mid8110007,811,3312185,3312,2,2,0,0,1,0,0,0,0,0,1,0,0,0,0,0,1,0.7141482234,1,2,2000,11024.07422
mid8120023,812,3312185,3312,2,2,0,1,0,1,0,1,0,0,1,0,0,0,0,0,1,0.7098160386,0,0,,0
mid8080003,808,3312185,3312,2,3,0,1,0,1,0,0,0,0,1,0,0,0,0,0,0,0.7098160386,1,2.5,2400,12780.09277
mid8010004,801,3312185,3312,2,1,0,1,0,0,1,1,0,0,1,0,0,0,0,1,0,0.7098160386,1,1.666666627,2500,8353.395508
mid8070035,807,3312185,3312,2,1,0,1,0,1,1,1,0,0,1,0,0,0,0,1,0,0.7098160386,1,4.5,2666.666748,21804.16797
mid8040004,804,3312185,3312,2,1,1,1,0,0,1,0,0,1,0,0,0,0,0,1,0,1.029192328,1,3.333333254,1305.555542,20706.79102
mid8060049,806,3312185,3312,2,2,0,1,0,0,0,1,0,0,1,0,0,0,0,0,1,0.7098160386,1,3,2333.333252,15536.11133
mid8070029,807,3312185,3312,2,1,1,1,0,1,1,1,0,1,0,0,0,0,0,1,0,1.338475466,1,5,1400,30560.18555
mid8100022,810,3312185,3312,2,3,0,0,1,0,0,0,0,0,1,0,0,0,0,0,0,0.7141482234,1,2,3250,8524.074219
mid8090030,809,3312185,3312,2,3,1,1,0,0,1,0,1,0,0,0,0,0,0,0,0,1.338475466,1,15,1666.666626,87680.55469
mid8100035,810,3312185,3312,2,3,1,0,1,0,0,0,0,1,0,0,0,0,0,0,0,0.5032964349,1,3,1833.333374,17036.11133
mid8010009,801,3312185,3312,2,1,1,1,0,0,1,1,0,1,0,0,0,0,0,1,0,1.029192328,1,7,1857.142822,39584.25781
mid8060044,806,3312185,3312,2,2,1,1,0,0,0,1,0,1,0,0,0,0,0,0,1,1.338475466,1,3.5,2000,19292.12891
mid8100011,810,3312185,3312,2,3,1,0,1,0,0,0,0,1,0,0,0,0,0,0,0,2.085182905,1,3,1700,17436.11133
mid8090029,809,3312185,3312,2,3,1,1,0,0,1,0,0,1,0,0,0,0,0,0,0,1.029192328,1,15,1666.666626,87680.55469
mid8010007,801,3312185,3312,2,1,1,1,0,0,1,1,0,1,0,0,0,0,0,1,0,1.029192328,1,15,1733.333374,86680.55469
mid8040019,804,3312185,3312,2,1,1,1,0,0,1,0,1,0,0,0,0,0,0,1,0,1.029192328,1,3,1333.333374,18536.11133
mid8090019,809,3312185,3312,2,3,1,1,0,0,1,0,0,1,0,0,0,0,0,0,0,1.338475466,0,0,,0
mid8100038,810,3312185,3312,2,3,1,0,1,0,0,0,0,1,0,0,0,0,0,0,0,0.5032964349,1,3,2166.666748,16036.11133
mid8030027,803,3312185,3312,2,1,0,0,1,0,0,0,0,0,1,0,0,0,0,1,0,0.7141482234,1,3,2166.666748,16036.11133
mid8010039,801,3312185,3312,2,1,0,1,0,0,1,1,0,0,1,0,0,0,0,1,0,0.7098160386,0,0,,0
mid8080005,808,3312185,3312,2,3,0,1,0,1,0,0,0,0,1,0,0,0,0,0,0,0.7098160386,1,2,2500,10024.07422
mid8060034,806,3312185,3312,2,2,0,1,0,0,0,1,0,0,1,0,0,0,0,0,1,0.7098160386,1,3.5,2000,19292.12891
mid8010034,801,3312185,3312,2,1,1,1,0,0,1,1,0,1,0,0,0,0,0,1,0,1.029192328,0,0,,0
mid8080036,808,3312185,3312,2,3,1,1,0,1,0,0,1,0,0,0,0,0,0,0,0,1.338475466,1,2.5,2000,13780.09277
mid8110054,811,3312185,3312,2,2,1,0,1,0,0,0,0,1,0,0,0,0,0,0,1,0.5275473595,1,3,1666.666626,17536.11133
mid8080015,808,3312185,3312,2,3,1,1,0,1,0,0,0,1,0,0,0,0,0,0,0,1.338475466,1,3,2000,16536.11133
mid8110020,811,3312185,3312,2,2,1,0,1,0,0,0,1,0,0,0,0,0,0,0,1,1.621435642,1,3,1500,18036.11133
mid8070025,807,3312185,3312,2,1,0,1,0,1,1,1,0,0,1,0,0,0,0,1,0,0.7098160386,1,3.5,2000,19292.12891
mid8070022,807,3312185,3312,2,1,1,1,0,1,1,1,0,1,0,0,0,0,0,1,0,1.338475466,1,4,1750,23048.14844
mid8070020,807,3312185,3312,2,1,1,1,0,1,1,1,1,0,0,0,0,0,0,1,0,1.338475466,1,5,1400,30560.18555
mid8080027,808,3312185,3312,2,3,1,1,0,1,0,0,0,1,0,0,0,0,0,0,0,1.338475466,1,3,1600,17736.11133
mid8060002,806,3312185,3312,2,2,1,1,0,0,0,1,1,0,0,0,0,0,0,0,1,1.338475466,1,3.5,2000,19292.12891
mid8090007,809,3312185,3312,2,3,1,1,0,0,1,0,0,1,0,0,0,0,0,0,0,1.029192328,1,15,1666.666626,87680.55469
mid8090046,809,3312185,3312,2,3,0,1,0,0,1,0,1,0,0,0,0,0,0,0,0,0.7098160386,0,0,,0
mid8040023,804,3312185,3312,2,1,0,1,0,0,1,0,0,0,1,0,0,0,0,1,0,0.7098160386,1,1.800000072,1877.450928,10155.00098
mid8110024,811,3312185,3312,2,2,1,0,1,0,0,0,1,0,0,0,0,0,0,0,1,0.5834183693,1,2,2000,11024.07422
mid8030016,803,3312185,3312,2,1,1,0,1,0,0,0,0,1,0,0,0,0,0,1,0,1.934618354,1,3.5,1571.428589,20792.12891
mid8110042,811,3312185,3312,2,2,1,0,1,0,0,0,0,1,0,0,0,0,0,0,1,0.5275473595,1,2,3000,9024.074219
mid8030004,803,3312185,3312,2,1,1,0,1,0,0,0,0,1,0,0,0,0,0,1,0,0.5275473595,1,3.5,2000,19292.12891
mid8030002,803,3312185,3312,2,1,1,0,1,0,0,0,1,0,0,0,0,0,0,1,0,1.621435642,1,3.5,1571.428589,20792.12891
mid8110023,811,3312185,3312,2,2,1,0,1,0,0,0,1,0,0,0,0,0,0,0,1,1.621435642,1,2,2250,10524.07422
mid8010029,801,3312185,3312,2,1,0,1,0,0,1,1,0,0,1,0,0,0,0,1,0,0.7098160386,0,0,,0
mid8010001,801,3312185,3312,2,1,1,1,0,0,1,1,0,1,0,0,0,0,0,1,0,1.338475466,1,15,1733.333374,86680.55469
mid8030006,803,3312185,3312,2,1,0,0,1,0,0,0,0,0,1,0,0,0,0,1,0,0.7141482234,0,0,,0
mid8080002,808,3312185,3312,2,3,1,1,0,1,0,0,0,1,0,0,0,0,0,0,0,1.338475466,1,2,2000,11024.07422
mid8040021,804,3312185,3312,2,1,0,1,0,0,1,0,0,0,1,0,0,0,0,1,0,0.7098160386,1,4,2075,21748.14844
mid8030013,803,3312185,3312,2,1,1,0,1,0,0,0,0,1,0,0,0,0,0,1,0,0.5275473595,1,2.333333254,1571.428589,13861.41895
mid8070018,807,3312185,3312,2,1,0,1,0,1,1,1,0,0,1,0,0,0,0,1,0,0.7098160386,1,2.5,4800,6780.092773
mid8120032,812,3312185,3312,2,2,1,1,0,1,0,1,0,1,0,0,0,0,0,0,1,1.338475466,1,10,1600,59120.37109
mid8090015,809,3312185,3312,2,3,0,1,0,0,1,0,0,0,1,0,0,0,0,0,0,0.7098160386,0,0,,0
mid8090023,809,3312185,3312,2,3,0,1,0,0,1,0,0,0,1,0,0,0,0,0,0,0.7098160386,0,0,,0
mid8030031,803,3312185,3312,2,1,0,0,1,0,0,0,0,0,1,0,0,0,0,1,0,0.7141482234,1,3.5,1600,20692.12891
mid8040026,804,3312185,3312,2,1,0,1,0,0,1,0,0,0,1,0,0,0,0,1,0,0.7098160386,1,3,1666.666626,17536.11133
mid8030007,803,3312185,3312,2,1,0,0,1,0,0,0,0,0,1,0,0,0,0,1,0,0.7141482234,1,2,2250,10524.07422
mid8030001,803,3312185,3312,2,1,0,0,1,0,0,0,1,0,0,0,0,0,0,1,0,0.7181395888,1,4,1833.333374,22714.81445
mid8040011,804,3312185,3312,2,1,0,1,0,0,1,0,0,0,1,0,0,0,0,1,0,0.7098160386,1,1.333333373,1500,8016.049316
mid8120028,812,3312185,3312,2,2,0,1,0,1,0,1,0,1,0,0,0,0,0,0,1,0.7098160386,0,0,,0
mid8040008,804,3312185,3312,2,1,0,1,0,0,1,0,0,0,1,0,0,0,0,1,0,0.7098160386,1,2.666666746,2000,14698.76562
mid7540043,754,3312222,3312,2,2,1,1,0,0,1,0,0,1,0,0,0,0,0,0,1,0.8617731929,1,6,1833.333374,34072.22266
mid7630013,763,3312222,3312,2,2,1,0,1,0,0,0,0,1,0,0,0,0,0,0,1,1.543712616,1,3,2000,16536.11133
mid7550013,755,3312222,3312,2,2,0,1,0,1,0,1,0,1,0,0,0,0,0,0,1,0.939825058,1,5,1600,29560.18555
mid7480019,748,3312222,3312,2,3,1,0,1,0,0,0,0,1,0,0,0,0,0,0,0,1.543712616,1,5,2000,27560.18555
mid7480001,748,3312222,3312,2,3,1,0,1,0,0,0,0,1,0,0,0,0,0,0,0,0.6064168811,1,5,2000,27560.18555
mid7500034,750,3312222,3312,2,1,1,1,0,0,1,0,0,1,0,0,0,0,0,1,0,0.8617731929,1,4.5,1888.888916,25304.16797
mid7500018,750,3312222,3312,2,1,1,1,0,0,1,0,0,1,0,0,0,0,0,1,0,1.122023225,1,5,1700,29060.18555
mid7570025,757,3312222,3312,2,1,1,1,0,1,0,1,0,1,0,0,0,0,0,1,0,1.122023225,1,7,2000,38584.25781
mid7500006,750,3312222,3312,2,1,0,1,0,0,1,0,0,0,1,0,0,0,0,1,0,0.939825058,1,1.25,1600,7390.046387
mid7550025,755,3312222,3312,2,2,0,1,0,1,0,1,0,0,1,0,0,0,0,0,1,0.939825058,1,7,1714.285767,40584.25781
mid7490025,749,3312222,3312,2,3,1,1,0,0,0,0,0,1,0,0,0,0,0,0,0,0.8617731929,1,8,2000,44096.29688
mid7490023,749,3312222,3312,2,3,1,1,0,0,0,0,0,1,0,0,0,0,0,0,0,1.122023225,1,15,2133.333252,80680.55469
mid7490021,749,3312222,3312,2,3,1,1,0,0,0,0,1,0,0,0,0,0,0,0,0,1.122023225,1,15,1800,85680.55469
mid7480045,748,3312222,3312,2,3,0,0,1,0,0,0,0,0,1,0,0,0,0,0,0,0.88830024,1,7.5,2000,41340.27734
mid7530016,753,3312222,3312,2,1,1,0,1,0,0,0,1,0,0,0,0,0,0,1,0,1.293810964,1,4.5,2000,24804.16797
mid7590023,759,3312222,3312,2,2,0,1,0,0,1,1,1,0,0,0,0,0,0,0,1,0.939825058,1,4,2000,22048.14844
mid7590026,759,3312222,3312,2,2,0,1,0,0,1,1,0,0,1,0,0,0,0,0,1,0.939825058,0,0,,0
mid7590037,759,3312222,3312,2,2,0,1,0,0,1,1,1,0,0,0,0,0,0,0,1,0.939825058,1,3,2000,16536.11133
mid7570022,757,3312222,3312,2,1,0,1,0,1,0,1,0,0,1,0,0,0,0,1,0,0.939825058,1,5.25,2000,28938.19336
mid7600025,760,3312222,3312,2,1,1,1,0,1,1,0,1,0,0,0,0,0,0,1,0,1.122023225,1,11.25,1666.666626,65760.41406
mid7620007,762,3312222,3312,2,3,1,0,1,0,0,0,1,0,0,0,0,0,0,0,0,0.7029550672,1,6,1666.666626,35072.22266
mid7490003,749,3312222,3312,2,3,0,1,0,0,0,0,0,0,1,0,0,0,0,0,0,0.939825058,1,4,2000,22048.14844
mid7620028,762,3312222,3312,2,3,1,0,1,0,0,0,1,0,0,0,0,0,0,0,0,1.293810964,1,3,1833.333374,17036.11133
mid7630009,763,3312222,3312,2,2,1,0,1,0,0,0,0,1,0,0,0,0,0,0,1,0.6064168811,1,3,2000,16536.11133
mid7630030,763,3312222,3312,2,2,0,0,1,0,0,0,0,0,1,0,0,0,0,0,1,0.88830024,1,3,2166.666748,16036.11133
mid7460003,746,3312222,3312,2,3,1,1,0,1,0,0,1,0,0,0,0,0,0,0,0,1.122023225,1,5,2000,27560.18555
mid7510025,751,3312222,3312,2,2,0,1,0,1,1,0,0,0,1,0,0,0,0,0,1,0.939825058,1,4.25,2071.428467,23176.15625
mid7460023,746,3312222,3312,2,3,0,1,0,1,0,0,0,0,1,0,0,0,0,0,0,0.939825058,1,3.75,2300,19545.13867
mid7590044,759,3312222,3312,2,2,0,1,0,0,1,1,0,0,1,0,0,0,0,0,1,0.939825058,1,6,2333.333252,31072.22266
mid7540035,754,3312222,3312,2,2,0,1,0,0,1,0,0,0,1,0,0,0,0,0,1,0.939825058,1,7.5,1800,42840.27734
mid7460042,746,3312222,3312,2,3,1,1,0,1,0,0,0,1,0,0,0,0,0,0,0,1.122023225,1,3,3000,13536.11133
mid7610022,761,3312222,3312,2,1,1,0,1,0,0,0,0,1,0,0,0,0,0,1,0,0.6064168811,1,4,2000,22048.14844
mid7630034,763,3312222,3312,2,2,0,0,1,0,0,0,1,0,0,0,0,0,0,0,1,0.8932649493,1,3,2000,16536.11133
mid7570042,757,3312222,3312,2,1,1,1,0,1,0,1,0,1,0,0,0,0,0,1,0,1.122023225,1,7,2000,38584.25781
mid7610007,761,3312222,3312,2,1,0,0,1,0,0,0,0,0,1,0,0,0,0,1,0,0.88830024,1,4.5,1888.888916,25304.16797
mid7510015,751,3312222,3312,2,2,1,1,0,1,1,0,0,1,0,0,0,0,0,0,1,1.122023225,1,5,2100,27060.18555
mid7460033,746,3312222,3312,2,3,0,1,0,1,0,0,0,0,1,0,0,0,0,0,0,0.939825058,1,3.75,2300,19545.13867
mid7490004,749,3312222,3312,2,3,1,1,0,0,0,0,0,1,0,0,0,0,0,0,0,1.122023225,1,7,2000,38584.25781
mid7530031,753,3312222,3312,2,1,1,0,1,0,0,0,0,1,0,0,0,0,0,1,0,0.6356365681,1,4.5,2000,24804.16797
mid7530040,753,3312222,3312,2,1,1,0,1,0,0,0,0,1,0,0,0,0,0,1,0,0.6064168811,1,4.5,2000,24804.16797
mid7630006,763,3312222,3312,2,2,0,0,1,0,0,0,0,0,1,0,0,0,0,0,1,0.88830024,1,3,2000,16536.11133
mid7490019,749,3312222,3312,2,3,1,1,0,0,0,0,0,1,0,0,0,0,0,0,0,1.122023225,1,8,2000,44096.29688
mid7630004,763,3312222,3312,2,2,0,0,1,0,0,0,1,0,0,0,0,0,0,0,1,0.8932649493,1,3,2000,16536.11133
mid7530020,753,3312222,3312,2,1,1,0,1,0,0,0,0,1,0,0,0,0,0,1,0,1.543712616,1,4.5,2000,24804.16797
mid7550038,755,3312222,3312,2,2,1,1,0,1,0,1,0,1,0,0,0,0,0,0,1,1.122023225,1,5,1600,29560.18555
mid7600046,760,3312222,3312,2,1,0,1,0,1,1,0,0,0,1,0,0,0,0,1,0,0.939825058,0,0,,0
mid7490013,749,3312222,3312,2,3,1,1,0,0,0,0,0,1,0,0,0,0,0,0,0,0.8617731929,1,8,2000,44096.29688
mid7460046,746,3312222,3312,2,3,0,1,0,1,0,0,0,0,1,0,0,0,0,0,0,0.939825058,1,3.75,2150,20107.63867
mid7630011,763,3312222,3312,2,2,0,0,1,0,0,0,0,0,1,0,0,0,0,0,1,0.88830024,1,3,2000,16536.11133
mid7610036,761,3312222,3312,2,1,1,0,1,0,0,0,0,1,0,0,0,0,0,1,0,0.6356365681,1,4,2000,22048.14844
mid7550002,755,3312222,3312,2,2,1,1,0,1,0,1,0,0,1,0,0,0,0,0,1,1.122023225,1,5,1600,29560.18555
mid7460037,746,3312222,3312,2,3,1,1,0,1,0,0,0,1,0,0,0,0,0,0,0,1.122023225,1,5,2000,27560.18555
mid7460002,746,3312222,3312,2,3,1,1,0,1,0,0,1,0,0,0,0,0,0,0,0,1.122023225,1,3.75,2100,20295.13867
mid7500015,750,3312222,3312,2,1,0,1,0,0,1,0,0,0,1,0,0,0,0,1,0,0.939825058,0,1.666666627,1700,9686.728516
mid7570031,757,3312222,3312,2,1,1,1,0,1,0,1,0,1,0,0,0,0,0,1,0,1.122023225,1,5.25,2000,28938.19336
mid7620026,762,3312222,3312,2,3,1,0,1,0,0,0,0,1,0,0,0,0,0,0,0,1.543712616,1,3,1666.666626,17536.11133
mid7610014,761,3312222,3312,2,1,1,0,1,0,0,0,0,1,0,0,0,0,0,1,0,0.6064168811,1,4,2125,21548.14844
mid7530039,753,3312222,3312,2,1,0,0,1,0,0,0,0,0,1,0,0,0,0,1,0,0.88830024,1,4.5,2000,24804.16797
mid7590008,759,3312222,3312,2,2,1,1,0,0,1,1,0,1,0,0,0,0,0,0,1,0.8617731929,1,4,2000,22048.14844
mid7570035,757,3312222,3312,2,1,0,1,0,1,0,1,0,0,1,0,0,0,0,1,0,0.939825058,1,6.875,1967.032959,38145.25391
mid7540045,754,3312222,3312,2,2,0,1,0,0,1,0,0,0,1,0,0,0,0,0,1,0.939825058,0,0,,0
mid7490037,749,3312222,3312,2,3,0,1,0,0,0,0,0,0,1,0,0,0,0,0,0,0.939825058,0,0,,0
mid7620029,762,3312222,3312,2,3,1,0,1,0,0,0,0,1,0,0,0,0,0,0,0,0.6064168811,1,3,1666.666626,17536.11133
mid7570036,757,3312222,3312,2,1,1,1,0,1,0,1,0,1,0,0,0,0,0,1,0,1.122023225,1,5.25,2000,28938.19336
mid7610004,761,3312222,3312,2,1,1,0,1,0,0,0,0,1,0,0,0,0,0,1,0,0.6356365681,1,4.5,1777.777832,25804.16797
mid7460001,746,3312222,3312,2,3,1,1,0,1,0,0,1,0,0,0,0,0,0,0,0,1.122023225,1,5,2300,26060.18555
mid7480015,748,3312222,3312,2,3,1,0,1,0,0,0,0,0,1,0,0,0,0,0,0,0.4016098678,1,5,2000,27560.18555
mid7500002,750,3312222,3312,2,1,1,1,0,0,1,0,0,1,0,0,0,0,0,1,0,0.8617731929,1,1.25,1700,7265.046387
mid7630005,763,3312222,3312,2,2,1,0,1,0,0,0,0,1,0,0,0,0,0,0,1,1.663854241,1,3,2000,16536.11133
mid7610043,761,3312222,3312,2,1,0,0,1,0,0,0,0,0,1,0,0,0,0,1,0,0.88830024,1,4,2000,22048.14844
mid7510036,751,3312222,3312,2,2,1,1,0,1,1,0,1,0,0,0,0,0,0,0,1,1.122023225,1,4.5,1937.5,25054.16797
mid7620022,762,3312222,3312,2,3,0,0,1,0,0,0,0,0,1,0,0,0,0,0,0,0.88830024,1,3,1666.666626,17536.11133
mid7610037,761,3312222,3312,2,1,0,0,1,0,0,0,0,0,1,0,0,0,0,1,0,0.88830024,0,0,,0
mid7590019,759,3312222,3312,2,2,1,1,0,0,1,1,1,0,0,0,0,0,0,0,1,0.8617731929,1,4,1750,23048.14844
mid7460020,746,3312222,3312,2,3,1,1,0,1,0,0,1,0,0,0,0,0,0,0,0,1.122023225,1,5,2000,27560.18555
mid7600006,760,3312222,3312,2,1,1,1,0,1,1,0,0,1,0,0,0,0,0,1,0,1.122023225,1,15,1666.666626,87680.55469
mid7570012,757,3312222,3312,2,1,0,1,0,1,0,1,0,0,1,0,0,0,0,1,0,0.939825058,1,6.5,2153.846191,34828.24219
mid7510010,751,3312222,3312,2,2,1,1,0,1,1,0,1,0,0,0,0,0,0,0,1,1.122023225,1,4.5,1937.5,25054.16797
mid7530022,753,3312222,3312,2,1,1,0,1,0,0,0,0,0,1,0,0,0,0,1,0,1.284599781,1,4.5,2000,24804.16797
mid7510021,751,3312222,3312,2,2,1,1,0,1,1,0,1,0,0,0,0,0,0,0,1,1.122023225,1,5,2100,27060.18555
mid7510028,751,3312222,3312,2,2,0,1,0,1,1,0,0,0,1,0,0,0,0,0,1,0.939825058,1,4.25,2000,23426.15625
mid7590031,759,3312222,3312,2,2,0,1,0,0,1,1,1,0,0,0,0,0,0,0,1,0.939825058,1,9,2000,49608.33594
mid7490012,749,3312222,3312,2,3,1,1,0,0,0,0,0,1,0,0,0,0,0,0,0,0.8617731929,1,8,2000,44096.29688
mid7500007,750,3312222,3312,2,1,1,1,0,0,1,0,0,1,0,0,0,0,0,1,0,0.8617731929,1,5,1700,29060.18555
mid7630026,763,3312222,3312,2,2,1,0,1,0,0,0,1,0,0,0,0,0,0,0,1,1.293810964,1,3,1750,17286.11133
mid7530015,753,3312222,3312,2,1,1,0,1,0,0,0,0,1,0,0,0,0,0,1,0,1.543712616,1,4.5,2000,24804.16797
mid7480042,748,3312222,3312,2,3,1,0,1,0,0,0,0,1,0,0,0,0,0,0,0,0.6356365681,1,5,2000,27560.18555
mid7540022,754,3312222,3312,2,2,1,1,0,0,1,0,1,0,0,0,0,0,0,0,1,0.8617731929,1,15,1800,85680.55469
mid7550007,755,3312222,3312,2,2,1,1,0,1,0,1,1,0,0,0,0,0,0,0,1,1.122023225,1,5,1600,29560.18555
mid7620003,762,3312222,3312,2,3,1,0,1,0,0,0,1,0,0,0,0,0,0,0,0,0.7029550672,1,3,1666.666626,17536.11133
mid7550023,755,3312222,3312,2,2,0,1,0,1,0,1,0,0,1,0,0,0,0,0,1,0.939825058,0,0,,0
mid7550027,755,3312222,3312,2,2,1,1,0,1,0,1,0,1,0,0,0,0,0,0,1,1.122023225,1,5.5,1728.571411,31816.20312
mid7610040,761,3312222,3312,2,1,1,0,1,0,0,0,0,1,0,0,0,0,0,1,0,1.663854241,1,4,2000,22048.14844
mid7540010,754,3312222,3312,2,2,1,1,0,0,1,0,0,1,0,0,0,0,0,0,1,0.8617731929,1,5,2700,24060.18555
mid7620045,762,3312222,3312,2,3,1,0,1,0,0,0,0,1,0,0,0,0,0,0,0,1.543712616,1,3,1666.666626,17536.11133
mid7490007,749,3312222,3312,2,3,0,1,0,0,0,0,0,0,1,0,0,0,0,0,0,0.939825058,1,4,2000,22048.14844
mid7500021,750,3312222,3312,2,1,0,1,0,0,1,0,0,0,1,0,0,0,0,1,0,0.939825058,0,1.25,1600,7390.046387
mid7540036,754,3312222,3312,2,2,1,1,0,0,1,0,0,1,0,0,0,0,0,0,1,1.122023225,1,15,1800,85680.55469
mid7510024,751,3312222,3312,2,2,0,1,0,1,1,0,0,0,1,0,0,0,0,0,1,0.939825058,1,4.5,1733.333374,26004.16797
mid7540034,754,3312222,3312,2,2,0,1,0,0,1,0,1,0,0,0,0,0,0,0,1,0.939825058,1,7,1857.142822,39584.25781
mid7500016,750,3312222,3312,2,1,1,1,0,0,1,0,0,1,0,0,0,0,0,1,0,0.8617731929,1,3.75,1700,21795.13867
mid7610029,761,3312222,3312,2,1,1,0,1,0,0,0,0,1,0,0,0,0,0,1,0,1.663854241,1,1.125,1777.777832,6451.041992
mid7600036,760,3312222,3312,2,1,0,1,0,1,1,0,0,0,1,0,0,0,0,1,0,0.939825058,1,1.25,2000,6890.046387
mid7630003,763,3312222,3312,2,2,1,0,1,0,0,0,0,1,0,0,0,0,0,0,1,0.6064168811,1,3,2000,16536.11133
mid7510029,751,3312222,3312,2,2,0,1,0,1,1,0,1,0,0,0,0,0,0,0,1,0.939825058,1,5,1500,30060.18555
mid7480028,748,3312222,3312,2,3,1,0,1,0,0,0,0,1,0,0,0,0,0,0,0,1.543712616,1,5,2000,27560.18555
mid7480022,748,3312222,3312,2,3,1,0,1,0,0,0,1,0,0,0,0,0,0,0,0,0.7029550672,1,5,2200,26560.18555
mid7590033,759,3312222,3312,2,2,1,1,0,0,1,1,0,1,0,0,0,0,0,0,1,0.8617731929,1,3,2333.333252,15836.11133
mid7600028,760,3312222,3312,2,1,0,1,0,1,1,0,0,0,1,0,0,0,0,1,0,0.939825058,0,0,,0
mid7540041,754,3312222,3312,2,2,0,1,0,0,1,0,1,0,0,0,0,0,0,0,1,0.939825058,1,7.5,1800,42840.27734
mid7480033,748,3312222,3312,2,3,0,0,1,0,0,0,0,0,1,0,0,0,0,0,0,0.88830024,1,10,2000,55120.37109
mid7540001,754,3312222,3312,2,2,0,1,0,0,1,0,0,0,1,0,0,0,0,0,1,0.939825058,1,7.5,1800,42840.27734
mid7480013,748,3312222,3312,2,3,1,0,1,0,0,0,0,1,0,0,0,0,0,0,0,0.6356365681,1,5,2000,27560.18555
mid7500004,750,3312222,3312,2,1,1,1,0,0,1,0,0,1,0,0,0,0,0,1,0,1.122023225,1,5,1700,29060.18555
mid7500028,750,3312222,3312,2,1,1,1,0,0,1,0,0,1,0,0,0,0,0,1,0,1.122023225,1,2.5,2200,13280.09277
mid7590013,759,3312222,3312,2,2,1,1,0,0,1,1,0,1,0,0,0,0,0,0,1,1.122023225,1,3,2000,16536.11133
mid7540031,754,3312222,3312,2,2,1,1,0,0,1,0,1,0,0,0,0,0,0,0,1,1.122023225,1,15,1800,85680.55469
mid7530045,753,3312222,3312,2,1,1,0,1,0,0,0,0,1,0,0,0,0,0,1,0,0.6356365681,1,4.5,2000,24804.16797
mid7480002,748,3312222,3312,2,3,0,0,1,0,0,0,1,0,0,0,0,0,0,0,0,0.8932649493,1,5,2000,27560.18555
mid7620004,762,3312222,3312,2,3,0,0,1,0,0,0,0,0,1,0,0,0,0,0,0,0.88830024,1,4,1800,22848.14844
mid7610032,761,3312222,3312,2,1,1,0,1,0,0,0,0,1,0,0,0,0,0,1,0,1.543712616,1,4,2125,21548.14844
mid7620013,762,3312222,3312,2,3,0,0,1,0,0,0,1,0,0,0,0,0,0,0,0,0.8932649493,1,3,1666.666626,17536.11133
mid7530033,753,3312222,3312,2,1,1,0,1,0,0,0,0,1,0,0,0,0,0,1,0,1.543712616,1,4.5,2000,24804.16797
mid7530028,753,3312222,3312,2,1,0,0,1,0,0,0,0,0,1,0,0,0,0,1,0,0.88830024,0,0,,0
mid7620034,762,3312222,3312,2,3,0,0,1,0,0,0,0,0,1,0,0,0,0,0,0,0.88830024,1,3,1666.666626,17536.11133
mid7600023,760,3312222,3312,2,1,1,1,0,1,1,0,0,1,0,0,0,0,0,1,0,1.122023225,1,5,2000,27560.18555
mid7590012,759,3312222,3312,2,2,0,1,0,0,1,1,0,0,1,0,0,0,0,0,1,0.939825058,1,3.5,2000,19292.12891
mid7250010,725,3312351,3312,2,2,0,1,0,1,1,0,1,0,0,0,0,0,0,0,1,0.9095644355,1,15,2000,82680.55469
mid7290021,729,3312351,3312,2,1,1,1,0,1,0,0,0,1,0,0,0,0,0,1,0,1.130646706,1,15,1733.333374,86680.55469
mid7260013,726,3312351,3312,2,1,1,0,1,0,0,0,0,1,0,0,0,0,0,1,0,0.5387191772,1,3.5,1857.142822,19792.12891
mid7270020,727,3312351,3312,2,3,1,1,0,0,0,1,0,1,0,0,0,0,0,0,0,0.893012464,1,5,1900,28060.18555
mid7320019,732,3312351,3312,2,1,0,0,1,0,0,0,0,0,1,0,0,0,0,1,0,0.9040706754,0,0,,0
mid7270012,727,3312351,3312,2,3,1,1,0,0,0,1,0,1,0,0,0,0,0,0,0,1.130646706,1,5,1900,28060.18555
mid7200023,720,3312351,3312,2,1,1,1,0,0,0,1,0,1,0,0,0,0,0,1,0,1.130646706,1,15,1800,85680.55469
mid7410016,741,3312351,3312,2,2,1,0,1,0,0,0,0,1,0,0,0,0,0,0,1,0.5387191772,0,0,,0
mid7280001,728,3312351,3312,2,1,0,1,0,1,1,1,0,0,1,0,0,0,0,1,0,0.9095644355,0,0,,0
mid7440041,744,3312351,3312,2,3,1,1,0,0,1,0,1,0,0,0,0,0,0,0,0,0.893012464,1,3,1666.666626,17536.11133
mid7450003,745,3312351,3312,2,2,0,0,1,0,0,0,0,0,1,0,0,0,0,0,1,0.9040706754,1,5,1733.333374,28893.51758
mid7250030,725,3312351,3312,2,2,1,1,0,1,1,0,0,1,0,0,0,0,0,0,1,1.130646706,1,7.5,2000,41340.27734
mid7300003,730,3312351,3312,2,3,0,0,1,0,0,0,0,0,1,0,0,0,0,0,0,0.9040706754,1,5,1700,29060.18555
mid7320007,732,3312351,3312,2,1,1,0,1,0,0,0,0,1,0,0,0,0,0,1,0,1.625643134,1,5,2400,25560.18555
mid7280007,728,3312351,3312,2,1,1,1,0,1,1,1,1,0,0,0,0,0,0,1,0,1.130646706,1,15,1666.666626,87680.55469
mid7450005,745,3312351,3312,2,2,1,0,1,0,0,0,0,1,0,0,0,0,0,0,1,0.5387191772,0,2.5,1666.666626,14613.42578
mid7310004,731,3312351,3312,2,2,0,1,0,0,1,1,0,0,1,0,0,0,0,0,1,0.9095644355,0,0,,0
mid7370029,737,3312351,3312,2,3,1,0,1,0,0,0,1,0,0,0,0,0,0,0,0,1.362478375,0,3.333333254,1700,19373.45703
mid7270015,727,3312351,3312,2,3,0,1,0,0,0,1,0,0,1,0,0,0,0,0,0,0.9095644355,0,0,,0
mid7410005,741,3312351,3312,2,2,0,0,1,0,0,0,0,0,1,0,0,0,0,0,1,0.9040706754,1,2.333333254,1785.714233,13361.41895
mid7320004,732,3312351,3312,2,1,1,0,1,0,0,0,0,1,0,0,0,0,0,1,0,1.625643134,0,0,,0
mid7430044,743,3312351,3312,2,3,0,1,0,1,0,0,0,0,1,0,0,0,0,0,0,0.9095644355,1,2.5,1680,14580.09277
mid7200021,720,3312351,3312,2,1,1,1,0,0,0,1,0,1,0,0,0,0,0,1,0,0.893012464,1,15,1600,88680.55469
mid7450012,745,3312351,3312,2,2,1,0,1,0,0,0,1,0,0,0,0,0,0,0,1,0.6244801879,0,2.5,1733.333374,14446.75879
mid7290016,729,3312351,3312,2,1,0,1,0,1,0,0,0,0,1,0,0,0,0,1,0,0.9095644355,1,7.5,1733.333374,43340.27734
mid7290034,729,3312351,3312,2,1,1,1,0,1,0,0,0,1,0,0,0,0,0,1,0,1.130646706,1,7.5,1733.333374,43340.27734
mid7430016,743,3312351,3312,2,3,1,1,0,1,0,0,0,1,0,0,0,0,0,0,0,1.130646706,1,3,1733.333374,17336.11133
mid7310037,731,3312351,3312,2,2,0,1,0,0,1,1,0,0,1,0,0,0,0,0,1,0.9095644355,1,15,1666.666626,87680.55469
mid7440016,744,3312351,3312,2,3,1,1,0,0,1,0,0,1,0,0,0,0,0,0,0,0.893012464,1,3,1666.666626,17536.11133
mid7380032,738,3312351,3312,2,2,0,1,0,1,0,1,1,0,0,0,0,0,0,0,1,0.9095644355,1,10,1600,59120.37109
mid7410025,741,3312351,3312,2,2,0,0,1,0,0,0,0,0,1,0,0,0,0,0,1,0.9040706754,1,4,2416.666748,20381.48242
mid7300019,730,3312351,3312,2,3,0,0,1,0,0,0,0,0,1,0,0,0,0,0,0,0.9040706754,1,5,1700,29060.18555
mid7250028,725,3312351,3312,2,2,1,1,0,1,1,0,1,0,0,0,0,0,0,0,1,1.130646706,1,15,2000,82680.55469
mid7440013,744,3312351,3312,2,3,1,1,0,0,1,0,1,0,0,0,0,0,0,0,0,0.893012464,1,4,1750,23048.14844
mid7280030,728,3312351,3312,2,1,1,1,0,1,1,1,0,1,0,0,0,0,0,1,0,1.130646706,1,15,1766.666626,86180.55469
mid7440045,744,3312351,3312,2,3,0,1,0,0,1,0,0,0,1,0,0,0,0,0,0,0.9095644355,1,3,1666.666626,17536.11133
mid7260024,726,3312351,3312,2,1,0,0,1,0,0,0,0,0,1,0,0,0,0,1,0,0.9040706754,1,3.5,1857.142822,19792.12891
mid7300006,730,3312351,3312,2,3,1,0,1,0,0,0,1,0,0,0,0,0,0,0,0,1.362478375,1,4,2125,21548.14844
mid7430003,743,3312351,3312,2,3,1,1,0,1,0,0,1,0,0,0,0,0,0,0,0,1.130646706,1,3,1666.666626,17536.11133
mid7270013,727,3312351,3312,2,3,1,1,0,0,0,1,1,0,0,0,0,0,0,0,0,1.130646706,1,7.5,1733.333374,43340.27734
mid7300005,730,3312351,3312,2,3,1,0,1,0,0,0,0,1,0,0,0,0,0,0,0,0.5646768808,1,5,1700,29060.18555
mid7430001,743,3312351,3312,2,3,1,1,0,1,0,0,0,1,0,0,0,0,0,0,0,1.130646706,1,3,1066.666626,19336.11133
mid7380030,738,3312351,3312,2,2,0,1,0,1,0,1,0,0,1,0,0,0,0,0,1,0.9095644355,0,0,,0
mid7290005,729,3312351,3312,2,1,0,1,0,1,0,0,0,0,1,0,0,0,0,1,0,0.9095644355,0,0,,0
mid7280003,728,3312351,3312,2,1,0,1,0,1,1,1,0,0,1,0,0,0,0,1,0,0.9095644355,0,0,,0
mid7350005,735,3312351,3312,2,3,1,1,0,1,1,0,0,1,0,0,0,0,0,0,0,1.130646706,1,3,1533.333374,17936.11133
mid7440012,744,3312351,3312,2,3,1,1,0,0,1,0,1,0,0,0,0,0,0,0,0,1.130646706,1,4.300000191,1860.465088,24301.76172
mid7200011,720,3312351,3312,2,1,1,1,0,0,0,1,1,0,0,0,0,0,0,1,0,1.130646706,1,15,1800,85680.55469
mid7320037,732,3312351,3312,2,1,0,0,1,0,0,0,0,0,1,0,0,0,0,1,0,0.9040706754,0,0,,0
mid7450007,745,3312351,3312,2,2,0,0,1,0,0,0,0,0,1,0,0,0,0,0,1,0.9040706754,1,5,1666.666626,29226.85156
mid7310016,731,3312351,3312,2,2,1,1,0,0,1,1,0,1,0,0,0,0,0,0,1,1.130646706,1,15,1000,97680.55469
mid7450021,745,3312351,3312,2,2,1,0,1,0,0,0,0,1,0,0,0,0,0,0,1,1.752161145,1,2.5,1666.666626,14613.42578
mid7310009,731,3312351,3312,2,2,1,1,0,0,1,1,0,1,0,0,0,0,0,0,1,1.130646706,1,5,3000,22560.18555
mid7300012,730,3312351,3312,2,3,1,0,1,0,0,0,0,1,0,0,0,0,0,0,0,1.625643134,1,5,1700,29060.18555
mid7260002,726,3312351,3312,2,1,0,0,1,0,0,0,1,0,0,0,0,0,0,1,0,0.9091234803,1,3.5,1857.142822,19792.12891
mid7260010,726,3312351,3312,2,1,0,0,1,0,0,0,0,0,1,0,0,0,0,1,0,0.9040706754,1,3.5,1857.142822,19792.12891
mid7260018,726,3312351,3312,2,1,1,0,1,0,0,0,0,1,0,0,0,0,0,1,0,1.625643134,1,3.5,1857.142822,19792.12891
mid7260022,726,3312351,3312,2,1,1,0,1,0,0,0,0,1,0,0,0,0,0,1,0,1.625643134,1,3.5,1857.142822,19792.12891
mid7260025,726,3312351,3312,2,1,1,0,1,0,0,0,0,1,0,0,0,0,0,1,0,0.5387191772,1,3.5,1857.142822,19792.12891
mid7270007,727,3312351,3312,2,3,0,1,0,0,0,1,1,0,0,0,0,0,0,0,0,0.9095644355,1,5,1900,28060.18555
mid7320039,732,3312351,3312,2,1,1,0,1,0,0,0,0,1,0,0,0,0,0,1,0,0.5646768808,1,5,2400,25560.18555
mid7200008,720,3312351,3312,2,1,0,1,0,0,0,1,0,0,1,0,0,0,0,1,0,0.9095644355,0,0,,0
mid7200015,720,3312351,3312,2,1,1,1,0,0,0,1,0,1,0,0,0,0,0,1,0,0.893012464,1,4,2250,21048.14844
mid7370045,737,3312351,3312,2,3,0,0,1,0,0,0,0,0,1,0,0,0,0,0,0,0.9040706754,0,0,,0
mid7410002,741,3312351,3312,2,2,1,0,1,0,0,0,0,1,0,0,0,0,0,0,1,0.5387191772,1,4.666666508,2071.428467,25389.50586
mid7270011,727,3312351,3312,2,3,1,1,0,0,0,1,0,1,0,0,0,0,0,0,0,1.130646706,1,5,1900,28060.18555
mid7380004,738,3312351,3312,2,2,0,1,0,1,0,1,0,0,1,0,0,0,0,0,1,0.9095644355,0,0,,0
mid7200029,720,3312351,3312,2,1,0,1,0,0,0,1,0,0,1,0,0,0,0,1,0,0.9095644355,1,2.5,1800,14280.09277
mid7350007,735,3312351,3312,2,3,0,1,0,1,1,0,0,0,1,0,0,0,0,0,0,0.9095644355,1,2,2400,10224.07422
mid7450028,745,3312351,3312,2,2,1,0,1,0,0,0,0,1,0,0,0,0,0,0,1,1.752161145,0,2.5,1733.333374,14446.75879
mid7430022,743,3312351,3312,2,3,0,1,0,1,0,0,0,0,1,0,0,0,0,0,0,0.9095644355,0,0,,0
mid7270003,727,3312351,3312,2,3,0,1,0,0,0,1,0,0,1,0,0,0,0,0,0,0.9095644355,1,15,1333.333374,92680.55469
mid7290026,729,3312351,3312,2,1,1,1,0,1,0,0,0,1,0,0,0,0,0,1,0,1.130646706,1,15,1766.666626,86180.55469
mid7300041,730,3312351,3312,2,3,1,0,1,0,0,0,0,1,0,0,0,0,0,0,0,1.625643134,1,15,1666.666626,87680.55469
mid7300007,730,3312351,3312,2,3,0,0,1,0,0,0,1,0,0,0,0,0,0,0,0,0.9091234803,1,5,1760,28760.18555
mid7370022,737,3312351,3312,2,3,1,0,1,0,0,0,0,1,0,0,0,0,0,0,0,0.5387191772,1,10,1700,58120.37109
mid7300042,730,3312351,3312,2,3,0,0,1,0,0,0,0,0,1,0,0,0,0,0,0,0.9040706754,1,5,1700,29060.18555
mid7200028,720,3312351,3312,2,1,0,1,0,0,0,1,0,0,1,0,0,0,0,1,0,0.9095644355,1,2,2250,10524.07422
mid7370027,737,3312351,3312,2,3,1,0,1,0,0,0,1,0,0,0,0,0,0,0,0,1.362478375,1,6.666666508,1700,38746.91406
mid7310034,731,3312351,3312,2,2,1,1,0,0,1,1,0,1,0,0,0,0,0,0,1,0.893012464,0,0,,0
mid7200004,720,3312351,3312,2,1,1,1,0,0,0,1,0,1,0,0,0,0,0,1,0,1.130646706,1,5,2000,27560.18555
mid7310032,731,3312351,3312,2,2,1,1,0,0,1,1,1,0,0,0,0,0,0,0,1,1.130646706,1,7,2142.857178,37584.25781
mid7320002,732,3312351,3312,2,1,1,0,1,0,0,0,1,0,0,0,0,0,0,1,0,1.362478375,1,15,1666.666626,87680.55469
mid7250007,725,3312351,3312,2,2,0,1,0,1,1,0,1,0,0,0,0,0,0,0,1,0.9095644355,1,7.5,2000,41340.27734
mid7350023,735,3312351,3312,2,3,1,1,0,1,1,0,0,1,0,0,0,0,0,0,0,1.130646706,1,3,1533.333374,17936.11133
mid7320018,732,3312351,3312,2,1,0,0,1,0,0,0,0,0,1,0,0,0,0,1,0,0.9040706754,1,6,2000,33072.22266
mid7250022,725,3312351,3312,2,2,0,1,0,1,1,0,0,0,1,0,0,0,0,0,1,0.9095644355,0,0,,0
mid7320025,732,3312351,3312,2,1,1,0,1,0,0,0,0,1,0,0,0,0,0,1,0,1.625643134,1,5,2400,25560.18555
mid7310014,731,3312351,3312,2,2,0,1,0,0,1,1,0,0,1,0,0,0,0,0,1,0.9095644355,1,5,3000,22560.18555
mid7430018,743,3312351,3312,2,3,1,1,0,1,0,0,0,1,0,0,0,0,0,0,0,1.130646706,1,2.5,1840,14180.09277
mid7300021,730,3312351,3312,2,3,1,0,1,0,0,0,0,1,0,0,0,0,0,0,0,0.5646768808,1,5,1700,29060.18555
mid7450004,745,3312351,3312,2,2,1,0,1,0,0,0,1,0,0,0,0,0,0,0,1,0.6244801879,0,0,,0
mid7200035,720,3312351,3312,2,1,1,1,0,0,0,1,0,1,0,0,0,0,0,1,0,0.893012464,1,3,1666.666626,17536.11133
mid7350032,735,3312351,3312,2,3,0,1,0,1,1,0,0,0,1,0,0,0,0,0,0,0.9095644355,1,3.5,1314.285767,21692.12891
mid7260012,726,3312351,3312,2,1,0,0,1,0,0,0,0,0,1,0,0,0,0,1,0,0.9040706754,1,3.5,1857.142822,19792.12891
mid7350018,735,3312351,3312,2,3,0,1,0,1,1,0,0,0,1,0,0,0,0,0,0,0.9095644355,1,3,1533.333374,17936.11133
mid7350004,735,3312351,3312,2,3,1,1,0,1,1,0,0,1,0,0,0,0,0,0,0,1.130646706,1,3,1533.333374,17936.11133
mid7410024,741,3312351,3312,2,2,1,0,1,0,0,0,1,0,0,0,0,0,0,0,1,0.6244801879,1,7,1642.857178,41084.25781
mid7370034,737,3312351,3312,2,3,1,0,1,0,0,0,0,1,0,0,0,0,0,0,0,1.752161145,0,2.333333254,2428.571533,11861.41895
mid7260016,726,3312351,3312,2,1,1,0,1,0,0,0,0,1,0,0,0,0,0,1,0,0.5387191772,1,3.5,1857.142822,19792.12891
mid7250006,725,3312351,3312,2,2,1,1,0,1,1,0,1,0,0,0,0,0,0,0,1,1.130646706,1,15,2000,82680.55469
mid7260020,726,3312351,3312,2,1,1,0,1,0,0,0,0,1,0,0,0,0,0,1,0,1.752161145,1,3.5,1857.142822,19792.12891
mid7250015,725,3312351,3312,2,2,0,1,0,1,1,0,0,0,1,0,0,0,0,0,1,0.9095644355,1,15,2000,82680.55469
mid7410018,741,3312351,3312,2,2,0,0,1,0,0,0,0,0,1,0,0,0,0,0,1,0.9040706754,0,1.833333373,1909.090942,10272.06738
mid7270024,727,3312351,3312,2,3,1,1,0,0,0,1,0,1,0,0,0,0,0,0,0,0.893012464,1,5,1900,28060.18555
mid7370028,737,3312351,3312,2,3,0,0,1,0,0,0,0,1,0,0,0,0,0,0,0,0.8746629953,1,6.666666508,1700,38746.91406
mid7410028,741,3312351,3312,2,2,1,0,1,0,0,0,0,1,0,0,0,0,0,0,1,0.5646768808,1,4,2233.333252,21114.81445
mid7410026,741,3312351,3312,2,2,1,0,1,0,0,0,0,1,0,0,0,0,0,0,1,0.5646768808,1,5,2000,27560.18555
mid7280015,728,3312351,3312,2,1,1,1,0,1,1,1,0,1,0,0,0,0,0,1,0,1.130646706,1,15,1666.666626,87680.55469
mid7440010,744,3312351,3312,2,3,0,1,0,0,1,0,0,0,1,0,0,0,0,0,0,0.9095644355,1,3,2333.333252,15536.11133
mid7250009,725,3312351,3312,2,2,0,1,0,1,1,0,0,0,1,0,0,0,0,0,1,0.9095644355,1,7.5,2000,41340.27734
mid7310029,731,3312351,3312,2,2,1,1,0,0,1,1,1,0,0,0,0,0,0,0,1,1.130646706,1,15,1666.666626,87680.55469
mid7440037,744,3312351,3312,2,3,1,1,0,0,1,0,0,1,0,0,0,0,0,0,0,0.893012464,1,3,1666.666626,17536.11133
mid7350011,735,3312351,3312,2,3,1,1,0,1,1,0,1,0,0,0,0,0,0,0,0,1.130646706,1,3,2500,15036.11133
mid7310007,731,3312351,3312,2,2,1,1,0,0,1,1,0,1,0,0,0,0,0,0,1,0.893012464,0,0,,0
mid7280035,728,3312351,3312,2,1,1,1,0,1,1,1,0,1,0,0,0,0,0,1,0,1.130646706,1,15,1666.666626,87680.55469
mid7270032,727,3312351,3312,2,3,1,1,0,0,0,1,0,1,0,0,0,0,0,0,0,0.893012464,1,3.333333254,1900,18706.79102
mid7410004,741,3312351,3312,2,2,1,0,1,0,0,0,1,0,0,0,0,0,0,0,1,1.362478375,0,2,2166.666748,10690.74121
mid7290008,729,3312351,3312,2,1,0,1,0,1,0,0,0,0,1,0,0,0,0,1,0,0.9095644355,0,0,,0
mid7290040,729,3312351,3312,2,1,1,1,0,1,0,0,0,1,0,0,0,0,0,1,0,1.130646706,1,7.5,1733.333374,43340.27734
mid7380022,738,3312351,3312,2,2,0,1,0,1,0,1,0,0,1,0,0,0,0,0,1,0.9095644355,0,0,,0
mid7270010,727,3312351,3312,2,3,0,1,0,0,0,1,0,0,1,0,0,0,0,0,0,0.9095644355,1,5,1900,28060.18555
mid7440014,744,3312351,3312,2,3,0,1,0,0,1,0,0,0,1,0,0,0,0,0,0,0.9095644355,0,0,,0
mid7450016,745,3312351,3312,2,2,1,0,1,0,0,0,0,1,0,0,0,0,0,0,1,0.5387191772,0,2.5,1733.333374,14446.75879
mid7320031,732,3312351,3312,2,1,1,0,1,0,0,0,0,1,0,0,0,0,0,1,0,0.5387191772,1,5,2000,27560.18555
mid7450015,745,3312351,3312,2,2,1,0,1,0,0,0,0,1,0,0,0,0,0,0,1,0.5387191772,1,5,1733.333374,28893.51758
mid7370025,737,3312351,3312,2,3,1,0,1,0,0,0,0,1,0,0,0,0,0,0,0,0.5646768808,1,6.666666508,1700,38746.91406
mid7320043,732,3312351,3312,2,1,1,0,1,0,0,0,0,1,0,0,0,0,0,1,0,1.625643134,1,15,1666.666626,87680.55469
mid7280026,728,3312351,3312,2,1,1,1,0,1,1,1,0,1,0,0,0,0,0,1,0,1.130646706,1,15,1666.666626,87680.55469
mid7250008,725,3312351,3312,2,2,1,1,0,1,1,0,0,1,0,0,0,0,0,0,1,1.130646706,1,7.5,2000,41340.27734
mid7310001,731,3312351,3312,2,2,1,1,0,0,1,1,0,1,0,0,0,0,0,0,1,0.893012464,0,0,,0
mid7440035,744,3312351,3312,2,3,0,1,0,0,1,0,1,0,0,0,0,0,0,0,0,0.9095644355,1,4.300000191,1860.465088,24301.76172
mid7450011,745,3312351,3312,2,2,0,0,1,0,0,0,0,0,1,0,0,0,0,0,1,0.9040706754,0,2.5,1733.333374,14446.75879
mid7200010,720,3312351,3312,2,1,1,1,0,0,0,1,0,1,0,0,0,0,0,1,0,0.893012464,1,6,1666.666626,35072.22266
mid7370046,737,3312351,3312,2,3,0,0,1,0,0,0,0,0,1,0,0,0,0,0,0,0.9040706754,0,0,,0
mid7280025,728,3312351,3312,2,1,1,1,0,1,1,1,1,0,0,0,0,0,0,1,0,1.130646706,1,15,1666.666626,87680.55469
mid7440039,744,3312351,3312,2,3,1,1,0,0,1,0,0,1,0,0,0,0,0,0,0,1.130646706,1,4,1750,23048.14844
mid7430035,743,3312351,3312,2,3,0,1,0,1,0,0,0,0,1,0,0,0,0,0,0,0.9095644355,1,2,2300,10424.07422
mid7410009,741,3312351,3312,2,2,1,0,1,0,0,0,0,1,0,0,0,0,0,0,1,0.5387191772,1,4.666666508,2000,25722.83789
mid7300043,730,3312351,3312,2,3,0,0,1,0,0,0,1,0,0,0,0,0,0,0,0,0.9091234803,1,5,1800,28560.18555
mid7370043,737,3312351,3312,2,3,0,0,1,0,0,0,0,0,1,0,0,0,0,0,0,0.9040706754,0,0,,0
mid7370044,737,3312351,3312,2,3,1,0,1,0,0,0,0,1,0,0,0,0,0,0,0,1.625643134,0,3.333333254,1700,19373.45703
mid7380025,738,3312351,3312,2,2,1,1,0,1,0,1,0,1,0,0,0,0,0,0,1,1.130646706,1,15,1600,88680.55469
mid7910024,791,3312446,3312,2,3,1,1,0,1,1,1,0,1,0,0,0,0,0,0,0,1.450261354,1,15,1666.666626,87680.55469
mid7900019,790,3312446,3312,2,3,0,1,0,0,0,1,0,0,1,0,0,0,0,0,0,0.8553537726,0,0,,0
mid7890012,789,3312446,3312,2,3,0,1,0,1,0,1,1,0,0,0,0,0,0,0,0,0.8553537726,1,5,1800,28560.18555
mid7980043,798,3312446,3312,2,1,1,1,0,1,0,0,0,1,0,0,0,0,0,1,0,1.450261354,1,1.666666627,1800,9520.061523
mid7990028,799,3312446,3312,2,2,1,0,1,0,0,0,1,0,0,0,0,0,0,0,1,1.134016037,1,3.333333254,1300,20706.79102
mid7850008,785,3312446,3312,2,1,1,0,1,0,0,0,0,1,0,0,0,0,0,1,0,0.4884566367,1,7,1714.285767,40584.25781
mid7900033,790,3312446,3312,2,3,0,1,0,0,0,1,0,0,1,0,0,0,0,0,0,0.8553537726,0,0,,0
mid7870026,787,3312446,3312,2,2,1,0,1,0,0,0,1,0,0,0,0,0,0,0,1,0.5662161708,1,3.333333254,1700,19373.45703
mid7850002,785,3312446,3312,2,1,1,0,1,0,0,0,0,1,0,0,0,0,0,1,0,1.458356261,1,6,2000,33072.22266
mid7840009,784,3312446,3312,2,2,1,1,0,0,0,0,1,0,0,0,0,0,0,0,1,1.450261354,1,6,2000,33072.22266
mid7950021,795,3312446,3312,2,1,1,1,0,0,0,1,0,1,0,0,0,0,0,1,0,1.450261354,0,0,,0
mid7940018,794,3312446,3312,2,1,0,1,0,1,1,1,0,0,1,0,0,0,0,1,0,0.8553537726,0,0,,0
mid7850023,785,3312446,3312,2,1,1,0,1,0,0,0,0,1,0,0,0,0,0,1,0,0.5119925141,1,10,2400,51120.37109
mid8000001,800,3312446,3312,2,1,1,1,0,0,1,0,0,1,0,0,0,0,0,1,0,0.6449307799,1,15,1800,85680.55469
mid8000023,800,3312446,3312,2,1,1,1,0,0,1,0,0,1,0,0,0,0,0,1,0,1.450261354,1,15,1800,85680.55469
mid7960008,796,3312446,3312,2,3,0,0,1,0,0,0,0,0,1,0,0,0,0,0,0,1.191433907,0,0,,0
mid7940007,794,3312446,3312,2,1,0,1,0,1,1,1,0,0,1,0,0,0,0,1,0,0.8553537726,0,0,,0
mid7900004,790,3312446,3312,2,3,0,1,0,0,0,1,0,0,1,0,0,0,0,0,0,0.8553537726,0,0,,0
mid7830038,783,3312446,3312,2,2,0,1,0,1,1,0,0,0,1,0,0,0,0,0,1,0.8553537726,0,0,,0
mid7990006,799,3312446,3312,2,2,0,0,1,0,0,0,0,0,1,0,0,0,0,0,1,1.191433907,1,5,1800,28560.18555
mid7900024,790,3312446,3312,2,3,1,1,0,0,0,1,0,1,0,0,0,0,0,0,0,1.450261354,0,0,,0
mid7850032,785,3312446,3312,2,1,0,0,1,0,0,0,0,0,1,0,0,0,0,1,0,1.191433907,0,0,,0
mid7870044,787,3312446,3312,2,2,0,0,1,0,0,0,0,0,1,0,0,0,0,0,1,1.191433907,1,3.333333254,1700,19373.45703
mid8000002,800,3312446,3312,2,1,1,1,0,0,1,0,0,1,0,0,0,0,0,1,0,1.450261354,1,15,1800,85680.55469
mid7910006,791,3312446,3312,2,3,0,1,0,1,1,1,0,0,1,0,0,0,0,0,0,0.8553537726,0,0,,0
mid7850025,785,3312446,3312,2,1,0,0,1,0,0,0,0,0,1,0,0,0,0,1,0,1.191433907,0,0,,0
mid7940020,794,3312446,3312,2,1,0,1,0,1,1,1,0,0,1,0,0,0,0,1,0,0.8553537726,0,0,,0
mid7990017,799,3312446,3312,2,2,1,0,1,0,0,0,1,0,0,0,0,0,0,0,1,0.5662161708,1,3,2000,16536.11133
mid7930014,793,3312446,3312,2,2,1,1,0,1,0,1,0,1,0,0,0,0,0,0,1,1.450261354,0,0,,0
mid7870017,787,3312446,3312,2,2,1,0,1,0,0,0,0,1,0,0,0,0,0,0,1,0.4884566367,1,3.333333254,1700,19373.45703
mid7990027,799,3312446,3312,2,2,1,0,1,0,0,0,0,1,0,0,0,0,0,0,1,1.353052974,1,1.666666627,2000,9186.728516
mid7970021,797,3312446,3312,2,3,1,0,1,0,0,0,0,1,0,0,0,0,0,0,0,0.4884566367,1,10,1750,57620.37109
mid7900021,790,3312446,3312,2,3,1,1,0,0,0,1,0,1,0,0,0,0,0,0,0,1.450261354,1,7.5,1666.666626,43840.27734
mid7930004,793,3312446,3312,2,2,0,1,0,1,0,1,0,0,1,0,0,0,0,0,1,0.8553537726,0,0,,0
mid7910007,791,3312446,3312,2,3,0,1,0,1,1,1,0,0,1,0,0,0,0,0,0,0.8553537726,0,0,,0
mid7870009,787,3312446,3312,2,2,1,0,1,0,0,0,0,1,0,0,0,0,0,0,1,1.353052974,1,2.5,2333.333252,12946.75879
mid7890002,789,3312446,3312,2,3,1,1,0,1,0,1,1,0,0,0,0,0,0,0,0,1.450261354,1,15,1800,85680.55469
mid7930031,793,3312446,3312,2,2,0,1,0,1,0,1,0,0,1,0,0,0,0,0,1,0.8553537726,0,0,,0
mid7850027,785,3312446,3312,2,1,1,0,1,0,0,0,0,1,0,0,0,0,0,1,0,1.458356261,1,7,1714.285767,40584.25781
mid7840025,784,3312446,3312,2,2,1,1,0,0,0,0,0,1,0,0,0,0,0,0,1,0.6449307799,1,4.666666508,2142.857178,25056.17188
mid7940009,794,3312446,3312,2,1,0,1,0,1,1,1,0,0,1,0,0,0,0,1,0,0.8553537726,0,0,,0
mid7850009,785,3312446,3312,2,1,0,0,1,0,0,0,0,0,1,0,0,0,0,1,0,1.191433907,0,0,,0
mid7970008,797,3312446,3312,2,3,1,0,1,0,0,0,1,0,0,0,0,0,0,0,0,1.134016037,1,5,1666.666626,29226.85156
mid7940004,794,3312446,3312,2,1,0,1,0,1,1,1,0,0,1,0,0,0,0,1,0,0.8553537726,0,0,,0
mid7900032,790,3312446,3312,2,3,1,1,0,0,0,1,0,1,0,0,0,0,0,0,0,0.6449307799,1,15,1666.666626,87680.55469
mid7950011,795,3312446,3312,2,1,1,1,0,0,0,1,0,1,0,0,0,0,0,1,0,0.6449307799,1,15,1600,88680.55469
mid7840031,784,3312446,3312,2,2,0,1,0,0,0,0,0,0,1,0,0,0,0,0,1,0.8553537726,1,5,2000,27560.18555
mid7950020,795,3312446,3312,2,1,0,1,0,0,0,1,0,0,1,0,0,0,0,1,0,0.8553537726,0,0,,0
mid7950022,795,3312446,3312,2,1,0,1,0,0,0,1,0,0,1,0,0,0,0,1,0,0.8553537726,0,0,,0
mid7960034,796,3312446,3312,2,3,1,0,1,0,0,0,0,1,0,0,0,0,0,0,0,1.458356261,1,10,1700,58120.37109
mid7960028,796,3312446,3312,2,3,0,0,1,0,0,0,0,0,1,0,0,0,0,0,0,1.191433907,0,0,,0
mid7940013,794,3312446,3312,2,1,0,1,0,1,1,1,0,0,1,0,0,0,0,1,0,0.8553537726,0,0,,0
mid7960038,796,3312446,3312,2,3,1,0,1,0,0,0,0,1,0,0,0,0,0,0,0,0.4884566367,1,10,1650,58620.37109
mid7900005,790,3312446,3312,2,3,1,1,0,0,0,1,0,1,0,0,0,0,0,0,0,0.6449307799,0,0,,0
mid7830037,783,3312446,3312,2,2,0,1,0,1,1,0,0,1,0,0,0,0,0,0,1,0.8553537726,0,0,,0
mid7990034,799,3312446,3312,2,2,1,0,1,0,0,0,1,0,0,0,0,0,0,0,1,1.134016037,1,1,2166.666748,5345.370605
mid7970024,797,3312446,3312,2,3,1,0,1,0,0,0,0,1,0,0,0,0,0,0,0,1.353052974,1,10,2000,55120.37109
mid7950018,795,3312446,3312,2,1,1,1,0,0,0,1,0,1,0,0,0,0,0,1,0,1.450261354,0,0,,0
mid8000024,800,3312446,3312,2,1,1,1,0,0,1,0,0,1,0,0,0,0,0,1,0,0.6449307799,1,15,1666.666626,87680.55469
mid7830013,783,3312446,3312,2,2,0,1,0,1,1,0,0,0,1,0,0,0,0,0,1,0.8553537726,1,3.333333254,2000,18373.45703
mid8000017,800,3312446,3312,2,1,0,1,0,0,1,0,0,0,1,0,0,0,0,1,0,0.8553537726,1,5,1800,28560.18555
mid7900017,790,3312446,3312,2,3,1,1,0,0,0,1,0,1,0,0,0,0,0,0,0,0.6449307799,1,15,1666.666626,87680.55469
mid7970022,797,3312446,3312,2,3,1,0,1,0,0,0,0,1,0,0,0,0,0,0,0,1.458356261,1,10,2000,55120.37109
mid7990023,799,3312446,3312,2,2,1,0,1,0,0,0,1,0,0,0,0,0,0,0,1,0.5662161708,1,3.333333254,1800,19040.12305
mid7980046,798,3312446,3312,2,1,1,1,0,1,0,0,0,1,0,0,0,0,0,1,0,1.450261354,1,5,2100,27060.18555
mid7970023,797,3312446,3312,2,3,1,0,1,0,0,0,0,1,0,0,0,0,0,0,0,0.4884566367,1,10,2000,55120.37109
mid7990012,799,3312446,3312,2,2,1,0,1,0,0,0,0,1,0,0,0,0,0,0,1,0.5119925141,1,6,2222.222168,32405.55664
mid7890023,789,3312446,3312,2,3,0,1,0,1,0,1,0,0,1,0,0,0,0,0,0,0.8553537726,0,0,,0
mid7830005,783,3312446,3312,2,2,0,1,0,1,1,0,0,0,1,0,0,0,0,0,1,0.8553537726,1,1.666666627,2000,9186.728516
mid7910009,791,3312446,3312,2,3,1,1,0,1,1,1,0,1,0,0,0,0,0,0,0,1.450261354,1,5,1666.666626,29226.85156
mid7960025,796,3312446,3312,2,3,1,0,1,0,0,0,1,0,0,0,0,0,0,0,0,1.134016037,1,5,1800,28560.18555
mid7840006,784,3312446,3312,2,2,1,1,0,0,0,0,0,1,0,0,0,0,0,0,1,0.6449307799,1,7,2000,38584.25781
mid8000005,800,3312446,3312,2,1,1,1,0,0,1,0,0,1,0,0,0,0,0,1,0,1.450261354,0,5,1800,28560.18555
mid7980011,798,3312446,3312,2,1,0,1,0,1,0,0,0,0,1,0,0,0,0,1,0,0.8553537726,1,1.666666627,1800,9520.061523
mid7960009,796,3312446,3312,2,3,1,0,1,0,0,0,0,1,0,0,0,0,0,0,0,0.4884566367,1,10,1700,58120.37109
mid7940002,794,3312446,3312,2,1,0,1,0,1,1,1,0,0,1,0,0,0,0,1,0,0.8553537726,0,0,,0
mid7840023,784,3312446,3312,2,2,1,1,0,0,0,0,0,1,0,0,0,0,0,0,1,1.450261354,1,7,2142.857178,37584.25781
mid7950008,795,3312446,3312,2,1,0,1,0,0,0,1,0,0,1,0,0,0,0,1,0,0.8553537726,0,0,,0
mid7950017,795,3312446,3312,2,1,0,1,0,0,0,1,0,0,1,0,0,0,0,1,0,0.8553537726,0,0,,0
mid7990019,799,3312446,3312,2,2,1,0,1,0,0,0,0,1,0,0,0,0,0,0,1,0.5119925141,1,3,2000,16536.11133
mid7960006,796,3312446,3312,2,3,1,0,1,0,0,0,0,1,0,0,0,0,0,0,0,1.458356261,0,3.333333254,1750,19206.79102
mid7970012,797,3312446,3312,2,3,1,0,1,0,0,0,0,1,0,0,0,0,0,0,0,1.458356261,1,10,2000,55120.37109
mid7970029,797,3312446,3312,2,3,0,0,1,0,0,0,0,0,1,0,0,0,0,0,0,1.191433907,1,1.333333373,2500,6682.716309
mid8000018,800,3312446,3312,2,1,1,1,0,0,1,0,0,1,0,0,0,0,0,1,0,0.6449307799,1,15,1800,85680.55469
mid7840018,784,3312446,3312,2,2,1,1,0,0,0,0,0,1,0,0,0,0,0,0,1,1.450261354,1,6,2500,30072.22266
mid7970020,797,3312446,3312,2,3,0,0,1,0,0,0,0,0,1,0,0,0,0,0,0,1.191433907,1,5,1700,29060.18555
mid7990018,799,3312446,3312,2,2,0,0,1,0,0,0,0,0,1,0,0,0,0,0,1,1.191433907,1,1.666666627,2000,9186.728516
mid7960021,796,3312446,3312,2,3,0,0,1,0,0,0,0,0,1,0,0,0,0,0,0,1.191433907,0,0,,0
mid7850024,785,3312446,3312,2,1,1,0,1,0,0,0,0,1,0,0,0,0,0,1,0,0.4884566367,1,6,2000,33072.22266
mid7870039,787,3312446,3312,2,2,1,0,1,0,0,0,0,1,0,0,0,0,0,0,1,0.4884566367,1,6.666666508,1500,40080.24609
mid7950004,795,3312446,3312,2,1,1,1,0,0,0,1,0,1,0,0,0,0,0,1,0,0.6449307799,1,15,1600,88680.55469
mid7830025,783,3312446,3312,2,2,1,1,0,1,1,0,1,0,0,0,0,0,0,0,1,1.450261354,1,20,1500,120240.7422
mid7950006,795,3312446,3312,2,1,1,1,0,0,0,1,0,1,0,0,0,0,0,1,0,0.6449307799,1,15,1600,88680.55469
mid7840007,784,3312446,3312,2,2,0,1,0,0,0,0,0,0,1,0,0,0,0,0,1,0.8553537726,1,5,2000,27560.18555
mid8000011,800,3312446,3312,2,1,0,1,0,0,1,0,0,0,1,0,0,0,0,1,0,0.8553537726,0,0,,0
mid7940016,794,3312446,3312,2,1,0,1,0,1,1,1,0,0,1,0,0,0,0,1,0,0.8553537726,0,0,,0
mid7830014,783,3312446,3312,2,2,1,1,0,1,1,0,1,0,0,0,0,0,0,0,1,1.450261354,1,7.5,2000,41340.27734
mid7980019,798,3312446,3312,2,1,1,1,0,1,0,0,0,1,0,0,0,0,0,1,0,1.450261354,1,1.666666627,1800,9520.061523
mid7950001,795,3312446,3312,2,1,0,1,0,0,0,1,0,0,1,0,0,0,0,1,0,0.8553537726,0,0,,0
mid7990043,799,3312446,3312,2,2,0,0,1,0,0,0,0,0,1,0,0,0,0,0,1,1.191433907,1,5,1800,28560.18555
mid7840004,784,3312446,3312,2,2,0,1,0,0,0,0,0,0,1,0,0,0,0,0,1,0.8553537726,1,3.5,2962.962891,16292.12988
mid7910003,791,3312446,3312,2,3,0,1,0,1,1,1,0,0,1,0,0,0,0,0,0,0.8553537726,0,0,,0
mid7930027,793,3312446,3312,2,2,0,1,0,1,0,1,1,0,0,0,0,0,0,0,1,0.8553537726,0,0,,0
mid7970001,797,3312446,3312,2,3,0,0,1,0,0,0,0,0,1,0,0,0,0,0,0,1.191433907,0,0,,0
mid7960017,796,3312446,3312,2,3,1,0,1,0,0,0,0,1,0,0,0,0,0,0,0,1.458356261,1,10,1700,58120.37109
mid7960031,796,3312446,3312,2,3,1,0,1,0,0,0,0,1,0,0,0,0,0,0,0,1.458356261,1,10,1700,58120.37109
mid7970007,797,3312446,3312,2,3,1,0,1,0,0,0,0,1,0,0,0,0,0,0,0,0.4884566367,1,10,2000,55120.37109
mid7930026,793,3312446,3312,2,2,0,1,0,1,0,1,1,0,0,0,0,0,0,0,1,0.8553537726,0,0,,0
mid7840021,784,3312446,3312,2,2,1,1,0,0,0,0,1,0,0,0,0,0,0,0,1,0.6449307799,1,7.5,2000,41340.27734
mid7890024,789,3312446,3312,2,3,1,1,0,1,0,1,0,1,0,0,0,0,0,0,0,1.450261354,1,15,1700,87180.55469
mid7870012,787,3312446,3312,2,2,1,0,1,0,0,0,0,1,0,0,0,0,0,0,1,1.353052974,1,6.666666508,1500,40080.24609
mid8000014,800,3312446,3312,2,1,0,1,0,0,1,0,0,0,1,0,0,0,0,1,0,0.8553537726,0,0,,0
mid7870016,787,3312446,3312,2,2,0,0,1,0,0,0,0,0,1,0,0,0,0,0,1,1.191433907,1,6.666666508,1700,38746.91406
mid7870021,787,3312446,3312,2,2,0,0,1,0,0,0,0,1,0,0,0,0,0,0,1,1.152678847,1,6.666666508,1700,38746.91406
mid7930010,793,3312446,3312,2,2,1,1,0,1,0,1,0,1,0,0,0,0,0,0,1,1.450261354,1,5,1666.666626,29226.85156
mid7890022,789,3312446,3312,2,3,0,1,0,1,0,1,0,0,1,0,0,0,0,0,0,0.8553537726,0,0,,0
mid7890020,789,3312446,3312,2,3,1,1,0,1,0,1,0,1,0,0,0,0,0,0,0,1.450261354,1,15,1700,87180.55469
mid8000019,800,3312446,3312,2,1,1,1,0,0,1,0,0,1,0,0,0,0,0,1,0,1.450261354,0,0,,0
mid7900010,790,3312446,3312,2,3,1,1,0,0,0,1,0,1,0,0,0,0,0,0,0,0.6449307799,1,7.5,1666.666626,43840.27734
mid7850011,785,3312446,3312,2,1,1,0,1,0,0,0,0,1,0,0,0,0,0,1,0,1.458356261,1,7,1714.285767,40584.25781
mid7910032,791,3312446,3312,2,3,1,1,0,1,1,1,0,1,0,0,0,0,0,0,0,1.450261354,1,15,1666.666626,87680.55469
mid7980005,798,3312446,3312,2,1,1,1,0,1,0,0,0,1,0,0,0,0,0,1,0,1.450261354,1,1.666666627,1800,9520.061523
mid7930017,793,3312446,3312,2,2,0,1,0,1,0,1,0,0,1,0,0,0,0,0,1,0.8553537726,0,0,,0
mid7870001,787,3312446,3312,2,2,1,0,1,0,0,0,1,0,0,0,0,0,0,0,1,1.134016037,1,3.333333254,1700,19373.45703
mid7940015,794,3312446,3312,2,1,0,1,0,1,1,1,0,0,1,0,0,0,0,1,0,0.8553537726,0,0,,0
mid7840008,784,3312446,3312,2,2,1,1,0,0,0,0,0,1,0,0,0,0,0,0,1,0.6449307799,1,6.333333492,2095.238037,34242.89844
mid7900025,790,3312446,3312,2,3,1,1,0,0,0,1,0,1,0,0,0,0,0,0,0,0.6449307799,1,7.5,1666.666626,43840.27734
mid7980016,798,3312446,3312,2,1,0,1,0,1,0,0,0,0,1,0,0,0,0,1,0,0.8553537726,1,1.666666627,1800,9520.061523
mid7850016,785,3312446,3312,2,1,1,0,1,0,0,0,0,1,0,0,0,0,0,1,0,0.4884566367,0,0,,0
mid7870007,787,3312446,3312,2,2,0,0,1,0,0,0,0,0,1,0,0,0,0,0,1,1.191433907,1,6.666666508,1700,38746.91406
mid7980002,798,3312446,3312,2,1,0,1,0,1,0,0,0,0,1,0,0,0,0,1,0,0.8553537726,1,1.666666627,1800,9520.061523
mid7070020,707,3312535,3312,2,1,1,1,0,0,0,0,0,1,0,0,0,0,0,1,0,0.836530745,1,6,2200,31872.22266
mid7120028,712,3312535,3312,2,1,1,0,1,0,0,0,0,1,0,0,0,0,0,1,0,1.487509847,1,5,2400,25560.18555
mid7070024,707,3312535,3312,2,1,1,1,0,0,0,0,0,1,0,0,0,0,0,1,0,0.836530745,1,5,2260,26260.18555
mid7090039,709,3312535,3312,2,3,1,1,0,1,1,0,1,0,0,0,0,0,0,0,0,0.847992599,1,6,1666.666626,35072.22266
mid7190010,719,3312535,3312,2,2,0,0,1,0,0,0,1,0,0,0,0,0,0,0,1,0.7229095697,1,6.5,2076.923096,35328.24219
mid7070012,707,3312535,3312,2,1,1,1,0,0,0,0,0,1,0,0,0,0,0,1,0,0.847992599,1,6,1883.333374,33772.22266
mid7190003,719,3312535,3312,2,2,0,0,1,0,0,0,0,0,1,0,0,0,0,0,1,0.7188916802,1,7,1857.142822,39584.25781
mid7140032,714,3312535,3312,2,3,1,1,0,0,1,0,0,1,0,0,0,0,0,0,0,0.836530745,1,5,2100,27060.18555
mid7190044,719,3312535,3312,2,2,1,0,1,0,0,0,1,0,0,0,0,0,0,0,1,1.076019883,1,7,1928.571411,39084.25781
mid7120003,712,3312535,3312,2,1,1,0,1,0,0,0,1,0,0,0,0,0,0,1,0,1.246706605,1,5,2400,25560.18555
mid7090017,709,3312535,3312,2,3,1,1,0,1,1,0,0,1,0,0,0,0,0,0,0,0.847992599,1,5,2400,25560.18555
mid7070027,707,3312535,3312,2,1,1,1,0,0,0,0,0,1,0,0,0,0,0,1,0,0.836530745,1,6,1916.666626,33572.22266
mid7120008,712,3312535,3312,2,1,0,0,1,0,0,0,0,0,1,0,0,0,0,1,0,0.7188916802,0,0,,0
mid7100022,710,3312535,3312,2,2,0,1,0,0,0,1,0,0,1,0,0,0,0,0,1,1.58722043,1,5,1800,28560.18555
mid7140024,714,3312535,3312,2,3,1,1,0,0,1,0,1,0,0,0,0,0,0,0,0,0.836530745,1,5,2500,25060.18555
mid7160024,716,3312535,3312,2,3,1,0,1,0,0,0,1,0,0,0,0,0,0,0,0,1.246706605,1,4,2125,21548.14844
mid7100004,710,3312535,3312,2,2,0,1,0,0,0,1,0,0,1,0,0,0,0,0,1,1.58722043,1,5,1800,28560.18555
mid7100013,710,3312535,3312,2,2,1,1,0,0,0,1,0,1,0,0,0,0,0,0,1,0.847992599,1,5,1800,28560.18555
mid7160017,716,3312535,3312,2,3,1,0,1,0,0,0,1,0,0,0,0,0,0,0,0,1.246706605,1,3.5,1857.142822,19792.12891
mid7100018,710,3312535,3312,2,2,1,1,0,0,0,1,0,1,0,0,0,0,0,0,1,0.847992599,1,5,1800,28560.18555
mid7160038,716,3312535,3312,2,3,0,0,1,0,0,0,0,0,1,0,0,0,0,0,0,0.7188916802,1,5,2400,25560.18555
mid7070010,707,3312535,3312,2,1,1,1,0,0,0,0,0,1,0,0,0,0,0,1,0,0.847992599,1,5,2260,26260.18555
mid7120024,712,3312535,3312,2,1,1,0,1,0,0,0,0,1,0,0,0,0,0,1,0,1.487509847,1,5,2400,25560.18555
mid7140009,714,3312535,3312,2,3,1,1,0,0,1,0,0,1,0,0,0,0,0,0,0,0.847992599,1,5,2100,27060.18555
mid7140005,714,3312535,3312,2,3,1,1,0,0,1,0,0,1,0,0,0,0,0,0,0,0.847992599,1,5,2100,27060.18555
mid7120002,712,3312535,3312,2,1,1,0,1,0,0,0,1,0,0,0,0,0,0,1,0,1.246706605,1,6,2000,33072.22266
mid7090007,709,3312535,3312,2,3,0,1,0,1,1,0,0,0,1,0,0,0,0,0,0,1.58722043,1,6,2000,33072.22266
mid7160039,716,3312535,3312,2,3,1,0,1,0,0,0,0,1,0,0,0,0,0,0,0,0.9729748964,1,8,2062.5,43596.29688
mid7120032,712,3312535,3312,2,1,1,0,1,0,0,0,1,0,0,0,0,0,0,1,0,1.246706605,1,6,2000,33072.22266
mid7070008,707,3312535,3312,2,1,1,1,0,0,0,0,0,1,0,0,0,0,0,1,0,0.836530745,1,5,2260,26260.18555
mid7100016,710,3312535,3312,2,2,1,1,0,0,0,1,0,0,1,0,0,0,0,0,1,0.847992599,1,4,2250,21048.14844
mid7190034,719,3312535,3312,2,2,0,0,1,0,0,0,0,0,1,0,0,0,0,0,1,0.7188916802,1,8,2437.5,40596.29688
mid7160016,716,3312535,3312,2,3,0,0,1,0,0,0,1,0,0,0,0,0,0,0,0,0.7229095697,1,3.5,1857.142822,19792.12891
mid7120029,712,3312535,3312,2,1,0,0,1,0,0,0,0,0,1,0,0,0,0,1,0,0.7188916802,1,5,2400,25560.18555
mid7100008,710,3312535,3312,2,2,1,1,0,0,0,1,1,0,0,0,0,0,0,0,1,0.836530745,1,4,2000,22048.14844
mid7140027,714,3312535,3312,2,3,1,1,0,0,1,0,0,1,0,0,0,0,0,0,0,0.847992599,1,6,1500,36072.22266
mid7090013,709,3312535,3312,2,3,1,1,0,1,1,0,0,1,0,0,0,0,0,0,0,0.847992599,1,5,2400,25560.18555
mid7100025,710,3312535,3312,2,2,1,1,0,0,0,1,0,1,0,0,0,0,0,0,1,0.847992599,1,5,1800,28560.18555
mid7100017,710,3312535,3312,2,2,1,1,0,0,0,1,0,1,0,0,0,0,0,0,1,0.836530745,1,5,1800,28560.18555
mid7120031,712,3312535,3312,2,1,1,0,1,0,0,0,1,0,0,0,0,0,0,1,0,1.246706605,1,5,2400,25560.18555
mid7120034,712,3312535,3312,2,1,0,0,1,0,0,0,0,0,1,0,0,0,0,1,0,0.7188916802,1,5.5,2181.818115,29316.20312
mid7160003,716,3312535,3312,2,3,1,0,1,0,0,0,0,1,0,0,0,0,0,0,0,0.9729748964,1,8,1625,47096.29688
mid7140019,714,3312535,3312,2,3,0,1,0,0,1,0,0,0,1,0,0,0,0,0,0,1.58722043,1,5,1700,29060.18555
mid7160021,716,3312535,3312,2,3,0,0,1,0,0,0,0,0,1,0,0,0,0,0,0,0.7188916802,0,0,,0
mid7100007,710,3312535,3312,2,2,1,1,0,0,0,1,1,0,0,0,0,0,0,0,1,0.836530745,1,5,1800,28560.18555
mid7100028,710,3312535,3312,2,2,1,1,0,0,0,1,0,1,0,0,0,0,0,0,1,0.836530745,1,5,1800,28560.18555
mid7160035,716,3312535,3312,2,3,0,0,1,0,0,0,0,0,1,0,0,0,0,0,0,0.7188916802,0,0,,0
mid7140025,714,3312535,3312,2,3,0,1,0,0,1,0,0,0,1,0,0,0,0,0,0,1.58722043,1,6.5,1615.384644,38328.24219
mid7140026,714,3312535,3312,2,3,1,1,0,0,1,0,1,0,0,0,0,0,0,0,0,0.847992599,1,6.333333492,1600,37442.90234
mid7190021,719,3312535,3312,2,2,1,0,1,0,0,0,0,1,0,0,0,0,0,0,1,0.9729748964,1,7,1714.285767,40584.25781
mid7090034,709,3312535,3312,2,3,1,1,0,1,1,0,0,1,0,0,0,0,0,0,0,0.847992599,1,5,2400,25560.18555
mid7120010,712,3312535,3312,2,1,1,0,1,0,0,0,0,1,0,0,0,0,0,1,0,0.9729748964,1,5,2500,25060.18555
mid7190007,719,3312535,3312,2,2,1,0,1,0,0,0,0,1,0,0,0,0,0,0,1,1.603277445,1,6,2166.666748,32072.22266
mid7190020,719,3312535,3312,2,2,1,0,1,0,0,0,0,1,0,0,0,0,0,0,1,0.9729748964,1,6,2250,31572.22266
mid7160014,716,3312535,3312,2,3,1,0,1,0,0,0,1,0,0,0,0,0,0,0,0,1.246706605,1,3.5,1857.142822,19792.12891
mid7190022,719,3312535,3312,2,2,0,0,1,0,0,0,0,0,1,0,0,0,0,0,1,0.7188916802,1,6,2250,31572.22266
mid7090025,709,3312535,3312,2,3,1,1,0,1,1,0,0,0,1,0,0,0,0,0,0,0.847992599,1,6.5,1769.230713,37328.24219
mid7070021,707,3312535,3312,2,1,1,1,0,0,0,0,0,0,1,0,0,0,0,1,0,0.836530745,1,5,2240,26360.18555
mid7090042,709,3312535,3312,2,3,1,1,0,1,1,0,1,0,0,0,0,0,0,0,0,0.847992599,1,6.333333492,1896.825439,35576.23438
mid7090001,709,3312535,3312,2,3,1,1,0,1,1,0,0,0,1,0,0,0,0,0,0,0.847992599,1,6,1916.666626,33572.22266
mid7190032,719,3312535,3312,2,2,1,0,1,0,0,0,0,1,0,0,0,0,0,0,1,1.487509847,1,6,2250,31572.22266
mid7160033,716,3312535,3312,2,3,1,0,1,0,0,0,0,1,0,0,0,0,0,0,0,1.487509847,1,15,2200,79680.55469
mid7070019,707,3312535,3312,2,1,0,1,0,0,0,0,0,0,1,0,0,0,0,1,0,1.58722043,1,5,2260,26260.18555
mid7140029,714,3312535,3312,2,3,1,1,0,0,1,0,0,1,0,0,0,0,0,0,0,0.836530745,1,5,2100,27060.18555
mid7070004,707,3312535,3312,2,1,1,1,0,0,0,0,0,1,0,0,0,0,0,1,0,0.847992599,1,6,1916.666626,33572.22266
mid7190033,719,3312535,3312,2,2,1,0,1,0,0,0,0,1,0,0,0,0,0,0,1,1.603277445,1,6,2250,31572.22266
mid7140015,714,3312535,3312,2,3,0,1,0,0,1,0,0,0,1,0,0,0,0,0,0,1.58722043,1,5.333333492,1555.952393,31864.19727
mid7070017,707,3312535,3312,2,1,0,1,0,0,0,0,0,0,1,0,0,0,0,1,0,1.58722043,1,5,2240,26360.18555
mid8390014,839,3312706,3312,2,3,1,0,1,0,0,0,0,1,0,0,0,0,0,0,0,0.601192832,0,3.333333254,1000,21706.79102
mid8360008,836,3312706,3312,2,2,1,1,0,0,0,0,0,1,0,0,0,0,0,0,1,1.153088689,1,5,1600,29560.18555
mid8480009,848,3312706,3312,2,1,1,1,0,0,1,1,0,1,0,0,0,0,0,1,0,1.153088689,1,15,1600,88680.55469
mid8440039,844,3312706,3312,2,3,0,1,0,0,1,1,0,0,1,0,0,0,0,0,0,0.7106803656,0,0,,0
mid8380001,838,3312706,3312,2,1,0,1,0,1,1,1,0,0,1,0,0,0,0,1,0,0.7106803656,0,0,,0
mid8460029,846,3312706,3312,2,2,1,0,1,0,0,0,1,0,0,0,0,0,0,0,1,0.6968993545,1,2,2150,10724.07422
mid8470015,847,3312706,3312,2,1,1,0,1,0,0,0,0,1,0,0,0,0,0,1,0,0.601192832,0,5,1866.666626,28226.85156
mid8380027,838,3312706,3312,2,1,0,1,0,1,1,1,0,0,1,0,0,0,0,1,0,0.7106803656,0,0,,0
mid8370004,837,3312706,3312,2,3,1,1,0,1,0,1,0,1,0,0,0,0,0,0,0,1.271645427,0,5,1733.333374,28893.51758
mid8400025,840,3312706,3312,2,3,1,1,0,0,1,1,0,1,0,0,0,0,0,0,0,1.153088689,1,15,1600,88680.55469
mid8450027,845,3312706,3312,2,2,1,1,0,1,1,1,0,1,0,0,0,0,0,0,1,1.271645427,1,15,1800,85680.55469
mid8440024,844,3312706,3312,2,3,0,1,0,0,1,1,1,0,0,0,0,0,0,0,0,0.7106803656,1,5,1800,28560.18555
mid8400019,840,3312706,3312,2,3,0,1,0,0,1,1,0,0,1,0,0,0,0,0,0,0.7106803656,0,0,,0
mid8450025,845,3312706,3312,2,2,0,1,0,1,1,1,0,0,1,0,0,0,0,0,1,0.7106803656,0,0,,0
mid8390004,839,3312706,3312,2,3,0,0,1,0,0,0,1,0,0,0,0,0,0,0,0,0.9883089066,0,1.666666627,2100,9020.061523
mid8470026,847,3312706,3312,2,1,0,0,1,0,0,0,0,0,1,0,0,0,0,1,0,0.9828159809,1,5,1666.666626,29226.85156
mid8400016,840,3312706,3312,2,3,1,1,0,0,1,1,0,1,0,0,0,0,0,0,0,1.153088689,1,15,1600,88680.55469
mid8360034,836,3312706,3312,2,2,1,1,0,0,0,0,0,1,0,0,0,0,0,0,1,1.153088689,1,5,1600,29560.18555
mid8370010,837,3312706,3312,2,3,1,1,0,1,0,1,0,1,0,0,0,0,0,0,0,1.271645427,1,5,2600,24560.18555
mid8460012,846,3312706,3312,2,2,1,0,1,0,0,0,0,1,0,0,0,0,0,0,1,1.440356731,0,1.333333373,3000,6016.049316
mid8440044,844,3312706,3312,2,3,1,1,0,0,1,1,0,1,0,0,0,0,0,0,0,1.271645427,1,15,1600,88680.55469
mid8440005,844,3312706,3312,2,3,0,1,0,0,1,1,1,0,0,0,0,0,0,0,0,0.7106803656,0,1.666666627,2000,9186.728516
mid8420027,842,3312706,3312,2,2,1,1,0,0,1,1,0,1,0,0,0,0,0,0,1,1.153088689,0,0,,0
mid8460015,846,3312706,3312,2,2,1,0,1,0,0,0,0,1,0,0,0,0,0,0,1,0.601192832,1,1.5,2150,8043.055664
mid8480022,848,3312706,3312,2,1,1,1,0,0,1,1,0,1,0,0,0,0,0,1,0,1.153088689,1,15,1600,88680.55469
mid8420018,842,3312706,3312,2,2,1,1,0,0,1,1,0,1,0,0,0,0,0,0,1,1.153088689,0,0,,0
mid8470010,847,3312706,3312,2,1,1,0,1,0,0,0,0,1,0,0,0,0,0,1,0,1.440356731,0,5,1800,28560.18555
mid8420025,842,3312706,3312,2,2,0,1,0,0,1,1,0,0,1,0,0,0,0,0,1,0.7106803656,0,0,,0
mid8400038,840,3312706,3312,2,3,0,1,0,0,1,1,0,0,1,0,0,0,0,0,0,0.7106803656,0,0,,0
mid8440004,844,3312706,3312,2,3,0,1,0,0,1,1,0,0,1,0,0,0,0,0,0,0.7106803656,0,0,,0
mid8470029,847,3312706,3312,2,1,1,0,1,0,0,0,0,1,0,0,0,0,0,1,0,1.552454472,1,15,1866.666626,84680.55469
mid8420039,842,3312706,3312,2,2,1,1,0,0,1,1,0,1,0,0,0,0,0,0,1,1.153088689,0,0,,0
mid8450026,845,3312706,3312,2,2,1,1,0,1,1,1,0,1,0,0,0,0,0,0,1,1.271645427,1,15,1800,85680.55469
mid8470002,847,3312706,3312,2,1,0,0,1,0,0,0,0,0,1,0,0,0,0,1,0,0.9828159809,1,5,1800,28560.18555
mid8420007,842,3312706,3312,2,2,0,1,0,0,1,1,0,0,1,0,0,0,0,0,1,0.7106803656,0,0,,0
mid8480037,848,3312706,3312,2,1,1,1,0,0,1,1,0,1,0,0,0,0,0,1,0,1.271645427,1,5,1800,28560.18555
mid8360003,836,3312706,3312,2,2,1,1,0,0,0,0,0,1,0,0,0,0,0,0,1,1.271645427,1,5,1600,29560.18555
mid8360007,836,3312706,3312,2,2,0,1,0,0,0,0,0,0,1,0,0,0,0,0,1,0.7106803656,0,0,,0
mid8450015,845,3312706,3312,2,2,0,1,0,1,1,1,1,0,0,0,0,0,0,0,1,0.7106803656,0,0,,0
mid8480025,848,3312706,3312,2,1,1,1,0,0,1,1,0,1,0,0,0,0,0,1,0,1.271645427,0,0,,0
mid8360013,836,3312706,3312,2,2,0,1,0,0,0,0,0,0,1,0,0,0,0,0,1,0.7106803656,1,5,1600,29560.18555
mid8360018,836,3312706,3312,2,2,1,1,0,0,0,0,0,1,0,0,0,0,0,0,1,1.271645427,1,1.666666627,1600,9853.395508
mid8360035,836,3312706,3312,2,2,0,1,0,0,0,0,1,0,0,0,0,0,0,0,1,0.7106803656,1,5,1600,29560.18555
mid8370018,837,3312706,3312,2,3,1,1,0,1,0,1,1,0,0,0,0,0,0,0,0,1.271645427,1,7.5,1733.333374,43340.27734
mid8450021,845,3312706,3312,2,2,0,1,0,1,1,1,0,0,1,0,0,0,0,0,1,0.7106803656,1,3.333333254,1100,21373.45703
mid8420020,842,3312706,3312,2,2,1,1,0,0,1,1,1,0,0,0,0,0,0,0,1,1.153088689,1,15,1666.666626,87680.55469
mid8460007,846,3312706,3312,2,2,0,0,1,0,0,0,0,0,1,0,0,0,0,0,1,0.9828159809,1,1.5,2000,8268.055664
mid8370043,837,3312706,3312,2,3,0,1,0,1,0,1,0,0,1,0,0,0,0,0,0,0.7106803656,1,7.5,1733.333374,43340.27734
mid8440041,844,3312706,3312,2,3,0,1,0,0,1,1,0,0,1,0,0,0,0,0,0,0.7106803656,0,0,,0
mid8370033,837,3312706,3312,2,3,0,1,0,1,0,1,0,0,1,0,0,0,0,0,0,0.7106803656,0,2.5,1733.333374,14446.75879
mid8380005,838,3312706,3312,2,1,1,1,0,1,1,1,0,1,0,0,0,0,0,1,0,1.271645427,1,15,1600,88680.55469
mid8470014,847,3312706,3312,2,1,1,0,1,0,0,0,0,0,1,0,0,0,0,1,0,0.398150146,0,0,,0
mid8470021,847,3312706,3312,2,1,1,0,1,0,0,0,0,1,0,0,0,0,0,1,0,0.6301608086,0,5,1666.666626,29226.85156
mid8390021,839,3312706,3312,2,3,1,0,1,0,0,0,0,1,0,0,0,0,0,0,0,0.601192832,1,1.666666627,1700,9686.728516
mid8390026,839,3312706,3312,2,3,0,0,1,0,0,0,0,0,1,0,0,0,0,0,0,0.9828159809,0,1.666666627,1700,9686.728516
mid8460008,846,3312706,3312,2,2,1,0,1,0,0,0,0,0,1,0,0,0,0,0,1,1.198592305,1,3,2000,16536.11133
mid8400006,840,3312706,3312,2,3,0,1,0,0,1,1,0,0,1,0,0,0,0,0,0,0.7106803656,0,0,,0
mid8460030,846,3312706,3312,2,2,1,0,1,0,0,0,0,1,0,0,0,0,0,0,1,0.601192832,1,2,1666.666626,11690.74121
mid8390018,839,3312706,3312,2,3,1,0,1,0,0,0,0,1,0,0,0,0,0,0,0,1.552454472,0,1.666666627,2100,9020.061523
mid8400031,840,3312706,3312,2,3,1,1,0,0,1,1,0,1,0,0,0,0,0,0,0,1.153088689,0,0,,0
mid8420019,842,3312706,3312,2,2,0,1,0,0,1,1,0,0,1,0,0,0,0,0,1,0.7106803656,0,0,,0
mid8480042,848,3312706,3312,2,1,1,1,0,0,1,1,0,1,0,0,0,0,0,1,0,1.153088689,1,5,1800,28560.18555
mid8480013,848,3312706,3312,2,1,1,1,0,0,1,1,0,1,0,0,0,0,0,1,0,1.271645427,1,5,1800,28560.18555
mid8480029,848,3312706,3312,2,1,0,1,0,0,1,1,0,0,1,0,0,0,0,1,0,0.7106803656,1,5,1800,28560.18555
mid8440034,844,3312706,3312,2,3,0,1,0,0,1,1,1,0,0,0,0,0,0,0,0,0.7106803656,1,1.666666627,2000,9186.728516
mid8370035,837,3312706,3312,2,3,0,1,0,1,0,1,0,0,1,0,0,0,0,0,0,0.7106803656,0,5,1666.666626,29226.85156
mid8400004,840,3312706,3312,2,3,0,1,0,0,1,1,1,0,0,0,0,0,0,0,0,0.7106803656,1,15,1600,88680.55469
mid8470025,847,3312706,3312,2,1,1,0,1,0,0,0,0,1,0,0,0,0,0,1,0,1.552454472,1,10,1733.333374,57787.03516
mid8480006,848,3312706,3312,2,1,0,1,0,0,1,1,0,0,1,0,0,0,0,1,0,0.7106803656,0,0,,0
mid8450010,845,3312706,3312,2,2,1,1,0,1,1,1,0,1,0,0,0,0,0,0,1,1.271645427,1,15,1800,85680.55469
mid8390009,839,3312706,3312,2,3,1,0,1,0,0,0,0,1,0,0,0,0,0,0,0,1.440356731,0,1.666666627,2100,9020.061523
mid8400001,840,3312706,3312,2,3,1,1,0,0,1,1,0,1,0,0,0,0,0,0,0,1.153088689,0,0,,0
mid8420004,842,3312706,3312,2,2,1,1,0,0,1,1,1,0,0,0,0,0,0,0,1,1.271645427,1,15,1666.666626,87680.55469
mid8450007,845,3312706,3312,2,2,1,1,0,1,1,1,1,0,0,0,0,0,0,0,1,1.271645427,1,15,1800,85680.55469
mid8470008,847,3312706,3312,2,1,1,0,1,0,0,0,0,1,0,0,0,0,0,1,0,0.601192832,1,5,1666.666626,29226.85156
mid8460017,846,3312706,3312,2,2,0,0,1,0,0,0,0,0,1,0,0,0,0,0,1,0.9828159809,1,1.875,2400,9585.069336
mid8460025,846,3312706,3312,2,2,1,0,1,0,0,0,0,1,0,0,0,0,0,0,1,1.552454472,1,1.5,2666.666748,7268.055664
mid8420005,842,3312706,3312,2,2,1,1,0,0,1,1,0,1,0,0,0,0,0,0,1,1.271645427,1,15,1666.666626,87680.55469
mid8470019,847,3312706,3312,2,1,1,0,1,0,0,0,0,1,0,0,0,0,0,1,0,0.601192832,1,5,1800,28560.18555
mid8440012,844,3312706,3312,2,3,1,1,0,0,1,1,0,1,0,0,0,0,0,0,0,1.153088689,1,15,1600,88680.55469
mid8370039,837,3312706,3312,2,3,1,1,0,1,0,1,1,0,0,0,0,0,0,0,0,1.271645427,1,5,1666.666626,29226.85156
mid8440043,844,3312706,3312,2,3,1,1,0,0,1,1,0,1,0,0,0,0,0,0,0,1.153088689,1,15,1600,88680.55469
mid8360029,836,3312706,3312,2,2,1,1,0,0,0,0,0,1,0,0,0,0,0,0,1,1.153088689,1,5,1600,29560.18555
mid8380017,838,3312706,3312,2,1,0,1,0,1,1,1,0,0,1,0,0,0,0,1,0,0.7106803656,0,0,,0
mid8400014,840,3312706,3312,2,3,1,1,0,0,1,1,0,1,0,0,0,0,0,0,0,1.271645427,1,15,1600,88680.55469
mid8450013,845,3312706,3312,2,2,0,1,0,1,1,1,0,0,1,0,0,0,0,0,1,0.7106803656,0,0,,0
mid8440013,844,3312706,3312,2,3,1,1,0,0,1,1,1,0,0,0,0,0,0,0,0,1.271645427,1,15,1600,88680.55469
mid8360022,836,3312706,3312,2,2,1,1,0,0,0,0,1,0,0,0,0,0,0,0,1,1.271645427,1,5,1600,29560.18555
mid8360017,836,3312706,3312,2,2,0,1,0,0,0,0,0,0,1,0,0,0,0,0,1,0.7106803656,1,5,1600,29560.18555
mid8380029,838,3312706,3312,2,1,1,1,0,1,1,1,0,1,0,0,0,0,0,1,0,1.271645427,1,15,1600,88680.55469
mid8390006,839,3312706,3312,2,3,0,0,1,0,0,0,1,0,0,0,0,0,0,0,0,0.9883089066,0,1.666666627,2500,8353.395508
mid8460003,846,3312706,3312,2,2,1,0,1,0,0,0,0,1,0,0,0,0,0,0,1,0.601192832,1,2,2000,11024.07422
mid8480015,848,3312706,3312,2,1,1,1,0,0,1,1,0,1,0,0,0,0,0,1,0,1.271645427,1,5,1800,28560.18555
mid8420031,842,3312706,3312,2,2,1,1,0,0,1,1,0,1,0,0,0,0,0,0,1,1.271645427,0,0,,0
mid8460016,846,3312706,3312,2,2,1,0,1,0,0,0,1,0,0,0,0,0,0,0,1,1.207186699,1,1.875,1800,10710.06934
mid8390019,839,3312706,3312,2,3,0,0,1,0,0,0,0,0,1,0,0,0,0,0,0,0.9828159809,0,1.666666627,2200,8853.395508
mid8380020,838,3312706,3312,2,1,1,1,0,1,1,1,0,1,0,0,0,0,0,1,0,1.271645427,1,15,1600,88680.55469
mid8390012,839,3312706,3312,2,3,1,0,1,0,0,0,0,1,0,0,0,0,0,0,0,1.552454472,1,1,2666.666748,4845.370605
mid8400026,840,3312706,3312,2,3,0,1,0,0,1,1,1,0,0,0,0,0,0,0,0,0.7106803656,1,15,1600,88680.55469
mid8480030,848,3312706,3312,2,1,0,1,0,0,1,1,0,0,1,0,0,0,0,1,0,0.7106803656,1,5,1800,28560.18555
mid8390023,839,3312706,3312,2,3,0,0,1,0,0,0,0,0,1,0,0,0,0,0,0,0.9828159809,1,1.666666627,2400,8520.061523
mid8330010,833,3312707,3312,2,2,1,0,1,0,0,0,0,1,0,0,0,0,0,0,1,1.434761286,0,1.666666627,1900,9353.395508
mid8150002,815,3312707,3312,2,1,1,1,0,0,0,0,0,1,0,0,0,0,0,1,0,1.215557814,1,2.333333254,1928.571411,13028.08594
mid8330044,833,3312707,3312,2,2,0,0,1,0,0,0,1,0,0,0,0,0,0,0,1,1.067169428,0,0,,0
mid8150022,815,3312707,3312,2,1,0,1,0,0,0,0,0,0,1,0,0,0,0,1,0,0.8595884442,0,1.25,1800,7140.046387
mid8220050,822,3312707,3312,2,3,1,0,1,0,0,0,0,1,0,0,0,0,0,0,0,1.331161737,1,15,1666.666626,87680.55469
mid8200022,820,3312707,3312,2,2,1,0,1,0,0,0,0,1,0,0,0,0,0,0,1,1.434761286,1,15,1733.333374,86680.55469
mid8300011,830,3312707,3312,2,2,0,1,0,1,0,0,0,0,1,0,0,0,0,0,1,0.8595884442,0,0,,0
mid8330046,833,3312707,3312,2,2,1,0,1,0,0,0,1,0,0,0,0,0,0,0,1,1.115668654,1,7.5,1733.333374,43340.27734
mid8130040,813,3312707,3312,2,1,1,1,0,0,0,0,0,1,0,0,0,0,0,1,0,0.8975204229,1,15,1666.666626,87680.55469
mid8340005,834,3312707,3312,2,3,0,1,0,0,0,0,1,0,0,0,0,0,0,0,0,0.8595884442,1,2.5,1680,14580.09277
mid8170041,817,3312707,3312,2,2,0,1,0,0,0,0,0,0,1,0,0,0,0,0,1,0.8595884442,1,2.5,2400,12780.09277
mid8180007,818,3312707,3312,2,2,1,1,0,0,1,0,0,1,0,0,0,0,0,0,1,1.215557814,1,5,1800,28560.18555
mid8170003,817,3312707,3312,2,2,1,1,0,0,0,0,0,1,0,0,0,0,0,0,1,0.8975204229,1,3,1833.333374,17036.11133
mid8300014,830,3312707,3312,2,2,0,1,0,1,0,0,1,0,0,0,0,0,0,0,1,0.8595884442,0,0,,0
mid8300021,830,3312707,3312,2,2,0,1,0,1,0,0,0,0,1,0,0,0,0,0,1,0.8595884442,0,0,,0
mid8170014,817,3312707,3312,2,2,0,1,0,0,0,0,0,0,1,0,0,0,0,0,1,0.8595884442,1,3,2000,16536.11133
mid8150039,815,3312707,3312,2,1,1,1,0,0,0,0,0,1,0,0,0,0,0,1,0,1.215557814,1,1.666666627,1800,9520.061523
mid8300006,830,3312707,3312,2,2,0,1,0,1,0,0,0,0,1,0,0,0,0,0,1,0.8595884442,0,0,,0
mid8340034,834,3312707,3312,2,3,0,1,0,0,0,0,0,0,1,0,0,0,0,0,0,0.8595884442,1,2,2750,9524.074219
mid8340008,834,3312707,3312,2,3,1,1,0,0,0,0,1,0,0,0,0,0,0,0,0,1.215557814,1,3,1733.333374,17336.11133
mid8230024,823,3312707,3312,2,3,1,0,1,0,0,0,1,0,0,0,0,0,0,0,0,1.115668654,1,6,1742.857178,34572.22266
mid8350005,835,3312707,3312,2,3,1,1,0,1,1,0,1,0,0,0,0,0,0,0,0,1.215557814,1,3,1666.666626,17536.11133
mid8350003,835,3312707,3312,2,3,0,1,0,1,1,0,1,0,0,0,0,0,0,0,0,0.8595884442,1,3,1333.333374,18536.11133
mid8300017,830,3312707,3312,2,2,1,1,0,1,0,0,1,0,0,0,0,0,0,0,1,1.215557814,1,10,1733.333374,57787.03516
mid8180033,818,3312707,3312,2,2,1,1,0,0,1,0,0,1,0,0,0,0,0,0,1,1.215557814,1,3,1666.666626,17536.11133
mid8240001,824,3312707,3312,2,1,0,1,0,1,0,0,0,0,1,0,0,0,0,1,0,0.8595884442,0,0,,0
mid8350010,835,3312707,3312,2,3,1,1,0,1,1,0,0,1,0,0,0,0,0,0,0,1.215557814,1,10,1600,59120.37109
mid8340011,834,3312707,3312,2,3,1,1,0,0,0,0,0,1,0,0,0,0,0,0,0,0.8975204229,1,2.5,1800,14280.09277
mid8340010,834,3312707,3312,2,3,1,1,0,0,0,0,0,1,0,0,0,0,0,0,0,1.215557814,1,2.5,1800,14280.09277
mid8320007,832,3312707,3312,2,3,0,1,0,0,1,0,0,0,1,0,0,0,0,0,0,0.8595884442,0,0,,0
mid8190012,819,3312707,3312,2,3,0,1,0,1,1,1,0,0,1,0,0,0,0,0,0,0.8595884442,0,0,,0
mid8320024,832,3312707,3312,2,3,1,1,0,0,1,0,0,1,0,0,0,0,0,0,0,1.215557814,1,15,1733.333374,86680.55469
mid8150044,815,3312707,3312,2,1,1,1,0,0,0,0,0,1,0,0,0,0,0,1,0,0.8975204229,1,5,1733.333374,28893.51758
mid8220039,822,3312707,3312,2,3,1,0,1,0,0,0,0,1,0,0,0,0,0,0,0,0.6346632242,0,0,,0
mid8180013,818,3312707,3312,2,2,0,1,0,0,1,0,0,0,1,0,0,0,0,0,1,0.8595884442,1,2.5,1800,14280.09277
mid8240011,824,3312707,3312,2,1,1,1,0,1,0,0,1,0,0,0,0,0,0,1,0,1.215557814,1,15,1600,88680.55469
mid8160028,816,3312707,3312,2,2,0,1,0,1,1,0,0,0,1,0,0,0,0,0,1,0.8595884442,0,0,,0
mid8330041,833,3312707,3312,2,2,0,0,1,0,0,0,0,0,1,0,0,0,0,0,1,1.061238289,0,0,,0
mid8180038,818,3312707,3312,2,2,1,1,0,0,1,0,1,0,0,0,0,0,0,0,1,1.215557814,1,5,1700,29060.18555
mid8160035,816,3312707,3312,2,2,0,1,0,1,1,0,1,0,0,0,0,0,0,0,1,0.8595884442,1,7.5,1733.333374,43340.27734
mid8320013,832,3312707,3312,2,3,1,1,0,0,1,0,0,0,1,0,0,0,0,0,0,1.215557814,1,15,1600,88680.55469
mid8310010,831,3312707,3312,2,1,1,1,0,1,0,1,0,1,0,0,0,0,0,1,0,1.215557814,1,15,1650,87930.55469
mid8230032,823,3312707,3312,2,3,1,0,1,0,0,0,0,1,0,0,0,0,0,0,0,1.434761286,0,1.666666627,1800,9520.061523
mid8130009,813,3312707,3312,2,1,1,1,0,0,0,0,0,1,0,0,0,0,0,1,0,0.8975204229,1,15,1666.666626,87680.55469
mid8190003,819,3312707,3312,2,3,1,1,0,1,1,1,0,1,0,0,0,0,0,0,0,1.215557814,1,2,2000,11024.07422
mid8200029,820,3312707,3312,2,2,1,0,1,0,0,0,0,1,0,0,0,0,0,0,1,0.6346632242,1,1.25,2600,6140.046387
mid8320028,832,3312707,3312,2,3,0,1,0,0,1,0,0,0,1,0,0,0,0,0,0,0.8595884442,1,15,1733.333374,86680.55469
mid8180020,818,3312707,3312,2,2,0,1,0,0,1,0,0,0,1,0,0,0,0,0,1,0.8595884442,1,5,1700,29060.18555
mid8180016,818,3312707,3312,2,2,1,1,0,0,1,0,0,1,0,0,0,0,0,0,1,0.8975204229,1,2.5,2200,13280.09277
mid8330030,833,3312707,3312,2,2,1,0,1,0,0,0,0,1,0,0,0,0,0,0,1,0.6652439833,0,0,,0
mid8330021,833,3312707,3312,2,2,1,0,1,0,0,0,1,0,0,0,0,0,0,0,1,1.115668654,0,1.666666627,1700,9686.728516
mid8150009,815,3312707,3312,2,1,1,1,0,0,0,0,0,1,0,0,0,0,0,1,0,0.8975204229,0,3.75,1600,22170.13867
mid8320029,832,3312707,3312,2,3,1,1,0,0,1,0,0,1,0,0,0,0,0,0,0,0.8975204229,0,10,2000,55120.37109
mid8140029,814,3312707,3312,2,1,1,0,1,0,0,0,0,1,0,0,0,0,0,1,0,1.331161737,1,6,1833.333374,34072.22266
mid8140023,814,3312707,3312,2,1,1,0,1,0,0,0,0,1,0,0,0,0,0,1,0,0.6652439833,1,3,1833.333374,17036.11133
mid8160026,816,3312707,3312,2,2,0,1,0,1,1,0,1,0,0,0,0,0,0,0,1,0.8595884442,0,1.875,1733.333374,10835.06934
mid8300020,830,3312707,3312,2,2,0,1,0,1,0,0,0,0,1,0,0,0,0,0,1,0.8595884442,0,0,,0
mid8200006,820,3312707,3312,2,2,0,0,1,0,0,0,0,0,1,0,0,0,0,0,1,1.061238289,0,0,,0
mid8150042,815,3312707,3312,2,1,0,1,0,0,0,0,0,0,1,0,0,0,0,1,0,0.8595884442,1,1.25,1800,7140.046387
mid8200030,820,3312707,3312,2,2,1,0,1,0,0,0,0,1,0,0,0,0,0,0,1,0.6346632242,1,2,3000,9024.074219
mid8190031,819,3312707,3312,2,3,1,1,0,1,1,1,0,1,0,0,0,0,0,0,0,1.215557814,1,3,2000,16536.11133
mid8140035,814,3312707,3312,2,1,1,0,1,0,0,0,0,1,0,0,0,0,0,1,0,0.6346632242,1,3,1833.333374,17036.11133
mid8320004,832,3312707,3312,2,3,0,1,0,0,1,0,1,0,0,0,0,0,0,0,0,0.8595884442,1,15,1733.333374,86680.55469
mid8230026,823,3312707,3312,2,3,1,0,1,0,0,0,0,1,0,0,0,0,0,0,0,0.6346632242,1,7,1857.142822,39584.25781
mid8350033,835,3312707,3312,2,3,0,1,0,1,1,0,0,0,1,0,0,0,0,0,0,0.8595884442,0,0,,0
mid8140028,814,3312707,3312,2,1,0,0,1,0,0,0,0,0,1,0,0,0,0,1,0,1.061238289,1,2,1833.333374,11357.40723
mid8240036,824,3312707,3312,2,1,0,1,0,1,0,0,0,0,1,0,0,0,0,1,0,0.8595884442,0,0,,0
mid8330027,833,3312707,3312,2,2,1,0,1,0,0,0,1,0,0,0,0,0,0,0,1,1.115668654,0,0,,0
mid8340040,834,3312707,3312,2,3,1,1,0,0,0,0,0,1,0,0,0,0,0,0,0,0.8975204229,0,1.666666627,1800,9520.061523
mid8220022,822,3312707,3312,2,3,0,0,1,0,0,0,0,0,1,0,0,0,0,0,0,1.061238289,0,0,,0
mid8240003,824,3312707,3312,2,1,1,1,0,1,0,0,0,1,0,0,0,0,0,1,0,1.215557814,1,11.25,1666.666626,65760.41406
mid8300009,830,3312707,3312,2,2,0,1,0,1,0,0,0,0,1,0,0,0,0,0,1,0.8595884442,0,0,,0
mid8230028,823,3312707,3312,2,3,0,0,1,0,0,0,0,0,1,0,0,0,0,0,0,1.061238289,1,2.5,1800,14280.09277
mid8240032,824,3312707,3312,2,1,1,1,0,1,0,0,0,1,0,0,0,0,0,1,0,1.215557814,1,15,1600,88680.55469
mid8320020,832,3312707,3312,2,3,1,1,0,0,1,0,0,1,0,0,0,0,0,0,0,1.215557814,1,15,1733.333374,86680.55469
mid8130018,813,3312707,3312,2,1,1,1,0,0,0,0,0,1,0,0,0,0,0,1,0,0.8975204229,1,15,1666.666626,87680.55469
mid8190015,819,3312707,3312,2,3,1,1,0,1,1,1,0,1,0,0,0,0,0,0,0,1.215557814,1,3,1833.333374,17036.11133
mid8140011,814,3312707,3312,2,1,1,0,1,0,0,0,0,1,0,0,0,0,0,1,0,1.434761286,1,3,1833.333374,17036.11133
mid8220034,822,3312707,3312,2,3,1,0,1,0,0,0,0,1,0,0,0,0,0,0,0,0.6652439833,1,15,1666.666626,87680.55469
mid8330014,833,3312707,3312,2,2,0,0,1,0,0,0,0,0,1,0,0,0,0,0,1,1.061238289,0,1.666666627,1700,9686.728516
mid8330024,833,3312707,3312,2,2,1,0,1,0,0,0,0,1,0,0,0,0,0,0,1,1.434761286,0,1.666666627,1700,9686.728516
mid8310020,831,3312707,3312,2,1,0,1,0,1,0,1,0,0,1,0,0,0,0,1,0,0.8595884442,0,0,,0
mid8200040,820,3312707,3312,2,2,0,0,1,0,0,0,0,0,1,0,0,0,0,0,1,1.061238289,1,1.666666627,1700,9686.728516
mid8340024,834,3312707,3312,2,3,1,1,0,0,0,0,1,0,0,0,0,0,0,0,0,1.215557814,1,2.5,2600,12280.09277
mid8190045,819,3312707,3312,2,3,0,1,0,1,1,1,0,0,1,0,0,0,0,0,0,0.8595884442,1,3.799999952,1578.947388,22545.74023
mid8130033,813,3312707,3312,2,1,0,1,0,0,0,0,0,0,1,0,0,0,0,1,0,0.8595884442,0,0,,0
mid8230041,823,3312707,3312,2,3,0,0,1,0,0,0,0,0,1,0,0,0,0,0,0,1.061238289,0,1.666666627,1800,9520.061523
mid8320035,832,3312707,3312,2,3,1,1,0,0,1,0,0,1,0,0,0,0,0,0,0,1.215557814,1,15,1733.333374,86680.55469
mid8160046,816,3312707,3312,2,2,0,1,0,1,1,0,0,0,1,0,0,0,0,0,1,0.8595884442,0,0,,0
mid8340012,834,3312707,3312,2,3,0,1,0,0,0,0,0,0,1,0,0,0,0,0,0,0.8595884442,1,3,2166.666748,16036.11133
mid8130010,813,3312707,3312,2,1,1,1,0,0,0,0,0,1,0,0,0,0,0,1,0,1.215557814,1,15,1666.666626,87680.55469
mid8160024,816,3312707,3312,2,2,1,1,0,1,1,0,0,1,0,0,0,0,0,0,1,1.215557814,1,15,1733.333374,86680.55469
mid8310016,831,3312707,3312,2,1,1,1,0,1,0,1,0,1,0,0,0,0,0,1,0,1.215557814,1,15,1666.666626,87680.55469
mid8310004,831,3312707,3312,2,1,0,1,0,1,0,1,0,0,1,0,0,0,0,1,0,0.8595884442,0,0,,0
mid8310015,831,3312707,3312,2,1,1,1,0,1,0,1,0,1,0,0,0,0,0,1,0,1.215557814,1,11.25,1666.666626,65760.41406
mid8240007,824,3312707,3312,2,1,0,1,0,1,0,0,0,0,1,0,0,0,0,1,0,0.8595884442,1,15,1666.666626,87680.55469
mid8150051,815,3312707,3312,2,1,1,1,0,0,0,0,0,1,0,0,0,0,0,1,0,1.215557814,1,2.5,1800,14280.09277
mid8200041,820,3312707,3312,2,2,0,0,1,0,0,0,0,0,1,0,0,0,0,0,1,1.061238289,1,5,1700,29060.18555
mid8220047,822,3312707,3312,2,3,1,0,1,0,0,0,1,0,0,0,0,0,0,0,0,1.115668654,1,15,1600,88680.55469
mid8230005,823,3312707,3312,2,3,1,0,1,0,0,0,1,0,0,0,0,0,0,0,0,0.7356980443,1,6,1778.571411,34322.22266
mid8160006,816,3312707,3312,2,2,0,1,0,1,1,0,0,0,1,0,0,0,0,0,1,0.8595884442,1,15,1733.333374,86680.55469
mid8130030,813,3312707,3312,2,1,0,1,0,0,0,0,1,0,0,0,0,0,0,1,0,0.8595884442,0,0,,0
mid8170036,817,3312707,3312,2,2,1,1,0,0,0,0,0,1,0,0,0,0,0,0,1,1.215557814,1,3,1833.333374,17036.11133
mid8220024,822,3312707,3312,2,3,1,0,1,0,0,0,0,1,0,0,0,0,0,0,0,1.434761286,1,15,1725,86805.55469
mid8320033,832,3312707,3312,2,3,0,1,0,0,1,0,1,0,0,0,0,0,0,0,0,0.8595884442,0,0,,0
mid8310009,831,3312707,3312,2,1,1,1,0,1,0,1,0,1,0,0,0,0,0,1,0,1.215557814,1,11.66666698,1688.888916,67973.76562
mid8200015,820,3312707,3312,2,2,1,0,1,0,0,0,1,0,0,0,0,0,0,0,1,1.115668654,1,1.666666627,1700,9686.728516
mid8190036,819,3312707,3312,2,3,0,1,0,1,1,1,0,0,1,0,0,0,0,0,0,0.8595884442,1,2.5,1800,14280.09277
mid8140016,814,3312707,3312,2,1,1,0,1,0,0,0,0,1,0,0,0,0,0,1,0,0.6652439833,1,6,1833.333374,34072.22266
mid8300010,830,3312707,3312,2,2,0,1,0,1,0,0,1,0,0,0,0,0,0,0,1,0.8595884442,0,0,,0
mid8140002,814,3312707,3312,2,1,0,0,1,0,0,0,0,0,1,0,0,0,0,1,0,1.061238289,1,3,1833.333374,17036.11133
mid8200028,820,3312707,3312,2,2,1,0,1,0,0,0,0,1,0,0,0,0,0,0,1,1.331161737,1,1,2666.666748,4845.370605
mid8300013,830,3312707,3312,2,2,1,1,0,1,0,0,0,1,0,0,0,0,0,0,1,1.215557814,1,10,1800,57120.37109
mid8330039,833,3312707,3312,2,2,0,0,1,0,0,0,0,0,1,0,0,0,0,0,1,1.061238289,0,0,,0
mid8220030,822,3312707,3312,2,3,0,0,1,0,0,0,0,0,1,0,0,0,0,0,0,1.061238289,0,0,,0
mid8310032,831,3312707,3312,2,1,0,1,0,1,0,1,0,0,1,0,0,0,0,1,0,0.8595884442,0,0,,0
mid8150017,815,3312707,3312,2,1,0,1,0,0,0,0,0,0,1,0,0,0,0,1,0,0.8595884442,1,2.5,1600,14780.09277
mid8350026,835,3312707,3312,2,3,1,1,0,1,1,0,0,1,0,0,0,0,0,0,0,1.215557814,1,15,1600,88680.55469
mid8180021,818,3312707,3312,2,2,1,1,0,0,1,0,0,1,0,0,0,0,0,0,1,0.8975204229,1,2,2000,11024.07422
mid8170035,817,3312707,3312,2,2,1,1,0,0,0,0,0,1,0,0,0,0,0,0,1,0.8975204229,1,3,1833.333374,17036.11133
mid8220041,822,3312707,3312,2,3,0,0,1,0,0,0,0,0,1,0,0,0,0,0,0,1.061238289,0,0,,0
mid8170001,817,3312707,3312,2,2,1,1,0,0,0,0,0,1,0,0,0,0,0,0,1,0.8975204229,1,3,1833.333374,17036.11133
mid8130003,813,3312707,3312,2,1,1,1,0,0,0,0,0,1,0,0,0,0,0,1,0,1.215557814,1,15,1666.666626,87680.55469
mid8200042,820,3312707,3312,2,2,1,0,1,0,0,0,1,0,0,0,0,0,0,0,1,1.115668654,1,1.25,2700,6015.046387
mid8230006,823,3312707,3312,2,3,0,0,1,0,0,0,0,0,1,0,0,0,0,0,0,1.061238289,1,5,1800,28560.18555
mid8170044,817,3312707,3312,2,2,0,1,0,0,0,0,0,0,1,0,0,0,0,0,1,0.8595884442,1,3,2166.666748,16036.11133
mid8220010,822,3312707,3312,2,3,1,0,1,0,0,0,0,1,0,0,0,0,0,0,0,0.6346632242,1,15,1666.666626,87680.55469
mid8180042,818,3312707,3312,2,2,1,1,0,0,1,0,0,1,0,0,0,0,0,0,1,0.8975204229,1,5,1700,29060.18555
mid8130032,813,3312707,3312,2,1,0,1,0,0,0,0,0,0,1,0,0,0,0,1,0,0.8595884442,0,0,,0
mid8180023,818,3312707,3312,2,2,0,1,0,0,1,0,0,0,1,0,0,0,0,0,1,0.8595884442,1,4,1000,26048.14844
mid8230008,823,3312707,3312,2,3,0,0,1,0,0,0,1,0,0,0,0,0,0,0,0,1.067169428,0,0,,0
mid8140041,814,3312707,3312,2,1,1,0,1,0,0,0,0,1,0,0,0,0,0,1,0,1.434761286,1,6,1916.666626,33572.22266
mid8190023,819,3312707,3312,2,3,0,1,0,1,1,1,1,0,0,0,0,0,0,0,0,0.8595884442,1,2.5,1800,14280.09277
mid8130012,813,3312707,3312,2,1,1,1,0,0,0,0,0,1,0,0,0,0,0,1,0,1.215557814,1,15,1666.666626,87680.55469
mid8140022,814,3312707,3312,2,1,1,0,1,0,0,0,0,1,0,0,0,0,0,1,0,0.6346632242,1,6,1833.333374,34072.22266
mid8130008,813,3312707,3312,2,1,0,1,0,0,0,0,0,0,1,0,0,0,0,1,0,0.8595884442,0,0,,0
mid8350002,835,3312707,3312,2,3,0,1,0,1,1,0,0,0,1,0,0,0,0,0,0,0.8595884442,0,0,,0
mid8150033,815,3312707,3312,2,1,1,1,0,0,0,0,0,1,0,0,0,0,0,1,0,0.8975204229,1,5,1933.333374,27893.51758
mid8170039,817,3312707,3312,2,2,1,1,0,0,0,0,0,1,0,0,0,0,0,0,1,0.8975204229,1,4.5,1888.888916,25304.16797
mid8340027,834,3312707,3312,2,3,1,1,0,0,0,0,0,1,0,0,0,0,0,0,0,1.215557814,1,2.533333302,1710.526367,14697.16016
mid8350001,835,3312707,3312,2,3,1,1,0,1,1,0,0,1,0,0,0,0,0,0,0,1.215557814,1,15,1600,88680.55469
mid8170004,817,3312707,3312,2,2,1,1,0,0,0,0,0,1,0,0,0,0,0,0,1,1.215557814,1,3,2000,16536.11133
mid8150001,815,3312707,3312,2,1,1,1,0,0,0,0,0,1,0,0,0,0,0,1,0,1.215557814,0,2.5,1800,14280.09277
mid8220015,822,3312707,3312,2,3,1,0,1,0,0,0,0,1,0,0,0,0,0,0,0,1.331161737,1,15,1600,88680.55469
mid8320025,832,3312707,3312,2,3,1,1,0,0,1,0,0,1,0,0,0,0,0,0,0,0.8975204229,1,15,1733.333374,86680.55469
mid8230013,823,3312707,3312,2,3,1,0,1,0,0,0,0,1,0,0,0,0,0,0,0,1.434761286,0,1.666666627,1800,9520.061523
mid8230009,823,3312707,3312,2,3,1,0,1,0,0,0,0,1,0,0,0,0,0,0,0,0.6346632242,0,1.666666627,1800,9520.061523
mid8170038,817,3312707,3312,2,2,1,1,0,0,0,0,0,1,0,0,0,0,0,0,1,1.215557814,1,3,2000,16536.11133
mid8160043,816,3312707,3312,2,2,1,1,0,1,1,0,0,1,0,0,0,0,0,0,1,1.215557814,1,7.5,1733.333374,43340.27734
mid8140042,814,3312707,3312,2,1,0,0,1,0,0,0,0,0,1,0,0,0,0,1,0,1.061238289,1,3,1833.333374,17036.11133
mid8240012,824,3312707,3312,2,1,1,1,0,1,0,0,1,0,0,0,0,0,0,1,0,1.215557814,1,15,1666.666626,87680.55469
mid8350013,835,3312707,3312,2,3,0,1,0,1,1,0,0,0,1,0,0,0,0,0,0,0.8595884442,0,0,,0
mid8200021,820,3312707,3312,2,2,1,0,1,0,0,0,0,1,0,0,0,0,0,0,1,0.6346632242,1,2,2833.333252,9357.407227
mid8180012,818,3312707,3312,2,2,0,1,0,0,1,0,1,0,0,0,0,0,0,0,1,0.8595884442,1,2.5,1800,14280.09277
mid8340026,834,3312707,3312,2,3,0,1,0,0,0,0,0,0,1,0,0,0,0,0,0,0.8595884442,1,2,2166.666748,10690.74121
mid8300007,830,3312707,3312,2,2,0,1,0,1,0,0,1,0,0,0,0,0,0,0,1,0.8595884442,0,0,,0
mid7640020,764,3312739,3312,2,3,1,1,0,1,1,1,1,0,0,0,0,0,0,0,0,1.139485359,1,15,1600,88680.55469
mid7650021,765,3312739,3312,2,2,1,1,0,0,0,1,0,1,0,0,0,0,0,0,1,1.139485359,1,15,1666.666626,87680.55469
mid7770013,777,3312739,3312,2,1,0,0,1,0,0,0,0,0,1,0,0,0,0,1,0,0.8267057538,0,0,,0
mid7670015,767,3312739,3312,2,2,1,0,1,0,0,0,1,0,0,0,0,0,0,0,1,1.467330337,1,6,1750,34572.22266
mid7810023,781,3312739,3312,2,3,1,1,0,0,0,1,0,1,0,0,0,0,0,0,0,1.139485359,1,10,1600,59120.37109
mid7770011,777,3312739,3312,2,1,0,0,1,0,0,0,0,0,1,0,0,0,0,1,0,0.8267057538,0,0,,0
mid7640017,764,3312739,3312,2,3,0,1,0,1,1,1,0,0,1,0,0,0,0,0,0,0.8567771316,0,0,,0
mid7700030,770,3312739,3312,2,1,0,1,0,0,1,1,0,0,1,0,0,0,0,1,0,0.8567771316,0,0,,0
mid7700017,770,3312739,3312,2,1,0,1,0,0,1,1,0,0,1,0,0,0,0,1,0,0.8567771316,0,0,,0
mid7680016,768,3312739,3312,2,1,1,0,1,0,0,0,0,1,0,0,0,0,0,1,0,1.750747442,0,0,,0
mid7820030,782,3312739,3312,2,1,1,1,0,1,0,0,0,1,0,0,0,0,0,1,0,1.139485359,1,5,1600,29560.18555
mid7740019,774,3312739,3312,2,3,1,0,1,0,0,0,0,1,0,0,0,0,0,0,0,0.4902342856,1,7.5,1733.333374,43340.27734
mid7700007,770,3312739,3312,2,1,1,1,0,0,1,1,0,1,0,0,0,0,0,1,0,1.009343743,1,15,1866.666626,84680.55469
mid7670030,767,3312739,3312,2,2,0,0,1,0,0,0,0,0,1,0,0,0,0,0,1,0.8267057538,1,5,2200,26560.18555
mid7810030,781,3312739,3312,2,3,1,1,0,0,0,1,0,1,0,0,0,0,0,0,0,1.009343743,1,10,1600,59120.37109
mid7810020,781,3312739,3312,2,3,0,1,0,0,0,1,0,0,1,0,0,0,0,0,0,0.8567771316,0,0,,0
mid7810029,781,3312739,3312,2,3,1,1,0,0,0,1,0,1,0,0,0,0,0,0,0,1.139485359,1,10,1600,59120.37109
mid7670024,767,3312739,3312,2,2,0,0,1,0,0,0,0,0,1,0,0,0,0,0,1,0.8267057538,0,0,,0
mid7670008,767,3312739,3312,2,2,1,0,1,0,0,0,0,1,0,0,0,0,0,0,1,1.887001872,1,5,2000,27560.18555
mid7680010,768,3312739,3312,2,1,0,0,1,0,0,0,0,0,1,0,0,0,0,1,0,0.8267057538,0,0,,0
mid7670014,767,3312739,3312,2,2,1,0,1,0,0,0,0,1,0,0,0,0,0,0,1,1.887001872,1,6,2000,33072.22266
mid7650004,765,3312739,3312,2,2,0,1,0,0,0,1,0,0,1,0,0,0,0,0,1,0.8567771316,0,0,,0
mid7770026,777,3312739,3312,2,1,1,0,1,0,0,0,0,1,0,0,0,0,0,1,0,0.4902342856,0,0,,0
mid7820026,782,3312739,3312,2,1,0,1,0,1,0,0,0,0,1,0,0,0,0,1,0,0.8567771316,1,10,1666.666626,58453.70312
mid7680042,768,3312739,3312,2,1,1,0,1,0,0,0,0,1,0,0,0,0,0,1,0,0.4902342856,1,2.5,1666.666626,14613.42578
mid7770032,777,3312739,3312,2,1,1,0,1,0,0,0,0,1,0,0,0,0,0,1,0,1.750747442,1,7.5,1600,44340.27734
mid7700028,770,3312739,3312,2,1,0,1,0,0,1,1,0,1,0,0,0,0,0,1,0,0.8567771316,1,15,1600,88680.55469
mid7790011,779,3312739,3312,2,2,0,1,0,1,1,1,0,0,1,0,0,0,0,0,1,0.8567771316,0,0,,0
mid7770024,777,3312739,3312,2,1,1,0,1,0,0,0,0,1,0,0,0,0,0,1,0,1.887001872,1,5,2600,24560.18555
mid7700025,770,3312739,3312,2,1,1,1,0,0,1,1,0,1,0,0,0,0,0,1,0,1.009343743,1,15,1800,85680.55469
mid7650003,765,3312739,3312,2,2,1,1,0,0,0,1,0,1,0,0,0,0,0,0,1,1.139485359,1,4,3000,18048.14844
mid7790025,779,3312739,3312,2,2,1,1,0,1,1,1,0,1,0,0,0,0,0,0,1,1.139485359,1,15,1866.666626,84680.55469
mid7650037,765,3312739,3312,2,2,1,1,0,0,0,1,0,1,0,0,0,0,0,0,1,1.139485359,1,5,2200,26560.18555
mid7810025,781,3312739,3312,2,3,1,1,0,0,0,1,1,0,0,0,0,0,0,0,0,1.139485359,1,15,1600,88680.55469
mid7770018,777,3312739,3312,2,1,1,0,1,0,0,0,0,1,0,0,0,0,0,1,0,0.4902342856,1,7.5,1600,44340.27734
mid7770008,777,3312739,3312,2,1,1,0,1,0,0,0,0,1,0,0,0,0,0,1,0,1.887001872,0,0,,0
mid7680029,768,3312739,3312,2,1,0,0,1,0,0,0,0,0,1,0,0,0,0,1,0,0.8267057538,1,5,1666.666626,29226.85156
mid7700021,770,3312739,3312,2,1,0,1,0,0,1,1,0,0,1,0,0,0,0,1,0,0.8567771316,0,0,,0
mid7820038,782,3312739,3312,2,1,0,1,0,1,0,0,0,0,1,0,0,0,0,1,0,0.8567771316,0,0,,0
mid7820014,782,3312739,3312,2,1,0,1,0,1,0,0,0,0,1,0,0,0,0,1,0,0.8567771316,0,5,1600,29560.18555
mid7790010,779,3312739,3312,2,2,0,1,0,1,1,1,0,0,1,0,0,0,0,0,1,0.8567771316,0,0,,0
mid7790007,779,3312739,3312,2,2,1,1,0,1,1,1,0,1,0,0,0,0,0,0,1,1.139485359,1,15,1600,88680.55469
mid7740009,774,3312739,3312,2,3,1,0,1,0,0,0,0,1,0,0,0,0,0,0,0,0.4902342856,1,7.5,1666.666626,43840.27734
mid7670018,767,3312739,3312,2,2,1,0,1,0,0,0,0,1,0,0,0,0,0,0,1,1.887001872,1,7.333333492,2203.174561,41754.9375
mid7650033,765,3312739,3312,2,2,0,1,0,0,0,1,1,0,0,0,0,0,0,0,1,0.8567771316,1,7.5,1800,42840.27734
mid7670028,767,3312739,3312,2,2,1,0,1,0,0,0,0,1,0,0,0,0,0,0,1,0.4902342856,1,5,2200,26560.18555
mid7640013,764,3312739,3312,2,3,1,1,0,1,1,1,0,1,0,0,0,0,0,0,0,1.139485359,1,15,1600,88680.55469
mid7740017,774,3312739,3312,2,3,0,0,1,0,0,0,0,0,1,0,0,0,0,0,0,0.8267057538,0,0,,0
mid7770023,777,3312739,3312,2,1,1,0,1,0,0,0,0,1,0,0,0,0,0,1,0,0.4902342856,1,15,1600,88680.55469
mid7740029,774,3312739,3312,2,3,1,0,1,0,0,0,0,1,0,0,0,0,0,0,0,0.4902342856,1,7.5,1666.666626,43840.27734
mid7650041,765,3312739,3312,2,2,1,1,0,0,0,1,0,1,0,0,0,0,0,0,1,1.139485359,1,4,2750,19048.14844
mid7740011,774,3312739,3312,2,3,0,0,1,0,0,0,0,0,1,0,0,0,0,0,0,0.8267057538,1,1.666666627,1600,9853.395508
mid7790004,779,3312739,3312,2,2,0,1,0,1,1,1,0,0,1,0,0,0,0,0,1,0.8567771316,0,0,,0
mid7740025,774,3312739,3312,2,3,0,0,1,0,0,0,0,0,1,0,0,0,0,0,0,0.8267057538,0,0,,0
mid7790030,779,3312739,3312,2,2,1,1,0,1,1,1,0,1,0,0,0,0,0,0,1,1.139485359,1,15,1666.666626,87680.55469
mid7680035,768,3312739,3312,2,1,0,0,1,0,0,0,0,0,1,0,0,0,0,1,0,0.8267057538,0,0,,0
mid7810012,781,3312739,3312,2,3,1,1,0,0,0,1,0,1,0,0,0,0,0,0,0,1.009343743,1,20,1600,118240.7422
mid7740027,774,3312739,3312,2,3,1,0,1,0,0,0,0,1,0,0,0,0,0,0,0,0.5138558149,0,0,,0
mid7770004,777,3312739,3312,2,1,1,0,1,0,0,0,0,1,0,0,0,0,0,1,0,1.750747442,1,7.5,1600,44340.27734
mid7670011,767,3312739,3312,2,2,1,0,1,0,0,0,0,1,0,0,0,0,0,0,1,0.4902342856,1,15,2000,82680.55469
mid7700035,770,3312739,3312,2,1,1,1,0,0,1,1,0,1,0,0,0,0,0,1,0,1.009343743,1,15,1833.333374,85180.55469
mid7680020,768,3312739,3312,2,1,1,0,1,0,0,0,0,1,0,0,0,0,0,1,0,1.750747442,0,0,,0
mid7650011,765,3312739,3312,2,2,0,1,0,0,0,1,0,0,1,0,0,0,0,0,1,0.8567771316,1,3,2333.333252,15536.11133
mid7650018,765,3312739,3312,2,2,1,1,0,0,0,1,0,1,0,0,0,0,0,0,1,1.009343743,0,0,,0
mid7700037,770,3312739,3312,2,1,1,1,0,0,1,1,0,1,0,0,0,0,0,1,0,1.139485359,1,15,1800,85680.55469
mid7640001,764,3312739,3312,2,3,1,1,0,1,1,1,0,1,0,0,0,0,0,0,0,1.139485359,1,15,1600,88680.55469
mid7810039,781,3312739,3312,2,3,0,1,0,0,0,1,0,0,1,0,0,0,0,0,0,0.8567771316,0,0,,0
mid7700012,770,3312739,3312,2,1,1,1,0,0,1,1,1,0,0,0,0,0,0,1,0,1.139485359,1,15,1800,85680.55469
mid7670022,767,3312739,3312,2,2,0,0,1,0,0,0,0,0,1,0,0,0,0,0,1,0.8267057538,0,0,,0
mid7650007,765,3312739,3312,2,2,0,1,0,0,0,1,0,0,1,0,0,0,0,0,1,0.8567771316,0,0,,0
mid7740020,774,3312739,3312,2,3,1,0,1,0,0,0,0,1,0,0,0,0,0,0,0,0.5138558149,0,0,,0
mid7740013,774,3312739,3312,2,3,1,0,1,0,0,0,1,0,0,0,0,0,0,0,0,0.5682768226,0,0,,0
mid7810042,781,3312739,3312,2,3,1,1,0,0,0,1,0,1,0,0,0,0,0,0,0,1.009343743,1,9.166666985,1600,54193.67188
mid7810002,781,3312739,3312,2,3,1,1,0,0,0,1,0,1,0,0,0,0,0,0,0,1.139485359,1,6.666666508,1600,39413.58203
mid7790026,779,3312739,3312,2,2,1,1,0,1,1,1,0,1,0,0,0,0,0,0,1,1.139485359,1,15,1800,85680.55469
mid7680039,768,3312739,3312,2,1,1,0,1,0,0,0,0,1,0,0,0,0,0,1,0,0.4902342856,1,7.5,1666.666626,43840.27734
mid7790033,779,3312739,3312,2,2,1,1,0,1,1,1,1,0,0,0,0,0,0,0,1,1.139485359,1,15,1600,88680.55469
mid7640010,764,3312739,3312,2,3,0,1,0,1,1,1,0,0,1,0,0,0,0,0,0,0.8567771316,0,0,,0
mid7770022,777,3312739,3312,2,1,0,0,1,0,0,0,0,0,1,0,0,0,0,1,0,0.8267057538,0,0,,0
mid7680018,768,3312739,3312,2,1,1,0,1,0,0,0,0,1,0,0,0,0,0,1,0,0.4902342856,0,0,,0
mid7810040,781,3312739,3312,2,3,0,1,0,0,0,1,0,0,1,0,0,0,0,0,0,0.8567771316,0,0,,0
mid7670039,767,3312739,3312,2,2,1,0,1,0,0,0,0,1,0,0,0,0,0,0,1,1.750747442,1,5,2500,25060.18555
mid7680045,768,3312739,3312,2,1,1,0,1,0,0,0,0,1,0,0,0,0,0,1,0,0.5138558149,1,2.5,1666.666626,14613.42578
mid7740006,774,3312739,3312,2,3,1,0,1,0,0,0,0,1,0,0,0,0,0,0,0,0.4902342856,0,0,,0
mid7640014,764,3312739,3312,2,3,0,1,0,1,1,1,0,0,1,0,0,0,0,0,0,0.8567771316,0,0,,0
mid7650009,765,3312739,3312,2,2,1,1,0,0,0,1,0,1,0,0,0,0,0,0,1,1.009343743,1,3,3666.666748,11536.11133
mid7700010,770,3312739,3312,2,1,1,1,0,0,1,1,0,1,0,0,0,0,0,1,0,1.139485359,1,15,1800,85680.55469
mid7680006,768,3312739,3312,2,1,1,0,1,0,0,0,0,1,0,0,0,0,0,1,0,1.887001872,0,2.5,1666.666626,14613.42578
mid9130011,913,3327177,3327,2,3,1,1,0,1,0,1,0,1,0,0,0,0,0,0,0,1.307881951,1,4,2500,20048.14844
mid9100015,910,3327177,3327,2,1,1,0,1,0,0,0,1,0,0,0,0,0,0,1,0,1.76834166,1,1,2000,5512.037109
mid9040023,904,3327177,3327,2,3,0,1,0,0,1,0,1,0,0,0,0,0,0,0,0,0.7725490332,1,15,1600,88680.55469
mid9190008,919,3327177,3327,2,3,1,0,1,0,0,0,0,1,0,0,0,0,0,0,0,0.47699821,1,2.666666746,2000,14698.76562
mid9190021,919,3327177,3327,2,3,1,0,1,0,0,0,0,1,0,0,0,0,0,0,0,2.109899521,1,1,2000,5512.037109
mid9100019,910,3327177,3327,2,1,1,0,1,0,0,0,0,1,0,0,0,0,0,1,0,2.27410531,1,1,2000,5512.037109
mid9090044,909,3327177,3327,2,2,0,0,1,0,0,0,0,0,1,0,0,0,0,0,1,0.7689851522,1,2.5,1800,14280.09277
mid9100007,910,3327177,3327,2,1,1,0,1,0,0,0,0,1,0,0,0,0,0,1,0,2.27410531,1,1,2000,5512.037109
mid9210012,921,3327177,3327,2,2,0,1,0,0,1,0,0,0,1,0,0,0,0,0,1,0.7725490332,0,0,,0
mid9040003,904,3327177,3327,2,3,1,1,0,0,1,0,1,0,0,0,0,0,0,0,0,1.307881951,1,10,1600,59120.37109
mid9020044,902,3327177,3327,2,1,1,1,0,0,1,1,0,1,0,0,0,0,0,1,0,0.9821597934,1,4,2000,22048.14844
mid9140012,914,3327177,3327,2,3,1,1,0,0,0,0,0,1,0,0,0,0,0,0,0,0.9821597934,1,3,2666.666748,14536.11133
mid9030016,903,3327177,3327,2,1,1,1,0,0,1,0,0,1,0,0,0,0,0,1,0,1.307881951,1,10,1900,56120.37109
mid9210028,921,3327177,3327,2,2,1,1,0,0,1,0,0,1,0,0,0,0,0,0,1,0.9821597934,1,3.333333254,2000,18373.45703
mid8990005,899,3327177,3327,2,1,0,1,0,1,0,0,0,0,1,0,0,0,0,1,0,0.7725490332,1,4,3000,18048.14844
mid9140036,914,3327177,3327,2,3,1,1,0,0,0,0,1,0,0,0,0,0,0,0,0,0.9821597934,1,9,2000,49608.33594
mid9030005,903,3327177,3327,2,1,1,1,0,0,1,0,0,1,0,0,0,0,0,1,0,0.9821597934,1,4.5,2111.111084,24304.16797
mid9040032,904,3327177,3327,2,3,1,1,0,0,1,0,0,1,0,0,0,0,0,0,0,1.307881951,1,15,1600,88680.55469
mid9120035,912,3327177,3327,2,3,0,0,1,0,0,0,0,0,1,0,0,0,0,0,0,0.7689851522,1,1.600000024,2500,8019.259766
mid9160013,916,3327177,3327,2,2,0,1,0,1,1,1,0,0,1,0,0,0,0,0,1,0.7725490332,1,15,1600,88680.55469
mid9040002,904,3327177,3327,2,3,1,1,0,0,1,0,0,1,0,0,0,0,0,0,0,0.9821597934,1,20,1600,118240.7422
mid9110026,911,3327177,3327,2,1,1,1,0,1,0,1,1,0,0,0,0,0,0,1,0,1.307881951,1,2,2000,11024.07422
mid9100050,910,3327177,3327,2,1,0,0,1,0,0,0,0,0,1,0,0,0,0,1,0,0.7689851522,0,0,,0
mid9120025,912,3327177,3327,2,3,1,0,1,0,0,0,0,1,0,0,0,0,0,0,0,0.47699821,1,1.600000024,2500,8019.259766
mid9000013,900,3327177,3327,2,1,0,0,1,0,0,0,0,0,1,0,0,0,0,1,0,0.7689851522,1,4.800000191,2500,24057.7793
mid9140003,914,3327177,3327,2,3,0,1,0,0,0,0,1,0,0,0,0,0,0,0,0,0.7725490332,1,4.666666508,2285.714355,24389.50586
mid9190011,919,3327177,3327,2,3,1,0,1,0,0,0,1,0,0,0,0,0,0,0,0,1.76834166,1,4,2000,22048.14844
mid9100025,910,3327177,3327,2,1,1,0,1,0,0,0,0,1,0,0,0,0,0,1,0,0.4550710022,1,1,2000,5512.037109
mid9030032,903,3327177,3327,2,1,1,1,0,0,1,0,0,1,0,0,0,0,0,1,0,1.307881951,1,4,2375,20548.14844
mid9090009,909,3327177,3327,2,2,1,0,1,0,0,0,1,0,0,0,0,0,0,0,1,0.5275157094,1,0.8333333135,1800,4760.030762
mid9000001,900,3327177,3327,2,1,1,0,1,0,0,0,0,1,0,0,0,0,0,1,0,0.47699821,1,2.400000095,2500,12028.88965
mid9110012,911,3327177,3327,2,1,1,1,0,1,0,1,1,0,0,0,0,0,0,1,0,1.307881951,1,2.666666746,2000,14698.76562
mid9020011,902,3327177,3327,2,1,1,1,0,0,1,1,0,1,0,0,0,0,0,1,0,0.9821597934,1,2.666666746,1750,15365.43262
mid9020029,902,3327177,3327,2,1,1,1,0,0,1,1,0,1,0,0,0,0,0,1,0,0.9821597934,1,3,2333.333252,15536.11133
mid9190015,919,3327177,3327,2,3,0,0,1,0,0,0,0,0,1,0,0,0,0,0,0,0.7689851522,1,2.5,2000,13780.09277
mid9210030,921,3327177,3327,2,2,1,1,0,0,1,0,0,1,0,0,0,0,0,0,1,1.307881951,1,2.5,2000,13780.09277
mid9140033,914,3327177,3327,2,3,0,1,0,0,0,0,0,0,1,0,0,0,0,0,0,0.7725490332,1,3.5,2285.714355,18292.12891
mid9210014,921,3327177,3327,2,2,1,1,0,0,1,0,1,0,0,0,0,0,0,0,1,1.307881951,1,1.666666627,2000,9186.728516
mid9160046,916,3327177,3327,2,2,1,1,0,1,1,1,1,0,0,0,0,0,0,0,1,1.307881951,1,3,1666.666626,17536.11133
mid9160042,916,3327177,3327,2,2,0,1,0,1,1,1,0,0,1,0,0,0,0,0,1,0.7725490332,1,2,2500,10024.07422
mid9160038,916,3327177,3327,2,2,1,1,0,1,1,1,0,1,0,0,0,0,0,0,1,1.307881951,1,2,2500,10024.07422
mid9130004,913,3327177,3327,2,3,0,1,0,1,0,1,1,0,0,0,0,0,0,0,0,0.7725490332,1,4,2750,19048.14844
mid9020027,902,3327177,3327,2,1,1,1,0,0,1,1,0,1,0,0,0,0,0,1,0,0.9821597934,1,2.666666746,1750,15365.43262
mid9030001,903,3327177,3327,2,1,0,1,0,0,1,0,0,0,1,0,0,0,0,1,0,0.7725490332,0,0,,0
mid9010022,901,3327177,3327,2,2,0,0,1,0,0,0,1,0,0,0,0,0,0,0,1,0.7732830048,1,2,3000,9024.074219
mid9190035,919,3327177,3327,2,3,0,0,1,0,0,0,0,0,1,0,0,0,0,0,0,0.7689851522,1,1.666666627,2000,9186.728516
mid9210007,921,3327177,3327,2,2,0,1,0,0,1,0,0,0,1,0,0,0,0,0,1,0.7725490332,1,2.5,2000,13780.09277
mid9030015,903,3327177,3327,2,1,1,1,0,0,1,0,0,1,0,0,0,0,0,1,0,1.307881951,0,0,,0
mid9030027,903,3327177,3327,2,1,1,1,0,0,1,0,0,1,0,0,0,0,0,1,0,0.9821597934,1,4.5,2111.111084,24304.16797
mid9000005,900,3327177,3327,2,1,0,0,1,0,0,0,0,0,1,0,0,0,0,1,0,0.7689851522,1,2.400000095,2500,12028.88965
mid9160018,916,3327177,3327,2,2,0,1,0,1,1,1,1,0,0,0,0,0,0,0,1,0.7725490332,1,2,2000,11024.07422
mid9020013,902,3327177,3327,2,1,1,1,0,0,1,1,0,1,0,0,0,0,0,1,0,1.307881951,1,4,1750,23048.14844
mid8990010,899,3327177,3327,2,1,1,1,0,1,0,0,0,1,0,0,0,0,0,1,0,1.307881951,1,2,2000,11024.07422
mid9090028,909,3327177,3327,2,2,0,0,1,0,0,0,0,0,1,0,0,0,0,0,1,0.7689851522,1,2.5,1800,14280.09277
mid9100017,910,3327177,3327,2,1,1,0,1,0,0,0,0,1,0,0,0,0,0,1,0,0.4550710022,1,1,2000,5512.037109
mid9100046,910,3327177,3327,2,1,0,0,1,0,0,0,0,0,1,0,0,0,0,1,0,0.7689851522,1,1,2000,5512.037109
mid8990028,899,3327177,3327,2,1,0,1,0,1,0,0,0,0,1,0,0,0,0,1,0,0.7725490332,1,2,2000,11024.07422
mid9110004,911,3327177,3327,2,1,0,1,0,1,0,1,0,0,1,0,0,0,0,1,0,0.7725490332,1,2,2000,11024.07422
mid9020039,902,3327177,3327,2,1,0,1,0,0,1,1,0,0,1,0,0,0,0,1,0,0.7725490332,1,1,2333.333252,5178.703613
mid9020040,902,3327177,3327,2,1,0,1,0,0,1,1,0,0,1,0,0,0,0,1,0,0.7725490332,1,2.666666746,1750,15365.43262
mid9120003,912,3327177,3327,2,3,1,0,1,0,0,0,0,1,0,0,0,0,0,0,0,0.4550710022,1,3.200000048,3124.999756,14038.51953
mid9120008,912,3327177,3327,2,3,0,0,1,0,0,0,0,0,1,0,0,0,0,0,0,0.7689851522,1,3.200000048,3125,14038.51953
mid9140002,914,3327177,3327,2,3,0,1,0,0,0,0,0,0,1,0,0,0,0,0,0,0.7725490332,1,3.5,2428.571533,17792.12891
mid9120028,912,3327177,3327,2,3,1,0,1,0,0,0,0,1,0,0,0,0,0,0,0,0.47699821,0,0,,0
mid9120038,912,3327177,3327,2,3,0,0,1,0,0,0,1,0,0,0,0,0,0,0,0,0.7732830048,1,1.600000024,2187.5,8519.259766
mid9040016,904,3327177,3327,2,3,1,1,0,0,1,0,0,1,0,0,0,0,0,0,0,1.307881951,1,10,1600,59120.37109
mid9160041,916,3327177,3327,2,2,0,1,0,1,1,1,0,0,1,0,0,0,0,0,1,0.7725490332,1,2.5,2200,13280.09277
mid9030033,903,3327177,3327,2,1,0,1,0,0,1,0,0,0,1,0,0,0,0,1,0,0.7725490332,0,0,,0
mid9140006,914,3327177,3327,2,3,1,1,0,0,0,0,0,1,0,0,0,0,0,0,0,1.307881951,1,4,2000,22048.14844
mid9130021,913,3327177,3327,2,3,0,1,0,1,0,1,0,0,1,0,0,0,0,0,0,0.7725490332,1,6,2500,30072.22266
mid9110017,911,3327177,3327,2,1,0,1,0,1,0,1,0,0,1,0,0,0,0,1,0,0.7725490332,1,2,2000,11024.07422
mid9190028,919,3327177,3327,2,3,1,0,1,0,0,0,0,1,0,0,0,0,0,0,0,2.27410531,1,2,2000,11024.07422
mid9090037,909,3327177,3327,2,2,1,0,1,0,0,0,0,1,0,0,0,0,0,0,1,2.109899521,1,2.5,1800,14280.09277
mid9130012,913,3327177,3327,2,3,1,1,0,1,0,1,0,1,0,0,0,0,0,0,0,1.307881951,0,0,,0
mid9170014,917,3327177,3327,2,2,0,1,0,1,0,1,1,0,0,0,0,0,0,0,1,0.7725490332,1,2.5,2000,13780.09277
mid9170017,917,3327177,3327,2,2,1,1,0,1,0,1,0,1,0,0,0,0,0,0,1,1.307881951,1,5,2000,27560.18555
mid9170027,917,3327177,3327,2,2,0,1,0,1,0,1,0,0,1,0,0,0,0,0,1,0.7725490332,1,2.5,2000,13780.09277
mid9090020,909,3327177,3327,2,2,1,0,1,0,0,0,1,0,0,0,0,0,0,0,1,1.76834166,1,2.5,2000,13780.09277
mid9140009,914,3327177,3327,2,3,0,1,0,0,0,0,1,0,0,0,0,0,0,0,0,0.7725490332,1,4,3000,18048.14844
mid9040035,904,3327177,3327,2,3,0,1,0,0,1,0,0,0,1,0,0,0,0,0,0,0.7725490332,0,0,,0
mid9210010,921,3327177,3327,2,2,1,1,0,0,1,0,1,0,0,0,0,0,0,0,1,1.307881951,1,1.666666627,2000,9186.728516
mid9110006,911,3327177,3327,2,1,1,1,0,1,0,1,0,1,0,0,0,0,0,1,0,1.307881951,1,8,2000,44096.29688
mid9100034,910,3327177,3327,2,1,1,0,1,0,0,0,0,1,0,0,0,0,0,1,0,0.47699821,0,0,,0
mid9210037,921,3327177,3327,2,2,0,1,0,0,1,0,0,0,1,0,0,0,0,0,1,0.7725490332,0,0,,0
mid9030023,903,3327177,3327,2,1,0,1,0,0,1,0,0,0,1,0,0,0,0,1,0,0.7725490332,1,4.5,2111.111084,24304.16797
mid9140028,914,3327177,3327,2,3,0,1,0,0,0,0,1,0,0,0,0,0,0,0,0,0.7725490332,1,3.5,2285.714355,18292.12891
mid9110002,911,3327177,3327,2,1,0,1,0,1,0,1,1,0,0,0,0,0,0,1,0,0.7725490332,1,2,2000,11024.07422
mid9140041,914,3327177,3327,2,3,1,1,0,0,0,0,0,1,0,0,0,0,0,0,0,1.307881951,1,7,2285.714355,36584.25781
mid9120012,912,3327177,3327,2,3,1,0,1,0,0,0,0,1,0,0,0,0,0,0,0,2.27410531,1,1.600000024,2000,8819.259766
mid9040005,904,3327177,3327,2,3,0,1,0,0,1,0,0,0,1,0,0,0,0,0,0,0.7725490332,0,0,,0
mid9090010,909,3327177,3327,2,2,1,0,1,0,0,0,0,1,0,0,0,0,0,0,1,0.4550710022,1,2.5,1800,14280.09277
mid9090039,909,3327177,3327,2,2,1,0,1,0,0,0,0,1,0,0,0,0,0,0,1,0.4550710022,1,0.8333333135,1800,4760.030762
mid9000002,900,3327177,3327,2,1,1,0,1,0,0,0,0,1,0,0,0,0,0,1,0,0.47699821,1,4.800000191,2500,24057.7793
mid9010014,901,3327177,3327,2,2,1,0,1,0,0,0,0,1,0,0,0,0,0,0,1,0.47699821,1,2,3000,9024.074219
mid9170029,917,3327177,3327,2,2,0,1,0,1,0,1,0,0,1,0,0,0,0,0,1,0.7725490332,1,2.5,2000,13780.09277
mid9090029,909,3327177,3327,2,2,0,0,1,0,0,0,0,0,1,0,0,0,0,0,1,0.7689851522,1,1.666666627,1800,9520.061523
mid9190013,919,3327177,3327,2,3,0,0,1,0,0,0,1,0,0,0,0,0,0,0,0,0.7732830048,1,2,2000,11024.07422
mid9020016,902,3327177,3327,2,1,0,1,0,0,1,1,0,0,1,0,0,0,0,1,0,0.7725490332,1,2,1750,11524.07422
mid9010002,901,3327177,3327,2,2,0,0,1,0,0,0,1,0,0,0,0,0,0,0,1,0.7732830048,1,4,3000,18048.14844
mid9190003,919,3327177,3327,2,3,0,0,1,0,0,0,0,0,1,0,0,0,0,0,0,0.7689851522,1,2,3000,9024.074219
mid9100038,910,3327177,3327,2,1,0,0,1,0,0,0,0,0,1,0,0,0,0,1,0,0.7689851522,1,1,2000,5512.037109
mid9130030,913,3327177,3327,2,3,0,1,0,1,0,1,0,0,1,0,0,0,0,0,0,0.7725490332,1,2,2500,10024.07422
mid9120027,912,3327177,3327,2,3,0,0,1,0,0,0,0,0,1,0,0,0,0,0,0,0.7689851522,1,1.600000024,2500,8019.259766
mid8990017,899,3327177,3327,2,1,0,1,0,1,0,0,0,1,0,0,0,0,0,1,0,0.7725490332,1,1.333333373,3000,6016.049316
mid9210032,921,3327177,3327,2,2,1,1,0,0,1,0,0,1,0,0,0,0,0,0,1,1.307881951,1,2.5,2000,13780.09277
mid9120015,912,3327177,3327,2,3,1,0,1,0,0,0,0,1,0,0,0,0,0,0,0,2.27410531,1,2.133333445,3125,9359.012695
mid9020030,902,3327177,3327,2,1,1,1,0,0,1,1,0,1,0,0,0,0,0,1,0,0.9821597934,1,4,1750,23048.14844
mid9010016,901,3327177,3327,2,2,0,0,1,0,0,0,0,0,1,0,0,0,0,0,1,0.7689851522,1,4,3000,18048.14844
mid9210020,921,3327177,3327,2,2,1,1,0,0,1,0,0,1,0,0,0,0,0,0,1,0.9821597934,1,2.5,2000,13780.09277
mid9000006,900,3327177,3327,2,1,1,0,1,0,0,0,0,1,0,0,0,0,0,1,0,2.109899521,1,4.800000191,2500,24057.7793
mid9120021,912,3327177,3327,2,3,1,0,1,0,0,0,0,1,0,0,0,0,0,0,0,2.27410531,1,1.600000024,3125,7019.259766
mid9030003,903,3327177,3327,2,1,1,1,0,0,1,0,0,1,0,0,0,0,0,1,0,0.9821597934,1,11.66666698,1200,73307.10156
mid9010011,901,3327177,3327,2,2,1,0,1,0,0,0,1,0,0,0,0,0,0,0,1,0.5275157094,0,0.6666666865,3500,2674.691406
mid9140008,914,3327177,3327,2,3,0,1,0,0,0,0,0,0,1,0,0,0,0,0,0,0.7725490332,1,4.5,1777.777832,25804.16797
mid9190047,919,3327177,3327,2,3,1,0,1,0,0,0,0,1,0,0,0,0,0,0,0,0.4550710022,1,2,2000,11024.07422
mid9040012,904,3327177,3327,2,3,0,1,0,0,1,0,0,0,1,0,0,0,0,0,0,0.7725490332,0,0,,0
mid9170044,917,3327177,3327,2,2,1,1,0,1,0,1,1,0,0,0,0,0,0,0,1,1.307881951,1,2.5,2000,13780.09277
mid8990012,899,3327177,3327,2,1,0,1,0,1,0,0,0,0,1,0,0,0,0,1,0,0.7725490332,0,0,,0
mid9110013,911,3327177,3327,2,1,1,1,0,1,0,1,1,0,0,0,0,0,0,1,0,1.307881951,1,1.5,2666.666748,7268.055664
mid9000015,900,3327177,3327,2,1,1,0,1,0,0,0,0,1,0,0,0,0,0,1,0,0.47699821,1,2.799999952,2500,14033.70312
mid9100027,910,3327177,3327,2,1,1,0,1,0,0,0,0,1,0,0,0,0,0,1,0,0.47699821,1,1,2000,5512.037109
mid9210033,921,3327177,3327,2,2,1,1,0,0,1,0,0,1,0,0,0,0,0,0,1,0.9821597934,1,2.5,2000,13780.09277
mid9020023,902,3327177,3327,2,1,1,1,0,0,1,1,0,1,0,0,0,0,0,1,0,1.307881951,1,2,1750,11524.07422
mid9010019,901,3327177,3327,2,2,1,0,1,0,0,0,0,1,0,0,0,0,0,0,1,0.47699821,1,2,2500,10024.07422
mid9160023,916,3327177,3327,2,2,1,1,0,1,1,1,1,0,0,0,0,0,0,0,1,1.307881951,1,2.5,2000,13780.09277
mid9000009,900,3327177,3327,2,1,0,0,1,0,0,0,0,0,1,0,0,0,0,1,0,0.7689851522,1,3.200000048,3750,12038.51953
mid9010021,901,3327177,3327,2,2,1,0,1,0,0,0,1,0,0,0,0,0,0,0,1,0.5275157094,1,2,3000,9024.074219
mid9090003,909,3327177,3327,2,2,1,0,1,0,0,0,1,0,0,0,0,0,0,0,1,1.76834166,1,5,1800,28560.18555
mid9160010,916,3327177,3327,2,2,1,1,0,1,1,1,0,1,0,0,0,0,0,0,1,1.307881951,1,5,1500,30060.18555
mid9190038,919,3327177,3327,2,3,1,0,1,0,0,0,1,0,0,0,0,0,0,0,0,1.76834166,1,2,2000,11024.07422
mid9040037,904,3327177,3327,2,3,1,1,0,0,1,0,0,1,0,0,0,0,0,0,0,0.9821597934,1,1.5,3000,6768.055664
mid9090030,909,3327177,3327,2,2,0,0,1,0,0,0,1,0,0,0,0,0,0,0,1,0.7732830048,1,2.5,1800,14280.09277
mid9000003,900,3327177,3327,2,1,0,0,1,0,0,0,0,0,1,0,0,0,0,1,0,0.7689851522,1,4.800000191,2500,24057.7793
mid9010009,901,3327177,3327,2,2,0,0,1,0,0,0,0,0,1,0,0,0,0,0,1,0.7689851522,1,4,3000,18048.14844
mid9000004,900,3327177,3327,2,1,0,0,1,0,0,0,0,0,1,0,0,0,0,1,0,0.7689851522,1,2.400000095,2500,12028.88965
mid9110016,911,3327177,3327,2,1,0,1,0,1,0,1,0,0,1,0,0,0,0,1,0,0.7725490332,0,0,,0
mid9000008,900,3327177,3327,2,1,1,0,1,0,0,0,0,1,0,0,0,0,0,1,0,0.47699821,1,2.799999952,2678.571533,13533.70312
mid9010026,901,3327177,3327,2,2,0,0,1,0,0,0,0,0,1,0,0,0,0,0,1,0.7689851522,1,2.400000095,2500,12028.88965
mid9040008,904,3327177,3327,2,3,1,1,0,0,1,0,0,1,0,0,0,0,0,0,0,0.9821597934,0,0,,0
mid9170020,917,3327177,3327,2,2,0,1,0,1,0,1,0,0,1,0,0,0,0,0,1,0.7725490332,1,2.5,2000,13780.09277
mid9030008,903,3327177,3327,2,1,1,1,0,0,1,0,0,1,0,0,0,0,0,1,0,1.307881951,1,5,1900,28060.18555
mid8990032,899,3327177,3327,2,1,1,1,0,1,0,0,1,0,0,0,0,0,0,1,0,1.307881951,1,2,2000,11024.07422
mid9010023,901,3327177,3327,2,2,1,0,1,0,0,0,0,1,0,0,0,0,0,0,1,0.47699821,1,4,3000,18048.14844
mid8940040,894,3327222,3327,2,2,1,0,1,0,0,0,0,1,0,0,0,0,0,0,1,0.5367511511,1,2.5,2000,13780.09277
mid8890034,889,3327222,3327,2,3,1,1,0,1,1,0,0,1,0,0,0,0,0,0,0,1.303413749,1,4,2125,21548.14844
mid8920044,892,3327222,3327,2,2,1,1,0,0,1,1,0,1,0,0,0,0,0,0,1,1.303413749,1,1.666666627,1700,9686.728516
mid8940019,894,3327222,3327,2,2,1,0,1,0,0,0,0,1,0,0,0,0,0,0,1,2.072571754,0,0,,0
mid8760013,876,3327222,3327,2,3,0,0,1,0,0,0,0,0,1,0,0,0,0,0,0,0.786514461,1,5,2000,27560.18555
mid8780003,878,3327222,3327,2,3,0,1,0,1,1,0,0,0,1,0,0,0,0,0,0,0.7651286721,1,1.600000024,2500,8019.259766
mid8830023,883,3327222,3327,2,3,0,0,1,0,0,0,0,0,1,0,0,0,0,0,0,0.786514461,1,3,2000,16536.11133
mid8980012,898,3327222,3327,2,1,0,0,1,0,0,0,0,0,1,0,0,0,0,1,0,0.786514461,1,3.5,2742.857178,16692.12891
mid8790009,879,3327222,3327,2,2,0,1,0,1,0,1,0,0,1,0,0,0,0,0,1,0.7651286721,0,0,,0
mid8760007,876,3327222,3327,2,3,1,0,1,0,0,0,1,0,0,0,0,0,0,0,0,1.611629367,1,2.5,2000,13780.09277
mid8740004,874,3327222,3327,2,1,1,1,0,0,0,0,1,0,0,0,0,0,0,1,0,1.303413749,1,5.625,2000,31005.20703
mid8790001,879,3327222,3327,2,2,1,1,0,1,0,1,1,0,0,0,0,0,0,0,1,1.303413749,0,4,2000,22048.14844
mid8930012,893,3327222,3327,2,1,0,1,0,0,0,1,0,0,1,0,0,0,0,1,0,0.7651286721,1,1,3000,4512.037109
mid8730036,873,3327222,3327,2,1,1,0,1,0,0,0,0,1,0,0,0,0,0,1,0,2.072571754,1,5,1800,28560.18555
mid8870002,887,3327222,3327,2,1,0,1,0,1,1,0,0,0,1,0,0,0,0,1,0,0.7651286721,1,1.600000024,2187.5,8519.259766
mid8730019,873,3327222,3327,2,1,0,0,1,0,0,0,0,0,1,0,0,0,0,1,0,0.786514461,1,6.666666508,1800,38080.24609
mid8740044,874,3327222,3327,2,1,1,1,0,0,0,0,0,1,0,0,0,0,0,1,0,1.303413749,1,2.25,2000,12402.08398
mid8980004,898,3327222,3327,2,1,1,0,1,0,0,0,0,1,0,0,0,0,0,1,0,2.072571754,1,1,2500,5012.037109
mid8940020,894,3327222,3327,2,2,1,0,1,0,0,0,0,1,0,0,0,0,0,0,1,2.072571754,0,0,,0
mid8930022,893,3327222,3327,2,1,1,1,0,0,0,1,0,1,0,0,0,0,0,1,0,1.303413749,1,4,2500,20048.14844
mid8740014,874,3327222,3327,2,1,1,1,0,0,0,0,0,1,0,0,0,0,0,1,0,1.008176565,1,5,2000,27560.18555
mid8750004,875,3327222,3327,2,2,0,1,0,0,0,1,0,0,1,0,0,0,0,0,1,0.7651286721,1,3.75,1800,21420.13867
mid8890044,889,3327222,3327,2,3,1,1,0,1,1,0,0,1,0,0,0,0,0,0,0,1.303413749,1,4,2125,21548.14844
mid8800012,880,3327222,3327,2,2,1,0,1,0,0,0,0,1,0,0,0,0,0,0,1,2.072571754,1,1.600000024,2500,8019.259766
mid8730026,873,3327222,3327,2,1,1,0,1,0,0,0,0,1,0,0,0,0,0,1,0,0.5367511511,1,6.666666508,1800,38080.24609
mid8900043,890,3327222,3327,2,3,0,1,0,0,0,0,0,0,1,0,0,0,0,0,0,0.7651286721,1,1.600000024,2187.5,8519.259766
mid8920025,892,3327222,3327,2,2,0,1,0,0,1,1,0,0,1,0,0,0,0,0,1,0.7651286721,1,3.599999905,2500,18043.33203
mid8730016,873,3327222,3327,2,1,1,0,1,0,0,0,0,1,0,0,0,0,0,1,0,0.5626140833,1,5,1800,28560.18555
mid8740032,874,3327222,3327,2,1,0,1,0,0,0,0,0,0,1,0,0,0,0,1,0,0.7651286721,1,1.875,2000,10335.06934
mid8840032,884,3327222,3327,2,2,0,1,0,1,1,0,1,0,0,0,0,0,0,0,1,0.7651286721,1,5.333333492,1875,30064.19727
mid8940049,894,3327222,3327,2,2,0,0,1,0,0,0,0,0,1,0,0,0,0,0,1,0.786514461,1,3.75,3000,16920.13867
mid8810036,881,3327222,3327,2,3,1,1,0,0,1,0,0,1,0,0,0,0,0,0,0,1.008176565,1,4,3000,18048.14844
mid8740045,874,3327222,3327,2,1,1,1,0,0,0,0,0,1,0,0,0,0,0,1,0,1.008176565,1,5,2000,27560.18555
mid8890043,889,3327222,3327,2,3,1,1,0,1,1,0,1,0,0,0,0,0,0,0,0,1.303413749,1,3.200000048,2500,16038.51953
mid8800017,880,3327222,3327,2,2,1,0,1,0,0,0,0,1,0,0,0,0,0,0,1,0.5626140833,1,2.400000095,2500,12028.88965
mid8930032,893,3327222,3327,2,1,1,1,0,0,0,1,1,0,0,0,0,0,0,1,0,1.303413749,1,2,3000,9024.074219
mid8840007,884,3327222,3327,2,2,1,1,0,1,1,0,0,1,0,0,0,0,0,0,1,1.303413749,1,5.333333492,1875,30064.19727
mid8740007,874,3327222,3327,2,1,0,1,0,0,0,0,1,0,0,0,0,0,0,1,0,0.7651286721,1,5,2000,27560.18555
mid8920049,892,3327222,3327,2,2,1,1,0,0,1,1,1,0,0,0,0,0,0,0,1,1.008176565,1,5,2000,27560.18555
mid8890050,889,3327222,3327,2,3,0,1,0,1,1,0,0,0,1,0,0,0,0,0,0,0.7651286721,0,0,,0
mid8810025,881,3327222,3327,2,3,0,1,0,0,1,0,0,0,1,0,0,0,0,0,0,0.7651286721,1,3,3125,13161.11133
mid8800004,880,3327222,3327,2,2,0,0,1,0,0,0,0,0,1,0,0,0,0,0,1,0.786514461,1,0.8000000119,2500,4009.629883
mid8810026,881,3327222,3327,2,3,0,1,0,0,1,0,0,0,1,0,0,0,0,0,0,0.7651286721,1,2.699999809,2916.666748,12407.49902
mid8900023,890,3327222,3327,2,3,0,1,0,0,0,0,0,0,1,0,0,0,0,0,0,0.7651286721,1,1.600000024,2187.5,8519.259766
mid8930036,893,3327222,3327,2,1,1,1,0,0,0,1,0,1,0,0,0,0,0,1,0,1.303413749,1,2,3000,9024.074219
mid8930013,893,3327222,3327,2,1,1,1,0,0,0,1,0,1,0,0,0,0,0,1,0,1.008176565,1,3,1833.333374,17036.11133
mid8790019,879,3327222,3327,2,2,0,1,0,1,0,1,0,0,1,0,0,0,0,0,1,0.7651286721,1,2,2000,11024.07422
mid8800026,880,3327222,3327,2,2,1,0,1,0,0,0,0,1,0,0,0,0,0,0,1,1.922917962,1,1.600000024,2500,8019.259766
mid8790006,879,3327222,3327,2,2,0,1,0,1,0,1,0,0,1,0,0,0,0,0,1,0.7651286721,0,0,,0
mid8830015,883,3327222,3327,2,3,0,0,1,0,0,0,0,0,1,0,0,0,0,0,0,0.786514461,1,3,2000,16536.11133
mid8760021,876,3327222,3327,2,3,1,0,1,0,0,0,0,1,0,0,0,0,0,0,0,0.5367511511,1,2.5,2000,13780.09277
mid8750014,875,3327222,3327,2,2,1,1,0,0,0,1,0,1,0,0,0,0,0,0,1,1.008176565,1,2.5,1800,14280.09277
mid8840039,884,3327222,3327,2,2,0,1,0,1,1,0,0,0,1,0,0,0,0,0,1,0.7651286721,1,4,1875,22548.14844
mid8930021,893,3327222,3327,2,1,1,1,0,0,0,1,0,1,0,0,0,0,0,1,0,1.303413749,1,2.5,2200,13280.09277
mid8730004,873,3327222,3327,2,1,1,0,1,0,0,0,1,0,0,0,0,0,0,1,0,0.6221989393,1,6.666666508,1800,38080.24609
mid8760015,876,3327222,3327,2,3,1,0,1,0,0,0,0,1,0,0,0,0,0,0,0,0.5367511511,1,2.5,2000,13780.09277
mid8760014,876,3327222,3327,2,3,0,0,1,0,0,0,1,0,0,0,0,0,0,0,0,0.790910244,1,2,2500,10024.07422
mid8980002,898,3327222,3327,2,1,1,0,1,0,0,0,0,1,0,0,0,0,0,1,0,0.5367511511,1,2,2500,10024.07422
mid8870009,887,3327222,3327,2,1,1,1,0,1,1,0,1,0,0,0,0,0,0,1,0,1.303413749,1,1.600000024,2187.5,8519.259766
mid8980003,898,3327222,3327,2,1,0,0,1,0,0,0,0,0,1,0,0,0,0,1,0,0.786514461,1,0.8333333135,3000,3760.031006
mid8790024,879,3327222,3327,2,2,0,1,0,1,0,1,0,0,1,0,0,0,0,0,1,0.7651286721,1,3,2000,16536.11133
mid8740019,874,3327222,3327,2,1,0,1,0,0,0,0,0,0,1,0,0,0,0,1,0,0.7651286721,1,3.75,2000,20670.13867
mid8890047,889,3327222,3327,2,3,0,1,0,1,1,0,0,0,1,0,0,0,0,0,0,0.7651286721,1,3,1600,17736.11133
mid8840015,884,3327222,3327,2,2,0,1,0,1,1,0,0,0,1,0,0,0,0,0,1,0.7651286721,1,4,1875,22548.14844
mid8810032,881,3327222,3327,2,3,1,1,0,0,1,0,0,1,0,0,0,0,0,0,0,1.303413749,1,2.400000095,2395.833252,12278.88965
mid8750021,875,3327222,3327,2,2,1,1,0,0,0,1,0,1,0,0,0,0,0,0,1,1.303413749,1,3.75,1800,21420.13867
mid8790015,879,3327222,3327,2,2,0,1,0,1,0,1,0,0,1,0,0,0,0,0,1,0.7651286721,1,3,2000,16536.11133
mid8810004,881,3327222,3327,2,3,0,1,0,0,1,0,0,1,0,0,0,0,0,0,0,0.7651286721,1,3,2750,14286.11133
mid8920029,892,3327222,3327,2,2,1,1,0,0,1,1,0,1,0,0,0,0,0,0,1,1.008176565,1,5,1800,28560.18555
mid8870016,887,3327222,3327,2,1,0,1,0,1,1,0,0,0,1,0,0,0,0,1,0,0.7651286721,1,1.600000024,2187.5,8519.259766
mid8930038,893,3327222,3327,2,1,1,1,0,0,0,1,1,0,0,0,0,0,0,1,0,1.303413749,1,3,1666.666626,17536.11133
mid8980001,898,3327222,3327,2,1,0,0,1,0,0,0,0,0,1,0,0,0,0,1,0,0.786514461,1,1,2333.333252,5178.703613
mid8810009,881,3327222,3327,2,3,1,1,0,0,1,0,0,1,0,0,0,0,0,0,0,1.008176565,1,4,3000,18048.14844
mid8730035,873,3327222,3327,2,1,1,0,1,0,0,0,0,1,0,0,0,0,0,1,0,2.072571754,1,5,1800,28560.18555
mid8920031,892,3327222,3327,2,2,1,1,0,0,1,1,0,1,0,0,0,0,0,0,1,1.303413749,1,6.666666508,2166.666748,35746.91406
mid8930010,893,3327222,3327,2,1,0,1,0,0,0,1,0,0,1,0,0,0,0,1,0,0.7651286721,1,2,3000,9024.074219
mid8790014,879,3327222,3327,2,2,0,1,0,1,0,1,0,0,1,0,0,0,0,0,1,0.7651286721,0,2,3333.333252,8357.407227
mid8920005,892,3327222,3327,2,2,1,1,0,0,1,1,0,1,0,0,0,0,0,0,1,1.008176565,1,5,1900,28060.18555
mid8760010,876,3327222,3327,2,3,0,0,1,0,0,0,0,0,1,0,0,0,0,0,0,0.786514461,1,1.875,2000,10335.06934
mid8940014,894,3327222,3327,2,2,0,0,1,0,0,0,0,0,1,0,0,0,0,0,1,0.786514461,0,0,,0
mid8750033,875,3327222,3327,2,2,0,1,0,0,0,1,0,0,1,0,0,0,0,0,1,0.7651286721,1,2.5,1800,14280.09277
mid8780028,878,3327222,3327,2,3,1,1,0,1,1,0,1,0,0,0,0,0,0,0,0,1.303413749,1,4.266666889,2500,21384.69336
mid8790008,879,3327222,3327,2,2,0,1,0,1,0,1,0,0,1,0,0,0,0,0,1,0.7651286721,1,1,2000,5512.037109
mid8930040,893,3327222,3327,2,1,0,1,0,0,0,1,0,0,1,0,0,0,0,1,0,0.7651286721,1,3,3000,13536.11133
mid8900038,890,3327222,3327,2,3,0,1,0,0,0,0,1,0,0,0,0,0,0,0,0,0.7651286721,1,1.200000048,2916.666504,5514.444824
mid8740042,874,3327222,3327,2,1,0,1,0,0,0,0,0,0,1,0,0,0,0,1,0,0.7651286721,1,2.5,2000,13780.09277
mid8800022,880,3327222,3327,2,2,0,0,1,0,0,0,0,0,1,0,0,0,0,0,1,0.786514461,1,0.8000000119,2500,4009.629883
mid8900030,890,3327222,3327,2,3,0,1,0,0,0,0,0,0,1,0,0,0,0,0,0,0.7651286721,1,10,1866.666626,56453.70312
mid8730025,873,3327222,3327,2,1,1,0,1,0,0,0,0,1,0,0,0,0,0,1,0,0.5367511511,1,6.666666508,1800,38080.24609
mid8830046,883,3327222,3327,2,3,1,0,1,0,0,0,0,1,0,0,0,0,0,0,0,1.922917962,1,15,1733.333374,86680.55469
mid8870005,887,3327222,3327,2,1,0,1,0,1,1,0,0,0,1,0,0,0,0,1,0,0.7651286721,1,1.600000024,2187.5,8519.259766
mid8980009,898,3327222,3327,2,1,1,0,1,0,0,0,0,1,0,0,0,0,0,1,0,0.5367511511,1,2.666666746,2600,13032.09863
mid8730003,873,3327222,3327,2,1,0,0,1,0,0,0,0,0,1,0,0,0,0,1,0,0.786514461,1,6.25,1800,35700.23047
mid8730021,873,3327222,3327,2,1,0,0,1,0,0,0,0,0,1,0,0,0,0,1,0,0.786514461,1,6.666666508,1800,38080.24609
mid8810008,881,3327222,3327,2,3,1,1,0,0,1,0,1,0,0,0,0,0,0,0,0,1.303413749,1,4,3000,18048.14844
mid8870004,887,3327222,3327,2,1,0,1,0,1,1,0,0,0,1,0,0,0,0,1,0,0.7651286721,1,2,1750,11524.07422
mid8900032,890,3327222,3327,2,3,1,1,0,0,0,0,1,0,0,0,0,0,0,0,0,1.008176565,1,1.600000024,2187.5,8519.259766
mid8840013,884,3327222,3327,2,2,1,1,0,1,1,0,1,0,0,0,0,0,0,0,1,1.303413749,1,5,1700,29060.18555
mid8760008,876,3327222,3327,2,3,0,0,1,0,0,0,1,0,0,0,0,0,0,0,0,0.790910244,1,2.5,2000,13780.09277
mid8800010,880,3327222,3327,2,2,1,0,1,0,0,0,0,1,0,0,0,0,0,0,1,0.5367511511,1,3.200000048,2500,16038.51953
mid8980005,898,3327222,3327,2,1,1,0,1,0,0,0,1,0,0,0,0,0,0,1,0,1.611629367,1,2,2500,10024.07422
mid8800016,880,3327222,3327,2,2,0,0,1,0,0,0,1,0,0,0,0,0,0,0,1,0.790910244,0,2.133333445,2500,10692.34668
mid8940027,894,3327222,3327,2,2,1,0,1,0,0,0,0,1,0,0,0,0,0,0,1,0.5367511511,0,0,,0
mid8740025,874,3327222,3327,2,1,1,1,0,0,0,0,1,0,0,0,0,0,0,1,0,1.008176565,1,7.5,2000,41340.27734
mid8800027,880,3327222,3327,2,2,0,0,1,0,0,0,0,0,1,0,0,0,0,0,1,0.786514461,1,1.600000024,2500,8019.259766
mid8780031,878,3327222,3327,2,3,1,1,0,1,1,0,1,0,0,0,0,0,0,0,0,1.303413749,1,2.133333445,2500,10692.34668
mid8750036,875,3327222,3327,2,2,1,1,0,0,0,1,0,1,0,0,0,0,0,0,1,1.008176565,1,3.75,1800,21420.13867
mid8900013,890,3327222,3327,2,3,1,1,0,0,0,0,1,0,0,0,0,0,0,0,0,1.303413749,1,1.600000024,2187.5,8519.259766
mid8830045,883,3327222,3327,2,3,1,0,1,0,0,0,1,0,0,0,0,0,0,0,0,1.611629367,1,3,2000,16536.11133
mid8980023,898,3327222,3327,2,1,0,0,1,0,0,0,0,0,1,0,0,0,0,1,0,0.786514461,1,2,2500,10024.07422
mid8750037,875,3327222,3327,2,2,1,1,0,0,0,1,0,1,0,0,0,0,0,0,1,1.303413749,1,3.75,1800,21420.13867
mid8830020,883,3327222,3327,2,3,1,0,1,0,0,0,1,0,0,0,0,0,0,0,0,1.611629367,1,2.666666746,3500,10698.76562
mid8900015,890,3327222,3327,2,3,1,1,0,0,0,0,0,1,0,0,0,0,0,0,0,1.008176565,1,0.400000006,2916.666504,1838.148315
mid8800031,880,3327222,3327,2,2,1,0,1,0,0,0,0,1,0,0,0,0,0,0,1,2.072571754,1,2.799999952,2500,14033.70312
mid8940004,894,3327222,3327,2,2,1,0,1,0,0,0,1,0,0,0,0,0,0,0,1,0.6221989393,0,0,,0
mid8830011,883,3327222,3327,2,3,1,0,1,0,0,0,0,1,0,0,0,0,0,0,0,0.5626140833,1,3,2000,16536.11133
mid8830001,883,3327222,3327,2,3,0,0,1,0,0,0,0,0,1,0,0,0,0,0,0,0.786514461,1,2.666666746,3000,12032.09863
mid8810002,881,3327222,3327,2,3,1,1,0,0,1,0,0,1,0,0,0,0,0,0,0,1.008176565,1,3,3000,13536.11133
mid8920037,892,3327222,3327,2,2,1,1,0,0,1,1,1,0,0,0,0,0,0,0,1,1.303413749,1,8,3687.5,30596.29688
mid8830038,883,3327222,3327,2,3,0,0,1,0,0,0,1,0,0,0,0,0,0,0,0,0.790910244,1,2.666666746,2250,14032.09863
mid8920008,892,3327222,3327,2,2,0,1,0,0,1,1,0,0,1,0,0,0,0,0,1,0.7651286721,1,5,1900,28060.18555
mid8890024,889,3327222,3327,2,3,0,1,0,1,1,0,0,0,1,0,0,0,0,0,0,0.7651286721,1,4,2125,21548.14844
mid8730011,873,3327222,3327,2,1,1,0,1,0,0,0,1,0,0,0,0,0,0,1,0,1.611629367,1,5,1800,28560.18555
mid8760017,876,3327222,3327,2,3,0,0,1,0,0,0,0,0,1,0,0,0,0,0,0,0.786514461,1,2.5,2000,13780.09277
mid8900031,890,3327222,3327,2,3,1,1,0,0,0,0,0,1,0,0,0,0,0,0,0,1.008176565,1,1.066666722,2187.5,5679.506348
mid8760024,876,3327222,3327,2,3,0,0,1,0,0,0,0,1,0,0,0,0,0,0,0,0.7609306574,1,2.5,2000,13780.09277
mid8920001,892,3327222,3327,2,2,0,1,0,0,1,1,0,0,1,0,0,0,0,0,1,0.7651286721,1,5,1800,28560.18555
mid8810029,881,3327222,3327,2,3,1,1,0,0,1,0,1,0,0,0,0,0,0,0,0,1.303413749,1,2.400000095,2375,12328.88965
mid8740020,874,3327222,3327,2,1,1,1,0,0,0,0,1,0,0,0,0,0,0,1,0,1.303413749,1,3.333333254,2000,18373.45703
mid8900034,890,3327222,3327,2,3,1,1,0,0,0,0,1,0,0,0,0,0,0,0,0,1.303413749,1,1.600000024,2916.666504,7352.593262
mid8750009,875,3327222,3327,2,2,0,1,0,0,0,1,0,0,1,0,0,0,0,0,1,0.7651286721,1,3.75,1600,22170.13867
mid8940033,894,3327222,3327,2,2,0,0,1,0,0,0,0,0,1,0,0,0,0,0,1,0.786514461,0,0,,0
mid8800028,880,3327222,3327,2,2,0,0,1,0,0,0,1,0,0,0,0,0,0,0,1,0.790910244,0,2.133333445,2500,10692.34668
mid8760025,876,3327222,3327,2,3,1,0,1,0,0,0,0,1,0,0,0,0,0,0,0,0.5367511511,1,1.875,2000,10335.06934
mid8780007,878,3327222,3327,2,3,1,1,0,1,1,0,0,0,1,0,0,0,0,0,0,1.303413749,1,2.400000095,2500,12028.88965
mid8920032,892,3327222,3327,2,2,1,1,0,0,1,1,0,1,0,0,0,0,0,0,1,1.303413749,1,5,1800,28560.18555
mid8810001,881,3327222,3327,2,3,1,1,0,0,1,0,0,0,1,0,0,0,0,0,0,1.008176565,1,9.600000381,2500,48115.55859
mid8750012,875,3327222,3327,2,2,1,1,0,0,0,1,0,1,0,0,0,0,0,0,1,1.008176565,1,3.75,1800,21420.13867
mid8980010,898,3327222,3327,2,1,0,0,1,0,0,0,0,0,1,0,0,0,0,1,0,0.786514461,1,1,2500,5012.037109
mid8900027,890,3327222,3327,2,3,1,1,0,0,0,0,0,1,0,0,0,0,0,0,0,1.303413749,1,1.066666722,2187.5,5679.506348
mid8940003,894,3327222,3327,2,2,1,0,1,0,0,0,0,1,0,0,0,0,0,0,1,0.5367511511,0,0,,0
mid8940035,894,3327222,3327,2,2,0,0,1,0,0,0,1,0,0,0,0,0,0,0,1,0.790910244,1,4,1875,22548.14844
mid8890037,889,3327222,3327,2,3,1,1,0,1,1,0,1,0,0,0,0,0,0,0,0,1.303413749,1,5,1700,29060.18555
mid8980007,898,3327222,3327,2,1,0,0,1,0,0,0,0,0,1,0,0,0,0,1,0,0.786514461,1,1,2500,5012.037109
mid8750031,875,3327222,3327,2,2,1,1,0,0,0,1,1,0,0,0,0,0,0,0,1,1.008176565,1,3.75,1800,21420.13867
mid8780018,878,3327222,3327,2,3,0,1,0,1,1,0,1,0,0,0,0,0,0,0,0,0.7651286721,1,2.133333445,2500,10692.34668
mid8840036,884,3327222,3327,2,2,0,1,0,1,1,0,0,0,1,0,0,0,0,0,1,0.7651286721,1,4,1875,22548.14844
mid8930002,893,3327222,3327,2,1,1,1,0,0,0,1,0,1,0,0,0,0,0,1,0,1.008176565,1,2,3000,9024.074219
mid8780004,878,3327222,3327,2,3,0,1,0,1,1,0,0,0,1,0,0,0,0,0,0,0.7651286721,1,4,2000,22048.14844
mid8830022,883,3327222,3327,2,3,1,0,1,0,0,0,1,0,0,0,0,0,0,0,0,1.611629367,1,3,2333.333252,15536.11133
mid8870019,887,3327222,3327,2,1,0,1,0,1,1,0,0,0,1,0,0,0,0,1,0,0.7651286721,1,1.600000024,2187.5,8519.259766
mid8750017,875,3327222,3327,2,2,1,1,0,0,0,1,1,0,0,0,0,0,0,0,1,1.303413749,1,3.75,1800,21420.13867
mid8830040,883,3327222,3327,2,3,1,0,1,0,0,0,0,1,0,0,0,0,0,0,0,0.5626140833,1,4,2000,22048.14844
mid9560002,956,3327281,3327,2,3,1,1,0,0,1,1,1,0,0,0,0,0,0,0,0,1.038793802,1,4,2500,20048.14844
mid9470027,947,3327281,3327,2,3,0,1,0,1,0,1,1,0,0,0,0,0,0,0,0,0.6903496385,1,5,2200,26560.18555
mid9540029,954,3327281,3327,2,3,0,0,1,0,0,0,0,0,1,0,0,0,0,0,0,0.8285403848,1,3,2166.666748,16036.11133
mid9520015,952,3327281,3327,2,2,0,1,0,1,0,0,0,0,1,0,0,0,0,0,1,0.6903496385,1,6.400000095,2421.875,32577.03906
mid9480046,948,3327281,3327,2,2,1,1,0,0,1,1,1,0,0,0,0,0,0,0,1,1.038793802,1,3.5,2000,19292.12891
mid9490022,949,3327281,3327,2,1,0,1,0,1,0,0,1,0,0,0,0,0,0,1,0,0.6903496385,1,8,2000,44096.29688
mid9480016,948,3327281,3327,2,2,1,1,0,0,1,1,0,1,0,0,0,0,0,0,1,1.462007046,1,2.333333254,1714.285767,13528.08594
mid9620039,962,3327281,3327,2,1,1,1,0,1,1,1,0,1,0,0,0,0,0,1,0,1.462007046,1,3.200000048,2500,16038.51953
mid9610017,961,3327281,3327,2,1,0,0,1,0,0,0,0,0,1,0,0,0,0,1,0,0.8285403848,0,0,,0
mid9650024,965,3327281,3327,2,3,1,1,0,0,0,1,0,1,0,0,0,0,0,0,0,1.462007046,1,9,2111.111084,48608.33594
mid9650015,965,3327281,3327,2,3,1,1,0,0,0,1,0,1,0,0,0,0,0,0,0,1.038793802,1,4,2250,21048.14844
mid9710019,971,3327281,3327,2,3,1,1,0,1,0,1,0,1,0,0,0,0,0,0,0,1.462007046,1,10,2000,55120.37109
mid9590006,959,3327281,3327,2,2,1,0,1,0,0,0,0,1,0,0,0,0,0,0,1,1.727760673,1,6,2000,33072.22266
mid9600021,960,3327281,3327,2,2,0,1,0,1,0,0,0,0,1,0,0,0,0,0,1,0.6903496385,1,3.5,2000,19292.12891
mid9560026,956,3327281,3327,2,3,1,1,0,0,1,1,1,0,0,0,0,0,0,0,0,1.462007046,1,5,2000,27560.18555
mid9540002,954,3327281,3327,2,3,0,0,1,0,0,0,0,0,1,0,0,0,0,0,0,0.8285403848,1,15,2000,82680.55469
mid9650045,965,3327281,3327,2,3,0,1,0,0,0,1,0,0,1,0,0,0,0,0,0,0.6903496385,1,9,2000,49608.33594
mid9480034,948,3327281,3327,2,2,0,1,0,0,1,1,0,0,1,0,0,0,0,0,1,0.6903496385,1,5.033333302,1718.128662,29143.91992
mid9590039,959,3327281,3327,2,2,1,0,1,0,0,0,0,1,0,0,0,0,0,0,1,0.5726642609,1,6,2000,33072.22266
mid9490018,949,3327281,3327,2,1,0,1,0,1,0,0,1,0,0,0,0,0,0,1,0,0.6903496385,1,6,2000,33072.22266
mid9500030,950,3327281,3327,2,3,1,0,1,0,0,0,0,1,0,0,0,0,0,0,0,0.5726642609,1,6,1833.333374,34072.22266
mid9500012,950,3327281,3327,2,3,1,0,1,0,0,0,0,1,0,0,0,0,0,0,0,0.5726642609,1,3,1833.333374,17036.11133
mid9490001,949,3327281,3327,2,1,0,1,0,1,0,0,0,0,1,0,0,0,0,1,0,0.6903496385,1,8,2000,44096.29688
mid9570035,957,3327281,3327,2,2,0,0,1,0,0,0,0,0,1,0,0,0,0,0,1,0.8285403848,0,0,,0
mid9600008,960,3327281,3327,2,2,1,1,0,1,0,0,0,1,0,0,0,0,0,0,1,1.462007046,1,3.5,2000,19292.12891
mid9580049,958,3327281,3327,2,2,0,1,0,0,0,1,1,0,0,0,0,0,0,0,1,0.6903496385,1,3,2000,16536.11133
mid9560035,956,3327281,3327,2,3,1,1,0,0,1,1,1,0,0,0,0,0,0,0,0,1.038793802,1,5,2200,26560.18555
mid9540009,954,3327281,3327,2,3,1,0,1,0,0,0,0,1,0,0,0,0,0,0,0,1.727760673,1,3.5,2000,19292.12891
mid9470012,947,3327281,3327,2,3,0,1,0,1,0,1,1,0,0,0,0,0,0,0,0,0.6903496385,1,10,2200,53120.37109
mid9690034,969,3327281,3327,2,1,1,0,1,0,0,0,1,0,0,0,0,0,0,1,0,1.448064685,1,5,1700,29060.18555
mid9480025,948,3327281,3327,2,2,0,1,0,0,1,1,0,0,1,0,0,0,0,0,1,0.6903496385,1,3.5,1857.142822,19792.12891
mid9450011,945,3327281,3327,2,1,0,1,0,0,0,1,0,0,1,0,0,0,0,1,0,0.6903496385,1,5,2000,27560.18555
mid9570049,957,3327281,3327,2,2,1,0,1,0,0,0,0,1,0,0,0,0,0,0,1,0.5726642609,1,5,2000,27560.18555
mid9610037,961,3327281,3327,2,1,1,0,1,0,0,0,0,1,0,0,0,0,0,1,0,0.5463393331,1,3.5,2000,19292.12891
mid9710006,971,3327281,3327,2,3,0,1,0,1,0,1,0,0,1,0,0,0,0,0,0,0.6903496385,1,5,2000,27560.18555
mid9730002,973,3327281,3327,2,1,1,1,0,0,1,0,1,0,0,0,0,0,0,1,0,1.462007046,1,7,2071.428467,38084.25781
mid9690041,969,3327281,3327,2,1,1,0,1,0,0,0,0,1,0,0,0,0,0,1,0,1.727760673,1,3.200000048,2343.75,16538.51953
mid9570007,957,3327281,3327,2,2,1,0,1,0,0,0,0,1,0,0,0,0,0,0,1,1.862226009,1,6,2000,33072.22266
mid9450019,945,3327281,3327,2,1,1,1,0,0,0,1,1,0,0,0,0,0,0,1,0,1.462007046,1,4,,21771.60547
mid9540040,954,3327281,3327,2,3,1,0,1,0,0,0,1,0,0,0,0,0,0,0,0,1.448064685,1,3.5,2142.857178,18792.12891
mid9500026,950,3327281,3327,2,3,0,0,1,0,0,0,0,0,1,0,0,0,0,0,0,0.8285403848,1,3,1833.333374,17036.11133
mid9580001,958,3327281,3327,2,2,0,1,0,0,0,1,0,0,1,0,0,0,0,0,1,0.6903496385,1,3,2000,16536.11133
mid9560038,956,3327281,3327,2,3,1,1,0,0,1,1,0,1,0,0,0,0,0,0,0,1.038793802,1,5,2000,27560.18555
mid9590016,959,3327281,3327,2,2,1,0,1,0,0,0,0,1,0,0,0,0,0,0,1,0.5726642609,1,6,2000,33072.22266
mid9500011,950,3327281,3327,2,3,1,0,1,0,0,0,1,0,0,0,0,0,0,0,0,0.633313477,1,2,1833.333374,11357.40723
mid9650044,965,3327281,3327,2,3,1,1,0,0,0,1,1,0,0,0,0,0,0,0,0,1.462007046,1,4,2250,21048.14844
mid9480026,948,3327281,3327,2,2,1,1,0,0,1,1,0,1,0,0,0,0,0,0,1,1.038793802,1,3.5,1857.142822,19792.12891
mid9540043,954,3327281,3327,2,3,0,0,1,0,0,0,0,0,1,0,0,0,0,0,0,0.8285403848,0,0,,0
mid9650007,965,3327281,3327,2,3,0,1,0,0,0,1,0,0,1,0,0,0,0,0,0,0.6903496385,1,4,2250,21048.14844
mid9590026,959,3327281,3327,2,2,0,0,1,0,0,0,0,0,1,0,0,0,0,0,1,0.8285403848,1,6,2000,33072.22266
mid9470002,947,3327281,3327,2,3,1,1,0,1,0,1,1,0,0,0,0,0,0,0,0,1.462007046,1,5,2200,26560.18555
mid9580034,958,3327281,3327,2,2,0,1,0,0,0,1,1,0,0,0,0,0,0,0,1,0.6903496385,1,3,2000,16536.11133
mid9610031,961,3327281,3327,2,1,1,0,1,0,0,0,0,1,0,0,0,0,0,1,0,1.862226009,1,3,2500,15036.11133
mid9480013,948,3327281,3327,2,2,0,1,0,0,1,1,0,0,1,0,0,0,0,0,1,0.6903496385,1,6,2166.666748,32072.22266
mid9730016,973,3327281,3327,2,1,1,1,0,0,1,0,0,1,0,0,0,0,0,1,0,1.038793802,1,12,1833.333374,68144.44531
mid9540030,954,3327281,3327,2,3,1,0,1,0,0,0,1,0,0,0,0,0,0,0,0,1.448064685,1,5,1600,29560.18555
mid9450012,945,3327281,3327,2,1,1,1,0,0,0,1,0,1,0,0,0,0,0,1,0,1.038793802,1,6,2222.222168,31738.89062
mid9690011,969,3327281,3327,2,1,0,0,1,0,0,0,0,0,1,0,0,0,0,1,0,0.8285403848,1,4,1875,22548.14844
mid9710020,971,3327281,3327,2,3,0,1,0,1,0,1,1,0,0,0,0,0,0,0,0,0.6903496385,1,5,2000,27560.18555
mid9590029,959,3327281,3327,2,2,0,0,1,0,0,0,0,0,1,0,0,0,0,0,1,0.8285403848,0,0,,0
mid9690045,969,3327281,3327,2,1,1,0,1,0,0,0,1,0,0,0,0,0,0,1,0,0.633313477,1,7,1928.571411,39084.25781
mid9540004,954,3327281,3327,2,3,1,0,1,0,0,0,1,0,0,0,0,0,0,0,0,1.448064685,1,3.5,2095.238037,18958.79492
mid9450002,945,3327281,3327,2,1,1,1,0,0,0,1,0,1,0,0,0,0,0,1,0,1.038793802,1,5,2200,26560.18555
mid9490011,949,3327281,3327,2,1,0,1,0,1,0,0,0,0,1,0,0,0,0,1,0,0.6903496385,0,0,,0
mid9540012,954,3327281,3327,2,3,1,0,1,0,0,0,1,0,0,0,0,0,0,0,0,1.448064685,1,3.5,2142.857178,18792.12891
mid9450007,945,3327281,3327,2,1,0,1,0,0,0,1,0,0,1,0,0,0,0,1,0,0.6903496385,1,5,2000,27560.18555
mid9500027,950,3327281,3327,2,3,0,0,1,0,0,0,0,0,1,0,0,0,0,0,0,0.8285403848,1,4,1833.333374,22714.81445
mid9690029,969,3327281,3327,2,1,1,0,1,0,0,0,0,1,0,0,0,0,0,1,0,0.5726642609,1,5.333333492,1650,31264.19727
mid9610038,961,3327281,3327,2,1,1,0,1,0,0,0,0,1,0,0,0,0,0,1,0,1.862226009,1,7,2142.857178,37584.25781
mid9590045,959,3327281,3327,2,2,1,0,1,0,0,0,1,0,0,0,0,0,0,0,1,1.448064685,1,6,2000,33072.22266
mid9480017,948,3327281,3327,2,2,1,1,0,0,1,1,0,1,0,0,0,0,0,0,1,1.462007046,1,7,1857.142822,39584.25781
mid9690005,969,3327281,3327,2,1,0,0,1,0,0,0,1,0,0,0,0,0,0,1,0,0.83317101,1,7,2357.142822,36084.25781
mid9470009,947,3327281,3327,2,3,0,1,0,1,0,1,0,0,1,0,0,0,0,0,0,0.6903496385,1,15,2200,79680.55469
mid9490019,949,3327281,3327,2,1,1,1,0,1,0,0,0,1,0,0,0,0,0,1,0,1.462007046,1,9,2000,49608.33594
mid9590015,959,3327281,3327,2,2,1,0,1,0,0,0,0,1,0,0,0,0,0,0,1,0.5726642609,0,0,,0
mid9580025,958,3327281,3327,2,2,0,1,0,0,0,1,0,1,0,0,0,0,0,0,1,0.6903496385,1,3,2000,16536.11133
mid9730015,973,3327281,3327,2,1,1,1,0,0,1,0,1,0,0,0,0,0,0,1,0,1.038793802,1,7,2142.857178,37584.25781
mid9610024,961,3327281,3327,2,1,1,0,1,0,0,0,0,1,0,0,0,0,0,1,0,0.5463393331,1,3.5,2000,19292.12891
mid9490030,949,3327281,3327,2,1,1,1,0,1,0,0,1,0,0,0,0,0,0,1,0,1.462007046,1,6,2000,33072.22266
mid9570028,957,3327281,3327,2,2,0,0,1,0,0,0,1,0,0,0,0,0,0,0,1,0.83317101,1,10.66666698,2000,58795.0625
mid9710001,971,3327281,3327,2,3,1,1,0,1,0,1,1,0,0,0,0,0,0,0,0,1.462007046,1,10,2800,47120.37109
mid9500015,950,3327281,3327,2,3,1,0,1,0,0,0,0,1,0,0,0,0,0,0,0,1.727760673,1,3,1833.333374,17036.11133
mid9580047,958,3327281,3327,2,2,1,1,0,0,0,1,0,1,0,0,0,0,0,0,1,1.462007046,1,3,2000,16536.11133
mid9520013,952,3327281,3327,2,2,0,1,0,1,0,0,0,0,1,0,0,0,0,0,1,0.6903496385,1,0.8333333135,2400,4260.030762
mid9650032,965,3327281,3327,2,3,0,1,0,0,0,1,1,0,0,0,0,0,0,0,0,0.6903496385,1,9,2111.111084,48608.33594
mid9540014,954,3327281,3327,2,3,1,0,1,0,0,0,0,1,0,0,0,0,0,0,0,0.5726642609,1,3.5,2142.857178,18792.12891
mid9470028,947,3327281,3327,2,3,1,1,0,1,0,1,0,1,0,0,0,0,0,0,0,1.462007046,1,6.666666508,2200,35413.58203
mid9610032,961,3327281,3327,2,1,0,0,1,0,0,0,0,0,1,0,0,0,0,1,0,0.8285403848,0,0,,0
mid9560043,956,3327281,3327,2,3,1,1,0,0,1,1,0,1,0,0,0,0,0,0,0,1.462007046,0,0,,0
mid9730036,973,3327281,3327,2,1,0,1,0,0,1,0,1,0,0,0,0,0,0,1,0,0.6903496385,1,4,2250,21048.14844
mid9590044,959,3327281,3327,2,2,1,0,1,0,0,0,0,1,0,0,0,0,0,0,1,1.862226009,1,6,2000,33072.22266
mid9650047,965,3327281,3327,2,3,1,1,0,0,0,1,0,1,0,0,0,0,0,0,0,1.038793802,1,9,2111.111084,48608.33594
mid9590046,959,3327281,3327,2,2,0,0,1,0,0,0,0,0,1,0,0,0,0,0,1,0.8285403848,0,0,,0
mid9610025,961,3327281,3327,2,1,1,0,1,0,0,0,0,1,0,0,0,0,0,1,0,0.5463393331,1,3.5,2142.857178,18792.12891
mid9650031,965,3327281,3327,2,3,1,1,0,0,0,1,1,0,0,0,0,0,0,0,0,1.462007046,1,9,2111.111084,48608.33594
mid9560029,956,3327281,3327,2,3,0,1,0,0,1,1,0,0,1,0,0,0,0,0,0,0.6903496385,0,0,,0
mid9570030,957,3327281,3327,2,2,0,0,1,0,0,0,0,0,1,0,0,0,0,0,1,0.8285403848,0,0,,0
mid9620013,962,3327281,3327,2,1,0,1,0,1,1,1,0,0,1,0,0,0,0,1,0,0.6903496385,1,3.200000048,2500,16038.51953
mid9490015,949,3327281,3327,2,1,0,1,0,1,0,0,1,0,0,0,0,0,0,1,0,0.6903496385,1,3,2000,16536.11133
mid9620027,962,3327281,3327,2,1,1,1,0,1,1,1,0,1,0,0,0,0,0,1,0,1.462007046,1,15,1600,88680.55469
mid9730004,973,3327281,3327,2,1,0,1,0,0,1,0,0,0,1,0,0,0,0,1,0,0.6903496385,1,1.333333373,2500,6682.716309
mid9710018,971,3327281,3327,2,3,1,1,0,1,0,1,0,1,0,0,0,0,0,0,0,1.462007046,1,5,1800,28560.18555
mid9610005,961,3327281,3327,2,1,1,0,1,0,0,0,0,1,0,0,0,0,0,1,0,1.727760673,1,8,2125,43096.29688
mid9470038,947,3327281,3327,2,3,0,1,0,1,0,1,0,0,1,0,0,0,0,0,0,0.6903496385,1,5,2200,26560.18555
mid9570047,957,3327281,3327,2,2,1,0,1,0,0,0,0,1,0,0,0,0,0,0,1,0.5726642609,1,6,2000,33072.22266
mid9650009,965,3327281,3327,2,3,1,1,0,0,0,1,1,0,0,0,0,0,0,0,0,1.462007046,1,9,2111.111084,48608.33594
mid9570008,957,3327281,3327,2,2,0,0,1,0,0,0,1,0,0,0,0,0,0,0,1,0.83317101,1,6.666666508,2000,36746.91406
mid9690027,969,3327281,3327,2,1,1,0,1,0,0,0,0,1,0,0,0,0,0,1,0,0.5726642609,1,7,2000,38584.25781
mid9610027,961,3327281,3327,2,1,0,0,1,0,0,0,0,0,1,0,0,0,0,1,0,0.8285403848,1,4,2125,21548.14844
mid9650025,965,3327281,3327,2,3,0,1,0,0,0,1,0,0,1,0,0,0,0,0,0,0.6903496385,1,9,2000,49608.33594
mid9570032,957,3327281,3327,2,2,0,0,1,0,0,0,0,0,1,0,0,0,0,0,1,0.8285403848,0,0,,0
mid9570037,957,3327281,3327,2,2,1,0,1,0,0,0,0,1,0,0,0,0,0,0,1,1.862226009,1,10,2000,55120.37109
mid9620018,962,3327281,3327,2,1,0,1,0,1,1,1,0,0,1,0,0,0,0,1,0,0.6903496385,1,4,2000,22048.14844
mid9730025,973,3327281,3327,2,1,0,1,0,0,1,0,0,0,1,0,0,0,0,1,0,0.6903496385,1,4,2750,19048.14844
mid9500031,950,3327281,3327,2,3,0,0,1,0,0,0,0,0,1,0,0,0,0,0,0,0.8285403848,1,6,1833.333374,34072.22266
mid9520003,952,3327281,3327,2,2,1,1,0,1,0,0,0,1,0,0,0,0,0,0,1,1.462007046,1,1.333333373,2250,7016.049316
mid9560001,956,3327281,3327,2,3,1,1,0,0,1,1,1,0,0,0,0,0,0,0,0,1.038793802,1,4.5,2222.222168,23804.16797
mid9580028,958,3327281,3327,2,2,1,1,0,0,0,1,1,0,0,0,0,0,0,0,1,1.038793802,1,3,2333.333252,15536.11133
mid9560012,956,3327281,3327,2,3,0,1,0,0,1,1,0,0,1,0,0,0,0,0,0,0.6903496385,0,0,,0
mid9690018,969,3327281,3327,2,1,0,0,1,0,0,0,1,0,0,0,0,0,0,1,0,0.83317101,1,7,1928.571411,39084.25781
mid9480042,948,3327281,3327,2,2,0,1,0,0,1,1,1,0,0,0,0,0,0,0,1,0.6903496385,1,3.5,1857.142822,19792.12891
mid9590027,959,3327281,3327,2,2,1,0,1,0,0,0,1,0,0,0,0,0,0,0,1,0.633313477,1,6,2000,33072.22266
mid9500004,950,3327281,3327,2,3,0,0,1,0,0,0,1,0,0,0,0,0,0,0,0,0.83317101,1,3,1833.333374,17036.11133
mid9490010,949,3327281,3327,2,1,0,1,0,1,0,0,0,0,1,0,0,0,0,1,0,0.6903496385,1,4,2000,22048.14844
mid9690015,969,3327281,3327,2,1,0,0,1,0,0,0,0,0,1,0,0,0,0,1,0,0.8285403848,0,0,,0
mid9450008,945,3327281,3327,2,1,1,1,0,0,0,1,1,0,0,0,0,0,0,1,0,1.038793802,1,5,2100,27060.18555
mid9730019,973,3327281,3327,2,1,1,1,0,0,1,0,0,0,1,0,0,0,0,1,0,1.462007046,1,7,2071.428467,38084.25781
mid9730038,973,3327281,3327,2,1,1,1,0,0,1,0,1,0,0,0,0,0,0,1,0,1.462007046,1,7,2071.428467,38084.25781
mid9520023,952,3327281,3327,2,2,0,1,0,1,0,0,0,0,1,0,0,0,0,0,1,0.6903496385,1,5,1800,28560.18555
mid9600001,960,3327281,3327,2,2,0,1,0,1,0,0,1,0,0,0,0,0,0,0,1,0.6903496385,1,4,1750,23048.14844
mid9580035,958,3327281,3327,2,2,0,1,0,0,0,1,0,0,1,0,0,0,0,0,1,0.6903496385,1,6,2000,33072.22266
mid9600019,960,3327281,3327,2,2,0,1,0,1,0,0,0,0,1,0,0,0,0,0,1,0.6903496385,1,3,2500,15036.11133
mid9580033,958,3327281,3327,2,2,0,1,0,0,0,1,0,1,0,0,0,0,0,0,1,0.6903496385,1,3,2000,16536.11133
mid9560003,956,3327281,3327,2,3,1,1,0,0,1,1,0,1,0,0,0,0,0,0,0,1.038793802,1,5,2200,26560.18555
mid9540037,954,3327281,3327,2,3,1,0,1,0,0,0,0,1,0,0,0,0,0,0,0,1.727760673,1,3.5,2285.714355,18292.12891
mid9470010,947,3327281,3327,2,3,0,1,0,1,0,1,0,0,1,0,0,0,0,0,0,0.6903496385,1,5,2200,26560.18555
mid9600016,960,3327281,3327,2,2,0,1,0,1,0,0,0,0,1,0,0,0,0,0,1,0.6903496385,0,0,,0
mid9710022,971,3327281,3327,2,3,0,1,0,1,0,1,0,0,1,0,0,0,0,0,0,0.6903496385,0,0,,0
mid9450020,945,3327281,3327,2,1,1,1,0,0,0,1,1,0,0,0,0,0,0,1,0,1.462007046,1,5,2100,27060.18555
mid9570024,957,3327281,3327,2,2,1,0,1,0,0,0,0,1,0,0,0,0,0,0,1,0.5463393331,1,1.666666627,2000,9186.728516
mid9490028,949,3327281,3327,2,1,1,1,0,1,0,0,0,1,0,0,0,0,0,1,0,1.462007046,1,3,2000,16536.11133
mid9560022,956,3327281,3327,2,3,0,1,0,0,1,1,0,0,1,0,0,0,0,0,0,0.6903496385,1,10,2200,53120.37109
mid9450001,945,3327281,3327,2,1,1,1,0,0,0,1,1,0,0,0,0,0,0,1,0,1.462007046,1,6.666666508,2000,36746.91406
mid9500034,950,3327281,3327,2,3,1,0,1,0,0,0,0,1,0,0,0,0,0,0,0,0.5726642609,1,6,1833.333374,34072.22266
mid9500006,950,3327281,3327,2,3,0,0,1,0,0,0,1,0,0,0,0,0,0,0,0,0.83317101,1,2.5,2000,13780.09277
mid9600011,960,3327281,3327,2,2,0,1,0,1,0,0,0,0,1,0,0,0,0,0,1,0.6903496385,1,3,2333.333252,15536.11133
mid9450022,945,3327281,3327,2,1,1,1,0,0,0,1,0,1,0,0,0,0,0,1,0,1.462007046,1,5,2000,27560.18555
mid9730033,973,3327281,3327,2,1,1,1,0,0,1,0,0,1,0,0,0,0,0,1,0,1.462007046,1,7,2142.857178,37584.25781
mid9610035,961,3327281,3327,2,1,1,0,1,0,0,0,1,0,0,0,0,0,0,1,0,1.448064685,1,4,2125,21548.14844
mid9480020,948,3327281,3327,2,2,1,1,0,0,1,1,0,1,0,0,0,0,0,0,1,1.038793802,1,9.333333015,1857.142822,52779.01172
mid9690028,969,3327281,3327,2,1,0,0,1,0,0,0,0,0,1,0,0,0,0,1,0,0.8285403848,1,4,1875,22548.14844
mid9580039,958,3327281,3327,2,2,1,1,0,0,0,1,0,1,0,0,0,0,0,0,1,1.462007046,1,3,2333.333252,15536.11133
mid9730022,973,3327281,3327,2,1,1,1,0,0,1,0,0,1,0,0,0,0,0,1,0,1.038793802,1,10,2600,49120.37109
mid9710009,971,3327281,3327,2,3,0,1,0,1,0,1,0,0,1,0,0,0,0,0,0,0.6903496385,1,5,2000,27560.18555
mid9580038,958,3327281,3327,2,2,0,1,0,0,0,1,0,0,1,0,0,0,0,0,1,0.6903496385,1,3,2000,16536.11133
mid9620012,962,3327281,3327,2,1,0,1,0,1,1,1,0,0,1,0,0,0,0,1,0,0.6903496385,1,2.133333445,2500,10692.34668
mid9620011,962,3327281,3327,2,1,1,1,0,1,1,1,0,1,0,0,0,0,0,1,0,1.462007046,1,7,2285.714355,36584.25781
mid9480003,948,3327281,3327,2,2,1,1,0,0,1,1,1,0,0,0,0,0,0,0,1,1.038793802,1,9.333333015,1857.142822,52779.01172
mid9600029,960,3327281,3327,2,2,1,1,0,1,0,0,1,0,0,0,0,0,0,0,1,1.462007046,1,3.5,3142.857178,15292.12988
mid9450006,945,3327281,3327,2,1,0,1,0,0,0,1,0,0,1,0,0,0,0,1,0,0.6903496385,1,5,2000,27560.18555
mid8700031,870,3327535,3327,2,2,1,0,1,0,0,0,0,1,0,0,0,0,0,0,1,1.81896472,1,4.5,2222.222168,23804.16797
mid8570039,857,3327535,3327,2,3,1,0,1,0,0,0,0,1,0,0,0,0,0,0,0,1.960528255,1,3.333333254,2400,17040.12305
mid8510030,851,3327535,3327,2,1,1,1,0,1,1,0,1,0,0,0,0,0,0,1,0,1.153194189,1,6,2333.333252,31072.2207
mid8720010,872,3327535,3327,2,1,0,1,0,1,1,1,0,0,1,0,0,0,0,1,0,0.3971558809,1,5,2000,27560.18555
mid8720021,872,3327535,3327,2,1,0,1,0,1,1,1,1,0,0,0,0,0,0,1,0,0.3971558809,1,5,2000,27560.18555
mid8700030,870,3327535,3327,2,2,1,0,1,0,0,0,0,1,0,0,0,0,0,0,1,0.4655201137,0,1.666666627,2000,9186.728516
mid8590009,859,3327535,3327,2,3,0,1,0,0,1,0,0,0,1,0,0,0,0,0,0,0.3971558809,1,7.333333492,1609.090942,43288.26953
mid8550039,855,3327535,3327,2,2,0,1,0,0,1,1,0,1,0,0,0,0,0,0,1,0.3971558809,1,4.666666508,2000,25722.83789
mid8710025,871,3327535,3327,2,1,1,0,1,0,0,0,0,1,0,0,0,0,0,1,0,0.4655201137,0,4.666666508,1857.142822,26389.50586
mid8550029,855,3327535,3327,2,2,1,1,0,0,1,1,0,1,0,0,0,0,0,0,1,1.153194189,1,5,2133.333252,26893.51758
mid8550030,855,3327535,3327,2,2,1,1,0,0,1,1,1,0,0,0,0,0,0,0,1,1.153194189,1,4.199999809,2410.714355,21550.55469
mid8700014,870,3327535,3327,2,2,0,0,1,0,0,0,0,0,1,0,0,0,0,0,1,0.8365650773,1,5,2000,27560.18555
mid8720040,872,3327535,3327,2,1,1,1,0,1,1,1,1,0,0,0,0,0,0,1,0,1.153194189,1,5,2000,27560.18555
mid8710010,871,3327535,3327,2,1,1,0,1,0,0,0,0,0,1,0,0,0,0,1,0,1.513650775,1,7,1857.142822,39584.25781
mid8530019,853,3327535,3327,2,1,1,1,0,0,1,1,0,1,0,0,0,0,0,1,0,1.708751321,1,5.333333492,2000,29397.53125
mid8550041,855,3327535,3327,2,2,0,1,0,0,1,1,0,0,1,0,0,0,0,0,1,0.3971558809,1,4.766666889,2098.825684,25807.37695
mid8490011,849,3327535,3327,2,3,1,1,0,1,0,0,1,0,0,0,0,0,0,0,0,1.153194189,1,5.333333492,2125,28730.86523
mid8570027,857,3327535,3327,2,3,0,0,1,0,0,0,0,0,1,0,0,0,0,0,0,0.8365650773,1,2.5,2000,13780.09277
mid8490042,849,3327535,3327,2,3,0,1,0,1,0,0,0,0,1,0,0,0,0,0,0,0.3971558809,1,8,2125,43096.29688
mid8700010,870,3327535,3327,2,2,1,0,1,0,0,0,1,0,0,0,0,0,0,0,1,0.5148220658,1,5,2000,27560.18555
mid8520046,852,3327535,3327,2,2,1,1,0,1,1,0,1,0,0,0,0,0,0,0,1,1.153194189,1,6,1750,34572.22266
mid8490046,849,3327535,3327,2,3,1,1,0,1,0,0,0,1,0,0,0,0,0,0,0,1.153194189,1,5.333333492,2125,28730.86523
mid8580027,858,3327535,3327,2,2,1,1,0,0,1,1,0,1,0,0,0,0,0,0,1,1.153194189,1,6,2333.333252,31072.22266
mid8590022,859,3327535,3327,2,3,1,1,0,0,1,0,0,1,0,0,0,0,0,0,0,1.708751321,1,6.666666508,2100,36080.24609
mid8580002,858,3327535,3327,2,2,1,1,0,0,1,1,0,1,0,0,0,0,0,0,1,1.153194189,1,4,2333.333252,20714.81445
mid8550038,855,3327535,3327,2,2,1,1,0,0,1,1,0,1,0,0,0,0,0,0,1,1.153194189,1,5.333333492,1875,30064.19727
mid8520032,852,3327535,3327,2,2,0,1,0,1,1,0,0,0,1,0,0,0,0,0,1,0.3971558809,1,3.333333254,2100,18040.12305
mid8700001,870,3327535,3327,2,2,0,0,1,0,0,0,1,0,0,0,0,0,0,0,1,0.8412406445,1,4.5,2222.222168,23804.16797
mid8590008,859,3327535,3327,2,3,1,1,0,0,1,0,1,0,0,0,0,0,0,0,0,1.153194189,1,10,2100,54120.37109
mid8720003,872,3327535,3327,2,1,1,1,0,1,1,1,0,1,0,0,0,0,0,1,0,1.153194189,1,5,2000,27560.18555
mid8570041,857,3327535,3327,2,3,0,0,1,0,0,0,0,0,1,0,0,0,0,0,0,0.8365650773,1,5,2000,27560.18555
mid8580015,858,3327535,3327,2,2,0,1,0,0,1,1,0,0,1,0,0,0,0,0,1,0.3971558809,1,4,2416.666748,20381.48242
mid8580012,858,3327535,3327,2,2,1,1,0,0,1,1,0,1,0,0,0,0,0,0,1,1.708751321,1,9.333333015,2000,51445.67578
mid8570005,857,3327535,3327,2,3,1,0,1,0,0,0,0,1,0,0,0,0,0,0,0,0.4441205561,1,1.666666627,2400,8520.061523
mid8570004,857,3327535,3327,2,3,1,0,1,0,0,0,0,1,0,0,0,0,0,0,0,1.81896472,0,2.5,2000,13780.09277
mid8710032,871,3327535,3327,2,1,1,0,1,0,0,0,0,1,0,0,0,0,0,1,0,1.960528255,1,3.333333254,2600,16373.45703
mid8550044,855,3327535,3327,2,2,1,1,0,0,1,1,0,1,0,0,0,0,0,0,1,1.153194189,1,4.666666508,2357.142822,24056.17188
mid8550034,855,3327535,3327,2,2,1,1,0,0,1,1,0,0,1,0,0,0,0,0,1,1.153194189,1,5,2000,27560.18555
mid8580005,858,3327535,3327,2,2,0,1,0,0,1,1,0,0,1,0,0,0,0,0,1,0.3971558809,1,7.5,1866.666626,42340.27734
mid8520021,852,3327535,3327,2,2,1,1,0,1,1,0,0,1,0,0,0,0,0,0,1,1.153194189,1,4,1750,23048.14844
mid8570032,857,3327535,3327,2,3,0,0,1,0,0,0,1,0,0,0,0,0,0,0,0,0.8412406445,1,5,2000,27560.18555
mid8520018,852,3327535,3327,2,2,0,1,0,1,1,0,0,0,1,0,0,0,0,0,1,0.3971558809,0,0,,0
mid8710017,871,3327535,3327,2,1,1,0,1,0,0,0,0,1,0,0,0,0,0,1,0,0.4655201137,1,7,1857.142822,39584.25781
mid8590010,859,3327535,3327,2,3,1,1,0,0,1,0,1,0,0,0,0,0,0,0,0,1.153194189,1,7.333333492,1909.090942,41088.26953
mid8580014,858,3327535,3327,2,2,1,1,0,0,1,1,0,1,0,0,0,0,0,0,1,1.153194189,1,4,2333.333252,20714.81445
mid8520011,852,3327535,3327,2,2,1,1,0,1,1,0,1,0,0,0,0,0,0,0,1,1.153194189,1,1.666666627,2100,9020.061523
mid8580006,858,3327535,3327,2,2,1,1,0,0,1,1,0,0,1,0,0,0,0,0,1,1.153194189,1,7.5,1733.333374,43340.27734
mid8580031,858,3327535,3327,2,2,1,1,0,0,1,1,0,1,0,0,0,0,0,0,1,1.153194189,1,7,2000,38584.25781
mid8530032,853,3327535,3327,2,1,1,1,0,0,1,1,0,1,0,0,0,0,0,1,0,1.708751321,1,6,1777.777832,34405.55859
mid8490031,849,3327535,3327,2,3,1,1,0,1,0,0,0,1,0,0,0,0,0,0,0,1.153194189,1,13.33333302,2125,71827.16406
mid8720023,872,3327535,3327,2,1,0,1,0,1,1,1,0,0,1,0,0,0,0,1,0,0.3971558809,1,5,2000,27560.18555
mid8590021,859,3327535,3327,2,3,1,1,0,0,1,0,1,0,0,0,0,0,0,0,0,1.708751321,1,6.666666508,2100,36080.24609
mid8720008,872,3327535,3327,2,1,0,1,0,1,1,1,1,0,0,0,0,0,0,1,0,0.3971558809,1,3.333333254,2200,17706.79102
mid8490027,849,3327535,3327,2,3,1,1,0,1,0,0,0,1,0,0,0,0,0,0,0,1.153194189,1,8,2125,43096.29688
mid8590031,859,3327535,3327,2,3,1,1,0,0,1,0,0,0,1,0,0,0,0,0,0,1.708751321,1,10,2100,54120.37109
mid8580026,858,3327535,3327,2,2,1,1,0,0,1,1,0,1,0,0,0,0,0,0,1,1.153194189,1,7,2000,38584.25781
mid8530029,853,3327535,3327,2,1,1,1,0,0,1,1,0,0,1,0,0,0,0,1,0,1.153194189,1,6,1777.777832,34405.55859
mid8710029,871,3327535,3327,2,1,1,0,1,0,0,0,0,1,0,0,0,0,0,1,0,1.81896472,1,7.5,1733.333374,43340.27734
mid8520012,852,3327535,3327,2,2,0,1,0,1,1,0,0,0,1,0,0,0,0,0,1,0.3971558809,1,6,1750,34572.22266
mid8530020,853,3327535,3327,2,1,1,1,0,0,1,1,1,0,0,0,0,0,0,1,0,1.153194189,1,5.333333492,2000,29397.53125
mid8510009,851,3327535,3327,2,1,0,1,0,1,1,0,0,0,1,0,0,0,0,1,0,0.3971558809,1,4.5,2222.222168,23804.16797
mid8550020,855,3327535,3327,2,2,1,1,0,0,1,1,0,1,0,0,0,0,0,0,1,1.153194189,1,4.666666508,2285.714355,24389.50586
mid8530033,853,3327535,3327,2,1,1,1,0,0,1,1,1,0,0,0,0,0,0,1,0,1.153194189,1,6,1777.777832,34405.55859
mid8550048,855,3327535,3327,2,2,1,1,0,0,1,1,1,0,0,0,0,0,0,0,1,1.708751321,1,4.666666508,2142.857178,25056.17188
mid8700018,870,3327535,3327,2,2,1,0,1,0,0,0,1,0,0,0,0,0,0,0,1,1.524504423,0,1.666666627,2000,9186.728516
mid8700029,870,3327535,3327,2,2,1,0,1,0,0,0,0,0,1,0,0,0,0,0,1,0.2941263616,1,3.333333254,2000,18373.45703
mid8490016,849,3327535,3327,2,3,0,1,0,1,0,0,0,0,1,0,0,0,0,0,0,0.3971558809,1,2.666666746,2000,14698.76562
mid8490038,849,3327535,3327,2,3,1,1,0,1,0,0,0,1,0,0,0,0,0,0,0,1.153194189,0,5.333333492,2125,28730.86523
mid8530018,853,3327535,3327,2,1,1,1,0,0,1,1,1,0,0,0,0,0,0,1,0,1.153194189,1,4.799999714,2222.222168,25391.10938
mid8570010,857,3327535,3327,2,3,1,0,1,0,0,0,0,1,0,0,0,0,0,0,0,1.960528255,1,5,2400,25560.18555
mid8580009,858,3327535,3327,2,2,1,1,0,0,1,1,0,1,0,0,0,0,0,0,1,1.153194189,1,5,2800,23560.18555
mid8520041,852,3327535,3327,2,2,1,1,0,1,1,0,0,1,0,0,0,0,0,0,1,1.153194189,1,5,2100,27060.18555
mid8510036,851,3327535,3327,2,1,1,1,0,1,1,0,0,1,0,0,0,0,0,1,0,1.153194189,1,8,2500,40096.29688
mid8590001,859,3327535,3327,2,3,0,1,0,0,1,0,0,0,1,0,0,0,0,0,0,0.3971558809,0,0,,0
mid8710012,871,3327535,3327,2,1,1,0,1,0,0,0,0,1,0,0,0,0,0,1,0,0.4655201137,1,4.666666508,1857.142822,26389.50586
mid8570018,857,3327535,3327,2,3,1,0,1,0,0,0,0,1,0,0,0,0,0,0,0,0.4441205561,1,3.700000048,2162.337646,19794.53711
mid8710020,871,3327535,3327,2,1,1,0,1,0,0,0,0,1,0,0,0,0,0,1,0,0.4655201137,1,7.5,1733.333374,43340.27734
mid8700005,870,3327535,3327,2,2,1,0,1,0,0,0,1,0,0,0,0,0,0,0,1,0.5148220658,1,3.333333254,2000,18373.45703
mid8510007,851,3327535,3327,2,1,0,1,0,1,1,0,0,0,1,0,0,0,0,1,0,0.3971558809,1,3,2666.666748,14536.1123
mid8720026,872,3327535,3327,2,1,1,1,0,1,1,1,1,0,0,0,0,0,0,1,0,1.153194189,1,5,2000,27560.18555
mid8590014,859,3327535,3327,2,3,1,1,0,0,1,0,0,1,0,0,0,0,0,0,0,1.153194189,1,8,2625,39096.29688
mid8510006,851,3327535,3327,2,1,1,1,0,1,1,0,1,0,0,0,0,0,0,1,0,1.153194189,1,6.666666508,2000,36746.91406
mid8510004,851,3327535,3327,2,1,1,1,0,1,1,0,1,0,0,0,0,0,0,1,0,1.153194189,1,10,1900,56120.37109
mid8700022,870,3327535,3327,2,2,1,0,1,0,0,0,0,1,0,0,0,0,0,0,1,0.4655201137,1,10,2000,55120.37109
mid8530025,853,3327535,3327,2,1,0,1,0,0,1,1,0,0,1,0,0,0,0,1,0,0.3971558809,1,5.666666508,1882.352905,31901.54492
mid8530011,853,3327535,3327,2,1,1,1,0,0,1,1,0,1,0,0,0,0,0,1,0,1.153194189,1,5.5,1941.176514,30649.53711
mid8550006,855,3327535,3327,2,2,0,1,0,0,1,1,0,0,1,0,0,0,0,0,1,0.3971558809,1,5,1733.333374,28893.51758
mid8490032,849,3327535,3327,2,3,0,1,0,1,0,0,0,0,1,0,0,0,0,0,0,0.3971558809,1,8,2125,43096.29688
mid8490002,849,3327535,3327,2,3,1,1,0,1,0,0,0,1,0,0,0,0,0,0,0,1.153194189,1,5.333333492,2062.5,29064.19727
mid8700012,870,3327535,3327,2,2,1,0,1,0,0,0,0,0,1,0,0,0,0,0,1,0.2941263616,1,5,2000,27560.18555
mid8570044,857,3327535,3327,2,3,1,0,1,0,0,0,1,0,0,0,0,0,0,0,0,1.524504423,1,5,2000,27560.18555
mid8590024,859,3327535,3327,2,3,1,1,0,0,1,0,0,1,0,0,0,0,0,0,0,1.708751321,1,6.666666508,2100,36080.24609
mid8590020,859,3327535,3327,2,3,1,1,0,0,1,0,1,0,0,0,0,0,0,0,0,1.153194189,1,10,2400,51120.37109
mid8530007,853,3327535,3327,2,1,1,1,0,0,1,1,1,0,0,0,0,0,0,1,0,1.153194189,1,5.333333492,2000,29397.53125
mid8510042,851,3327535,3327,2,1,1,1,0,1,1,0,0,1,0,0,0,0,0,1,0,1.153194189,0,6,2222.222168,31738.89062
mid8710039,871,3327535,3327,2,1,1,0,1,0,0,0,0,0,1,0,0,0,0,1,0,0.2941263616,1,7.5,1733.333374,43340.27734
mid8710015,871,3327535,3327,2,1,0,0,1,0,0,0,0,0,1,0,0,0,0,1,0,0.8365650773,1,6,2166.666748,32072.22266
mid8710042,871,3327535,3327,2,1,1,0,1,0,0,0,0,1,0,0,0,0,0,1,0,0.4655201137,1,6,2166.666748,32072.22266
mid8570047,857,3327535,3327,2,3,0,0,1,0,0,0,0,0,1,0,0,0,0,0,0,0.8365650773,0,0,,0
mid8530003,853,3327535,3327,2,1,1,1,0,0,1,1,0,0,1,0,0,0,0,1,0,1.708751321,1,5.666666508,1882.352905,31901.54492
mid8510032,851,3327535,3327,2,1,0,1,0,1,1,0,0,0,1,0,0,0,0,1,0,0.3971558809,0,0,,0
mid9350016,935,3327556,3327,2,3,0,0,1,0,0,0,0,0,1,0,0,0,0,0,0,0.7615902424,1,9,1777.777832,51608.33594
mid9230019,923,3327556,3327,2,1,1,1,0,0,0,0,1,0,0,0,0,0,0,1,0,1.334538341,1,4.5,1577.777832,26737.50195
mid9410016,941,3327556,3327,2,1,1,1,0,1,0,1,0,1,0,0,0,0,0,1,0,1.334538341,1,3.5,1857.142822,19792.12891
mid9320028,932,3327556,3327,2,1,0,1,0,0,1,1,0,0,1,0,0,0,0,1,0,0.7660832405,1,5,1800,28560.18555
mid9390003,939,3327556,3327,2,1,0,1,0,1,1,0,0,0,1,0,0,0,0,1,0,0.7660832405,1,4,2000,22048.14844
mid9420001,942,3327556,3327,2,3,1,0,1,0,0,0,1,0,0,0,0,0,0,0,0,1.470571637,1,3.75,2000,20670.13867
mid9270016,927,3327556,3327,2,2,1,0,1,0,0,0,0,0,1,0,0,0,0,0,1,0.3869698644,1,5,2200,26560.18555
mid9420010,942,3327556,3327,2,3,1,0,1,0,0,0,1,0,0,0,0,0,0,0,0,1.470571637,1,5,2000,27560.18555
mid9430024,943,3327556,3327,2,2,0,0,1,0,0,0,1,0,0,0,0,0,0,0,1,0.7658467293,1,5,1800,28560.18555
mid9240046,924,3327556,3327,2,3,0,1,0,0,1,1,0,0,1,0,0,0,0,0,0,0.7660832405,1,2,2200,10624.07422
mid9240034,924,3327556,3327,2,3,1,1,0,0,1,1,0,1,0,0,0,0,0,0,0,0.907384336,1,3,2166.666748,16036.11133
mid9440001,944,3327556,3327,2,1,0,0,1,0,0,0,0,0,1,0,0,0,0,1,0,0.7615902424,1,5,2000,27560.18555
mid9430008,943,3327556,3327,2,2,1,0,1,0,0,0,0,1,0,0,0,0,0,0,1,1.75461483,1,5,2000,27560.18555
mid9300042,930,3327556,3327,2,3,1,1,0,0,0,1,0,1,0,0,0,0,0,0,0,0.907384336,0,0,,0
mid9350005,935,3327556,3327,2,3,1,0,1,0,0,0,0,1,0,0,0,0,0,0,0,0.6124655604,1,9,1777.777832,51608.33594
mid9230029,923,3327556,3327,2,1,1,1,0,0,0,0,0,1,0,0,0,0,0,1,0,1.334538341,1,5,1600,29560.18555
mid9440004,944,3327556,3327,2,1,1,0,1,0,0,0,1,0,0,0,0,0,0,1,0,0.6773300171,1,7.5,1733.333374,43340.27734
mid9440005,944,3327556,3327,2,1,1,0,1,0,0,0,0,1,0,0,0,0,0,1,0,1.891170144,1,3,2366.666748,15436.11133
mid9440039,944,3327556,3327,2,1,1,0,1,0,0,0,0,1,0,0,0,0,0,1,0,1.75461483,1,10,2000,55120.37109
mid9330025,933,3327556,3327,2,3,0,1,0,1,1,0,1,0,0,0,0,0,0,0,0,0.7660832405,1,5,1800,28560.18555
mid9240023,924,3327556,3327,2,3,0,1,0,0,1,1,0,0,1,0,0,0,0,0,0,0.7660832405,1,2,2166.666748,10690.74121
mid9250033,925,3327556,3327,2,3,1,1,0,1,1,1,0,1,0,0,0,0,0,0,0,1.334538341,1,3,2000,16536.11133
mid9300013,930,3327556,3327,2,3,1,1,0,0,0,1,0,1,0,0,0,0,0,0,0,0.907384336,0,1,2000,5512.037109
mid9300021,930,3327556,3327,2,3,0,1,0,0,0,1,0,0,1,0,0,0,0,0,0,0.7660832405,0,1.333333373,1500,8016.049316
mid9410004,941,3327556,3327,2,1,0,1,0,1,0,1,0,0,1,0,0,0,0,1,0,0.7660832405,0,0,,0
mid9390002,939,3327556,3327,2,1,1,1,0,1,1,0,1,0,0,0,0,0,0,1,0,1.334538341,1,8,2000,44096.29688
mid9350020,935,3327556,3327,2,3,1,0,1,0,0,0,1,0,0,0,0,0,0,0,0,1.470571637,1,9,1666.666626,52608.33594
mid9250020,925,3327556,3327,2,3,1,1,0,1,1,1,0,1,0,0,0,0,0,0,0,1.334538341,1,4,2000,22048.14844
mid9310014,931,3327556,3327,2,2,1,1,0,1,1,1,0,1,0,0,0,0,0,0,1,1.334538341,1,4,2000,22048.14844
mid9390038,939,3327556,3327,2,1,1,1,0,1,1,0,1,0,0,0,0,0,0,1,0,1.334538341,1,8,2000,44096.29688
mid9220045,922,3327556,3327,2,2,0,1,0,1,0,1,0,0,1,0,0,0,0,0,1,0.7660832405,1,2.666666746,2250,14032.09863
mid9230001,923,3327556,3327,2,1,1,1,0,0,0,0,0,1,0,0,0,0,0,1,0,1.334538341,1,4.5,1777.777832,25804.16797
mid9420003,942,3327556,3327,2,3,0,0,1,0,0,0,0,0,1,0,0,0,0,0,0,0.7615902424,1,2.5,2400,12780.09277
mid9430043,943,3327556,3327,2,2,0,0,1,0,0,0,0,0,1,0,0,0,0,0,1,0.7615902424,1,3.75,2000,20670.13867
mid9240043,924,3327556,3327,2,3,0,1,0,0,1,1,0,0,1,0,0,0,0,0,0,0.7660832405,1,4,1625,23548.14844
mid9310015,931,3327556,3327,2,2,0,1,0,1,1,1,0,1,0,0,0,0,0,0,1,0.7660832405,1,2,2333.333252,10357.40723
mid9430036,943,3327556,3327,2,2,1,0,1,0,0,0,0,1,0,0,0,0,0,0,1,1.75461483,1,5,2000,27560.18555
mid9220038,922,3327556,3327,2,2,1,1,0,1,0,1,0,1,0,0,0,0,0,0,1,1.334538341,1,5,2200,26560.18555
mid9270005,927,3327556,3327,2,2,1,0,1,0,0,0,0,1,0,0,0,0,0,0,1,0.5843110085,1,1.333333373,2750,6349.382812
mid9310033,931,3327556,3327,2,2,0,1,0,1,1,1,1,0,0,0,0,0,0,0,1,0.7660832405,1,2,2000,11024.07422
mid9390026,939,3327556,3327,2,1,0,1,0,1,1,0,0,0,1,0,0,0,0,1,0,0.7660832405,1,2.666666746,2000,14698.76562
mid9320016,932,3327556,3327,2,1,0,1,0,0,1,1,0,0,1,0,0,0,0,1,0,0.7660832405,0,0,,0
mid9390042,939,3327556,3327,2,1,1,1,0,1,1,0,0,1,0,0,0,0,0,1,0,1.334538341,1,4,2000,22048.14844
mid9350019,935,3327556,3327,2,3,1,0,1,0,0,0,0,1,0,0,0,0,0,0,0,0.6124655604,0,0,,0
mid9230010,923,3327556,3327,2,1,1,1,0,0,0,0,0,1,0,0,0,0,0,1,0,0.907384336,1,5,1600,29560.18555
mid9220043,922,3327556,3327,2,2,0,1,0,1,0,1,0,0,1,0,0,0,0,0,1,0.7660832405,1,5,1600,29560.18555
mid9420044,942,3327556,3327,2,3,1,0,1,0,0,0,1,0,0,0,0,0,0,0,0,0.6773300171,1,5,2000,27560.18555
mid9300030,930,3327556,3327,2,3,0,1,0,0,0,1,0,0,1,0,0,0,0,0,0,0.7660832405,1,3,2000,16536.11133
mid9440020,944,3327556,3327,2,1,0,0,1,0,0,0,0,1,0,0,0,0,0,1,0,0.7368171811,1,7.5,1866.666626,42340.27734
mid9430044,943,3327556,3327,2,2,1,0,1,0,0,0,1,0,0,0,0,0,0,0,1,1.470571637,1,4,2500,20048.14844
mid9230003,923,3327556,3327,2,1,0,1,0,0,0,0,0,0,1,0,0,0,0,1,0,0.7660832405,1,5,1650,29226.85156
mid9320002,932,3327556,3327,2,1,0,1,0,0,1,1,0,0,1,0,0,0,0,1,0,0.7660832405,1,3.75,1700,21795.13867
mid9340019,934,3327556,3327,2,2,0,1,0,0,0,0,0,0,1,0,0,0,0,0,1,0.7660832405,1,2,2000,11024.07422
mid9270037,927,3327556,3327,2,2,1,0,1,0,0,0,0,1,0,0,0,0,0,0,1,0.6124655604,1,5,2200,26560.18555
mid9410013,941,3327556,3327,2,1,0,1,0,1,0,1,0,0,1,0,0,0,0,1,0,0.7660832405,1,2.625,2000,14469.09668
mid9340021,934,3327556,3327,2,2,0,1,0,0,0,0,0,0,1,0,0,0,0,0,1,0.7660832405,0,0,,0
mid9340020,934,3327556,3327,2,2,1,1,0,0,0,0,1,0,0,0,0,0,0,0,1,0.907384336,1,6,2000,33072.22266
mid9320007,932,3327556,3327,2,1,1,1,0,0,1,1,0,1,0,0,0,0,0,1,0,0.907384336,1,5,1800,28560.18555
mid9430038,943,3327556,3327,2,2,1,0,1,0,0,0,0,1,0,0,0,0,0,0,1,0.6124655604,1,5,1800,28560.18555
mid9340026,934,3327556,3327,2,2,0,1,0,0,0,0,0,0,1,0,0,0,0,0,1,0.7660832405,0,0,,0
mid9310010,931,3327556,3327,2,2,0,1,0,1,1,1,0,0,1,0,0,0,0,0,1,0.7660832405,1,3,2333.333252,15536.11133
mid9240033,924,3327556,3327,2,3,1,1,0,0,1,1,0,1,0,0,0,0,0,0,0,0.907384336,1,2,2166.666748,10690.74121
mid9340007,934,3327556,3327,2,2,0,1,0,0,0,0,1,0,0,0,0,0,0,0,1,0.7660832405,1,3,2000,16536.11133
mid9270020,927,3327556,3327,2,2,1,0,1,0,0,0,0,1,0,0,0,0,0,0,1,1.891170144,1,5,2200,26560.18555
mid9230008,923,3327556,3327,2,1,0,1,0,0,0,0,0,0,1,0,0,0,0,1,0,0.7660832405,1,4,2000,22048.14844
mid9330039,933,3327556,3327,2,3,0,1,0,1,1,0,0,0,1,0,0,0,0,0,0,0.7660832405,1,2.25,2000,12402.08398
mid9350021,935,3327556,3327,2,3,1,0,1,0,0,0,1,0,0,0,0,0,0,0,0,1.470571637,1,18,1666.666626,105216.6719
mid9420029,942,3327556,3327,2,3,1,0,1,0,0,0,0,1,0,0,0,0,0,0,0,0.6124655604,1,4,2750,19048.14844
mid9420032,942,3327556,3327,2,3,1,0,1,0,0,0,1,0,0,0,0,0,0,0,0,1.470571637,1,2.5,2000,13780.09277
mid9320015,932,3327556,3327,2,1,1,1,0,0,1,1,0,1,0,0,0,0,0,1,0,0.907384336,1,7.5,1666.666626,43840.27734
mid9420046,942,3327556,3327,2,3,0,0,1,0,0,0,0,0,1,0,0,0,0,0,0,0.7615902424,1,3.75,2000,20670.13867
mid9440041,944,3327556,3327,2,1,1,0,1,0,0,0,1,0,0,0,0,0,0,1,0,0.6773300171,1,7,1857.142822,39584.25781
mid9270032,927,3327556,3327,2,2,0,0,1,0,0,0,1,0,0,0,0,0,0,0,1,0.7658467293,1,5,2200,26560.18555
mid9390011,939,3327556,3327,2,1,0,1,0,1,1,0,0,0,1,0,0,0,0,1,0,0.7660832405,0,0,,0
mid9270042,927,3327556,3327,2,2,1,0,1,0,0,0,0,1,0,0,0,0,0,0,1,0.6124655604,1,2.5,2200,13280.09277
mid9350018,935,3327556,3327,2,3,1,0,1,0,0,0,0,1,0,0,0,0,0,0,0,0.6124655604,1,10.66666698,2000,58795.0625
mid9300045,930,3327556,3327,2,3,1,1,0,0,0,1,0,1,0,0,0,0,0,0,0,0.907384336,0,1.666666627,1400,10186.72852
mid9350029,935,3327556,3327,2,3,1,0,1,0,0,0,1,0,0,0,0,0,0,0,0,1.470571637,1,10.5,1822.916626,60126.39062
mid9430042,943,3327556,3327,2,2,0,0,1,0,0,0,0,0,1,0,0,0,0,0,1,0.7615902424,1,5,2000,27560.18555
mid9410003,941,3327556,3327,2,1,0,1,0,1,0,1,0,0,1,0,0,0,0,1,0,0.7660832405,1,1.75,2000,9646.064453
mid9340002,934,3327556,3327,2,2,1,1,0,0,0,0,0,1,0,0,0,0,0,0,1,1.334538341,1,6,1600,35472.22266
mid9430019,943,3327556,3327,2,2,0,0,1,0,0,0,0,0,1,0,0,0,0,0,1,0.7615902424,1,5,2000,27560.18555
mid9300037,930,3327556,3327,2,3,1,1,0,0,0,1,0,1,0,0,0,0,0,0,0,1.334538341,1,3,2000,16536.11133
mid9270045,927,3327556,3327,2,2,0,0,1,0,0,0,0,0,1,0,0,0,0,0,1,0.7615902424,1,4,2750,19048.14844
mid9300024,930,3327556,3327,2,3,0,1,0,0,0,1,0,0,1,0,0,0,0,0,0,0.7660832405,1,15,2000,82680.55469
mid9270018,927,3327556,3327,2,2,0,0,1,0,0,0,0,0,1,0,0,0,0,0,1,0.7615902424,1,2.5,2200,13280.09277
mid9300027,930,3327556,3327,2,3,1,1,0,0,0,1,0,1,0,0,0,0,0,0,0,0.907384336,1,3,2000,16536.11133
mid9250005,925,3327556,3327,2,3,0,1,0,1,1,1,0,0,1,0,0,0,0,0,0,0.7660832405,1,3,2000,16536.11133
mid9240007,924,3327556,3327,2,3,1,1,0,0,1,1,0,1,0,0,0,0,0,0,0,1.334538341,1,4,1625,23548.14844
mid9420040,942,3327556,3327,2,3,1,0,1,0,0,0,0,1,0,0,0,0,0,0,0,1.891170144,1,5,2000,27560.18555
mid9310026,931,3327556,3327,2,2,0,1,0,1,1,1,0,0,1,0,0,0,0,0,1,0.7660832405,1,3,2000,16536.11133
mid9220015,922,3327556,3327,2,2,0,1,0,1,0,1,1,0,0,0,0,0,0,0,1,0.7660832405,1,5,2200,26560.18555
mid9340003,934,3327556,3327,2,2,1,1,0,0,0,0,1,0,0,0,0,0,0,0,1,1.334538341,1,6,2000,33072.22266
mid9320012,932,3327556,3327,2,1,1,1,0,0,1,1,0,1,0,0,0,0,0,1,0,1.334538341,1,7.5,1666.666626,43840.27734
mid9320013,932,3327556,3327,2,1,1,1,0,0,1,1,0,1,0,0,0,0,0,1,0,0.907384336,1,7.5,1666.666626,43840.27734
mid9320027,932,3327556,3327,2,1,1,1,0,0,1,1,0,1,0,0,0,0,0,1,0,1.334538341,1,5,1700,29060.18555
mid9440028,944,3327556,3327,2,1,1,0,1,0,0,0,0,1,0,0,0,0,0,1,0,1.75461483,1,10.5,2000,57876.39062
mid9240015,924,3327556,3327,2,3,1,1,0,0,1,1,0,1,0,0,0,0,0,0,0,1.334538341,0,1,2166.666748,5345.370605
mid9320021,932,3327556,3327,2,1,1,1,0,0,1,1,0,1,0,0,0,0,0,1,0,0.907384336,1,10,1600,59120.37109
mid9230036,923,3327556,3327,2,1,1,1,0,0,0,0,0,1,0,0,0,0,0,1,0,1.334538341,1,3,1777.777832,17202.7793
mid9230039,923,3327556,3327,2,1,1,1,0,0,0,0,0,1,0,0,0,0,0,1,0,0.907384336,1,4,2000,22048.14844
mid9330005,933,3327556,3327,2,3,1,1,0,1,1,0,0,1,0,0,0,0,0,0,0,1.334538341,1,3.5,2285.714355,18292.12891
mid9340025,934,3327556,3327,2,2,1,1,0,0,0,0,0,1,0,0,0,0,0,0,1,0.907384336,1,6,2000,33072.22266
mid9440037,944,3327556,3327,2,1,1,0,1,0,0,0,0,1,0,0,0,0,0,1,0,0.5843110085,1,6.5,1846.153809,36828.24219
mid9330008,933,3327556,3327,2,3,0,1,0,1,1,0,0,0,1,0,0,0,0,0,0,0.7660832405,1,3,2000,16536.11133
mid9300020,930,3327556,3327,2,3,1,1,0,0,0,1,0,1,0,0,0,0,0,0,0,1.334538341,1,3,2000,16536.11133
mid9340013,934,3327556,3327,2,2,1,1,0,0,0,0,0,1,0,0,0,0,0,0,1,1.334538341,1,4,2000,22048.14844
mid9320037,932,3327556,3327,2,1,1,1,0,0,1,1,0,1,0,0,0,0,0,1,0,1.334538341,1,3.75,1700,21795.13867
mid9270011,927,3327556,3327,2,2,1,0,1,0,0,0,0,1,0,0,0,0,0,0,1,1.891170144,1,5,2200,26560.18555
mid9240029,924,3327556,3327,2,3,1,1,0,0,1,1,0,1,0,0,0,0,0,0,0,0.907384336,1,3.5,1857.142822,19792.12891
mid9230004,923,3327556,3327,2,1,0,1,0,0,0,0,1,0,0,0,0,0,0,1,0,0.7660832405,1,5,1600,29560.18555
mid9240044,924,3327556,3327,2,3,1,1,0,0,1,1,1,0,0,0,0,0,0,0,0,1.334538341,1,2.333333254,1857.142822,13194.75293
mid9420009,942,3327556,3327,2,3,0,0,1,0,0,0,0,0,1,0,0,0,0,0,0,0.7615902424,0,0,,0
mid9350025,935,3327556,3327,2,3,0,0,1,0,0,0,0,0,1,0,0,0,0,0,0,0.6533354521,1,6,1777.777832,34405.55859
mid9270038,927,3327556,3327,2,2,1,0,1,0,0,0,1,0,0,0,0,0,0,0,1,0.6773300171,1,7.5,2200,39840.27734
mid9350027,935,3327556,3327,2,3,0,0,1,0,0,0,1,0,0,0,0,0,0,0,0,0.7658467293,1,9,1777.777832,51608.33594
mid9440016,944,3327556,3327,2,1,0,0,1,0,0,0,0,0,1,0,0,0,0,1,0,0.7615902424,0,0,,0
mid9350028,935,3327556,3327,2,3,0,0,1,0,0,0,0,0,1,0,0,0,0,0,0,0.7615902424,1,9,1722.222168,52108.33594
mid9340022,934,3327556,3327,2,2,1,1,0,0,0,0,1,0,0,0,0,0,0,0,1,0.907384336,1,2,2000,11024.07422
mid9430045,943,3327556,3327,2,2,1,0,1,0,0,0,0,1,0,0,0,0,0,0,1,0.5843110085,1,5,1800,28560.18555
mid9330047,933,3327556,3327,2,3,1,1,0,1,1,0,1,0,0,0,0,0,0,0,0,1.334538341,1,3,2000,16536.11133
mid9410025,941,3327556,3327,2,1,0,1,0,1,0,1,1,0,0,0,0,0,0,1,0,0.7660832405,1,2.25,2500,11277.08398
mid9440035,944,3327556,3327,2,1,0,0,1,0,0,0,0,0,1,0,0,0,0,1,0,0.7615902424,1,2.5,3000,11280.09277
mid9310023,931,3327556,3327,2,2,1,1,0,1,1,1,0,1,0,0,0,0,0,0,1,1.334538341,1,4,2000,22048.14844
mid9250017,925,3327556,3327,2,3,1,1,0,1,1,1,1,0,0,0,0,0,0,0,0,1.334538341,1,3,2333.333252,15536.11133
mid9250025,925,3327556,3327,2,3,0,1,0,1,1,1,0,0,1,0,0,0,0,0,0,0.7660832405,1,3,2000,16536.11133
mid9420022,942,3327556,3327,2,3,1,0,1,0,0,0,0,1,0,0,0,0,0,0,0,0.6124655604,1,5,2000,27560.18555
mid9330022,933,3327556,3327,2,3,0,1,0,1,1,0,0,0,1,0,0,0,0,0,0,0.7660832405,1,3.5,2000,19292.12891
mid9430037,943,3327556,3327,2,2,1,0,1,0,0,0,0,1,0,0,0,0,0,0,1,0.6124655604,1,5,2000,27560.18555
mid9240014,924,3327556,3327,2,3,1,1,0,0,1,1,0,1,0,0,0,0,0,0,0,1.334538341,1,4,1625,23548.14844
mid9330048,933,3327556,3327,2,3,1,1,0,1,1,0,1,0,0,0,0,0,0,0,0,1.334538341,1,7.5,1866.666626,42340.27734
mid9230014,923,3327556,3327,2,1,0,1,0,0,0,0,0,0,1,0,0,0,0,1,0,0.7660832405,1,5,1600,29560.18555
mid9390022,939,3327556,3327,2,1,1,1,0,1,1,0,0,1,0,0,0,0,0,1,0,1.334538341,1,3.5,2285.714355,18292.12891
mid9220002,922,3327556,3327,2,2,0,1,0,1,0,1,0,0,1,0,0,0,0,0,1,0.7660832405,1,5,2200,26560.18555
mid9300026,930,3327556,3327,2,3,1,1,0,0,0,1,0,1,0,0,0,0,0,0,0,1.334538341,1,2.5,4000,8780.092773
mid9880019,988,3327739,3327,2,2,1,1,0,0,0,0,0,1,0,0,0,0,0,0,1,1.148768306,1,3.333333254,2000,18373.45703
mid9970020,997,3327739,3327,2,2,0,0,1,0,0,0,0,0,1,0,0,0,0,0,1,0.7284768224,1,12,1583.333374,71144.44531
mid9880038,988,3327739,3327,2,2,0,1,0,0,0,0,0,0,1,0,0,0,0,0,1,0.805878222,1,3.333333254,2000,18373.45703
mid9800034,980,3327739,3327,2,3,1,1,0,0,1,0,1,0,0,0,0,0,0,0,0,1.148768306,1,2.666666746,2375,13698.76562
mid9830023,983,3327739,3327,2,1,1,1,0,0,0,0,0,1,0,0,0,0,0,1,0,1.148846269,1,1.666666627,2000,9186.728516
mid9920008,992,3327739,3327,2,1,0,0,1,0,0,0,1,0,0,0,0,0,0,1,0,0.7325482368,1,3,2000,16536.11133
mid9850048,985,3327739,3327,2,3,1,1,0,1,1,1,0,1,0,0,0,0,0,0,0,1.148846269,1,1.666666627,2000,9186.728516
mid9850020,985,3327739,3327,2,3,1,1,0,1,1,1,0,1,0,0,0,0,0,0,0,1.148846269,1,2,2500,10024.07422
mid9920026,992,3327739,3327,2,1,0,0,1,0,0,0,0,0,1,0,0,0,0,1,0,0.7284768224,1,3,2000,16536.11133
mid9790012,979,3327739,3327,2,3,0,1,0,0,0,1,1,0,0,0,0,0,0,0,0,0.805878222,1,1.666666627,2000,9186.728516
mid9940004,994,3327739,3327,2,2,1,0,1,0,0,0,0,1,0,0,0,0,0,0,1,2.015645742,1,4.666666508,2000,25722.83789
mid9850006,985,3327739,3327,2,3,1,1,0,1,1,1,0,1,0,0,0,0,0,0,0,1.148846269,1,7.5,2000,41340.27734
mid9880042,988,3327739,3327,2,2,1,1,0,0,0,0,0,1,0,0,0,0,0,0,1,1.148846269,1,5,2000,27560.18555
mid9870019,987,3327739,3327,2,3,0,1,0,1,0,0,0,0,1,0,0,0,0,0,0,0.805878222,1,4.5,2000,24804.16797
mid9840039,984,3327739,3327,2,2,1,1,0,0,0,0,1,0,0,0,0,0,0,0,1,1.148768306,1,3.333333254,1900,18706.79102
mid9890009,989,3327739,3327,2,1,1,1,0,0,0,0,0,1,0,0,0,0,0,1,0,1.148846269,1,10,2100,54120.37109
mid9780037,978,3327739,3327,2,2,1,1,0,1,1,0,0,1,0,0,0,0,0,0,1,1.148846269,0,1,2333.333252,5178.703613
mid9880013,988,3327739,3327,2,2,1,1,0,0,0,0,1,0,0,0,0,0,0,0,1,1.148846269,1,5,2000,27560.18555
mid9840027,984,3327739,3327,2,2,0,1,0,0,0,0,0,0,1,0,0,0,0,0,1,0.805878222,0,1.666666627,2200,8853.395508
mid9840017,984,3327739,3327,2,2,0,1,0,0,0,0,0,0,1,0,0,0,0,0,1,0.805878222,1,5,1800,28560.18555
mid9840018,984,3327739,3327,2,2,1,1,0,0,0,0,1,0,0,0,0,0,0,0,1,1.148846269,1,3.333333254,2000,18373.45703
mid9940031,994,3327739,3327,2,2,0,0,1,0,0,0,0,0,1,0,0,0,0,0,1,0.7284768224,1,5,2400,25560.18555
mid9930020,993,3327739,3327,2,1,1,1,0,1,1,1,0,1,0,0,0,0,0,1,0,1.148846269,1,13,2307.692383,67656.48438
mid9840048,984,3327739,3327,2,2,1,1,0,0,0,0,0,1,0,0,0,0,0,0,1,1.148846269,1,3.333333254,2000,18373.45703
mid9840029,984,3327739,3327,2,2,1,1,0,0,0,0,0,1,0,0,0,0,0,0,1,1.148846269,1,3.333333254,2000,18373.45703
mid9870025,987,3327739,3327,2,3,1,1,0,1,0,0,1,0,0,0,0,0,0,0,0,1.148846269,0,0,,0
mid9940019,994,3327739,3327,2,2,1,0,1,0,0,0,0,1,0,0,0,0,0,0,1,0.542039156,0,0,,0
mid9890035,989,3327739,3327,2,1,0,1,0,0,0,0,0,0,1,0,0,0,0,1,0,0.805878222,0,0,,0
mid9840038,984,3327739,3327,2,2,0,1,0,0,0,0,1,0,0,0,0,0,0,0,1,0.805878222,1,3.333333254,2000,18373.45703
mid9780042,978,3327739,3327,2,2,1,1,0,1,1,0,0,1,0,0,0,0,0,0,1,1.148846269,1,3,2333.333252,15536.11133
mid9870036,987,3327739,3327,2,3,0,1,0,1,0,0,0,0,1,0,0,0,0,0,0,0.805878222,1,4.5,2000,24804.16797
mid9840033,984,3327739,3327,2,2,0,1,0,0,0,0,1,0,0,0,0,0,0,0,1,0.805878222,1,5,2000,27560.18555
mid9990009,999,3327739,3327,2,1,1,1,0,1,0,1,1,0,0,0,0,0,0,1,0,1.148846269,1,11.66666698,1733.333374,67640.42969
mid9830005,983,3327739,3327,2,1,0,1,0,0,0,0,0,0,1,0,0,0,0,1,0,0.805878222,1,2.5,2000,13780.09277
mid9820003,982,3327739,3327,2,3,1,0,1,0,0,0,0,1,0,0,0,0,0,0,0,2.015645742,1,2.133333445,2500,10692.34668
mid9970008,997,3327739,3327,2,2,0,0,1,0,0,0,0,0,1,0,0,0,0,0,1,0.7284768224,0,0,,0
mid9830045,983,3327739,3327,2,1,1,1,0,0,0,0,1,0,0,0,0,0,0,1,0,1.148846269,1,2.5,2000,13780.09277
mid9850036,985,3327739,3327,2,3,0,1,0,1,1,1,0,0,1,0,0,0,0,0,0,0.805878222,1,3,1666.666626,17536.11133
mid9760021,976,3327739,3327,2,3,1,0,1,0,0,0,0,1,0,0,0,0,0,0,0,0.5171220899,1,5,1900,28060.18555
mid9890037,989,3327739,3327,2,1,1,1,0,0,0,0,0,1,0,0,0,0,0,1,0,1.148768306,1,7,2000,38584.25781
mid9840031,984,3327739,3327,2,2,1,1,0,0,0,0,0,1,0,0,0,0,0,0,1,1.148768306,0,0,,0
mid9770015,977,3327739,3327,2,2,0,1,0,1,0,0,1,0,0,0,0,0,0,0,1,0.805878222,1,2.666666746,2000,14698.76562
mid9940047,994,3327739,3327,2,2,0,0,1,0,0,0,0,0,1,0,0,0,0,0,1,0.7284768224,1,3.333333254,2500,16706.79102
mid9930032,993,3327739,3327,2,1,0,1,0,1,1,1,0,0,1,0,0,0,0,1,0,0.805878222,1,3.333333254,2200,17706.79102
mid9970043,997,3327739,3327,2,2,1,0,1,0,0,0,0,1,0,0,0,0,0,0,1,0.542039156,1,7,1642.857178,41084.25781
mid9940032,994,3327739,3327,2,2,1,0,1,0,0,0,0,1,0,0,0,0,0,0,1,0.542039156,1,5,2200,26560.18555
mid9990010,999,3327739,3327,2,1,1,1,0,1,0,1,0,1,0,0,0,0,0,1,0,1.148846269,1,6.666666508,1800,38080.24609
mid9920029,992,3327739,3327,2,1,1,0,1,0,0,0,0,1,0,0,0,0,0,1,0,2.172516108,1,3,2000,16536.11133
mid9930049,993,3327739,3327,2,1,1,1,0,1,1,1,1,0,0,0,0,0,0,1,0,1.148846269,1,8.666666985,2230.769287,45770.98828
mid9890031,989,3327739,3327,2,1,1,1,0,0,0,0,0,1,0,0,0,0,0,1,0,1.148768306,1,6,2500,30072.22266
mid9970003,997,3327739,3327,2,2,1,0,1,0,0,0,0,1,0,0,0,0,0,0,1,2.015645742,1,7,1714.285767,40584.25781
mid9930044,993,3327739,3327,2,1,0,1,0,1,1,1,0,0,1,0,0,0,0,1,0,0.805878222,1,1.666666627,2200,8853.395508
mid9890048,989,3327739,3327,2,1,1,1,0,0,0,0,0,0,1,0,0,0,0,1,0,1.148768306,1,7,2000,38584.25781
mid9920033,992,3327739,3327,2,1,1,0,1,0,0,0,1,0,0,0,0,0,0,1,0,0.5994449854,1,3,2000,16536.11133
mid9970010,997,3327739,3327,2,2,0,0,1,0,0,0,0,1,0,0,0,0,0,0,1,0.7047808766,1,2.666666746,1625,15698.76562
mid9990012,999,3327739,3327,2,1,0,1,0,1,0,1,0,0,1,0,0,0,0,1,0,0.805878222,1,3.333333254,2000,18373.45703
mid9820032,982,3327739,3327,2,3,1,0,1,0,0,0,0,1,0,0,0,0,0,0,0,0.542039156,0,0,,0
mid9790005,979,3327739,3327,2,3,0,1,0,0,0,1,0,0,1,0,0,0,0,0,0,0.805878222,1,1.666666627,2400,8520.061523
mid9970005,997,3327739,3327,2,2,1,0,1,0,0,0,1,0,0,0,0,0,0,0,1,1.689345956,1,7.5,1600,44340.27734
mid9890028,989,3327739,3327,2,1,0,1,0,0,0,0,0,0,1,0,0,0,0,1,0,0.805878222,1,5,2200,26560.18555
mid9940001,994,3327739,3327,2,2,1,0,1,0,0,0,0,1,0,0,0,0,0,0,1,0.542039156,1,5,2600,24560.18555
mid9920030,992,3327739,3327,2,1,1,0,1,0,0,0,0,1,0,0,0,0,0,1,0,2.172516108,1,3,2000,16536.11133
mid9820043,982,3327739,3327,2,3,0,0,1,0,0,0,0,1,0,0,0,0,0,0,0,0.7047808766,1,2.133333445,2500,10692.34668
mid9850028,985,3327739,3327,2,3,1,1,0,1,1,1,1,0,0,0,0,0,0,0,0,1.148846269,1,7.5,2000,41340.27734
mid9790028,979,3327739,3327,2,3,1,1,0,0,0,1,0,1,0,0,0,0,0,0,0,1.148846269,1,3.333333254,2400,17040.12305
mid9820024,982,3327739,3327,2,3,1,0,1,0,0,0,0,1,0,0,0,0,0,0,0,0.542039156,1,3.200000048,2500,16038.51953
mid9770005,977,3327739,3327,2,2,0,1,0,1,0,0,1,0,0,0,0,0,0,0,1,0.805878222,1,2.666666746,2000,14698.76562
mid9930041,993,3327739,3327,2,1,1,1,0,1,1,1,1,0,0,0,0,0,0,1,0,1.148846269,0,1.666666627,2200,8853.395508
mid9790004,979,3327739,3327,2,3,0,1,0,0,0,1,0,0,1,0,0,0,0,0,0,0.805878222,1,5,1800,28560.18555
mid9800010,980,3327739,3327,2,3,0,1,0,0,1,0,0,0,1,0,0,0,0,0,0,0.805878222,1,1,3066.666748,4445.370605
mid9890017,989,3327739,3327,2,1,1,1,0,0,0,0,0,1,0,0,0,0,0,1,0,1.148768306,1,8,2000,44096.29688
mid9810016,981,3327739,3327,2,1,1,0,1,0,0,0,0,1,0,0,0,0,0,1,0,0.542039156,1,2.5,2000,13780.09277
mid9810014,981,3327739,3327,2,1,0,0,1,0,0,0,0,0,1,0,0,0,0,1,0,0.7284768224,1,3,1666.666626,17536.11133
mid9770030,977,3327739,3327,2,2,1,1,0,1,0,0,1,0,0,0,0,0,0,0,1,1.148846269,1,2.666666746,2000,14698.76562
mid9870042,987,3327739,3327,2,3,0,1,0,1,0,0,0,0,1,0,0,0,0,0,0,0.805878222,1,4.5,2000,24804.16797
mid9870012,987,3327739,3327,2,3,1,1,0,1,0,0,0,1,0,0,0,0,0,0,0,1.148846269,0,1.5,2000,8268.055664
mid9780029,978,3327739,3327,2,2,0,1,0,1,1,0,0,0,1,0,0,0,0,0,1,0.805878222,1,2,2000,11024.07422
mid9820017,982,3327739,3327,2,3,1,0,1,0,0,0,1,0,0,0,0,0,0,0,0,1.689345956,1,1.333333373,2500,6682.716309
mid9800032,980,3327739,3327,2,3,1,1,0,0,1,0,0,1,0,0,0,0,0,0,0,1.148768306,1,1.666666627,2000,9186.728516
mid9800020,980,3327739,3327,2,3,0,1,0,0,1,0,0,0,1,0,0,0,0,0,0,0.805878222,1,2,2000,11024.07422
mid9890008,989,3327739,3327,2,1,1,1,0,0,0,0,0,1,0,0,0,0,0,1,0,1.148846269,1,15,2000,82680.55469
mid9800013,980,3327739,3327,2,3,1,1,0,0,1,0,1,0,0,0,0,0,0,0,0,1.148846269,1,4,2000,22048.14844
mid9800012,980,3327739,3327,2,3,1,1,0,0,1,0,1,0,0,0,0,0,0,0,0,1.148846269,1,1.266666651,2684.210449,6115.246582
mid9990030,999,3327739,3327,2,1,1,1,0,1,0,1,0,1,0,0,0,0,0,1,0,1.148846269,0,0,,0
mid9920022,992,3327739,3327,2,1,0,0,1,0,0,0,0,0,1,0,0,0,0,1,0,0.7284768224,1,6,2000,33072.22266
mid9790020,979,3327739,3327,2,3,0,1,0,0,0,1,0,0,1,0,0,0,0,0,0,0.805878222,1,1.666666627,2000,9186.728516
mid9760029,976,3327739,3327,2,3,0,0,1,0,0,0,0,0,1,0,0,0,0,0,0,0.7284768224,1,5,1900,28060.18555
mid9800041,980,3327739,3327,2,3,1,1,0,0,1,0,1,0,0,0,0,0,0,0,0,1.148846269,1,1,2166.666748,5345.370605
mid9760037,976,3327739,3327,2,3,1,0,1,0,0,0,0,1,0,0,0,0,0,0,0,2.015645742,1,5,2000,27560.18555
mid9970019,997,3327739,3327,2,2,0,0,1,0,0,0,0,0,1,0,0,0,0,0,1,0.7284768224,1,4,1625,23548.14844
mid9790027,979,3327739,3327,2,3,1,1,0,0,0,1,0,1,0,0,0,0,0,0,0,1.148768306,1,1.666666627,2400,8520.061523
mid9760015,976,3327739,3327,2,3,1,0,1,0,0,0,0,1,0,0,0,0,0,0,0,2.015645742,1,6.666666508,1700,38746.91406
mid9970016,997,3327739,3327,2,2,1,0,1,0,0,0,1,0,0,0,0,0,0,0,1,0.5994449854,1,8,1562.5,47596.29688
mid9970047,997,3327739,3327,2,2,0,0,1,0,0,0,0,1,0,0,0,0,0,0,1,0.7047808766,1,4,1625,23548.14844
mid9760044,976,3327739,3327,2,3,0,0,1,0,0,0,0,0,1,0,0,0,0,0,0,0.7284768224,1,3.333333254,2000,18373.45703
mid9890001,989,3327739,3327,2,1,1,1,0,0,0,0,1,0,0,0,0,0,0,1,0,1.148846269,1,10,2000,55120.37109
mid9850014,985,3327739,3327,2,3,0,1,0,1,1,1,0,1,0,0,0,0,0,0,0,0.805878222,1,3,1666.666626,17536.11133
mid9880030,988,3327739,3327,2,2,1,1,0,0,0,0,1,0,0,0,0,0,0,0,1,1.148846269,1,5,2000,27560.18555
mid9820005,982,3327739,3327,2,3,1,0,1,0,0,0,0,1,0,0,0,0,0,0,0,2.015645742,1,5.599999905,2500,28067.40625
mid9970036,997,3327739,3327,2,2,1,0,1,0,0,0,0,1,0,0,0,0,0,0,1,0.542039156,1,7.5,1533.333374,44840.27734
mid9830035,983,3327739,3327,2,1,1,1,0,0,0,0,0,1,0,0,0,0,0,1,0,1.148768306,1,1.666666627,2000,9186.728516
mid9770008,977,3327739,3327,2,2,0,1,0,1,0,0,0,0,1,0,0,0,0,0,1,0.805878222,1,2,2000,11024.07422
mid9830007,983,3327739,3327,2,1,1,1,0,0,0,0,0,1,0,0,0,0,0,1,0,1.148846269,1,3.333333254,2000,18373.45703
mid9830036,983,3327739,3327,2,1,1,1,0,0,0,0,1,0,0,0,0,0,0,1,0,1.148846269,1,1.666666627,2000,9186.728516
mid9930008,993,3327739,3327,2,1,1,1,0,1,1,1,0,1,0,0,0,0,0,1,0,1.148846269,1,5,2200,26560.18555
mid9760042,976,3327739,3327,2,3,1,0,1,0,0,0,0,1,0,0,0,0,0,0,0,0.5171220899,1,5,1900,28060.18555
mid9880035,988,3327739,3327,2,2,1,1,0,0,0,0,1,0,0,0,0,0,0,0,1,1.148846269,1,3.333333254,2000,18373.45703
mid9830032,983,3327739,3327,2,1,0,1,0,0,0,0,0,0,1,0,0,0,0,1,0,0.805878222,1,1.666666627,2000,9186.728516
mid9760025,976,3327739,3327,2,3,0,0,1,0,0,0,0,0,1,0,0,0,0,0,0,0.7284768224,1,5,1800,28560.18555
mid9880036,988,3327739,3327,2,2,1,1,0,0,0,0,0,1,0,0,0,0,0,0,1,1.148846269,1,1.666666627,2000,9186.728516
mid9760018,976,3327739,3327,2,3,1,0,1,0,0,0,1,0,0,0,0,0,0,0,0,0.5994449854,1,5,1700,29060.18555
mid9990048,999,3327739,3327,2,1,0,1,0,1,0,1,0,0,1,0,0,0,0,1,0,0.805878222,0,0,,0
mid9880008,988,3327739,3327,2,2,0,1,0,0,0,0,0,0,1,0,0,0,0,0,1,0.805878222,1,3.333333254,2000,18373.45703
mid9800044,980,3327739,3327,2,3,1,1,0,0,1,0,0,1,0,0,0,0,0,0,0,1.148846269,1,2,2400,10224.07422
mid9810007,981,3327739,3327,2,1,1,0,1,0,0,0,0,1,0,0,0,0,0,1,0,2.015645742,1,2.5,2000,13780.09277
mid9770012,977,3327739,3327,2,2,0,1,0,1,0,0,0,0,1,0,0,0,0,0,1,0.805878222,1,2,2000,11024.07422
mid9770007,977,3327739,3327,2,2,0,1,0,1,0,0,0,0,1,0,0,0,0,0,1,0.805878222,1,3,1600,17736.11133
mid9760030,976,3327739,3327,2,3,1,0,1,0,0,0,1,0,0,0,0,0,0,0,0,0.5994449854,1,5,2000,27560.18555
mid9790019,979,3327739,3327,2,3,1,1,0,0,0,1,0,1,0,0,0,0,0,0,0,1.148768306,1,5,2000,27560.18555
mid9850015,985,3327739,3327,2,3,0,1,0,1,1,1,0,0,1,0,0,0,0,0,0,0.805878222,1,4,2500,20048.14844
mid9870016,987,3327739,3327,2,3,0,1,0,1,0,0,0,1,0,0,0,0,0,0,0,0.805878222,1,4.5,2000,24804.16797
mid9820025,982,3327739,3327,2,3,1,0,1,0,0,0,1,0,0,0,0,0,0,0,0,1.689345956,1,3.200000048,2500,16038.51953
mid9870027,987,3327739,3327,2,3,1,1,0,1,0,0,0,1,0,0,0,0,0,0,0,1.148846269,1,4,2250,21048.14844
mid9830010,983,3327739,3327,2,1,1,1,0,0,0,0,1,0,0,0,0,0,0,1,0,1.148846269,1,1.666666627,2000,9186.728516
mid9870013,987,3327739,3327,2,3,1,1,0,1,0,0,0,1,0,0,0,0,0,0,0,1.148846269,1,4,2250,21048.14844
mid9820046,982,3327739,3327,2,3,0,0,1,0,0,0,0,0,1,0,0,0,0,0,0,0.7284768224,1,3.200000048,2500,16038.51953
mid9780041,978,3327739,3327,2,2,0,1,0,1,1,0,0,0,1,0,0,0,0,0,1,0.805878222,1,3,2000,16536.11133
mid9940035,994,3327739,3327,2,2,1,0,1,0,0,0,1,0,0,0,0,0,0,0,1,1.689345956,1,4.666666508,2000,25722.83789
mid9810006,981,3327739,3327,2,1,0,0,1,0,0,0,0,0,1,0,0,0,0,1,0,0.7284768224,1,0.8333333135,2000,4593.364258
mid9930038,993,3327739,3327,2,1,0,1,0,1,1,1,0,0,1,0,0,0,0,1,0,0.805878222,1,3.333333254,2200,17706.79102
mid9830040,983,3327739,3327,2,1,1,1,0,0,0,0,0,1,0,0,0,0,0,1,0,1.148846269,1,1.333333373,2500,6682.716309
mid9810009,981,3327739,3327,2,1,0,0,1,0,0,0,0,1,0,0,0,0,0,1,0,0.7047808766,1,2.5,2000,13780.09277
mid9990021,999,3327739,3327,2,1,1,1,0,1,0,1,0,1,0,0,0,0,0,1,0,1.148846269,1,2.666666746,2500,13365.43262
mid9920032,992,3327739,3327,2,1,1,0,1,0,0,0,0,1,0,0,0,0,0,1,0,0.5171220899,1,3,2000,16536.11133
mid9880044,988,3327739,3327,2,2,0,1,0,0,0,0,0,0,1,0,0,0,0,0,1,0.805878222,1,1.666666627,2000,9186.728516
mid9800042,980,3327739,3327,2,3,0,1,0,0,1,0,0,0,1,0,0,0,0,0,0,0.805878222,1,1.866666675,2500,9355.801758
mid9880040,988,3327739,3327,2,2,0,1,0,0,0,0,1,0,0,0,0,0,0,0,1,0.805878222,1,3.333333254,2000,18373.45703
mid9920003,992,3327739,3327,2,1,0,0,1,0,0,0,0,0,1,0,0,0,0,1,0,0.7284768224,1,6,2000,33072.22266
mid9850024,985,3327739,3327,2,3,0,1,0,1,1,1,0,0,1,0,0,0,0,0,0,0.805878222,1,1.333333373,2500,6682.716309
mid9810011,981,3327739,3327,2,1,0,0,1,0,0,0,0,0,1,0,0,0,0,1,0,0.7284768224,1,2.5,2000,13780.09277
mid9940043,994,3327739,3327,2,2,0,0,1,0,0,0,0,0,1,0,0,0,0,0,1,0.7284768224,1,4.666666508,2000,25722.83789
mid9940005,994,3327739,3327,2,2,1,0,1,0,0,0,0,1,0,0,0,0,0,0,1,2.015645742,1,10,2000,55120.37109
mid9760002,976,3327739,3327,2,3,1,0,1,0,0,0,0,1,0,0,0,0,0,0,0,0.5171220899,1,3.333333254,1800,19040.12305
mid9840022,984,3327739,3327,2,2,0,1,0,0,0,0,0,0,1,0,0,0,0,0,1,0.805878222,0,0,,0
mid9810013,981,3327739,3327,2,1,0,0,1,0,0,0,0,0,1,0,0,0,0,1,0,0.7284768224,1,1.666666627,2000,9186.728516
mid9810021,981,3327739,3327,2,1,1,0,1,0,0,0,1,0,0,0,0,0,0,1,0,1.689345956,1,2.5,2200,13280.09277
mid9790002,979,3327739,3327,2,3,1,1,0,0,0,1,0,1,0,0,0,0,0,0,0,1.148768306,1,3,2000,16536.11133
mid9820011,982,3327739,3327,2,3,0,0,1,0,0,0,0,0,1,0,0,0,0,0,0,0.7284768224,1,5,2000,27560.18555
mid9800015,980,3327739,3327,2,3,1,1,0,0,1,0,0,1,0,0,0,0,0,0,0,1.148768306,1,1.866666675,2571.428711,9222.46875
mid9780040,978,3327739,3327,2,2,0,1,0,1,1,0,0,0,1,0,0,0,0,0,1,0.805878222,1,3,2000,16536.11133
mid9940011,994,3327739,3327,2,2,1,0,1,0,0,0,1,0,0,0,0,0,0,0,1,1.689345956,1,4.666666508,1714.285767,27056.17188
mid9790016,979,3327739,3327,2,3,0,1,0,0,0,1,0,0,1,0,0,0,0,0,0,0.805878222,1,1.666666627,1800,9520.061523
mid9990039,999,3327739,3327,2,1,0,1,0,1,0,1,0,1,0,0,0,0,0,1,0,0.805878222,1,5,2000,27560.18555
mid9890012,989,3327739,3327,2,1,1,1,0,0,0,0,0,1,0,0,0,0,0,1,0,1.148768306,0,0,,0
mid9830003,983,3327739,3327,2,1,0,1,0,0,0,0,0,0,1,0,0,0,0,1,0,0.805878222,1,1.666666627,2000,9186.728516
mid9810019,981,3327739,3327,2,1,0,0,1,0,0,0,0,0,1,0,0,0,0,1,0,0.7284768224,1,2.5,2000,13780.09277
mid9990043,999,3327739,3327,2,1,1,1,0,1,0,1,0,0,1,0,0,0,0,1,0,1.148846269,1,3.333333254,2000,18373.45703
mid9850010,985,3327739,3327,2,3,1,1,0,1,1,1,0,1,0,0,0,0,0,0,0,1.148846269,1,5,2000,27560.18555
mid9820034,982,3327739,3327,2,3,0,0,1,0,0,0,0,0,1,0,0,0,0,0,0,0.7284768224,1,3.200000048,2500,16038.51953
mid9810023,981,3327739,3327,2,1,0,0,1,0,0,0,0,0,1,0,0,0,0,1,0,0.7284768224,1,2.5,2000,13780.09277
mid9920037,992,3327739,3327,2,1,0,0,1,0,0,0,1,0,0,0,0,0,0,1,0,0.7325482368,1,2.700000048,2407.407471,13782.50098
mid9770003,977,3327739,3327,2,2,0,1,0,1,0,0,0,0,1,0,0,0,0,0,1,0.805878222,0,0,,0
mid9780020,978,3327739,3327,2,2,1,1,0,1,1,0,0,1,0,0,0,0,0,0,1,1.148846269,1,2,2333.333252,10357.40723
mid9920002,992,3327739,3327,2,1,1,0,1,0,0,0,1,0,0,0,0,0,0,1,0,0.5994449854,1,3,2000,16536.11133
mid9790010,979,3327739,3327,2,3,0,1,0,0,0,1,0,0,1,0,0,0,0,0,0,0.805878222,0,0,,0
mid9850021,985,3327739,3327,2,3,1,1,0,1,1,1,0,1,0,0,0,0,0,0,0,1.148846269,1,2.5,2000,13780.09277
cs12770051,277,1602281,1602,1,3,0,0,1,0,0,0,0,0,0,0,0,1,0,0,0,1,1,5.25,2642.857178,27236.90234
cs12930072,293,1602281,1602,1,2,0,0,1,0,0,0,0,0,0,0,0,1,0,0,1,1,1,10.5,2500,55973.80469
cs12860115,286,1602281,1602,1,1,1,1,0,0,1,0,0,0,0,1,0,0,0,1,0,1.003425598,1,3.75,2266.666748,20865.64648
cs12750005,275,1602281,1602,1,1,1,0,1,0,0,0,0,0,0,0,0,1,0,1,0,0.661996901,1,9,2666.666748,46477.55078
cs12720001,272,1602281,1602,1,3,0,1,0,1,1,1,0,0,0,0,0,1,0,0,0,1,1,16,2500,85293.42188
cs12750037,275,1602281,1602,1,1,0,0,1,0,0,0,0,0,0,0,0,1,0,1,0,1,1,9,2666.666748,46477.55078
cs12660436,266,1602281,1602,1,1,1,1,0,1,1,0,0,0,0,1,0,0,0,1,0,1.003425598,1,8,2250,44646.71094
cs12770251,277,1602281,1602,1,3,1,0,1,0,0,0,0,0,0,0,1,0,0,0,0,0.640173912,1,7,2642.857178,36315.87109
cs12770124,277,1602281,1602,1,3,1,0,1,0,0,0,0,0,0,1,0,0,0,0,0,1.27245903,1,7,2642.857178,36315.87109
cs12680277,268,1602281,1602,1,2,1,1,0,1,1,0,0,0,0,1,0,0,0,0,1,1.003425598,1,5,2200,28154.19531
cs12830383,283,1602281,1602,1,1,1,1,0,0,1,1,0,0,0,1,0,0,0,1,0,0.9966933727,1,7,2285.714355,38815.87109
cs12730108,273,1602281,1602,1,1,0,0,1,0,0,0,0,0,0,0,0,1,0,1,0,1,1,5,2400,27154.19531
cs12810162,281,1602281,1602,1,1,1,0,1,0,0,0,0,0,0,0,1,0,0,1,0,0.640173912,1,5,2400,27154.19531
cs12860088,286,1602281,1602,1,1,1,1,0,0,1,0,0,0,0,1,0,0,0,1,0,1.003425598,1,3.75,2266.666748,20865.64648
cs12690094,269,1602281,1602,1,2,1,1,0,0,1,0,0,0,0,1,0,0,0,0,1,1.003425598,1,16,2250,89293.42188
cs12680091,268,1602281,1602,1,2,0,1,0,1,1,0,0,0,0,0,0,1,0,0,1,1,1,10,2200,56308.39062
cs12860020,286,1602281,1602,1,1,0,1,0,0,1,0,0,0,0,0,0,1,0,1,0,1,0,0,,0
cs12770027,277,1602281,1602,1,3,0,0,1,0,0,0,0,0,0,0,0,1,0,0,0,1,1,5.25,2642.857178,27236.90234
cs12920052,292,1602281,1602,1,3,1,1,0,1,1,0,0,0,0,0,0,1,0,0,0,1.005813479,1,8,2375,43646.71094
cs12930265,293,1602281,1602,1,2,1,0,1,0,0,0,0,0,0,1,0,0,0,0,1,1.27245903,1,21,2500,111947.6094
cs12920051,292,1602281,1602,1,3,0,1,0,1,1,0,0,0,0,0,0,1,0,0,0,1,1,16,2375,87293.42188
cs12680316,268,1602281,1602,1,2,1,1,0,1,1,0,0,0,0,1,0,0,0,0,1,1.003425598,1,5,2200,28154.19531
cs12860104,286,1602281,1602,1,1,1,1,0,0,1,0,0,0,0,0,1,0,0,1,0,0.9961833954,1,7.5,2266.666748,41731.29297
cs12920132,292,1602281,1602,1,3,1,1,0,1,1,0,0,0,0,1,0,0,0,0,0,1.003425598,1,16,2375,87293.42188
cs12780102,278,1602281,1602,1,2,1,1,0,0,1,1,0,0,0,1,0,0,0,0,1,0.9966933727,1,4,2250,22323.35547
cs12890384,289,1602281,1602,1,2,1,1,0,1,0,0,0,0,0,1,0,0,0,0,1,1.003425598,1,8,2625,41646.71094
cs12920015,292,1602281,1602,1,3,1,1,0,1,1,0,0,0,0,0,0,1,0,0,0,1.005813479,1,8,2375,43646.71094
cs12810003,281,1602281,1602,1,1,0,0,1,0,0,0,0,0,0,0,0,1,0,1,0,1,1,5,2400,27154.19531
cs12780109,278,1602281,1602,1,2,1,1,0,0,1,1,0,0,0,1,0,0,0,0,1,0.9966933727,1,4,2250,22323.35547
cs12770154,277,1602281,1602,1,3,1,0,1,0,0,0,0,0,0,0,1,0,0,0,0,0.640173912,1,7,2642.857178,36315.87109
cs12760016,276,1602281,1602,1,3,0,1,0,0,1,0,0,0,0,0,0,1,0,0,0,1,1,4.5,2444.444336,24238.77539
cs12660005,266,1602281,1602,1,1,0,1,0,1,1,0,0,0,0,0,0,1,0,1,0,1,0,0,,0
cs12730057,273,1602281,1602,1,1,0,0,1,0,0,0,0,0,0,0,0,1,0,1,0,1,1,5,2400,27154.19531
cs12770298,277,1602281,1602,1,3,1,0,1,0,0,0,0,0,0,1,0,0,0,0,0,1.27245903,1,7,2642.857178,36315.87109
cs12850278,285,1602281,1602,1,2,1,0,1,0,0,0,0,0,0,0,1,0,0,0,1,0.640173912,1,10,2600,52308.39062
cs12850138,285,1602281,1602,1,2,1,0,1,0,0,0,0,0,0,1,0,0,0,0,1,1.27245903,1,10,2600,52308.39062
cs12870294,287,1602281,1602,1,1,1,1,0,1,1,1,0,0,0,1,0,0,0,1,0,0.9966933727,1,7,2571.428467,36815.87109
cs12810141,281,1602281,1602,1,1,1,0,1,0,0,0,0,0,0,1,0,0,0,1,0,1.27245903,1,10,3000,48308.39062
cs12830191,283,1602281,1602,1,1,1,1,0,0,1,1,0,0,0,1,0,0,0,1,0,0.9966933727,1,7,2500,37315.87109
cs12780046,278,1602281,1602,1,2,0,1,0,0,1,1,0,0,0,0,0,1,0,0,1,1,1,8,2250,44646.71094
cs12900131,290,1602281,1602,1,3,1,1,0,1,0,0,0,0,0,1,0,0,0,0,0,1.003425598,1,10,2200,56308.39062
cs12730050,273,1602281,1602,1,1,0,0,1,0,0,0,0,0,0,0,0,1,0,1,0,1,1,5,2400,27154.19531
cs12670077,267,1602281,1602,1,3,1,0,1,0,0,0,0,0,0,0,0,1,0,0,0,0.661996901,1,11.25,2333.333252,61846.9375
cs12870399,287,1602281,1602,1,1,1,1,0,1,1,1,0,0,0,1,0,0,0,1,0,0.9966933727,1,7,2571.428467,36815.87109
cs12930333,293,1602281,1602,1,2,1,0,1,0,0,0,0,0,0,1,0,0,0,0,1,1.27245903,1,7,2500,37315.87109
cs12730401,273,1602281,1602,1,1,1,0,1,0,0,0,0,0,0,1,0,0,0,1,0,1.27245903,1,5,2400,27154.19531
cs12690075,269,1602281,1602,1,2,0,1,0,0,1,0,0,0,0,0,0,1,0,0,1,1,1,15,2400,81462.58594
cs12670226,267,1602281,1602,1,3,1,0,1,0,0,0,0,0,0,1,0,0,0,0,0,1.27245903,1,14,2500,74631.74219
cs12810102,281,1602281,1602,1,1,1,0,1,0,0,0,0,0,0,0,1,0,0,1,0,0.640173912,1,10,2400,54308.39062
cs12670629,267,1602281,1602,1,3,1,0,1,0,0,0,0,0,0,1,0,0,0,0,0,1.27245903,1,7,2500,37315.87109
cs12930004,293,1602281,1602,1,2,0,0,1,0,0,0,0,0,0,0,0,1,0,0,1,1,1,7,2571.428467,36815.87109
cs12890117,289,1602281,1602,1,2,0,1,0,1,0,0,0,0,0,0,0,1,0,0,1,1,1,8,2250,44646.71094
cs12860063,286,1602281,1602,1,1,1,1,0,0,1,0,0,0,0,0,0,1,0,1,0,0.9567061067,1,7.5,2266.666748,41731.29297
cs12880226,288,1602281,1602,1,3,1,1,0,0,1,1,0,0,0,1,0,0,0,0,0,0.9966933727,1,28,2285.714355,155263.4844
cs12760044,276,1602281,1602,1,3,1,1,0,0,1,0,0,0,0,0,1,0,0,0,0,0.9961833954,1,4.5,2444.444336,24238.77539
cs12730245,273,1602281,1602,1,1,1,0,1,0,0,0,0,0,0,1,0,0,0,1,0,1.27245903,1,5,2400,27154.19531
cs12930352,293,1602281,1602,1,2,1,0,1,0,0,0,0,0,0,1,0,0,0,0,1,1.27245903,1,4,2500,21323.35547
cs12930322,293,1602281,1602,1,2,1,0,1,0,0,0,0,0,0,0,1,0,0,0,1,0.640173912,1,21,2500,111947.6094
cs12920127,292,1602281,1602,1,3,1,1,0,1,1,0,0,0,0,1,0,0,0,0,0,1.003425598,1,12,2375,65470.06641
cs12850124,285,1602281,1602,1,2,1,0,1,0,0,0,0,0,0,1,0,0,0,0,1,1.27245903,1,10,2600,52308.39062
cs12730413,273,1602281,1602,1,1,1,0,1,0,0,0,0,0,0,1,0,0,0,1,0,1.27245903,0,0,,0
cs12810026,281,1602281,1602,1,1,0,0,1,0,0,0,0,0,0,0,0,1,0,1,0,1,1,5,2400,27154.19531
cs12660031,266,1602281,1602,1,1,0,1,0,1,1,0,0,0,0,0,0,1,0,1,0,1,1,8,2250,44646.71094
cs12830326,283,1602281,1602,1,1,1,1,0,0,1,1,0,0,0,1,0,0,0,1,0,0.9966933727,1,7,2500,37315.87109
cs12850069,285,1602281,1602,1,2,0,0,1,0,0,0,0,0,0,0,0,1,0,0,1,1,1,10,2600,52308.39062
cs12660021,266,1602281,1602,1,1,1,1,0,1,1,0,0,0,0,0,0,1,0,1,0,1.005813479,1,8,2250,44646.71094
cs12930153,293,1602281,1602,1,2,1,0,1,0,0,0,0,0,0,0,1,0,0,0,1,0.640173912,0,0,,0
cs12690232,269,1602281,1602,1,2,1,1,0,0,1,0,0,0,0,0,1,0,0,0,1,0.9961833954,1,20,2250,111616.7734
cs12810312,281,1602281,1602,1,1,1,0,1,0,0,0,0,0,0,1,0,0,0,1,0,1.27245903,1,12.5,2400,67885.48438
cs12760007,276,1602281,1602,1,3,0,1,0,0,1,0,0,0,0,0,0,1,0,0,0,1,1,4.5,2444.444336,24238.77539
cs12880124,288,1602281,1602,1,3,1,1,0,0,1,1,0,0,0,1,0,0,0,0,0,0.9966933727,1,28,2285.714355,155263.4844
cs12750380,275,1602281,1602,1,1,1,0,1,0,0,0,0,0,0,0,1,0,0,1,0,0.640173912,1,6.5,2461.538574,34900.45312
cs12670315,267,1602281,1602,1,3,1,0,1,0,0,0,0,0,0,1,0,0,0,0,0,1.27245903,1,14.5,2416.666748,78547.16406
cs12920179,292,1602281,1602,1,3,1,1,0,1,1,0,0,0,0,1,0,0,0,0,0,1.003425598,1,12,2375,65470.06641
cs12870004,287,1602281,1602,1,1,0,1,0,1,1,1,0,0,0,0,0,1,0,1,0,1,1,7,2571.428467,36815.87109
cs12880171,288,1602281,1602,1,3,1,1,0,0,1,1,0,0,0,0,1,0,0,0,0,1.003737092,1,28,2285.714355,155263.4844
cs12810023,281,1602281,1602,1,1,0,0,1,0,0,0,0,0,0,0,0,1,0,1,0,1,1,5,2400,27154.19531
cs12830017,283,1602281,1602,1,1,1,1,0,0,1,1,0,0,0,0,0,1,0,1,0,0.9944144487,1,7,2500,37315.87109
cs12760039,276,1602281,1602,1,3,1,1,0,0,1,0,0,0,0,1,0,0,0,0,0,1.003425598,1,4.5,2444.444336,24238.77539
cs12780041,278,1602281,1602,1,2,0,1,0,0,1,1,0,0,0,0,0,1,0,0,1,1,0,0,,0
cs12760078,276,1602281,1602,1,3,1,1,0,0,1,0,0,0,0,1,0,0,0,0,0,1.003425598,1,4.5,2444.444336,24238.77539
cs12760008,276,1602281,1602,1,3,1,1,0,0,1,0,0,0,0,0,0,1,0,0,0,0.9567061067,1,4.5,2444.444336,24238.77539
cs12750147,275,1602281,1602,1,1,1,0,1,0,0,0,0,0,0,0,1,0,0,1,0,0.640173912,1,12,2222.222168,69970.07031
cs12770024,277,1602281,1602,1,3,0,0,1,0,0,0,0,0,0,0,0,1,0,0,0,1,1,3.5,2642.857178,18157.93555
cs12900176,290,1602281,1602,1,3,1,1,0,1,0,0,0,0,0,1,0,0,0,0,0,1.003425598,1,20,2200,112616.7812
cs12690047,269,1602281,1602,1,2,0,1,0,0,1,0,0,0,0,0,0,1,0,0,1,1,1,18.75,2400,101828.2344
cs12850031,285,1602281,1602,1,2,1,0,1,0,0,0,0,0,0,0,0,1,0,0,1,1.051559091,1,10,2600,52308.39062
cs12770406,277,1602281,1602,1,3,1,0,1,0,0,0,0,0,0,1,0,0,0,0,0,1.27245903,1,5.25,2642.857178,27236.90234
cs12870287,287,1602281,1602,1,1,1,1,0,1,1,1,0,0,0,1,0,0,0,1,0,0.9966933727,1,14,2571.428467,73631.74219
cs12750117,275,1602281,1602,1,1,1,0,1,0,0,0,0,0,0,1,0,0,0,1,0,1.27245903,1,6.5,2461.538574,34900.45312
cs12780084,278,1602281,1602,1,2,0,1,0,0,1,1,0,0,0,0,0,1,0,0,1,1,1,4,2250,22323.35547
cs12780097,278,1602281,1602,1,2,1,1,0,0,1,1,0,0,0,1,0,0,0,0,1,0.9966933727,1,4,2250,22323.35547
cs12750012,275,1602281,1602,1,1,0,0,1,0,0,0,0,0,0,0,0,1,0,1,0,1,1,9,2666.666748,46477.55078
cs12930101,293,1602281,1602,1,2,0,0,1,0,0,0,0,0,0,0,0,1,0,0,1,1,1,14,2428.571533,75631.74219
cs12900097,290,1602281,1602,1,3,0,1,0,1,0,0,0,0,0,0,0,1,0,0,0,1,1,15,2200,84462.57812
cs12660120,266,1602281,1602,1,1,1,1,0,1,1,0,0,0,0,1,0,0,0,1,0,1.003425598,1,8,2250,44646.71094
cs12720050,272,1602281,1602,1,3,0,1,0,1,1,1,0,0,0,0,0,1,0,0,0,1,1,5,2400,27154.19531
cs12850045,285,1602281,1602,1,2,0,0,1,0,0,0,0,0,0,0,0,1,0,0,1,1,0,0,,0
cs12680242,268,1602281,1602,1,2,1,1,0,1,1,0,0,0,0,1,0,0,0,0,1,1.003425598,1,5,2200,28154.19531
cs12760052,276,1602281,1602,1,3,1,1,0,0,1,0,0,0,0,1,0,0,0,0,0,1.003425598,1,4.5,2444.444336,24238.77539
cs12810085,281,1602281,1602,1,1,1,0,1,0,0,0,0,0,0,1,0,0,0,1,0,1.27245903,1,12.5,2400,67885.48438
cs12670046,267,1602281,1602,1,3,0,0,1,0,0,0,0,0,0,0,0,1,0,0,0,1,1,30,2333.333252,164925.1719
cs12670607,267,1602281,1602,1,3,1,0,1,0,0,0,0,0,0,0,1,0,0,0,0,0.640173912,1,11.25,2333.333252,61846.9375
cs12830064,283,1602281,1602,1,1,0,1,0,0,1,1,0,0,0,0,0,1,0,1,0,1,1,7,2500,37315.87109
cs12750053,275,1602281,1602,1,1,1,0,1,0,0,0,0,0,0,1,0,0,0,1,0,1.27245903,1,9.5,2564.102539,50392.96875
cs12670091,267,1602281,1602,1,3,0,0,1,0,0,0,0,0,0,0,0,1,0,0,0,1,1,7.349999905,2381.94458,40056.66406
cs12830460,283,1602281,1602,1,1,1,1,0,0,1,1,0,0,0,0,1,0,0,1,0,1.003737092,0,0,,0
cs12680090,268,1602281,1602,1,2,0,1,0,1,1,0,0,0,0,0,0,1,0,0,1,1,1,10,2200,56308.39062
cs12860065,286,1602281,1602,1,1,0,1,0,0,1,0,0,0,0,0,0,1,0,1,0,1,0,0,,0
cs12660241,266,1602281,1602,1,1,1,1,0,1,1,0,0,0,0,1,0,0,0,1,0,1.003425598,1,8,2250,44646.71094
cs12850145,285,1602281,1602,1,2,1,0,1,0,0,0,0,0,0,1,0,0,0,0,1,1.27245903,0,0,,0
cs12860089,286,1602281,1602,1,1,1,1,0,0,1,0,0,0,0,1,0,0,0,1,0,1.003425598,1,7.5,2266.666748,41731.29297
cs12730535,273,1602281,1602,1,1,1,0,1,0,0,0,0,0,0,0,1,0,0,1,0,0.640173912,1,5,2400,27154.19531
cs12870039,287,1602281,1602,1,1,0,1,0,1,1,1,0,0,0,0,0,1,0,1,0,1,1,7,2571.428467,36815.87109
cs12860113,286,1602281,1602,1,1,1,1,0,0,1,0,0,0,0,0,1,0,0,1,0,0.9961833954,1,7.5,2266.666748,41731.29297
cs12880157,288,1602281,1602,1,3,1,1,0,0,1,1,0,0,0,0,1,0,0,0,0,1.003737092,1,28,2285.714355,155263.4844
cs12880071,288,1602281,1602,1,3,0,1,0,0,1,1,0,0,0,0,0,1,0,0,0,1,1,28,2285.714355,155263.4844
cs12670255,267,1602281,1602,1,3,1,0,1,0,0,0,0,0,0,0,1,0,0,0,0,0.640173912,1,7,2500,37315.87109
cs12830054,283,1602281,1602,1,1,0,1,0,0,1,1,0,0,0,0,0,1,0,1,0,1,1,7,2500,37315.87109
cs12750135,275,1602281,1602,1,1,1,0,1,0,0,0,0,0,0,1,0,0,0,1,0,1.27245903,1,4,4250,14323.35547
cs12720311,272,1602281,1602,1,3,1,1,0,1,1,1,0,0,0,1,0,0,0,0,0,0.9966933727,1,8,2500,42646.71094
cs12720181,272,1602281,1602,1,3,1,1,0,1,1,1,0,0,0,1,0,0,0,0,0,0.9966933727,1,12,2500,63970.06641
cs12850087,285,1602281,1602,1,2,1,0,1,0,0,0,0,0,0,0,1,0,0,0,1,0.640173912,1,10,2600,52308.39062
cs12690090,269,1602281,1602,1,2,1,1,0,0,1,0,0,0,0,0,1,0,0,0,1,0.9961833954,1,12,2250,66970.0625
cs12890106,289,1602281,1602,1,2,0,1,0,1,0,0,0,0,0,0,0,1,0,0,1,1,1,8,2250,44646.71094
cs12760082,276,1602281,1602,1,3,1,1,0,0,1,0,0,0,0,0,1,0,0,0,0,0.9961833954,1,4.5,2444.444336,24238.77539
cs12880208,288,1602281,1602,1,3,1,1,0,0,1,1,0,0,0,1,0,0,0,0,0,0.9966933727,1,28,2285.714355,155263.4844
cs12880080,288,1602281,1602,1,3,1,1,0,0,1,1,0,0,0,0,0,1,0,0,0,1.045999765,1,28,2285.714355,155263.4844
cs12890464,289,1602281,1602,1,2,1,1,0,1,0,0,0,0,0,1,0,0,0,0,1,1.003425598,1,8,2250,44646.71094
cs12880058,288,1602281,1602,1,3,0,1,0,0,1,1,0,0,0,0,0,1,0,0,0,1,1,28,2285.714355,155263.4844
cs12690250,269,1602281,1602,1,2,1,1,0,0,1,0,0,0,0,1,0,0,0,0,1,1.003425598,1,16,2250,89293.42188
cs12690015,269,1602281,1602,1,2,0,1,0,0,1,0,0,0,0,0,0,1,0,0,1,1,1,16,2250,89293.42188
cs12830348,283,1602281,1602,1,1,1,1,0,0,1,1,0,0,0,0,1,0,0,1,0,1.003737092,1,7,2500,37315.87109
cs12690189,269,1602281,1602,1,2,1,1,0,0,1,0,0,0,0,1,0,0,0,0,1,1.003425598,1,16,2250,89293.42188
cs12900047,290,1602281,1602,1,3,0,1,0,1,0,0,0,0,0,0,0,1,0,0,0,1,1,10,4200,36308.39062
cs12780095,278,1602281,1602,1,2,1,1,0,0,1,1,0,0,0,0,1,0,0,0,1,1.003737092,1,12,2250,66970.0625
cs12720410,272,1602281,1602,1,3,1,1,0,1,1,1,0,0,0,1,0,0,0,0,0,0.9966933727,1,8,2500,42646.71094
cs12890437,289,1602281,1602,1,2,1,1,0,1,0,0,0,0,0,1,0,0,0,0,1,1.003425598,1,8,2250,44646.71094
cs12730455,273,1602281,1602,1,1,1,0,1,0,0,0,0,0,0,0,1,0,0,1,0,0.640173912,1,5,2400,27154.19531
cs12780103,278,1602281,1602,1,2,1,1,0,0,1,1,0,0,0,0,1,0,0,0,1,1.003737092,0,0,,0
cs12900295,290,1602281,1602,1,3,1,1,0,1,0,0,0,0,0,1,0,0,0,0,0,1.003425598,1,15,2200,84462.58594
cs11610546,161,1602351,1602,1,2,1,1,0,1,0,1,0,0,0,1,0,0,0,0,1,0.9966933727,1,5,3000,24154.19531
cs11590010,159,1602351,1602,1,2,0,1,0,0,0,1,0,0,0,0,0,1,0,0,1,1,0,0,,0
cs11620139,162,1602351,1602,1,1,1,1,0,0,0,0,0,0,0,1,0,0,0,1,0,1.003425598,1,7,2400,38015.87109
cs11710011,171,1602351,1602,1,3,1,0,1,0,0,0,0,0,0,0,0,1,0,0,0,1.051559091,1,8,2500,42646.71094
cs11730105,173,1602351,1602,1,3,1,1,0,0,1,1,0,0,0,0,1,0,0,0,0,1.003737092,1,15,2400,81462.58594
cs11590116,159,1602351,1602,1,2,1,1,0,0,0,1,0,0,0,0,1,0,0,0,1,1.003737092,1,15,2400,81462.58594
cs11650040,165,1602351,1602,1,1,0,0,1,0,0,0,0,0,0,0,0,1,0,1,0,1,1,2.5,2400,13577.09766
cs11700120,170,1602351,1602,1,1,1,1,0,0,1,1,0,0,0,1,0,0,0,1,0,0.9966933727,1,7.5,2400,40731.29297
cs11690239,169,1602351,1602,1,3,1,1,0,1,1,0,0,0,0,1,0,0,0,0,0,1.003425598,1,3,2500,15992.5166
cs11650087,165,1602351,1602,1,1,1,0,1,0,0,0,0,0,0,1,0,0,0,1,0,1.27245903,1,2.5,2400,13577.09766
cs11620004,162,1602351,1602,1,1,0,1,0,0,0,0,0,0,0,0,0,1,0,1,0,1,1,6.5,2461.538574,34900.45312
cs11610126,161,1602351,1602,1,2,0,1,0,1,0,1,0,0,0,0,0,1,0,0,1,1,1,5,3000,24154.19531
cs11570029,157,1602351,1602,1,2,0,0,1,0,0,0,0,0,0,0,0,1,0,0,1,1,0,0,,0
cs11570046,157,1602351,1602,1,2,0,0,1,0,0,0,0,0,0,0,0,1,0,0,1,1,0,0,,0
cs11690188,169,1602351,1602,1,3,1,1,0,1,1,0,0,0,0,1,0,0,0,0,0,1.003425598,1,3,2500,15992.5166
cs11700169,170,1602351,1602,1,1,1,1,0,0,1,1,0,0,0,1,0,0,0,1,0,0.9966933727,1,7.5,2400,40731.29297
cs11640248,164,1602351,1602,1,3,1,1,0,1,0,0,0,0,0,1,0,0,0,0,0,1.003425598,1,5,3000,24154.19531
cs11650082,165,1602351,1602,1,1,0,0,1,0,0,0,0,0,0,0,0,1,0,1,0,1,1,2.5,2400,13577.09766
cs11620290,162,1602351,1602,1,1,1,1,0,0,0,0,0,0,0,1,0,0,0,1,0,1.003425598,1,6.5,2461.538574,34900.45312
cs11600120,160,1602351,1602,1,2,0,1,0,0,0,1,0,0,0,0,0,1,0,0,1,1,1,8,2500,42646.71094
cs11570124,157,1602351,1602,1,2,1,0,1,0,0,0,0,0,0,1,0,0,0,0,1,1.27245903,1,15,2400,81462.58594
cs11640181,164,1602351,1602,1,3,1,1,0,1,0,0,0,0,0,1,0,0,0,0,0,1.003425598,1,6,2500,31985.0332
cs11600475,160,1602351,1602,1,2,1,1,0,0,0,1,0,0,0,0,1,0,0,0,1,1.003737092,1,8,2500,42646.71094
cs11650153,165,1602351,1602,1,1,1,0,1,0,0,0,0,0,0,1,0,0,0,1,0,1.27245903,1,2.5,2400,13577.09766
cs11700050,170,1602351,1602,1,1,1,1,0,0,1,1,0,0,0,0,0,1,0,1,0,0.9944144487,1,7.5,2400,40731.29297
cs11690032,169,1602351,1602,1,3,0,1,0,1,1,0,0,0,0,0,0,1,0,0,0,1,1,3,2500,15992.5166
cs11730015,173,1602351,1602,1,3,0,1,0,0,1,1,0,0,0,0,0,1,0,0,0,1,1,15,2400,81462.58594
cs11710252,171,1602351,1602,1,3,1,0,1,0,0,0,0,0,0,1,0,0,0,0,0,1.27245903,1,8,2500,42646.71094
cs11690114,169,1602351,1602,1,3,1,1,0,1,1,0,0,0,0,1,0,0,0,0,0,1.003425598,1,3,2500,15992.5166
cs11730257,173,1602351,1602,1,3,1,1,0,0,1,1,0,0,0,1,0,0,0,0,0,0.9966933727,1,15,2400,81462.58594
cs11700002,170,1602351,1602,1,1,0,1,0,0,1,1,0,0,0,0,0,1,0,1,0,1,0,0,,0
cs11670224,167,1602351,1602,1,1,1,1,0,1,0,1,0,0,0,1,0,0,0,1,0,0.9966933727,1,5,2600,26154.19531
cs11590207,159,1602351,1602,1,2,1,1,0,0,0,1,0,0,0,1,0,0,0,0,1,0.9966933727,1,15,2400,81462.58594
cs11730223,173,1602351,1602,1,3,1,1,0,0,1,1,0,0,0,1,0,0,0,0,0,0.9966933727,1,15,2400,81462.58594
cs11730043,173,1602351,1602,1,3,0,1,0,0,1,1,0,0,0,0,0,1,0,0,0,1,0,0,,0
cs11600284,160,1602351,1602,1,2,1,1,0,0,0,1,0,0,0,1,0,0,0,0,1,0.9966933727,1,16,2500,85293.42188
cs11570161,157,1602351,1602,1,2,1,0,1,0,0,0,0,0,0,0,1,0,0,0,1,0.640173912,1,15,2400,81462.58594
cs11710370,171,1602351,1602,1,3,1,0,1,0,0,0,0,0,0,1,0,0,0,0,0,1.27245903,1,8,2500,42646.71094
cs11730048,173,1602351,1602,1,3,0,1,0,0,1,1,0,0,0,0,0,1,0,0,0,1,0,0,,0
cs11640200,164,1602351,1602,1,3,1,1,0,1,0,0,0,0,0,1,0,0,0,0,0,1.003425598,1,6,5000,16985.0332
cs11570162,157,1602351,1602,1,2,1,0,1,0,0,0,0,0,0,1,0,0,0,0,1,1.27245903,1,15,2400,81462.58594
cs11620336,162,1602351,1602,1,1,1,1,0,0,0,0,0,0,0,0,1,0,0,1,0,0.9961833954,1,6.5,2461.538574,34900.45312
cs11600140,160,1602351,1602,1,2,0,1,0,0,0,1,0,0,0,0,0,1,0,0,1,1,1,8,2500,42646.71094
cs11650012,165,1602351,1602,1,1,0,0,1,0,0,0,0,0,0,0,0,1,0,1,0,1,1,2.5,2400,13577.09766
cs11700162,170,1602351,1602,1,1,1,1,0,0,1,1,0,0,0,0,1,0,0,1,0,1.003737092,1,7.5,2400,40731.29297
cs11650139,165,1602351,1602,1,1,1,0,1,0,0,0,0,0,0,0,1,0,0,1,0,0.640173912,1,2.5,2400,13577.09766
cs11610052,161,1602351,1602,1,2,0,1,0,1,0,1,0,0,0,0,0,1,0,0,1,1,1,5,3000,24154.19531
cs11710162,171,1602351,1602,1,3,1,0,1,0,0,0,0,0,0,1,0,0,0,0,0,1.27245903,1,8,2500,42646.71094
cs11570113,157,1602351,1602,1,2,1,0,1,0,0,0,0,0,0,1,0,0,0,0,1,1.27245903,1,15,2400,81462.58594
cs11610866,161,1602351,1602,1,2,1,1,0,1,0,1,0,0,0,1,0,0,0,0,1,0.9966933727,1,5,3000,24154.19531
cs11590093,159,1602351,1602,1,2,1,1,0,0,0,1,0,0,0,1,0,0,0,0,1,0.9966933727,1,15,2400,81462.58594
cs11590189,159,1602351,1602,1,2,1,1,0,0,0,1,0,0,0,0,1,0,0,0,1,1.003737092,1,15,2400,81462.58594
cs11670290,167,1602351,1602,1,1,1,1,0,1,0,1,0,0,0,1,0,0,0,1,0,0.9966933727,1,5,2600,26154.19531
cs11640058,164,1602351,1602,1,3,0,1,0,1,0,0,0,0,0,0,0,1,0,0,0,1,1,6,2500,31985.0332
cs11650151,165,1602351,1602,1,1,1,0,1,0,0,0,0,0,0,0,1,0,0,1,0,0.640173912,1,5,2400,27154.19531
cs11620225,162,1602351,1602,1,1,1,1,0,0,0,0,0,0,0,0,1,0,0,1,0,0.9961833954,1,6.5,2461.538574,34900.45312
cs11620011,162,1602351,1602,1,1,0,1,0,0,0,0,0,0,0,0,0,1,0,1,0,1,1,6.5,2461.538574,34900.45312
cs11670025,167,1602351,1602,1,1,1,1,0,1,0,1,0,0,0,0,0,1,0,1,0,0.9944144487,1,6,2166.666748,33985.03125
cs11730268,173,1602351,1602,1,3,1,1,0,0,1,1,0,0,0,1,0,0,0,0,0,0.9966933727,1,15,2400,81462.58594
cs11610108,161,1602351,1602,1,2,0,1,0,1,0,1,0,0,0,0,0,1,0,0,1,1,1,5,3000,24154.19531
cs11600228,160,1602351,1602,1,2,0,1,0,0,0,1,0,0,0,0,0,1,0,0,1,1,1,8,2500,42646.71094
cs11620002,162,1602351,1602,1,1,0,1,0,0,0,0,0,0,0,0,0,1,0,1,0,1,1,6.5,2461.538574,34900.45312
cs11590121,159,1602351,1602,1,2,1,1,0,0,0,1,0,0,0,1,0,0,0,0,1,0.9966933727,1,15,2400,81462.58594
cs11590025,159,1602351,1602,1,2,0,1,0,0,0,1,0,0,0,0,0,1,0,0,1,1,0,0,,0
cs11690012,169,1602351,1602,1,3,0,1,0,1,1,0,0,0,0,0,0,1,0,0,0,1,1,3,2500,15992.5166
cs11590012,159,1602351,1602,1,2,0,1,0,0,0,1,0,0,0,0,0,1,0,0,1,1,0,0,,0
cs11710013,171,1602351,1602,1,3,0,0,1,0,0,0,0,0,0,0,0,1,0,0,0,1,1,8,2500,42646.71094
cs11690045,169,1602351,1602,1,3,0,1,0,1,1,0,0,0,0,0,0,1,0,0,0,1,0,0,,0
cs11570024,157,1602351,1602,1,2,0,0,1,0,0,0,0,0,0,0,0,1,0,0,1,1,0,0,,0
cs11670324,167,1602351,1602,1,1,1,1,0,1,0,1,0,0,0,1,0,0,0,1,0,0.9966933727,1,5,2600,26154.19531
cs11570152,157,1602351,1602,1,2,1,0,1,0,0,0,0,0,0,0,1,0,0,0,1,0.640173912,1,15,2400,81462.58594
cs11710332,171,1602351,1602,1,3,1,0,1,0,0,0,0,0,0,0,1,0,0,0,0,0.640173912,1,8,2500,42646.71094
cs11700135,170,1602351,1602,1,1,1,1,0,0,1,1,0,0,0,1,0,0,0,1,0,0.9966933727,1,7.5,2400,40731.29297
cs11600766,160,1602351,1602,1,2,1,1,0,0,0,1,0,0,0,0,1,0,0,0,1,1.003737092,1,8,2500,42646.71094
cs11640016,164,1602351,1602,1,3,1,1,0,1,0,0,0,0,0,0,0,1,0,0,0,1.005813479,1,5,3000,24154.19531
cs11710029,171,1602351,1602,1,3,0,0,1,0,0,0,0,0,0,0,0,1,0,0,0,1,1,8,2500,42646.71094
cs11700227,170,1602351,1602,1,1,1,1,0,0,1,1,0,0,0,0,1,0,0,1,0,1.003737092,1,7.5,2400,40731.29297
cs11700037,170,1602351,1602,1,1,0,1,0,0,1,1,0,0,0,0,0,1,0,1,0,1,0,0,,0
cs11600678,160,1602351,1602,1,2,1,1,0,0,0,1,0,0,0,1,0,0,0,0,1,0.9966933727,1,8,2500,42646.71094
cs11670115,167,1602351,1602,1,1,1,1,0,1,0,1,0,0,0,0,0,1,0,1,0,0.9944144487,1,5,2600,26154.19531
cs11670142,167,1602351,1602,1,1,0,1,0,1,0,1,0,0,0,0,0,1,0,1,0,1,1,5,2600,26154.19531
cs11600434,160,1602351,1602,1,2,1,1,0,0,0,1,0,0,0,1,0,0,0,0,1,0.9966933727,1,8,2500,42646.71094
cs11620233,162,1602351,1602,1,1,1,1,0,0,0,0,0,0,0,1,0,0,0,1,0,1.003425598,1,6.5,2461.538574,34900.45312
cs11730191,173,1602351,1602,1,3,1,1,0,0,1,1,0,0,0,0,1,0,0,0,0,1.003737092,1,15,2400,81462.58594
cs11650122,165,1602351,1602,1,1,1,0,1,0,0,0,0,0,0,1,0,0,0,1,0,1.27245903,0,0,,0
cs11610566,161,1602351,1602,1,2,1,1,0,1,0,1,0,0,0,1,0,0,0,0,1,0.9966933727,1,5,3000,24154.19531
cs11710178,171,1602351,1602,1,3,1,0,1,0,0,0,0,0,0,0,1,0,0,0,0,0.640173912,1,8,2500,42646.71094
cs12240171,224,1602475,1602,1,1,1,1,0,1,1,0,0,0,0,1,0,0,0,1,0,1.003425598,0,0,,0
cs12210058,221,1602475,1602,1,2,1,0,1,0,0,0,0,0,0,1,0,0,0,0,1,1.27245903,0,0,,0
cs12170171,217,1602475,1602,1,2,1,1,0,1,0,1,0,0,0,1,0,0,0,0,1,0.9966933727,1,15,2500,79962.58594
cs12190025,219,1602475,1602,1,1,0,1,0,1,0,1,0,0,0,0,0,1,0,1,0,1,0,0,,0
cs12200002,220,1602475,1602,1,1,0,1,0,0,1,0,0,0,0,0,0,1,0,1,0,1,0,0,,0
cs12310083,231,1602475,1602,1,1,1,0,1,0,0,0,0,0,0,1,0,0,0,1,0,1.27245903,0,0,,0
cs12140008,214,1602475,1602,1,3,0,0,1,0,0,0,0,0,0,0,0,1,0,0,0,1,1,7.5,2533.333252,39731.29297
cs12310067,231,1602475,1602,1,1,1,0,1,0,0,0,0,0,0,1,0,0,0,1,0,1.27245903,0,0,,0
cs12200046,220,1602475,1602,1,1,1,1,0,0,1,0,0,0,0,1,0,0,0,1,0,1.003425598,1,30,2500,159925.1719
cs12150137,215,1602475,1602,1,3,1,0,1,0,0,0,0,0,0,0,1,0,0,0,0,0.640173912,0,0,,0
cs12190230,219,1602475,1602,1,1,1,1,0,1,0,1,0,0,0,1,0,0,0,1,0,0.9966933727,0,0,,0
cs12140150,214,1602475,1602,1,3,1,0,1,0,0,0,0,0,0,0,1,0,0,0,0,0.640173912,1,7.5,2500,39981.29297
cs12280032,228,1602475,1602,1,3,0,1,0,1,1,1,0,0,0,0,0,1,0,0,0,1,1,60,2333.333252,329850.3438
cs12140149,214,1602475,1602,1,3,1,0,1,0,0,0,0,0,0,0,1,0,0,0,0,0.640173912,1,7.5,2500,39981.29297
cs12140106,214,1602475,1602,1,3,1,0,1,0,0,0,0,0,0,1,0,0,0,0,0,1.27245903,1,7.5,2500,39981.29297
cs12140091,214,1602475,1602,1,3,1,0,1,0,0,0,0,0,0,1,0,0,0,0,0,1.27245903,1,7.5,2500,39981.29297
cs12240018,224,1602475,1602,1,1,0,1,0,1,1,0,0,0,0,0,0,1,0,1,0,1,0,0,,0
cs12120060,212,1602475,1602,1,2,0,0,1,0,0,0,0,0,0,0,0,1,0,0,1,1,0,0,,0
cs12280016,228,1602475,1602,1,3,0,1,0,1,1,1,0,0,0,0,0,1,0,0,0,1,0,0,,0
cs12290070,229,1602475,1602,1,3,1,1,0,1,0,1,0,0,0,0,0,1,0,0,0,0.9944144487,0,0,,0
cs12240033,224,1602475,1602,1,1,0,1,0,1,1,0,0,0,0,0,0,1,0,1,0,1,0,0,,0
cs12230110,223,1602475,1602,1,3,1,1,0,0,1,1,0,0,0,1,0,0,0,0,0,0.9966933727,0,0,,0
cs12210123,221,1602475,1602,1,2,1,0,1,0,0,0,0,0,0,0,1,0,0,0,1,0.640173912,0,0,,0
cs12200120,220,1602475,1602,1,1,1,1,0,0,1,0,0,0,0,1,0,0,0,1,0,1.003425598,0,0,,0
cs12120319,212,1602475,1602,1,2,1,0,1,0,0,0,0,0,0,1,0,0,0,0,1,1.27245903,0,0,,0
cs12190032,219,1602475,1602,1,1,0,1,0,1,0,1,0,0,0,0,0,1,0,1,0,1,0,0,,0
cs12170194,217,1602475,1602,1,2,1,1,0,1,0,1,0,0,0,1,0,0,0,0,1,0.9966933727,1,15,2500,79962.58594
cs12270084,227,1602475,1602,1,2,1,1,0,0,0,0,0,0,0,1,0,0,0,0,1,1.003425598,0,0,,0
cs12270113,227,1602475,1602,1,2,1,1,0,0,0,0,0,0,0,0,1,0,0,0,1,0.9961833954,0,0,,0
cs12230092,223,1602475,1602,1,3,1,1,0,0,1,1,0,0,0,1,0,0,0,0,0,0.9966933727,0,0,,0
cs12270061,227,1602475,1602,1,2,1,1,0,0,0,0,0,0,0,0,1,0,0,0,1,0.9961833954,0,0,,0
cs12150084,215,1602475,1602,1,3,1,0,1,0,0,0,0,0,0,0,1,0,0,0,0,0.640173912,0,0,,0
cs12150070,215,1602475,1602,1,3,0,0,1,0,0,0,0,0,0,0,0,1,0,0,0,1,0,0,,0
cs12230026,223,1602475,1602,1,3,0,1,0,0,1,1,0,0,0,0,0,1,0,0,0,1,0,0,,0
cs12210007,221,1602475,1602,1,2,1,0,1,0,0,0,0,0,0,0,0,1,0,0,1,0.661996901,0,0,,0
cs12290104,229,1602475,1602,1,3,1,1,0,1,0,1,0,0,0,1,0,0,0,0,0,0.9966933727,0,0,,0
cs12230114,223,1602475,1602,1,3,1,1,0,0,1,1,0,0,0,0,1,0,0,0,0,1.003737092,0,0,,0
cs12240034,224,1602475,1602,1,1,0,1,0,1,1,0,0,0,0,0,0,1,0,1,0,1,0,0,,0
cs12150094,215,1602475,1602,1,3,1,0,1,0,0,0,0,0,0,1,0,0,0,0,0,1.27245903,0,0,,0
cs12280075,228,1602475,1602,1,3,1,1,0,1,1,1,0,0,0,1,0,0,0,0,0,0.9966933727,1,45,3111.111084,212387.75
cs12310085,231,1602475,1602,1,1,1,0,1,0,0,0,0,0,0,0,1,0,0,1,0,0.640173912,0,0,,0
cs12270043,227,1602475,1602,1,2,0,1,0,0,0,0,0,0,0,0,0,1,0,0,1,1,0,0,,0
cs12270114,227,1602475,1602,1,2,1,1,0,0,0,0,0,0,0,1,0,0,0,0,1,1.003425598,0,0,,0
cs12210030,221,1602475,1602,1,2,0,0,1,0,0,0,0,0,0,0,0,1,0,0,1,1,0,0,,0
cs12280008,228,1602475,1602,1,3,0,1,0,1,1,1,0,0,0,0,0,1,0,0,0,1,0,0,,0
cs12280167,228,1602475,1602,1,3,1,1,0,1,1,1,0,0,0,1,0,0,0,0,0,0.9966933727,1,45,3111.111084,212387.75
cs12140009,214,1602475,1602,1,3,0,0,1,0,0,0,0,0,0,0,0,1,0,0,0,1,1,7.5,2500,39981.29297
cs12120195,212,1602475,1602,1,2,1,0,1,0,0,0,0,0,0,1,0,0,0,0,1,1.27245903,0,0,,0
cs12170075,217,1602475,1602,1,2,0,1,0,1,0,1,0,0,0,0,0,1,0,0,1,1,0,0,,0
cs12120169,212,1602475,1602,1,2,1,0,1,0,0,0,0,0,0,1,0,0,0,0,1,1.27245903,0,0,,0
cs12290112,229,1602475,1602,1,3,1,1,0,1,0,1,0,0,0,1,0,0,0,0,0,0.9966933727,0,0,,0
cs12280108,228,1602475,1602,1,3,1,1,0,1,1,1,0,0,0,1,0,0,0,0,0,0.9966933727,1,30,2333.333252,164925.1719
cs12310004,231,1602475,1602,1,1,0,0,1,0,0,0,0,0,0,0,0,1,0,1,0,1,0,0,,0
cs12200050,220,1602475,1602,1,1,1,1,0,0,1,0,0,0,0,0,1,0,0,1,0,0.9961833954,1,15,2500,79962.58594
cs12290006,229,1602475,1602,1,3,0,1,0,1,0,1,0,0,0,0,0,1,0,0,0,1,0,0,,0
cs12120007,212,1602475,1602,1,2,1,0,1,0,0,0,0,0,0,0,0,1,0,0,1,1.051559091,0,0,,0
cs12240077,224,1602475,1602,1,1,1,1,0,1,1,0,0,0,0,1,0,0,0,1,0,1.003425598,0,0,,0
cs12200066,220,1602475,1602,1,1,1,1,0,0,1,0,0,0,0,1,0,0,0,1,0,1.003425598,0,0,,0
cs12290021,229,1602475,1602,1,3,1,1,0,1,0,1,0,0,0,0,0,1,0,0,0,0.9944144487,0,0,,0
cs12210122,221,1602475,1602,1,2,1,0,1,0,0,0,0,0,0,1,0,0,0,0,1,1.27245903,0,0,,0
cs12270019,227,1602475,1602,1,2,0,1,0,0,0,0,0,0,0,0,0,1,0,0,1,1,0,0,,0
cs12150022,215,1602475,1602,1,3,0,0,1,0,0,0,0,0,0,0,0,1,0,0,0,1,0,0,,0
cs12210155,221,1602475,1602,1,2,1,0,1,0,0,0,0,0,0,1,0,0,0,0,1,1.27245903,0,0,,0
cs12310057,231,1602475,1602,1,1,1,0,1,0,0,0,0,0,0,1,0,0,0,1,0,1.27245903,0,0,,0
cs12230093,223,1602475,1602,1,3,1,1,0,0,1,1,0,0,0,1,0,0,0,0,0,0.9966933727,0,0,,0
cs12270022,227,1602475,1602,1,2,1,1,0,0,0,0,0,0,0,0,0,1,0,0,1,1.005813479,0,0,,0
cs12150118,215,1602475,1602,1,3,1,0,1,0,0,0,0,0,0,1,0,0,0,0,0,1.27245903,0,0,,0
cs12190112,219,1602475,1602,1,1,1,1,0,1,0,1,0,0,0,1,0,0,0,1,0,0.9966933727,0,0,,0
cs12200005,220,1602475,1602,1,1,0,1,0,0,1,0,0,0,0,0,0,1,0,1,0,1,0,0,,0
cs12190132,219,1602475,1602,1,1,1,1,0,1,0,1,0,0,0,1,0,0,0,1,0,0.9966933727,0,0,,0
cs12140037,214,1602475,1602,1,3,0,0,1,0,0,0,0,0,0,0,0,1,0,0,0,1,1,7.5,2500,39981.29297
cs12200057,220,1602475,1602,1,1,1,1,0,0,1,0,0,0,0,0,1,0,0,1,0,0.9961833954,0,0,,0
cs12150044,215,1602475,1602,1,3,0,0,1,0,0,0,0,0,0,0,0,1,0,0,0,1,0,0,,0
cs12120158,212,1602475,1602,1,2,1,0,1,0,0,0,0,0,0,0,1,0,0,0,1,0.640173912,0,0,,0
cs12290145,229,1602475,1602,1,3,1,1,0,1,0,1,0,0,0,1,0,0,0,0,0,0.9966933727,0,0,,0
cs12310028,231,1602475,1602,1,1,0,0,1,0,0,0,0,0,0,0,0,1,0,1,0,1,0,0,,0
cs12210052,221,1602475,1602,1,2,1,0,1,0,0,0,0,0,0,0,0,1,0,0,1,0.661996901,0,0,,0
cs12240086,224,1602475,1602,1,1,1,1,0,1,1,0,0,0,0,1,0,0,0,1,0,1.003425598,0,0,,0
cs12230100,223,1602475,1602,1,3,1,1,0,0,1,1,0,0,0,0,1,0,0,0,0,1.003737092,0,0,,0
cs12120027,212,1602475,1602,1,2,0,0,1,0,0,0,0,0,0,0,0,1,0,0,1,1,0,0,,0
cs12120198,212,1602475,1602,1,2,1,0,1,0,0,0,0,0,0,0,1,0,0,0,1,0.640173912,0,0,,0
cs12210111,221,1602475,1602,1,2,1,0,1,0,0,0,0,0,0,0,1,0,0,0,1,0.640173912,0,0,,0
cs12230060,223,1602475,1602,1,3,1,1,0,0,1,1,0,0,0,0,0,1,0,0,0,0.9944144487,0,0,,0
cs12170172,217,1602475,1602,1,2,1,1,0,1,0,1,0,0,0,1,0,0,0,0,1,0.9966933727,1,15,2500,79962.58594
cs12270095,227,1602475,1602,1,2,1,1,0,0,0,0,0,0,0,1,0,0,0,0,1,1.003425598,0,0,,0
cs12140140,214,1602475,1602,1,3,1,0,1,0,0,0,0,0,0,1,0,0,0,0,0,1.27245903,1,7.5,2500,39981.29297
cs12230037,223,1602475,1602,1,3,0,1,0,0,1,1,0,0,0,0,0,1,0,0,0,1,0,0,,0
cs12310037,231,1602475,1602,1,1,1,0,1,0,0,0,0,0,0,0,0,1,0,1,0,1.051559091,0,0,,0
cs12310084,231,1602475,1602,1,1,1,0,1,0,0,0,0,0,0,0,1,0,0,1,0,0.640173912,0,0,,0
cs12150079,215,1602475,1602,1,3,1,0,1,0,0,0,0,0,0,1,0,0,0,0,0,1.27245903,0,0,,0
cs12190049,219,1602475,1602,1,1,0,1,0,1,0,1,0,0,0,0,0,1,0,1,0,1,0,0,,0
cs12170014,217,1602475,1602,1,2,0,1,0,1,0,1,0,0,0,0,0,1,0,0,1,1,1,15,2500,79962.58594
cs12200044,220,1602475,1602,1,1,0,1,0,0,1,0,0,0,0,0,0,1,0,1,0,1,0,0,,0
cs12170049,217,1602475,1602,1,2,0,1,0,1,0,1,0,0,0,0,0,1,0,0,1,1,0,0,,0
cs11490086,149,1602535,1602,1,1,1,0,1,0,0,0,0,0,0,0,1,0,0,1,0,0.640173912,0,0,,0
cs11530041,153,1602535,1602,1,2,0,1,0,1,1,0,0,0,0,0,0,1,0,0,1,1,0,0,,0
cs11560054,156,1602535,1602,1,1,0,1,0,0,1,0,0,0,0,0,0,1,0,1,0,1,0,0,,0
cs11330308,133,1602535,1602,1,1,1,1,0,1,0,0,0,0,0,1,0,0,0,1,0,1.003425598,1,7.5,3000,36231.29297
cs11480089,148,1602535,1602,1,1,0,1,0,1,0,0,0,0,0,0,0,1,0,1,0,1,1,6.5,2615.384521,33900.45312
cs11390017,139,1602535,1602,1,3,0,1,0,0,0,0,0,0,0,0,0,1,0,0,0,1,1,2.5,2800,12577.09766
cs11560105,156,1602535,1602,1,1,1,1,0,0,1,0,0,0,0,0,1,0,0,1,0,0.9961833954,0,0,,0
cs11540114,154,1602535,1602,1,3,1,0,1,0,0,0,0,0,0,0,1,0,0,0,0,0.640173912,1,15,4000,57462.58203
cs11390151,139,1602535,1602,1,3,1,1,0,0,0,0,0,0,0,1,0,0,0,0,0,1.003425598,1,2.5,2800,12577.09766
cs11350390,135,1602535,1602,1,2,1,1,0,1,1,0,0,0,0,1,0,0,0,0,1,1.003425598,1,3.5,2857.142822,17407.93555
cs11460253,146,1602535,1602,1,3,1,1,0,1,0,1,0,0,0,1,0,0,0,0,0,0.9966933727,1,9,3000,43477.55078
cs11390013,139,1602535,1602,1,3,0,1,0,0,0,0,0,0,0,0,0,1,0,0,0,1,1,2.5,2800,12577.09766
cs11490085,149,1602535,1602,1,1,1,0,1,0,0,0,0,0,0,1,0,0,0,1,0,1.27245903,0,0,,0
cs11520085,152,1602535,1602,1,2,1,1,0,0,1,0,0,0,0,0,1,0,0,0,1,0.9961833954,1,7.5,4666.666504,23731.29102
cs11540051,154,1602535,1602,1,3,1,0,1,0,0,0,0,0,0,1,0,0,0,0,0,1.27245903,1,7.5,3333.333252,33731.29297
cs11440145,144,1602535,1602,1,2,1,1,0,0,0,0,0,0,0,1,0,0,0,0,1,1.003425598,1,2.5,3000,12077.09766
cs11540039,154,1602535,1602,1,3,1,0,1,0,0,0,0,0,0,0,0,1,0,0,0,1.051559091,1,7.5,4466.666504,25231.29102
cs11450084,145,1602535,1602,1,1,1,1,0,0,1,0,0,0,0,1,0,0,0,1,0,1.003425598,0,0,,0
cs11350109,135,1602535,1602,1,2,0,1,0,1,1,0,0,0,0,0,0,1,0,0,1,1,1,7,2857.142822,34815.87109
cs11330103,133,1602535,1602,1,1,1,1,0,1,0,0,0,0,0,1,0,0,0,1,0,1.003425598,1,15,3000,72462.58594
cs11410020,141,1602535,1602,1,2,0,0,1,0,0,0,0,0,0,0,0,1,0,0,1,1,0,0,,0
cs11550269,155,1602535,1602,1,3,1,1,0,0,1,0,0,0,0,1,0,0,0,0,0,1.003425598,1,7.5,2933.333252,36731.29297
cs11490080,149,1602535,1602,1,1,1,0,1,0,0,0,0,0,0,0,1,0,0,1,0,0.640173912,0,0,,0
cs11560075,156,1602535,1602,1,1,0,1,0,0,1,0,0,0,0,0,0,1,0,1,0,1,0,0,,0
cs11450082,145,1602535,1602,1,1,1,1,0,0,1,0,0,0,0,0,1,0,0,1,0,0.9961833954,0,0,,0
cs11550315,155,1602535,1602,1,3,1,1,0,0,1,0,0,0,0,0,1,0,0,0,0,0.9961833954,1,3.75,3000,18115.64648
cs11450083,145,1602535,1602,1,1,1,1,0,0,1,0,0,0,0,1,0,0,0,1,0,1.003425598,0,0,,0
cs11440080,144,1602535,1602,1,2,1,1,0,0,0,0,0,0,0,0,0,1,0,0,1,0.9567061067,1,2.5,3000,12077.09766
cs11450079,145,1602535,1602,1,1,1,1,0,0,1,0,0,0,0,0,1,0,0,1,0,0.9961833954,0,0,,0
cs11560117,156,1602535,1602,1,1,1,1,0,0,1,0,0,0,0,0,1,0,0,1,0,0.9961833954,0,0,,0
cs11410039,141,1602535,1602,1,2,0,0,1,0,0,0,0,0,0,0,0,1,0,0,1,1,0,0,,0
cs11540031,154,1602535,1602,1,3,0,0,1,0,0,0,0,0,0,0,0,1,0,0,0,1,1,3.75,3533.333252,16115.64551
cs11520090,152,1602535,1602,1,2,1,1,0,0,1,0,0,0,0,1,0,0,0,0,1,1.003425598,1,7.5,4666.666504,23731.29102
cs11380083,138,1602535,1602,1,3,1,0,1,0,0,0,0,0,0,0,1,0,0,0,0,0.640173912,1,2.5,2500,13327.09766
cs11530119,153,1602535,1602,1,2,1,1,0,1,1,0,0,0,0,1,0,0,0,0,1,1.003425598,1,7.5,4666.666504,23731.29102
cs11440180,144,1602535,1602,1,2,1,1,0,0,0,0,0,0,0,0,1,0,0,0,1,0.9961833954,1,2.5,3000,12077.09766
cs11330215,133,1602535,1602,1,1,1,1,0,1,0,0,0,0,0,1,0,0,0,1,0,1.003425598,0,0,,0
cs11530151,153,1602535,1602,1,2,1,1,0,1,1,0,0,0,0,1,0,0,0,0,1,1.003425598,0,0,,0
cs11440223,144,1602535,1602,1,2,1,1,0,0,0,0,0,0,0,1,0,0,0,0,1,1.003425598,1,2.5,3000,12077.09766
cs11520097,152,1602535,1602,1,2,1,1,0,0,1,0,0,0,0,1,0,0,0,0,1,1.003425598,1,7.5,4666.666504,23731.29102
cs11530143,153,1602535,1602,1,2,1,1,0,1,1,0,0,0,0,1,0,0,0,0,1,1.003425598,0,0,,0
cs11520033,152,1602535,1602,1,2,0,1,0,0,1,0,0,0,0,0,0,1,0,0,1,1,0,0,,0
cs11380055,138,1602535,1602,1,3,0,0,1,0,0,0,0,0,0,0,0,1,0,0,0,1,1,5,3000,24154.19531
cs11330061,133,1602535,1602,1,1,0,1,0,1,0,0,0,0,0,0,0,1,0,1,0,1,1,15,3000,72462.58594
cs11560097,156,1602535,1602,1,1,1,1,0,0,1,0,0,0,0,1,0,0,0,1,0,1.003425598,0,0,,0
cs11550135,155,1602535,1602,1,3,0,1,0,0,1,0,0,0,0,0,0,1,0,0,0,1,1,7.5,3000,36231.29297
cs11410125,141,1602535,1602,1,2,1,0,1,0,0,0,0,0,0,1,0,0,0,0,1,1.27245903,1,7.5,3000,36231.29297
cs11440158,144,1602535,1602,1,2,1,1,0,0,0,0,0,0,0,1,0,0,0,0,1,1.003425598,1,7.5,3000,36231.29297
cs11410117,141,1602535,1602,1,2,1,0,1,0,0,0,0,0,0,0,1,0,0,0,1,0.640173912,1,15,3000,72462.58594
cs11480097,148,1602535,1602,1,1,0,1,0,1,0,0,0,0,0,0,0,1,0,1,0,1,1,6.5,2615.384521,33900.45312
cs11450104,145,1602535,1602,1,1,1,1,0,0,1,0,0,0,0,1,0,0,0,1,0,1.003425598,0,0,,0
cs11550042,155,1602535,1602,1,3,0,1,0,0,1,0,0,0,0,0,0,1,0,0,0,1,1,7.5,3000,36231.29297
cs11380138,138,1602535,1602,1,3,1,0,1,0,0,0,0,0,0,1,0,0,0,0,0,1.27245903,1,5,3000,24154.19531
cs11520100,152,1602535,1602,1,2,1,1,0,0,1,0,0,0,0,0,1,0,0,0,1,0.9961833954,1,7.5,4000,28731.29102
cs11460183,146,1602535,1602,1,3,1,1,0,1,0,1,0,0,0,1,0,0,0,0,0,0.9966933727,1,6,3000,28985.0332
cs11460106,146,1602535,1602,1,3,0,1,0,1,0,1,0,0,0,0,0,1,0,0,0,1,1,3,3000,14492.5166
cs11520019,152,1602535,1602,1,2,0,1,0,0,1,0,0,0,0,0,0,1,0,0,1,1,1,7.5,4333.333496,26231.29102
cs11490104,149,1602535,1602,1,1,1,0,1,0,0,0,0,0,0,1,0,0,0,1,0,1.27245903,0,0,,0
cs11520119,152,1602535,1602,1,2,1,1,0,0,1,0,0,0,0,1,0,0,0,0,1,1.003425598,1,7.5,4000,28731.29102
cs11550138,155,1602535,1602,1,3,0,1,0,0,1,0,0,0,0,0,0,1,0,0,0,1,1,7.5,3000,36231.29297
cs11540247,154,1602535,1602,1,3,1,0,1,0,0,0,0,0,0,1,0,0,0,0,0,1.27245903,0,0,,0
cs11560064,156,1602535,1602,1,1,0,1,0,0,1,0,0,0,0,0,0,1,0,1,0,1,0,0,,0
cs11390104,139,1602535,1602,1,3,1,1,0,0,0,0,0,0,0,0,1,0,0,0,0,0.9961833954,1,2.5,2800,12577.09766
cs11530003,153,1602535,1602,1,2,0,1,0,1,1,0,0,0,0,0,0,1,0,0,1,1,0,0,,0
cs11380120,138,1602535,1602,1,3,1,0,1,0,0,0,0,0,0,1,0,0,0,0,0,1.27245903,1,2.5,3000,12077.09766
cs11490025,149,1602535,1602,1,1,0,0,1,0,0,0,0,0,0,0,0,1,0,1,0,1,0,0,,0
cs11540221,154,1602535,1602,1,3,1,0,1,0,0,0,0,0,0,1,0,0,0,0,0,1.27245903,1,3.75,3733.333252,15365.64551
cs11330091,133,1602535,1602,1,1,0,1,0,1,0,0,0,0,0,0,0,1,0,1,0,1,0,0,,0
cs11390106,139,1602535,1602,1,3,1,1,0,0,0,0,0,0,0,1,0,0,0,0,0,1.003425598,1,2.5,2800,12577.09766
cs11380141,138,1602535,1602,1,3,1,0,1,0,0,0,0,0,0,0,1,0,0,0,0,0.640173912,1,5,3000,24154.19531
cs11380010,138,1602535,1602,1,3,0,0,1,0,0,0,0,0,0,0,0,1,0,0,0,1,1,20,3000,96616.78125
cs11390021,139,1602535,1602,1,3,0,1,0,0,0,0,0,0,0,0,0,1,0,0,0,1,0,0,,0
cs11490035,149,1602535,1602,1,1,0,0,1,0,0,0,0,0,0,0,0,1,0,1,0,1,0,0,,0
cs11390196,139,1602535,1602,1,3,1,1,0,0,0,0,0,0,0,1,0,0,0,0,0,1.003425598,1,2.5,2800,12577.09766
cs11410009,141,1602535,1602,1,2,0,0,1,0,0,0,0,0,0,0,0,1,0,0,1,1,0,0,,0
cs11460101,146,1602535,1602,1,3,0,1,0,1,0,1,0,0,0,0,0,1,0,0,0,1,1,9,3000,43477.55078
cs11560098,156,1602535,1602,1,1,1,1,0,0,1,0,0,0,0,1,0,0,0,1,0,1.003425598,0,0,,0
cs11450022,145,1602535,1602,1,1,0,1,0,0,1,0,0,0,0,0,0,1,0,1,0,1,0,0,,0
cs11410109,141,1602535,1602,1,2,1,0,1,0,0,0,0,0,0,1,0,0,0,0,1,1.27245903,1,7.5,3000,36231.29297
cs11380009,138,1602535,1602,1,3,1,0,1,0,0,0,0,0,0,0,0,1,0,0,0,1.051559091,1,15,3000,72462.58594
cs11460002,146,1602535,1602,1,3,0,1,0,1,0,1,0,0,0,0,0,1,0,0,0,1,1,9,3000,43477.55078
cs11410128,141,1602535,1602,1,2,1,0,1,0,0,0,0,0,0,0,1,0,0,0,1,0.640173912,1,15,3000,72462.58594
cs11440162,144,1602535,1602,1,2,1,1,0,0,0,0,0,0,0,0,1,0,0,0,1,0.9961833954,1,5,3000,24154.19531
cs11480026,148,1602535,1602,1,1,1,1,0,1,0,0,0,0,0,0,0,1,0,1,0,1.005813479,1,6.5,2615.384521,33900.45312
cs11480432,148,1602535,1602,1,1,1,1,0,1,0,0,0,0,0,1,0,0,0,1,0,1.003425598,1,6.5,2615.384521,33900.45312
cs11350255,135,1602535,1602,1,2,1,1,0,1,1,0,0,0,0,1,0,0,0,0,1,1.003425598,1,10.5,2857.142822,52223.80469
cs11410135,141,1602535,1602,1,2,1,0,1,0,0,0,0,0,0,1,0,0,0,0,1,1.27245903,1,7.5,3000,36231.29297
cs11550341,155,1602535,1602,1,3,1,1,0,0,1,0,0,0,0,0,1,0,0,0,0,0.9961833954,0,0,,0
cs11540001,154,1602535,1602,1,3,1,0,1,0,0,0,0,0,0,0,0,1,0,0,0,0.661996901,0,0,,0
cs11350105,135,1602535,1602,1,2,0,1,0,1,1,0,0,0,0,0,0,1,0,0,1,1,1,8,2625,41646.71094
cs11350121,135,1602535,1602,1,2,0,1,0,1,1,0,0,0,0,0,0,1,0,0,1,1,1,3.5,3000,16907.93555
cs11440014,144,1602535,1602,1,2,0,1,0,0,0,0,0,0,0,0,0,1,0,0,1,1,1,2.5,3000,12077.09766
cs11330059,133,1602535,1602,1,1,0,1,0,1,0,0,0,0,0,0,0,1,0,1,0,1,0,0,,0
cs11530024,153,1602535,1602,1,2,0,1,0,1,1,0,0,0,0,0,0,1,0,0,1,1,0,0,,0
cs11380105,138,1602535,1602,1,3,1,0,1,0,0,0,0,0,0,1,0,0,0,0,0,1.27245903,1,7.5,3000,36231.29297
cs11480226,148,1602535,1602,1,1,1,1,0,1,0,0,0,0,0,1,0,0,0,1,0,1.003425598,1,6.5,2615.384521,33900.45312
cs11460328,146,1602535,1602,1,3,1,1,0,1,0,1,0,0,0,1,0,0,0,0,0,0.9966933727,1,6,3000,28985.0332
cs11520009,152,1602535,1602,1,2,0,1,0,0,1,0,0,0,0,0,0,1,0,0,1,1,0,0,,0
cs11550190,155,1602535,1602,1,3,1,1,0,0,1,0,0,0,0,1,0,0,0,0,0,1.003425598,1,7.5,2933.333252,36731.29297
cs11490010,149,1602535,1602,1,1,0,0,1,0,0,0,0,0,0,0,0,1,0,1,0,1,0,0,,0
cs11390174,139,1602535,1602,1,3,1,1,0,0,0,0,0,0,0,0,1,0,0,0,0,0.9961833954,1,2.5,2800,12577.09766
cs11350202,135,1602535,1602,1,2,1,1,0,1,1,0,0,0,0,1,0,0,0,0,1,1.003425598,1,10.5,3000,50723.80469
cs11550246,155,1602535,1602,1,3,1,1,0,0,1,0,0,0,0,1,0,0,0,0,0,1.003425598,1,6.25,2900,30692.74414
cs11450078,145,1602535,1602,1,1,0,1,0,0,1,0,0,0,0,0,0,1,0,1,0,1,0,0,,0
cs11440072,144,1602535,1602,1,2,0,1,0,0,0,0,0,0,0,0,0,1,0,0,1,1,1,5,3000,24154.19531
cs11490095,149,1602535,1602,1,1,1,0,1,0,0,0,0,0,0,1,0,0,0,1,0,1.27245903,0,0,,0
cs11540129,154,1602535,1602,1,3,1,0,1,0,0,0,0,0,0,0,1,0,0,0,0,0.640173912,1,7.5,3666.666748,31231.29102
cs11450072,145,1602535,1602,1,1,0,1,0,0,1,0,0,0,0,0,0,1,0,1,0,1,0,0,,0
cs11480175,148,1602535,1602,1,1,1,1,0,1,0,0,0,0,0,1,0,0,0,1,0,1.003425598,1,6.5,2615.384521,33900.45312
cs12600001,260,1602543,1602,1,3,0,0,1,0,0,0,0,0,0,0,0,1,0,0,0,1,0,0,,0
cs12630018,263,1602543,1602,1,3,0,1,0,1,0,0,0,0,0,0,0,1,0,0,0,1,1,4,2125,22823.35547
cs12480137,248,1602543,1602,1,1,1,1,0,0,1,0,0,0,0,0,1,0,0,1,0,0.9961833954,1,15,2500,79962.58594
cs12530039,253,1602543,1602,1,2,1,1,0,0,0,1,0,0,0,1,0,0,0,0,1,0.9966933727,1,6,2166.666748,33985.03125
cs12450074,245,1602543,1602,1,1,0,0,1,0,0,0,0,0,0,0,0,1,0,1,0,1,0,0,,0
cs12580011,258,1602543,1602,1,3,1,0,1,0,0,0,0,0,0,0,0,1,0,0,0,1.051559091,1,13.5,2111.111084,77216.32812
cs12400032,240,1602543,1602,1,1,0,1,0,1,1,0,0,0,0,0,0,1,0,1,0,1,1,6,2166.666748,33985.03125
cs12400133,240,1602543,1602,1,1,1,1,0,1,1,0,0,0,0,1,0,0,0,1,0,1.003425598,1,6,2166.666748,33985.03125
cs12440025,244,1602543,1602,1,1,0,1,0,1,1,0,0,0,0,0,0,1,0,1,0,1,1,8,2000,46646.71094
cs12490014,249,1602543,1602,1,1,0,0,1,0,0,0,0,0,0,0,0,1,0,1,0,1,0,0,,0
cs12340051,234,1602543,1602,1,3,0,1,0,0,0,0,0,0,0,0,0,1,0,0,0,1,0,0,,0
cs12480181,248,1602543,1602,1,1,1,1,0,0,1,0,0,0,0,0,1,0,0,1,0,0.9961833954,1,15,2500,79962.58594
cs12610143,261,1602543,1602,1,2,1,1,0,0,1,0,0,0,0,0,1,0,0,0,1,0.9961833954,1,6,2100,34385.03125
cs12640103,264,1602543,1602,1,3,1,0,1,0,0,0,0,0,0,1,0,0,0,0,0,1.27245903,1,5.5,2545.45459,29069.61328
cs12440244,244,1602543,1602,1,1,1,1,0,1,1,0,0,0,0,1,0,0,0,1,0,1.003425598,0,0,,0
cs12430061,243,1602543,1602,1,2,0,1,0,1,0,1,0,0,0,0,0,1,0,0,1,1,1,7.5,2133.333252,42731.29297
cs12480025,248,1602543,1602,1,1,0,1,0,0,1,0,0,0,0,0,0,1,0,1,0,1,0,0,,0
cs12520130,252,1602543,1602,1,2,1,0,1,0,0,0,0,0,0,1,0,0,0,0,1,1.27245903,1,6,3000,28985.0332
cs12470086,247,1602543,1602,1,2,1,1,0,1,1,1,0,0,0,1,0,0,0,0,1,0.9966933727,1,15,2066.666748,86462.58594
cs12530004,253,1602543,1602,1,2,0,1,0,0,0,1,0,0,0,0,0,1,0,0,1,1,1,6,2166.666748,33985.03125
cs12370081,237,1602543,1602,1,2,0,1,0,1,0,0,0,0,0,0,0,1,0,0,1,1,1,7.5,2400,40731.29297
cs12550002,255,1602543,1602,1,2,0,0,1,0,0,0,0,0,0,0,0,1,0,0,1,1,0,0,,0
cs12570279,257,1602543,1602,1,1,1,1,0,0,0,1,0,0,0,0,1,0,0,1,0,1.003737092,1,22.5,2133.333252,128193.875
cs12370145,237,1602543,1602,1,2,1,1,0,1,0,0,0,0,0,1,0,0,0,0,1,1.003425598,1,8,2250,44646.71094
cs12470024,247,1602543,1602,1,2,0,1,0,1,1,1,0,0,0,0,0,1,0,0,1,1,0,0,,0
cs12490258,249,1602543,1602,1,1,1,0,1,0,0,0,0,0,0,1,0,0,0,1,0,1.27245903,1,15,2133.333252,85462.58594
cs12490200,249,1602543,1602,1,1,1,0,1,0,0,0,0,0,0,0,1,0,0,1,0,0.640173912,1,15,2133.333252,85462.58594
cs12450041,245,1602543,1602,1,1,0,0,1,0,0,0,0,0,0,0,0,1,0,1,0,1,0,0,,0
cs12450196,245,1602543,1602,1,1,1,0,1,0,0,0,0,0,0,1,0,0,0,1,0,1.27245903,1,15,2333.333252,82462.58594
cs12370156,237,1602543,1602,1,2,1,1,0,1,0,0,0,0,0,1,0,0,0,0,1,1.003425598,1,7.5,2333.333252,41231.29297
cs12560052,256,1602543,1602,1,3,1,1,0,0,1,1,0,0,0,0,0,1,0,0,0,1.045999765,1,15,2133.333252,85462.58594
cs12500185,250,1602543,1602,1,1,1,0,1,0,0,0,0,0,0,0,1,0,0,1,0,0.640173912,1,7.5,2333.333252,41231.29297
cs12640059,264,1602543,1602,1,3,1,0,1,0,0,0,0,0,0,1,0,0,0,0,0,1.27245903,1,5.5,2545.45459,29069.61328
cs12550069,255,1602543,1602,1,2,0,0,1,0,0,0,0,0,0,0,0,1,0,0,1,1,1,15,2133.333252,85462.58594
cs12580428,258,1602543,1602,1,3,1,0,1,0,0,0,0,0,0,0,1,0,0,0,0,0.640173912,1,13.5,2111.111084,77216.32812
cs12570196,257,1602543,1602,1,1,1,1,0,0,0,1,0,0,0,1,0,0,0,1,0,0.9966933727,1,22.5,2133.333252,128193.875
cs12520019,252,1602543,1602,1,2,0,0,1,0,0,0,0,0,0,0,0,1,0,0,1,1,0,0,,0
cs12640136,264,1602543,1602,1,3,1,0,1,0,0,0,0,0,0,0,1,0,0,0,0,0.640173912,1,5,2400,27154.19531
cs12500573,250,1602543,1602,1,1,1,0,1,0,0,0,0,0,0,1,0,0,0,1,0,1.27245903,1,7.5,2333.333252,41231.29297
cs12640035,264,1602543,1602,1,3,0,0,1,0,0,0,0,0,0,0,0,1,0,0,0,1,1,5.5,2400,29869.61328
cs12610156,261,1602543,1602,1,2,1,1,0,0,1,0,0,0,0,1,0,0,0,0,1,1.003425598,1,6,2100,34385.03125
cs12610044,261,1602543,1602,1,2,0,1,0,0,1,0,0,0,0,0,0,1,0,0,1,1,0,0,,0
cs12610185,261,1602543,1602,1,2,1,1,0,0,1,0,0,0,0,1,0,0,0,0,1,1.003425598,1,6,2100,34385.03125
cs12540256,254,1602543,1602,1,2,1,0,1,0,0,0,0,0,0,0,1,0,0,0,1,0.640173912,1,6,2500,31985.0332
cs12600007,260,1602543,1602,1,3,1,0,1,0,0,0,0,0,0,0,0,1,0,0,0,1.051559091,1,7.5,2133.333252,42731.29297
cs12540045,254,1602543,1602,1,2,1,0,1,0,0,0,0,0,0,0,0,1,0,0,1,1.051559091,1,7.5,2133.333252,42731.29297
cs12530060,253,1602543,1602,1,2,1,1,0,0,0,1,0,0,0,0,1,0,0,0,1,1.003737092,1,6,2166.666748,33985.03125
cs12600199,260,1602543,1602,1,3,1,0,1,0,0,0,0,0,0,0,1,0,0,0,0,0.640173912,1,15,2133.333252,85462.58594
cs12600043,260,1602543,1602,1,3,1,0,1,0,0,0,0,0,0,1,0,0,0,0,0,1.27245903,0,0,,0
cs12410052,241,1602543,1602,1,3,0,1,0,1,1,1,0,0,0,0,0,1,0,0,0,1,1,7.5,2333.333252,41231.29297
cs12610107,261,1602543,1602,1,2,1,1,0,0,1,0,0,0,0,0,1,0,0,0,1,0.9961833954,1,6,2100,34385.03125
cs12550064,255,1602543,1602,1,2,1,0,1,0,0,0,0,0,0,0,0,1,0,0,1,1.051559091,1,15,2133.333252,85462.58594
cs12630215,263,1602543,1602,1,3,1,1,0,1,0,0,0,0,0,1,0,0,0,0,0,1.003425598,1,4,2125,22823.35547
cs12500022,250,1602543,1602,1,1,1,0,1,0,0,0,0,0,0,0,0,1,0,1,0,0.661996901,1,7.5,2333.333252,41231.29297
cs12500124,250,1602543,1602,1,1,0,0,1,0,0,0,0,0,0,0,0,1,0,1,0,1,1,7.5,2333.333252,41231.29297
cs12400066,240,1602543,1602,1,1,1,1,0,1,1,0,0,0,0,1,0,0,0,1,0,1.003425598,1,6,2166.666748,33985.03125
cs12550223,255,1602543,1602,1,2,1,0,1,0,0,0,0,0,0,1,0,0,0,0,1,1.27245903,1,15,2133.333252,85462.58594
cs12550109,255,1602543,1602,1,2,1,0,1,0,0,0,0,0,0,1,0,0,0,0,1,1.27245903,1,15,2133.333252,85462.58594
cs12340074,234,1602543,1602,1,3,1,1,0,0,0,0,0,0,0,1,0,0,0,0,0,1.003425598,1,15,2133.333252,85462.58594
cs12430020,243,1602543,1602,1,2,0,1,0,1,0,1,0,0,0,0,0,1,0,0,1,1,1,3.5,2285.714355,19407.93555
cs12450157,245,1602543,1602,1,1,1,0,1,0,0,0,0,0,0,1,0,0,0,1,0,1.27245903,1,15,2333.333252,82462.58594
cs12410021,241,1602543,1602,1,3,0,1,0,1,1,1,0,0,0,0,0,1,0,0,0,1,1,7.5,2333.333252,41231.29297
cs12640022,264,1602543,1602,1,3,0,0,1,0,0,0,0,0,0,0,0,1,0,0,0,1,1,5.5,2400,29869.61328
cs12340071,234,1602543,1602,1,3,1,1,0,0,0,0,0,0,0,0,1,0,0,0,0,0.9961833954,1,15,2133.333252,85462.58594
cs12650214,265,1602543,1602,1,1,1,1,0,1,1,1,0,0,0,1,0,0,0,1,0,0.9966933727,1,15,2133.333252,85462.58594
cs12580665,258,1602543,1602,1,3,1,0,1,0,0,0,0,0,0,1,0,0,0,0,0,1.27245903,1,27,2166.666748,152932.6562
cs12340016,234,1602543,1602,1,3,0,1,0,0,0,0,0,0,0,0,0,1,0,0,0,1,0,0,,0
cs12440044,244,1602543,1602,1,1,0,1,0,1,1,0,0,0,0,0,0,1,0,1,0,1,0,0,,0
cs12520088,252,1602543,1602,1,2,1,0,1,0,0,0,0,0,0,0,1,0,0,0,1,0.640173912,1,6,3000,28985.0332
cs12580078,258,1602543,1602,1,3,0,0,1,0,0,0,0,0,0,0,0,1,0,0,0,1,1,13.5,2111.111084,77216.32812
cs12570267,257,1602543,1602,1,1,1,1,0,0,0,1,0,0,0,0,1,0,0,1,0,1.003737092,1,22.5,2133.333252,128193.875
cs12450279,245,1602543,1602,1,1,1,0,1,0,0,0,0,0,0,0,1,0,0,1,0,0.640173912,1,15,2333.333252,82462.58594
cs12440229,244,1602543,1602,1,1,1,1,0,1,1,0,0,0,0,1,0,0,0,1,0,1.003425598,0,0,,0
cs12370142,237,1602543,1602,1,2,1,1,0,1,0,0,0,0,0,1,0,0,0,0,1,1.003425598,1,7.5,2333.333252,41231.29297
cs12560186,256,1602543,1602,1,3,1,1,0,0,1,1,0,0,0,1,0,0,0,0,0,0.9966933727,1,15,2133.333252,85462.58594
cs12340129,234,1602543,1602,1,3,1,1,0,0,0,0,0,0,0,1,0,0,0,0,0,1.003425598,1,15,2133.333252,85462.58594
cs12530026,253,1602543,1602,1,2,0,1,0,0,0,1,0,0,0,0,0,1,0,0,1,1,1,6,2166.666748,33985.03125
cs12410157,241,1602543,1602,1,3,1,1,0,1,1,1,0,0,0,1,0,0,0,0,0,0.9966933727,1,7.5,2333.333252,41231.29297
cs12410093,241,1602543,1602,1,3,1,1,0,1,1,1,0,0,0,1,0,0,0,0,0,0.9966933727,1,7.5,2333.333252,41231.29297
cs12570062,257,1602543,1602,1,1,1,1,0,0,0,1,0,0,0,0,0,1,0,1,0,1.045999765,1,22.5,2133.333252,128193.875
cs12470092,247,1602543,1602,1,2,1,1,0,1,1,1,0,0,0,1,0,0,0,0,1,0.9966933727,1,15,2066.666748,86462.58594
cs12540034,254,1602543,1602,1,2,0,0,1,0,0,0,0,0,0,0,0,1,0,0,1,1,1,7.5,2133.333252,42731.29297
cs12430109,243,1602543,1602,1,2,1,1,0,1,0,1,0,0,0,1,0,0,0,0,1,0.9966933727,1,7.5,2100,42981.29297
cs12410044,241,1602543,1602,1,3,0,1,0,1,1,1,0,0,0,0,0,1,0,0,0,1,1,7.5,2333.333252,41231.29297
cs12640164,264,1602543,1602,1,3,1,0,1,0,0,0,0,0,0,1,0,0,0,0,0,1.27245903,1,5,2400,27154.19531
cs12550200,255,1602543,1602,1,2,1,0,1,0,0,0,0,0,0,0,1,0,0,0,1,0.640173912,1,15,2133.333252,85462.58594
cs12560240,256,1602543,1602,1,3,1,1,0,0,1,1,0,0,0,1,0,0,0,0,0,0.9966933727,1,15,2133.333252,85462.58594
cs12490141,249,1602543,1602,1,1,1,0,1,0,0,0,0,0,0,1,0,0,0,1,0,1.27245903,0,0,,0
cs12540352,254,1602543,1602,1,2,1,0,1,0,0,0,0,0,0,1,0,0,0,0,1,1.27245903,1,7.5,2133.333252,42731.29297
cs12650046,265,1602543,1602,1,1,0,1,0,1,1,1,0,0,0,0,0,1,0,1,0,1,0,0,,0
cs12490081,249,1602543,1602,1,1,1,0,1,0,0,0,0,0,0,0,1,0,0,1,0,0.640173912,1,15,2133.333252,85462.58594
cs12520054,252,1602543,1602,1,2,1,0,1,0,0,0,0,0,0,0,1,0,0,0,1,0.640173912,0,0,,0
cs12580050,258,1602543,1602,1,3,1,0,1,0,0,0,0,0,0,0,0,1,0,0,0,1.051559091,1,13.5,2111.111084,77216.32812
cs12530007,253,1602543,1602,1,2,0,1,0,0,0,1,0,0,0,0,0,1,0,0,1,1,1,6,2166.666748,33985.03125
cs12500440,250,1602543,1602,1,1,1,0,1,0,0,0,0,0,0,1,0,0,0,1,0,1.27245903,1,7.5,2333.333252,41231.29297
cs12550173,255,1602543,1602,1,2,1,0,1,0,0,0,0,0,0,1,0,0,0,0,1,1.27245903,1,15,2133.333252,85462.58594
cs12570137,257,1602543,1602,1,1,0,1,0,0,0,1,0,0,0,0,0,1,0,1,0,1,0,0,,0
cs12650063,265,1602543,1602,1,1,0,1,0,1,1,1,0,0,0,0,0,1,0,1,0,1,0,0,,0
cs12480084,248,1602543,1602,1,1,1,1,0,0,1,0,0,0,0,1,0,0,0,1,0,1.003425598,1,15,2500,79962.58594
cs12540037,254,1602543,1602,1,2,0,0,1,0,0,0,0,0,0,0,0,1,0,0,1,1,0,0,,0
cs12560322,256,1602543,1602,1,3,1,1,0,0,1,1,0,0,0,0,1,0,0,0,0,1.003737092,1,15,2133.333252,85462.58594
cs12600189,260,1602543,1602,1,3,1,0,1,0,0,0,0,0,0,1,0,0,0,0,0,1.27245903,1,15,2133.333252,85462.58594
cs12560022,256,1602543,1602,1,3,0,1,0,0,1,1,0,0,0,0,0,1,0,0,0,1,0,0,,0
cs12520025,252,1602543,1602,1,2,1,0,1,0,0,0,0,0,0,0,0,1,0,0,1,0.661996901,0,0,,0
cs12480057,248,1602543,1602,1,1,0,1,0,0,1,0,0,0,0,0,0,1,0,1,0,1,0,0,,0
cs12490127,249,1602543,1602,1,1,1,0,1,0,0,0,0,0,0,1,0,0,0,1,0,1.27245903,1,15,2133.333252,85462.58594
cs12520083,252,1602543,1602,1,2,1,0,1,0,0,0,0,0,0,1,0,0,0,0,1,1.27245903,0,0,,0
cs12650187,265,1602543,1602,1,1,1,1,0,1,1,1,0,0,0,1,0,0,0,1,0,0.9966933727,1,15,2133.333252,85462.58594
cs12500411,250,1602543,1602,1,1,1,0,1,0,0,0,0,0,0,1,0,0,0,1,0,1.27245903,1,7.5,2333.333252,41231.29297
cs12370044,237,1602543,1602,1,2,0,1,0,1,0,0,0,0,0,0,0,1,0,0,1,1,1,7.5,2400,40731.29297
cs12540443,254,1602543,1602,1,2,1,0,1,0,0,0,0,0,0,1,0,0,0,0,1,1.27245903,1,7.5,2133.333252,42731.29297
cs12530143,253,1602543,1602,1,2,1,1,0,0,0,1,0,0,0,1,0,0,0,0,1,0.9966933727,0,0,,0
cs12430107,243,1602543,1602,1,2,0,1,0,1,0,1,0,0,0,0,0,1,0,0,1,1,1,3.75,2133.333252,21365.64648
cs12490045,249,1602543,1602,1,1,1,0,1,0,0,0,0,0,0,0,0,1,0,1,0,1.051559091,1,15,2133.333252,85462.58594
cs12560244,256,1602543,1602,1,3,1,1,0,0,1,1,0,0,0,1,0,0,0,0,0,0.9966933727,1,15,2133.333252,85462.58594
cs12410097,241,1602543,1602,1,3,1,1,0,1,1,1,0,0,0,1,0,0,0,0,0,0.9966933727,1,7.5,2333.333252,41231.29297
cs12470038,247,1602543,1602,1,2,0,1,0,1,1,1,0,0,0,0,0,1,0,0,1,1,0,0,,0
cs12520078,252,1602543,1602,1,2,1,0,1,0,0,0,0,0,0,1,0,0,0,0,1,1.27245903,1,6,3000,28985.0332
cs12370076,237,1602543,1602,1,2,1,1,0,1,0,0,0,0,0,0,0,1,0,0,1,1.005813479,1,7.5,2400,40731.29297
cs12550122,255,1602543,1602,1,2,1,0,1,0,0,0,0,0,0,0,1,0,0,0,1,0.640173912,1,15,2133.333252,85462.58594
cs12570189,257,1602543,1602,1,1,1,1,0,0,0,1,0,0,0,1,0,0,0,1,0,0.9966933727,0,0,,0
cs12450055,245,1602543,1602,1,1,0,0,1,0,0,0,0,0,0,0,0,1,0,1,0,1,0,0,,0
cs12450192,245,1602543,1602,1,1,1,0,1,0,0,0,0,0,0,0,1,0,0,1,0,0.640173912,0,0,,0
cs12530065,253,1602543,1602,1,2,1,1,0,0,0,1,0,0,0,0,1,0,0,0,1,1.003737092,0,0,,0
cs12640032,264,1602543,1602,1,3,0,0,1,0,0,0,0,0,0,0,0,1,0,0,0,1,1,5.5,2400,29869.61328
cs12630189,263,1602543,1602,1,3,1,1,0,1,0,0,0,0,0,1,0,0,0,0,0,1.003425598,1,4,2125,22823.35547
cs12570225,257,1602543,1602,1,1,1,1,0,0,0,1,0,0,0,1,0,0,0,1,0,0.9966933727,1,22.5,2133.333252,128193.875
cs12580731,258,1602543,1602,1,3,1,0,1,0,0,0,0,0,0,0,1,0,0,0,0,0.640173912,1,13.5,2111.111084,77216.32812
cs12400062,240,1602543,1602,1,1,0,1,0,1,1,0,0,0,0,0,0,1,0,1,0,1,1,6,2166.666748,33985.03125
cs12650185,265,1602543,1602,1,1,1,1,0,1,1,1,0,0,0,1,0,0,0,1,0,0.9966933727,1,11,2863.636475,54639.22656
cs12570021,257,1602543,1602,1,1,0,1,0,0,0,1,0,0,0,0,0,1,0,1,0,1,0,0,,0
cs12630314,263,1602543,1602,1,3,1,1,0,1,0,0,0,0,0,1,0,0,0,0,0,1.003425598,1,4,2125,22823.35547
cs12600047,260,1602543,1602,1,3,1,0,1,0,0,0,0,0,0,0,1,0,0,0,0,0.640173912,1,15,2133.333252,85462.58594
cs12580175,258,1602543,1602,1,3,1,0,1,0,0,0,0,0,0,1,0,0,0,0,0,1.27245903,1,13.5,2111.111084,77216.32812
cs12490055,249,1602543,1602,1,1,0,0,1,0,0,0,0,0,0,0,0,1,0,1,0,1,0,0,,0
cs12340015,234,1602543,1602,1,3,0,1,0,0,0,0,0,0,0,0,0,1,0,0,0,1,0,0,,0
cs12480106,248,1602543,1602,1,1,1,1,0,0,1,0,0,0,0,1,0,0,0,1,0,1.003425598,1,15,2500,79962.58594
cs12500597,250,1602543,1602,1,1,1,0,1,0,0,0,0,0,0,0,1,0,0,1,0,0.640173912,1,7.5,2333.333252,41231.29297
cs12340080,234,1602543,1602,1,3,1,1,0,0,0,0,0,0,0,1,0,0,0,0,0,1.003425598,1,15,2133.333252,85462.58594
cs12400130,240,1602543,1602,1,1,1,1,0,1,1,0,0,0,0,1,0,0,0,1,0,1.003425598,1,6,2166.666748,33985.03125
cs12340091,234,1602543,1602,1,3,1,1,0,0,0,0,0,0,0,0,1,0,0,0,0,0.9961833954,0,0,,0
cs12470016,247,1602543,1602,1,2,0,1,0,1,1,1,0,0,0,0,0,1,0,0,1,1,0,0,,0
cs12630048,263,1602543,1602,1,3,0,1,0,1,0,0,0,0,0,0,0,1,0,0,0,1,1,4,2125,22823.35547
cs12440235,244,1602543,1602,1,1,1,1,0,1,1,0,0,0,0,1,0,0,0,1,0,1.003425598,0,0,,0
cs12440016,244,1602543,1602,1,1,0,1,0,1,1,0,0,0,0,0,0,1,0,1,0,1,0,0,,0
cs12630087,263,1602543,1602,1,3,1,1,0,1,0,0,0,0,0,0,0,1,0,0,0,1.005813479,1,4,2125,22823.35547
cs12400031,240,1602543,1602,1,1,0,1,0,1,1,0,0,0,0,0,0,1,0,1,0,1,1,6,2166.666748,33985.03125
cs12650012,265,1602543,1602,1,1,0,1,0,1,1,1,0,0,0,0,0,1,0,1,0,1,0,0,,0
cs12560036,256,1602543,1602,1,3,1,1,0,0,1,1,0,0,0,0,0,1,0,0,0,0.9944144487,1,15,2133.333252,85462.58594
cs12450172,245,1602543,1602,1,1,1,0,1,0,0,0,0,0,0,1,0,0,0,1,0,1.27245903,1,15,2333.333252,82462.58594
cs12480042,248,1602543,1602,1,1,0,1,0,0,1,0,0,0,0,0,0,1,0,1,0,1,1,5,2500,26654.19531
cs12540313,254,1602543,1602,1,2,1,0,1,0,0,0,0,0,0,0,1,0,0,0,1,0.640173912,1,7.5,2133.333252,42731.29297
cs12430143,243,1602543,1602,1,2,1,1,0,1,0,1,0,0,0,1,0,0,0,0,1,0.9966933727,1,6,2666.666748,30985.0332
cs12610047,261,1602543,1602,1,2,0,1,0,0,1,0,0,0,0,0,0,1,0,0,1,1,1,6,2100,34385.03125
cs12610104,261,1602543,1602,1,2,1,1,0,0,1,0,0,0,0,1,0,0,0,0,1,1.003425598,1,6,2100,34385.03125
cs12600042,260,1602543,1602,1,3,1,0,1,0,0,0,0,0,0,1,0,0,0,0,0,1.27245903,1,15,2133.333252,85462.58594
cs12530146,253,1602543,1602,1,2,1,1,0,0,0,1,0,0,0,1,0,0,0,0,1,0.9966933727,1,6,2166.666748,33985.03125
cs12540240,254,1602543,1602,1,2,1,0,1,0,0,0,0,0,0,1,0,0,0,0,1,1.27245903,1,7.5,2133.333252,42731.29297
cs12520004,252,1602543,1602,1,2,1,0,1,0,0,0,0,0,0,0,0,1,0,0,1,0.661996901,1,3,3000,14492.5166
cs12470079,247,1602543,1602,1,2,1,1,0,1,1,1,0,0,0,1,0,0,0,0,1,0.9966933727,1,7.5,2200,42231.29297
cs12500023,250,1602543,1602,1,1,1,0,1,0,0,0,0,0,0,0,0,1,0,1,0,0.661996901,1,7.5,2333.333252,41231.29297
cs12560215,256,1602543,1602,1,3,1,1,0,0,1,1,0,0,0,0,1,0,0,0,0,1.003737092,1,15,2133.333252,85462.58594
cs12480157,248,1602543,1602,1,1,1,1,0,0,1,0,0,0,0,1,0,0,0,1,0,1.003425598,1,15,2500,79962.58594
cs12640051,264,1602543,1602,1,3,1,0,1,0,0,0,0,0,0,0,1,0,0,0,0,0.640173912,1,5.5,2545.45459,29069.61328
cs12430192,243,1602543,1602,1,2,1,1,0,1,0,1,0,0,0,1,0,0,0,0,1,0.9966933727,1,7.5,2133.333252,42731.29297
cs12610077,261,1602543,1602,1,2,1,1,0,0,1,0,0,0,0,0,0,1,0,0,1,1.005813479,1,6,2100,34385.03125
cs12600014,260,1602543,1602,1,3,1,0,1,0,0,0,0,0,0,0,0,1,0,0,0,0.661996901,1,15,2133.333252,85462.58594
cs12580351,258,1602543,1602,1,3,1,0,1,0,0,0,0,0,0,1,0,0,0,0,0,1.27245903,1,13.5,2111.111084,77216.32812
cs13150104,315,1602666,1602,1,3,1,1,0,1,1,1,0,0,0,1,0,0,0,0,0,0.9966933727,1,7.5,2933.333252,36731.29297
cs12940056,294,1602666,1602,1,2,0,0,1,0,0,0,0,0,0,0,0,1,0,0,1,1,1,14,3214.285645,64631.74609
cs13160015,316,1602666,1602,1,2,0,1,0,0,0,0,0,0,0,0,0,1,0,0,1,1,0,0,,0
cs12940021,294,1602666,1602,1,2,0,0,1,0,0,0,0,0,0,0,0,1,0,0,1,1,1,14,3214.285645,64631.74609
cs12970033,297,1602666,1602,1,1,1,1,0,0,0,0,0,0,0,0,0,1,0,1,0,1.005813479,1,30,2666.666748,154925.1719
cs13120303,312,1602666,1602,1,3,1,0,1,0,0,0,0,0,0,1,0,0,0,0,0,1.27245903,1,15,2800,75462.58594
cs13180204,318,1602666,1602,1,2,1,1,0,0,0,0,0,0,0,1,0,0,0,0,1,1.003425598,1,5,3000,24154.19531
cs13130006,313,1602666,1602,1,2,0,1,0,1,0,1,0,0,0,0,0,1,0,0,1,1,1,5,3000,24154.19531
cs13190016,319,1602666,1602,1,1,0,1,0,1,0,1,0,0,0,0,0,1,0,1,0,1,1,12,3750,48970.06641
cs13190087,319,1602666,1602,1,1,1,1,0,1,0,1,0,0,0,1,0,0,0,1,0,0.9966933727,1,14,2857.142822,69631.74219
cs13120037,312,1602666,1602,1,3,1,0,1,0,0,0,0,0,0,0,0,1,0,0,0,1.051559091,1,15,2800,75462.58594
cs13000063,300,1602666,1602,1,3,1,1,0,1,0,1,0,0,0,1,0,0,0,0,0,0.9966933727,0,0,,0
cs13190190,319,1602666,1602,1,1,1,1,0,1,0,1,0,0,0,1,0,0,0,1,0,0.9966933727,1,14,2857.142822,69631.74219
cs12940109,294,1602666,1602,1,2,1,0,1,0,0,0,0,0,0,0,1,0,0,0,1,0.640173912,1,14,3214.285645,64631.74609
cs13120215,312,1602666,1602,1,3,1,0,1,0,0,0,0,0,0,1,0,0,0,0,0,1.27245903,1,15,2800,75462.58594
cs13020368,302,1602666,1602,1,1,1,0,1,0,0,0,0,0,0,1,0,0,0,1,0,1.27245903,1,13,2769.230713,65800.90625
cs13070018,307,1602666,1602,1,3,0,1,0,0,0,0,0,0,0,0,0,1,0,0,0,1,0,0,,0
cs13050027,305,1602666,1602,1,3,0,1,0,0,0,1,0,0,0,0,0,1,0,0,0,1,1,8,2500,42646.71094
cs13150187,315,1602666,1602,1,3,1,1,0,1,1,1,0,0,0,1,0,0,0,0,0,0.9966933727,1,7.5,2933.333252,36731.29297
cs13060279,306,1602666,1602,1,2,1,0,1,0,0,0,0,0,0,1,0,0,0,0,1,1.27245903,1,16.5,2727.272705,84208.84375
cs12940159,294,1602666,1602,1,2,1,0,1,0,0,0,0,0,0,1,0,0,0,0,1,1.27245903,1,14,3214.285645,64631.74609
cs13140184,314,1602666,1602,1,3,1,0,1,0,0,0,0,0,0,1,0,0,0,0,0,1.27245903,1,6,4000,22985.0332
cs13090330,309,1602666,1602,1,1,1,1,0,1,1,1,0,0,0,1,0,0,0,1,0,0.9966933727,1,15,2400,81462.58594
cs13070181,307,1602666,1602,1,3,1,1,0,0,0,0,0,0,0,0,1,0,0,0,0,0.9961833954,0,0,,0
cs13140023,314,1602666,1602,1,3,0,0,1,0,0,0,0,0,0,0,0,1,0,0,0,1,0,0,,0
cs12990101,299,1602666,1602,1,1,0,1,0,0,0,1,0,0,0,0,0,1,0,1,0,1,1,4,4375,13823.35547
cs12980075,298,1602666,1602,1,2,0,1,0,1,1,0,0,0,0,0,0,1,0,0,1,1,0,0,,0
cs13120166,312,1602666,1602,1,3,1,0,1,0,0,0,0,0,0,1,0,0,0,0,0,1.27245903,1,15,2800,75462.58594
cs13120010,312,1602666,1602,1,3,1,0,1,0,0,0,0,0,0,0,0,1,0,0,0,1.051559091,1,15,2800,75462.58594
cs13050110,305,1602666,1602,1,3,1,1,0,0,0,1,0,0,0,1,0,0,0,0,0,0.9966933727,1,4,2500,21323.35547
cs13070103,307,1602666,1602,1,3,1,1,0,0,0,0,0,0,0,0,1,0,0,0,0,0.9961833954,0,0,,0
cs13120144,312,1602666,1602,1,3,1,0,1,0,0,0,0,0,0,0,1,0,0,0,0,0.640173912,1,15,2800,75462.58594
cs13180249,318,1602666,1602,1,2,1,1,0,0,0,0,0,0,0,0,1,0,0,0,1,0.9961833954,0,0,,0
cs13060316,306,1602666,1602,1,2,1,0,1,0,0,0,0,0,0,0,1,0,0,0,1,0.640173912,0,0,,0
cs13060268,306,1602666,1602,1,2,1,0,1,0,0,0,0,0,0,1,0,0,0,0,1,1.27245903,1,16.5,2727.272705,84208.84375
cs13050238,305,1602666,1602,1,3,1,1,0,0,0,1,0,0,0,1,0,0,0,0,0,0.9966933727,1,4,2500,21323.35547
cs12970025,297,1602666,1602,1,1,0,1,0,0,0,0,0,0,0,0,0,1,0,1,0,1,1,30,2666.666748,154925.1719
cs13150077,315,1602666,1602,1,3,0,1,0,1,1,1,0,0,0,0,0,1,0,0,0,1,0,0,,0
cs13000120,300,1602666,1602,1,3,1,1,0,1,0,1,0,0,0,1,0,0,0,0,0,0.9966933727,1,15,2500,79962.58594
cs13050095,305,1602666,1602,1,3,1,1,0,0,0,1,0,0,0,1,0,0,0,0,0,0.9966933727,1,4,2500,21323.35547
cs13050160,305,1602666,1602,1,3,1,1,0,0,0,1,0,0,0,0,1,0,0,0,0,1.003737092,1,8,4500,26646.71094
cs13210107,321,1602666,1602,1,1,1,0,1,0,0,0,0,0,0,1,0,0,0,1,0,1.27245903,1,7,2500,37315.87109
cs12990177,299,1602666,1602,1,1,1,1,0,0,0,1,0,0,0,0,1,0,0,1,0,1.003737092,0,0,,0
cs12990079,299,1602666,1602,1,1,0,1,0,0,0,1,0,0,0,0,0,1,0,1,0,1,0,0,,0
cs13020044,302,1602666,1602,1,1,0,0,1,0,0,0,0,0,0,0,0,1,0,1,0,1,1,13,2769.230713,65800.90625
cs12940050,294,1602666,1602,1,2,0,0,1,0,0,0,0,0,0,0,0,1,0,0,1,1,1,28,3000,135263.4844
cs12990284,299,1602666,1602,1,1,1,1,0,0,0,1,0,0,0,0,1,0,0,1,0,1.003737092,1,6,3000,28985.0332
cs13060002,306,1602666,1602,1,2,1,0,1,0,0,0,0,0,0,0,0,1,0,0,1,1.051559091,1,17,2500,90624.25781
cs13020153,302,1602666,1602,1,1,1,0,1,0,0,0,0,0,0,1,0,0,0,1,0,1.27245903,1,13,2769.230713,65800.90625
cs13000042,300,1602666,1602,1,3,1,1,0,1,0,1,0,0,0,0,0,1,0,0,0,0.9944144487,1,15,2500,79962.58594
cs13060307,306,1602666,1602,1,2,1,0,1,0,0,0,0,0,0,0,1,0,0,0,1,0.640173912,1,16.5,2727.272705,84208.84375
cs12990359,299,1602666,1602,1,1,1,1,0,0,0,1,0,0,0,1,0,0,0,1,0,0.9966933727,0,0,,0
cs12990104,299,1602666,1602,1,1,0,1,0,0,0,1,0,0,0,0,0,1,0,1,0,1,1,5,3500,21654.19531
cs12980210,298,1602666,1602,1,2,1,1,0,1,1,0,0,0,0,1,0,0,0,0,1,1.003425598,1,30,2666.666748,154925.1719
cs12980052,298,1602666,1602,1,2,0,1,0,1,1,0,0,0,0,0,0,1,0,0,1,1,0,0,,0
cs13180024,318,1602666,1602,1,2,0,1,0,0,0,0,0,0,0,0,0,1,0,0,1,1,1,8,3000,38646.71094
cs12980065,298,1602666,1602,1,2,0,1,0,1,1,0,0,0,0,0,0,1,0,0,1,1,0,0,,0
cs13120129,312,1602666,1602,1,3,1,0,1,0,0,0,0,0,0,0,0,1,0,0,0,0.661996901,1,15,2800,75462.58594
cs12970215,297,1602666,1602,1,1,1,1,0,0,0,0,0,0,0,1,0,0,0,1,0,1.003425598,1,30,2666.666748,154925.1719
cs12970114,297,1602666,1602,1,1,1,1,0,0,0,0,0,0,0,0,1,0,0,1,0,0.9961833954,1,30,2666.666748,154925.1719
cs13090410,309,1602666,1602,1,1,1,1,0,1,1,1,0,0,0,1,0,0,0,1,0,0.9966933727,1,15,2400,81462.58594
cs12940212,294,1602666,1602,1,2,1,0,1,0,0,0,0,0,0,0,1,0,0,0,1,0.640173912,1,14,3214.285645,64631.74609
cs13180087,318,1602666,1602,1,2,1,1,0,0,0,0,0,0,0,1,0,0,0,0,1,1.003425598,1,5,3000,24154.19531
cs13150011,315,1602666,1602,1,3,0,1,0,1,1,1,0,0,0,0,0,1,0,0,0,1,1,7.5,2933.333252,36731.29297
cs13020341,302,1602666,1602,1,1,1,0,1,0,0,0,0,0,0,0,1,0,0,1,0,0.640173912,1,13,2769.230713,65800.90625
cs13160005,316,1602666,1602,1,2,0,1,0,0,0,0,0,0,0,0,0,1,0,0,1,1,1,5,3000,24154.19531
cs12970348,297,1602666,1602,1,1,1,1,0,0,0,0,0,0,0,0,1,0,0,1,0,0.9961833954,0,0,,0
cs13140081,314,1602666,1602,1,3,1,0,1,0,0,0,0,0,0,0,1,0,0,0,0,0.640173912,1,15,3333.333252,67462.58594
cs13190064,319,1602666,1602,1,1,0,1,0,1,0,1,0,0,0,0,0,1,0,1,0,1,1,12,3333.333252,53970.06641
cs12970006,297,1602666,1602,1,1,0,1,0,0,0,0,0,0,0,0,0,1,0,1,0,1,1,30,2666.666748,154925.1719
cs13070058,307,1602666,1602,1,3,0,1,0,0,0,0,0,0,0,0,0,1,0,0,0,1,0,0,,0
cs13180067,318,1602666,1602,1,2,0,1,0,0,0,0,0,0,0,0,0,1,0,0,1,1,0,0,,0
cs13160115,316,1602666,1602,1,2,1,1,0,0,0,0,0,0,0,1,0,0,0,0,1,1.003425598,0,0,,0
cs13160022,316,1602666,1602,1,2,0,1,0,0,0,0,0,0,0,0,0,1,0,0,1,1,0,0,,0
cs13130237,313,1602666,1602,1,2,1,1,0,1,0,1,0,0,0,1,0,0,0,0,1,0.9966933727,1,7.5,3000,36231.29297
cs13150247,315,1602666,1602,1,3,1,1,0,1,1,1,0,0,0,1,0,0,0,0,0,0.9966933727,1,7.5,2933.333252,36731.29297
cs13210150,321,1602666,1602,1,1,1,0,1,0,0,0,0,0,0,1,0,0,0,1,0,1.27245903,1,7,2500,37315.87109
cs13060131,306,1602666,1602,1,2,0,0,1,0,0,0,0,0,0,0,0,1,0,0,1,1,1,17,2500,90624.25781
cs13050111,305,1602666,1602,1,3,1,1,0,0,0,1,0,0,0,0,1,0,0,0,0,1.003737092,1,8,2500,42646.71094
cs13050066,305,1602666,1602,1,3,0,1,0,0,0,1,0,0,0,0,0,1,0,0,0,1,1,8,2500,42646.71094
cs12940063,294,1602666,1602,1,2,1,0,1,0,0,0,0,0,0,1,0,0,0,0,1,1.27245903,1,14,3214.285645,64631.74609
cs13160276,316,1602666,1602,1,2,1,1,0,0,0,0,0,0,0,1,0,0,0,0,1,1.003425598,1,5,3000,24154.19531
cs13000014,300,1602666,1602,1,3,0,1,0,1,0,1,0,0,0,0,0,1,0,0,0,1,0,0,,0
cs13210249,321,1602666,1602,1,1,1,0,1,0,0,0,0,0,0,0,1,0,0,1,0,0.640173912,1,7,2500,37315.87109
cs13070128,307,1602666,1602,1,3,1,1,0,0,0,0,0,0,0,1,0,0,0,0,0,1.003425598,0,0,,0
cs13210015,321,1602666,1602,1,1,0,0,1,0,0,0,0,0,0,0,0,1,0,1,0,1,1,8,2500,42646.71094
cs12990331,299,1602666,1602,1,1,1,1,0,0,0,1,0,0,0,1,0,0,0,1,0,0.9966933727,0,0,,0
cs13020043,302,1602666,1602,1,1,1,0,1,0,0,0,0,0,0,0,0,1,0,1,0,1.051559091,1,13,1000,88800.90625
cs12980173,298,1602666,1602,1,2,1,1,0,1,1,0,0,0,0,1,0,0,0,0,1,1.003425598,1,30,2666.666748,154925.1719
cs13000075,300,1602666,1602,1,3,1,1,0,1,0,1,0,0,0,1,0,0,0,0,0,0.9966933727,1,15,2533.333252,79462.58594
cs12940074,294,1602666,1602,1,2,1,0,1,0,0,0,0,0,0,1,0,0,0,0,1,1.27245903,1,14,3214.285645,64631.74609
cs13190049,319,1602666,1602,1,1,0,1,0,1,0,1,0,0,0,0,0,1,0,1,0,1,1,12,3333.333252,53970.06641
cs13140018,314,1602666,1602,1,3,0,0,1,0,0,0,0,0,0,0,0,1,0,0,0,1,0,0,,0
cs13140108,314,1602666,1602,1,3,1,0,1,0,0,0,0,0,0,1,0,0,0,0,0,1.27245903,1,15,3333.333252,67462.58594
cs13120148,312,1602666,1602,1,3,1,0,1,0,0,0,0,0,0,0,1,0,0,0,0,0.640173912,1,15,2800,75462.58594
cs13210062,321,1602666,1602,1,1,0,0,1,0,0,0,0,0,0,0,0,1,0,1,0,1,0,0,,0
cs13210081,321,1602666,1602,1,1,0,0,1,0,0,0,0,0,0,0,0,1,0,1,0,1,0,0,,0
cs13210266,321,1602666,1602,1,1,1,0,1,0,0,0,0,0,0,0,1,0,0,1,0,0.640173912,1,7,2500,37315.87109
cs13060023,306,1602666,1602,1,2,1,0,1,0,0,0,0,0,0,0,0,1,0,0,1,1.051559091,1,17,2500,90624.25781
cs13130019,313,1602666,1602,1,2,1,1,0,1,0,1,0,0,0,0,0,1,0,0,1,0.9944144487,1,8,3000,38646.71094
cs13160099,316,1602666,1602,1,2,1,1,0,0,0,0,0,0,0,0,1,0,0,0,1,0.9961833954,1,5,3000,24154.19531
cs13140024,314,1602666,1602,1,3,0,0,1,0,0,0,0,0,0,0,0,1,0,0,0,1,1,15,3333.333252,67462.58594
cs13060227,306,1602666,1602,1,2,1,0,1,0,0,0,0,0,0,1,0,0,0,0,1,1.27245903,0,0,,0
cs12970396,297,1602666,1602,1,1,1,1,0,0,0,0,0,0,0,1,0,0,0,1,0,1.003425598,1,30,2666.666748,154925.1719
cs13070006,307,1602666,1602,1,3,0,1,0,0,0,0,0,0,0,0,0,1,0,0,0,1,0,0,,0
cs13070136,307,1602666,1602,1,3,1,1,0,0,0,0,0,0,0,1,0,0,0,0,0,1.003425598,0,0,,0
cs13210163,321,1602666,1602,1,1,1,0,1,0,0,0,0,0,0,1,0,0,0,1,0,1.27245903,0,0,,0
cs13070173,307,1602666,1602,1,3,1,1,0,0,0,0,0,0,0,1,0,0,0,0,0,1.003425598,0,0,,0
cs13190118,319,1602666,1602,1,1,1,1,0,1,0,1,0,0,0,1,0,0,0,1,0,0.9966933727,1,12,3333.333252,53970.06641
cs13180096,318,1602666,1602,1,2,1,1,0,0,0,0,0,0,0,1,0,0,0,0,1,1.003425598,0,0,,0
cs12970423,297,1602666,1602,1,1,1,1,0,0,0,0,0,0,0,1,0,0,0,1,0,1.003425598,1,30,2666.666748,154925.1719
cs13150087,315,1602666,1602,1,3,0,1,0,1,1,1,0,0,0,0,0,1,0,0,0,1,1,7.5,2933.333252,36731.29297
cs13090472,309,1602666,1602,1,1,1,1,0,1,1,1,0,0,0,1,0,0,0,1,0,0.9966933727,1,15,2400,81462.58594
cs13020133,302,1602666,1602,1,1,1,0,1,0,0,0,0,0,0,1,0,0,0,1,0,1.27245903,1,13,2769.230713,65800.90625
cs13000041,300,1602666,1602,1,3,0,1,0,1,0,1,0,0,0,0,0,1,0,0,0,1,1,15,2500,79962.58594
cs13090026,309,1602666,1602,1,1,0,1,0,1,1,1,0,0,0,0,0,1,0,1,0,1,1,15,2400,81462.58594
cs13160161,316,1602666,1602,1,2,1,1,0,0,0,0,0,0,0,1,0,0,0,0,1,1.003425598,0,0,,0
cs13180090,318,1602666,1602,1,2,1,1,0,0,0,0,0,0,0,0,1,0,0,0,1,0.9961833954,1,5,3000,24154.19531
cs13140120,314,1602666,1602,1,3,1,0,1,0,0,0,0,0,0,0,1,0,0,0,0,0.640173912,1,5,3000,24154.19531
cs13140117,314,1602666,1602,1,3,1,0,1,0,0,0,0,0,0,1,0,0,0,0,0,1.27245903,1,15,3333.333252,67462.58594
cs12980139,298,1602666,1602,1,2,1,1,0,1,1,0,0,0,0,1,0,0,0,0,1,1.003425598,1,30,2666.666748,154925.1719
cs13180076,318,1602666,1602,1,2,0,1,0,0,0,0,0,0,0,0,0,1,0,0,1,1,1,15,3000,72462.58594
cs13130165,313,1602666,1602,1,2,1,1,0,1,0,1,0,0,0,1,0,0,0,0,1,0.9966933727,1,10,3000,48308.39062
cs12990294,299,1602666,1602,1,1,1,1,0,0,0,1,0,0,0,1,0,0,0,1,0,0.9966933727,0,0,,0
cs13130074,313,1602666,1602,1,2,1,1,0,1,0,1,0,0,0,1,0,0,0,0,1,0.9966933727,1,7,3142.857178,32815.87109
cs13050054,305,1602666,1602,1,3,0,1,0,0,0,1,0,0,0,0,0,1,0,0,0,1,1,8,2500,42646.71094
cs13020005,302,1602666,1602,1,1,0,0,1,0,0,0,0,0,0,0,0,1,0,1,0,1,1,13,2769.230713,65800.90625
cs13160153,316,1602666,1602,1,2,1,1,0,0,0,0,0,0,0,0,1,0,0,0,1,0.9961833954,1,5,3000,24154.19531
cs13020440,302,1602666,1602,1,1,1,0,1,0,0,0,0,0,0,0,1,0,0,1,0,0.640173912,1,10,3600,42308.39062
cs11740153,174,1602702,1602,1,2,1,1,0,1,1,0,0,0,0,1,0,0,0,0,1,1.003425598,0,0,,0
cs11760073,176,1602702,1602,1,3,0,0,1,0,0,0,0,0,0,0,0,1,0,0,0,1,0,0,,0
cs11750015,175,1602702,1602,1,1,0,1,0,0,0,1,0,0,0,0,0,1,0,1,0,1,0,0,,0
cs11820163,182,1602702,1602,1,2,1,1,0,0,0,1,0,0,0,1,0,0,0,0,1,0.9966933727,0,0,,0
cs11810168,181,1602702,1602,1,1,1,1,0,1,0,0,0,0,0,1,0,0,0,1,0,1.003425598,0,0,,0
cs11750096,175,1602702,1602,1,1,1,1,0,0,0,1,0,0,0,1,0,0,0,1,0,0.9966933727,0,0,,0
cs11820089,182,1602702,1602,1,2,1,1,0,0,0,1,0,0,0,1,0,0,0,0,1,0.9966933727,0,0,,0
cs11770065,177,1602702,1602,1,1,1,0,1,0,0,0,0,0,0,0,1,0,0,1,0,0.640173912,0,0,,0
cs11760029,176,1602702,1602,1,3,0,0,1,0,0,0,0,0,0,0,0,1,0,0,0,1,0,0,,0
cs11810185,181,1602702,1602,1,1,1,1,0,1,0,0,0,0,0,1,0,0,0,1,0,1.003425598,0,0,,0
cs11740021,174,1602702,1602,1,2,0,1,0,1,1,0,0,0,0,0,0,1,0,0,1,1,0,0,,0
cs11820010,182,1602702,1602,1,2,0,1,0,0,0,1,0,0,0,0,0,1,0,0,1,1,0,0,,0
cs11760128,176,1602702,1602,1,3,1,0,1,0,0,0,0,0,0,0,1,0,0,0,0,0.640173912,0,0,,0
cs11760129,176,1602702,1602,1,3,1,0,1,0,0,0,0,0,0,0,1,0,0,0,0,0.640173912,0,0,,0
cs11770007,177,1602702,1602,1,1,0,0,1,0,0,0,0,0,0,0,0,1,0,1,0,1,0,0,,0
cs11740147,174,1602702,1602,1,2,1,1,0,1,1,0,0,0,0,1,0,0,0,0,1,1.003425598,0,0,,0
cs11810054,181,1602702,1602,1,1,0,1,0,1,0,0,0,0,0,0,0,1,0,1,0,1,0,0,,0
cs11750179,175,1602702,1602,1,1,1,1,0,0,0,1,0,0,0,1,0,0,0,1,0,0.9966933727,0,0,,0
cs11820122,182,1602702,1602,1,2,1,1,0,0,0,1,0,0,0,0,1,0,0,0,1,1.003737092,0,0,,0
cs11770024,177,1602702,1602,1,1,0,0,1,0,0,0,0,0,0,0,0,1,0,1,0,1,0,0,,0
cs11750176,175,1602702,1602,1,1,1,1,0,0,0,1,0,0,0,0,1,0,0,1,0,1.003737092,0,0,,0
cs11760001,176,1602702,1602,1,3,1,0,1,0,0,0,0,0,0,0,0,1,0,0,0,0.661996901,0,0,,0
cs11750039,175,1602702,1602,1,1,0,1,0,0,0,1,0,0,0,0,0,1,0,1,0,1,0,0,,0
cs11750177,175,1602702,1602,1,1,1,1,0,0,0,1,0,0,0,0,1,0,0,1,0,1.003737092,0,0,,0
cs11810011,181,1602702,1602,1,1,0,1,0,1,0,0,0,0,0,0,0,1,0,1,0,1,0,0,,0
cs11750165,175,1602702,1602,1,1,1,1,0,0,0,1,0,0,0,1,0,0,0,1,0,0.9966933727,0,0,,0
cs11820169,182,1602702,1602,1,2,1,1,0,0,0,1,0,0,0,1,0,0,0,0,1,0.9966933727,0,0,,0
cs11740110,174,1602702,1602,1,2,0,1,0,1,1,0,0,0,0,0,0,1,0,0,1,1,0,0,,0
cs11740035,174,1602702,1602,1,2,0,1,0,1,1,0,0,0,0,0,0,1,0,0,1,1,0,0,,0
cs11770117,177,1602702,1602,1,1,1,0,1,0,0,0,0,0,0,0,1,0,0,1,0,0.640173912,0,0,,0
cs11820059,182,1602702,1602,1,2,0,1,0,0,0,1,0,0,0,0,0,1,0,0,1,1,0,0,,0
cs11770002,177,1602702,1602,1,1,0,0,1,0,0,0,0,0,0,0,0,1,0,1,0,1,0,0,,0
cs11810177,181,1602702,1602,1,1,1,1,0,1,0,0,0,0,0,1,0,0,0,1,0,1.003425598,0,0,,0
cs11820005,182,1602702,1602,1,2,1,1,0,0,0,1,0,0,0,0,0,1,0,0,1,1.045999765,0,0,,0
cs11820162,182,1602702,1602,1,2,1,1,0,0,0,1,0,0,0,0,1,0,0,0,1,1.003737092,0,0,,0
cs11740120,174,1602702,1602,1,2,1,1,0,1,1,0,0,0,0,1,0,0,0,0,1,1.003425598,0,0,,0
cs11750017,175,1602702,1602,1,1,0,1,0,0,0,1,0,0,0,0,0,1,0,1,0,1,0,0,,0
cs13490209,349,1602739,1602,1,3,1,1,0,0,0,0,0,0,0,0,1,0,0,0,0,0.9961833954,1,15,2533.333252,79462.58594
cs13370080,337,1602739,1602,1,2,0,1,0,1,0,0,0,0,0,0,0,1,0,0,1,1,1,5.5,2545.45459,29069.61328
cs13460030,346,1602739,1602,1,3,0,1,0,1,0,1,0,0,0,0,0,1,0,0,0,1,1,12,2166.666748,67970.0625
cs13450009,345,1602739,1602,1,2,0,0,1,0,0,0,0,0,0,0,0,1,0,0,1,1,0,0,,0
cs13290013,329,1602739,1602,1,3,0,0,1,0,0,0,0,0,0,0,0,1,0,0,0,1,0,0,,0
cs13220134,322,1602739,1602,1,1,1,0,1,0,0,0,0,0,0,0,1,0,0,1,0,0.640173912,1,18,2333.333252,98955.10156
cs13520101,352,1602739,1602,1,2,1,1,0,0,0,1,0,0,0,1,0,0,0,0,1,0.9966933727,1,13,2700,66700.90625
cs13370114,337,1602739,1602,1,2,1,1,0,1,0,0,0,0,0,1,0,0,0,0,1,1.003425598,1,5.5,2545.45459,29069.61328
cs13290050,329,1602739,1602,1,3,0,0,1,0,0,0,0,0,0,0,0,1,0,0,0,1,1,6,2250,33485.03125
cs13320095,332,1602739,1602,1,1,1,1,0,0,0,1,0,0,0,1,0,0,0,1,0,0.9966933727,1,15,2333.333252,82462.58594
cs13550305,355,1602739,1602,1,1,1,1,0,0,0,1,0,0,0,1,0,0,0,1,0,0.9966933727,1,15,2400,81462.58594
cs13220563,322,1602739,1602,1,1,1,0,1,0,0,0,0,0,0,1,0,0,0,1,0,1.27245903,1,18,2333.333252,98955.10156
cs13440011,344,1602739,1602,1,1,0,0,1,0,0,0,0,0,0,0,0,1,0,1,0,1,0,0,,0
cs13450085,345,1602739,1602,1,2,1,0,1,0,0,0,0,0,0,0,0,1,0,0,1,1.051559091,0,0,,0
cs13220270,322,1602739,1602,1,1,1,0,1,0,0,0,0,0,0,1,0,0,0,1,0,1.27245903,1,18,2333.333252,98955.10156
cs13500111,350,1602739,1602,1,3,1,0,1,0,0,0,0,0,0,1,0,0,0,0,0,1.27245903,1,30,2666.666748,154925.1719
cs13430077,343,1602739,1602,1,1,1,1,0,1,0,0,0,0,0,1,0,0,0,1,0,1.003425598,1,10,3000,48308.39062
cs13290184,329,1602739,1602,1,3,1,0,1,0,0,0,0,0,0,1,0,0,0,0,0,1.27245903,1,5,2500,26654.19531
cs13320040,332,1602739,1602,1,1,0,1,0,0,0,1,0,0,0,0,0,1,0,1,0,1,1,7.5,2333.333252,41231.29297
cs13540221,354,1602739,1602,1,3,1,1,0,1,1,1,0,0,0,1,0,0,0,0,0,0.9966933727,1,15,2500,79962.58594
cs13560051,356,1602739,1602,1,3,1,1,0,0,1,1,0,0,0,0,0,1,0,0,0,1.045999765,1,13,2461.538574,69800.90625
cs13540121,354,1602739,1602,1,3,0,1,0,1,1,1,0,0,0,0,0,1,0,0,0,1,1,15,2500,79962.58594
cs13440140,344,1602739,1602,1,1,1,0,1,0,0,0,0,0,0,1,0,0,0,1,0,1.27245903,0,0,,0
cs13290199,329,1602739,1602,1,3,1,0,1,0,0,0,0,0,0,1,0,0,0,0,0,1.27245903,1,10,2400,54308.39062
cs13380018,338,1602739,1602,1,2,0,0,1,0,0,0,0,0,0,0,0,1,0,0,1,1,1,11,2909.09082,54139.22656
cs13540006,354,1602739,1602,1,3,0,1,0,1,1,1,0,0,0,0,0,1,0,0,0,1,1,15,2500,79962.58594
cs13290020,329,1602739,1602,1,3,0,0,1,0,0,0,0,0,0,0,0,1,0,0,0,1,1,10,2700,51308.39062
cs13550293,355,1602739,1602,1,1,1,1,0,0,0,1,0,0,0,1,0,0,0,1,0,0.9966933727,1,15,2400,81462.58594
cs13390063,339,1602739,1602,1,1,0,0,1,0,0,0,0,0,0,0,0,1,0,1,0,1,0,0,,0
cs13390162,339,1602739,1602,1,1,1,0,1,0,0,0,0,0,0,0,1,0,0,1,0,0.640173912,0,0,,0
cs13510110,351,1602739,1602,1,3,1,1,0,1,0,0,0,0,0,1,0,0,0,0,0,1.003425598,1,7,2714.285645,35815.87109
cs13550175,355,1602739,1602,1,1,1,1,0,0,0,1,0,0,0,0,1,0,0,1,0,1.003737092,1,15,2400,81462.58594
cs13440016,344,1602739,1602,1,1,0,0,1,0,0,0,0,0,0,0,0,1,0,1,0,1,0,0,,0
cs13440099,344,1602739,1602,1,1,1,0,1,0,0,0,0,0,0,0,1,0,0,1,0,0.640173912,0,0,,0
cs13390174,339,1602739,1602,1,1,1,0,1,0,0,0,0,0,0,1,0,0,0,1,0,1.27245903,0,0,,0
cs13520055,352,1602739,1602,1,2,1,1,0,0,0,1,0,0,0,1,0,0,0,0,1,0.9966933727,1,10,2700,51308.39062
cs13430161,343,1602739,1602,1,1,1,1,0,1,0,0,0,0,0,1,0,0,0,1,0,1.003425598,1,12,2500,63970.06641
cs13380049,338,1602739,1602,1,2,0,0,1,0,0,0,0,0,0,0,0,1,0,0,1,1,1,9,2777.777832,45477.55078
cs13380103,338,1602739,1602,1,2,1,0,1,0,0,0,0,0,0,1,0,0,0,0,1,1.27245903,1,8,3125,37646.71094
cs13380181,338,1602739,1602,1,2,1,0,1,0,0,0,0,0,0,0,1,0,0,0,1,0.640173912,1,9,2666.666748,46477.55078
cs13490009,349,1602739,1602,1,3,1,1,0,0,0,0,0,0,0,0,0,1,0,0,0,1.005813479,1,12,2666.666748,61970.06641
cs13390214,339,1602739,1602,1,1,1,0,1,0,0,0,0,0,0,1,0,0,0,1,0,1.27245903,0,0,,0
cs13390219,339,1602739,1602,1,1,1,0,1,0,0,0,0,0,0,0,1,0,0,1,0,0.640173912,0,0,,0
cs13440032,344,1602739,1602,1,1,0,0,1,0,0,0,0,0,0,0,0,1,0,1,0,1,0,0,,0
cs13420036,342,1602739,1602,1,2,1,0,1,0,0,0,0,0,0,0,0,1,0,0,1,1.051559091,1,5,2400,27154.19531
cs13260002,326,1602739,1602,1,2,0,1,0,1,1,1,0,0,0,0,0,1,0,0,1,1,1,14,2428.571533,75631.74219
cs13520006,352,1602739,1602,1,2,0,1,0,0,0,1,0,0,0,0,0,1,0,0,1,1,1,13,2700,66700.90625
cs13420341,342,1602739,1602,1,2,1,0,1,0,0,0,0,0,0,0,1,0,0,0,1,0.640173912,1,5,2400,27154.19531
cs13430021,343,1602739,1602,1,1,0,1,0,1,0,0,0,0,0,0,0,1,0,1,0,1,1,12,2500,63970.06641
cs13320023,332,1602739,1602,1,1,0,1,0,0,0,1,0,0,0,0,0,1,0,1,0,1,1,15,2333.333252,82462.58594
cs13550103,355,1602739,1602,1,1,1,1,0,0,0,1,0,0,0,0,1,0,0,1,0,1.003737092,1,15,2400,81462.58594
cs13550294,355,1602739,1602,1,1,1,1,0,0,0,1,0,0,0,1,0,0,0,1,0,0.9966933727,1,15,2400,81462.58594
cs13220271,322,1602739,1602,1,1,1,0,1,0,0,0,0,0,0,0,1,0,0,1,0,0.640173912,1,6,2500,31985.0332
cs13290100,329,1602739,1602,1,3,1,0,1,0,0,0,0,0,0,1,0,0,0,0,0,1.27245903,1,5,2500,26654.19531
cs13440132,344,1602739,1602,1,1,1,0,1,0,0,0,0,0,0,1,0,0,0,1,0,1.27245903,0,0,,0
cs13450121,345,1602739,1602,1,2,1,0,1,0,0,0,0,0,0,1,0,0,0,0,1,1.27245903,0,0,,0
cs13520092,352,1602739,1602,1,2,1,1,0,0,0,1,0,0,0,1,0,0,0,0,1,0.9966933727,1,13,2692.307617,66800.90625
cs13560240,356,1602739,1602,1,3,1,1,0,0,1,1,0,0,0,1,0,0,0,0,0,0.9966933727,1,13,2461.538574,69800.90625
cs13460032,346,1602739,1602,1,3,1,1,0,1,0,1,0,0,0,0,0,1,0,0,0,0.9944144487,1,12,2166.666748,67970.0625
cs13370135,337,1602739,1602,1,2,1,1,0,1,0,0,0,0,0,1,0,0,0,0,1,1.003425598,1,5.5,2545.45459,29069.61328
cs13450037,345,1602739,1602,1,2,0,0,1,0,0,0,0,0,0,0,0,1,0,0,1,1,0,0,,0
cs13490026,349,1602739,1602,1,3,1,1,0,0,0,0,0,0,0,0,0,1,0,0,0,0.9567061067,1,12,2666.666748,61970.06641
cs13320265,332,1602739,1602,1,1,1,1,0,0,0,1,0,0,0,0,1,0,0,1,0,1.003737092,1,15,2333.333252,82462.58594
cs13450112,345,1602739,1602,1,2,1,0,1,0,0,0,0,0,0,1,0,0,0,0,1,1.27245903,0,0,,0
cs13390011,339,1602739,1602,1,1,0,0,1,0,0,0,0,0,0,0,0,1,0,1,0,1,0,0,,0
cs13500083,350,1602739,1602,1,3,1,0,1,0,0,0,0,0,0,0,0,1,0,0,0,0.661996901,0,0,,0
cs13500211,350,1602739,1602,1,3,1,0,1,0,0,0,0,0,0,1,0,0,0,0,0,1.27245903,1,15,2666.666748,77462.58594
cs13440137,344,1602739,1602,1,1,1,0,1,0,0,0,0,0,0,1,0,0,0,1,0,1.27245903,0,0,,0
cs13510002,351,1602739,1602,1,3,0,1,0,1,0,0,0,0,0,0,0,1,0,0,0,1,1,6,3000,28985.0332
cs13390078,339,1602739,1602,1,1,0,0,1,0,0,0,0,0,0,0,0,1,0,1,0,1,0,0,,0
cs13540030,354,1602739,1602,1,3,0,1,0,1,1,1,0,0,0,0,0,1,0,0,0,1,0,0,,0
cs13520007,352,1602739,1602,1,2,0,1,0,0,0,1,0,0,0,0,0,1,0,0,1,1,1,13,2700,66700.90625
cs13430041,343,1602739,1602,1,1,1,1,0,1,0,0,0,0,0,0,0,1,0,1,0,1.005813479,0,0,,0
cs13440118,344,1602739,1602,1,1,1,0,1,0,0,0,0,0,0,0,1,0,0,1,0,0.640173912,0,0,,0
cs13520104,352,1602739,1602,1,2,1,1,0,0,0,1,0,0,0,0,1,0,0,0,1,1.003737092,1,13,2692.307617,66800.90625
cs13490113,349,1602739,1602,1,3,1,1,0,0,0,0,0,0,0,1,0,0,0,0,0,1.003425598,1,12,2666.666748,61970.06641
cs13540248,354,1602739,1602,1,3,1,1,0,1,1,1,0,0,0,1,0,0,0,0,0,0.9966933727,1,15,2500,79962.58594
cs13550091,355,1602739,1602,1,1,0,1,0,0,0,1,0,0,0,0,0,1,0,1,0,1,1,30,2400,162925.1719
cs13320126,332,1602739,1602,1,1,1,1,0,0,0,1,0,0,0,1,0,0,0,1,0,0.9966933727,1,15,2333.333252,82462.58594
cs13490133,349,1602739,1602,1,3,1,1,0,0,0,0,0,0,0,1,0,0,0,0,0,1.003425598,1,15,2533.333252,79462.58594
cs13380142,338,1602739,1602,1,2,1,0,1,0,0,0,0,0,0,1,0,0,0,0,1,1.27245903,1,9,2777.777832,45477.55078
cs13290247,329,1602739,1602,1,3,1,0,1,0,0,0,0,0,0,0,1,0,0,0,0,0.640173912,1,6,2250,33485.03125
cs13560075,356,1602739,1602,1,3,0,1,0,0,1,1,0,0,0,0,0,1,0,0,0,1,1,10,3000,48308.39062
cs13450212,345,1602739,1602,1,2,1,0,1,0,0,0,0,0,0,0,1,0,0,0,1,0.640173912,0,0,,0
cs13500089,350,1602739,1602,1,3,1,0,1,0,0,0,0,0,0,0,0,1,0,0,0,1.051559091,0,0,,0
cs13500227,350,1602739,1602,1,3,1,0,1,0,0,0,0,0,0,1,0,0,0,0,0,1.27245903,1,15,2000,87462.58594
cs13500208,350,1602739,1602,1,3,1,0,1,0,0,0,0,0,0,0,1,0,0,0,0,0.640173912,1,15,2666.666748,77462.58594
cs13420176,342,1602739,1602,1,2,1,0,1,0,0,0,0,0,0,1,0,0,0,0,1,1.27245903,1,5,2500,26654.19531
cs13510028,351,1602739,1602,1,3,0,1,0,1,0,0,0,0,0,0,0,1,0,0,0,1,1,7,2714.285645,35815.87109
cs13370057,337,1602739,1602,1,2,0,1,0,1,0,0,0,0,0,0,0,1,0,0,1,1,1,5,2800,25154.19531
cs13260238,326,1602739,1602,1,2,1,1,0,1,1,1,0,0,0,1,0,0,0,0,1,0.9966933727,1,14,2428.571533,75631.74219
cs13220092,322,1602739,1602,1,1,1,0,1,0,0,0,0,0,0,0,0,1,0,1,0,0.661996901,1,18,2333.333252,98955.10156
cs13510127,351,1602739,1602,1,3,1,1,0,1,0,0,0,0,0,1,0,0,0,0,0,1.003425598,1,7,2571.428467,36815.87109
cs13420262,342,1602739,1602,1,2,1,0,1,0,0,0,0,0,0,1,0,0,0,0,1,1.27245903,1,2.5,2400,13577.09766
cs13560140,356,1602739,1602,1,3,1,1,0,0,1,1,0,0,0,0,1,0,0,0,0,1.003737092,1,13,2461.538574,69800.90625
cs13220002,322,1602739,1602,1,1,1,0,1,0,0,0,0,0,0,0,0,1,0,1,0,1.051559091,1,18,2333.333252,98955.10156
cs13220093,322,1602739,1602,1,1,0,0,1,0,0,0,0,0,0,0,0,1,0,1,0,1,0,0,,0
cs13500202,350,1602739,1602,1,3,1,0,1,0,0,0,0,0,0,0,1,0,0,0,0,0.640173912,0,0,,0
cs13420023,342,1602739,1602,1,2,0,0,1,0,0,0,0,0,0,0,0,1,0,0,1,1,1,5,2400,27154.19531
cs13560186,356,1602739,1602,1,3,1,1,0,0,1,1,0,0,0,1,0,0,0,0,0,0.9966933727,1,12,2500,63970.06641
cs13490109,349,1602739,1602,1,3,1,1,0,0,0,0,0,0,0,1,0,0,0,0,0,1.003425598,0,0,,0
cs13320227,332,1602739,1602,1,1,1,1,0,0,0,1,0,0,0,1,0,0,0,1,0,0.9966933727,1,15,2333.333252,82462.58594
cs13380172,338,1602739,1602,1,2,1,0,1,0,0,0,0,0,0,0,1,0,0,0,1,0.640173912,1,12,2083.333252,68970.0625
cs13420220,342,1602739,1602,1,2,1,0,1,0,0,0,0,0,0,1,0,0,0,0,1,1.27245903,1,5,2400,27154.19531
cs13260094,326,1602739,1602,1,2,1,1,0,1,1,1,0,0,0,1,0,0,0,0,1,0.9966933727,1,14,2428.571533,75631.74219
cs13520018,352,1602739,1602,1,2,0,1,0,0,0,1,0,0,0,0,0,1,0,0,1,1,0,0,,0
cs13500017,350,1602739,1602,1,3,0,0,1,0,0,0,0,0,0,0,0,1,0,0,0,1,1,15,2666.666748,77462.58594
cs13320081,332,1602739,1602,1,1,1,1,0,0,0,1,0,0,0,0,1,0,0,1,0,1.003737092,1,15,2333.333252,82462.58594
cs13380046,338,1602739,1602,1,2,1,0,1,0,0,0,0,0,0,0,0,1,0,0,1,0.661996901,1,9,2777.777832,45477.55078
cs13290101,329,1602739,1602,1,3,1,0,1,0,0,0,0,0,0,0,1,0,0,0,0,0.640173912,1,10,2400,54308.39062
cs13510062,351,1602739,1602,1,3,0,1,0,1,0,0,0,0,0,0,0,1,0,0,0,1,1,7,2714.285645,35815.87109
cs13260107,326,1602739,1602,1,2,1,1,0,1,1,1,0,0,0,1,0,0,0,0,1,0.9966933727,1,14,2428.571533,75631.74219
cs13460043,346,1602739,1602,1,3,0,1,0,1,0,1,0,0,0,0,0,1,0,0,0,1,1,12,2166.666748,67970.0625
cs13540267,354,1602739,1602,1,3,1,1,0,1,1,1,0,0,0,1,0,0,0,0,0,0.9966933727,1,15,2500,79962.58594
cs13560050,356,1602739,1602,1,3,1,1,0,0,1,1,0,0,0,0,0,1,0,0,0,0.9944144487,1,12,2500,63970.06641
cs13220488,322,1602739,1602,1,1,1,0,1,0,0,0,0,0,0,1,0,0,0,1,0,1.27245903,0,0,,0
cs13560144,356,1602739,1602,1,3,1,1,0,0,1,1,0,0,0,0,1,0,0,0,0,1.003737092,1,13,2461.538574,69800.90625
cs13420052,342,1602739,1602,1,2,0,0,1,0,0,0,0,0,0,0,0,1,0,0,1,1,1,5,2400,27154.19531
cs13550059,355,1602739,1602,1,1,0,1,0,0,0,1,0,0,0,0,0,1,0,1,0,1,1,15,2400,81462.58594
cs13520041,352,1602739,1602,1,2,1,1,0,0,0,1,0,0,0,0,1,0,0,0,1,1.003737092,1,5,2700,25654.19531
cs13550032,355,1602739,1602,1,1,0,1,0,0,0,1,0,0,0,0,0,1,0,1,0,1,1,30,2400,162925.1719
cs13450180,345,1602739,1602,1,2,1,0,1,0,0,0,0,0,0,0,1,0,0,0,1,0.640173912,0,0,,0
cs13420284,342,1602739,1602,1,2,1,0,1,0,0,0,0,0,0,0,1,0,0,0,1,0.640173912,1,7,2428.571533,37815.87109
cs13450195,345,1602739,1602,1,2,1,0,1,0,0,0,0,0,0,1,0,0,0,0,1,1.27245903,0,0,,0
cs13490218,349,1602739,1602,1,3,1,1,0,0,0,0,0,0,0,0,1,0,0,0,0,0.9961833954,1,15,2533.333252,79462.58594
cs13390217,339,1602739,1602,1,1,1,0,1,0,0,0,0,0,0,1,0,0,0,1,0,1.27245903,0,0,,0
cs13320006,332,1602739,1602,1,1,1,1,0,0,0,1,0,0,0,0,0,1,0,1,0,1.045999765,1,15,2333.333252,82462.58594
cs13460133,346,1602739,1602,1,3,1,1,0,1,0,1,0,0,0,1,0,0,0,0,0,0.9966933727,1,12,2166.666748,67970.0625
cs13490022,349,1602739,1602,1,3,0,1,0,0,0,0,0,0,0,0,0,1,0,0,0,1,1,15,2533.333252,79462.58594
cs13460132,346,1602739,1602,1,3,1,1,0,1,0,1,0,0,0,1,0,0,0,0,0,0.9966933727,1,12,2166.666748,67970.0625
cs13430215,343,1602739,1602,1,1,1,1,0,1,0,0,0,0,0,1,0,0,0,1,0,1.003425598,1,12,2500,63970.06641
cs13380136,338,1602739,1602,1,2,1,0,1,0,0,0,0,0,0,1,0,0,0,0,1,1.27245903,1,15,3333.333252,67462.58594
cs13560252,356,1602739,1602,1,3,1,1,0,0,1,1,0,0,0,1,0,0,0,0,0,0.9966933727,1,12,2500,63970.06641
cs13510145,351,1602739,1602,1,3,1,1,0,1,0,0,0,0,0,1,0,0,0,0,0,1.003425598,1,7,2714.285645,35815.87109
cs13460092,346,1602739,1602,1,3,1,1,0,1,0,1,0,0,0,1,0,0,0,0,0,0.9966933727,1,12,2166.666748,67970.0625
cs12000058,200,1602831,1602,1,2,1,1,0,0,1,1,0,0,0,0,0,1,0,0,1,1.045999765,1,12,3000,57970.06641
cs12030061,203,1602831,1602,1,1,1,1,0,1,1,1,0,0,0,1,0,0,0,1,0,0.9966933727,1,30,2600,156925.1719
cs12040146,204,1602831,1602,1,1,1,0,1,0,0,0,0,0,0,1,0,0,0,1,0,1.27245903,1,10,3000,48308.39062
cs12040030,204,1602831,1602,1,1,1,0,1,0,0,0,0,0,0,0,0,1,0,1,0,0.661996901,1,10,3000,48308.39062
cs11840101,184,1602831,1602,1,1,1,1,0,0,1,0,0,0,0,0,0,1,0,1,0,0.9567061067,1,15,2666.666748,77462.58594
cs11920003,192,1602831,1602,1,2,1,1,0,0,1,0,0,0,0,0,0,1,0,0,1,0.9567061067,1,15,2533.333252,79462.58594
cs12010123,201,1602831,1602,1,2,1,0,1,0,0,0,0,0,0,0,1,0,0,0,1,0.640173912,1,15,2500,79962.58594
cs11960042,196,1602831,1602,1,3,0,1,0,0,1,0,0,0,0,0,0,1,0,0,0,1,0,0,,0
cs11870154,187,1602831,1602,1,3,1,1,0,1,1,0,0,0,0,1,0,0,0,0,0,1.003425598,1,15,2666.666748,77462.58594
cs11890282,189,1602831,1602,1,1,1,0,1,0,0,0,0,0,0,1,0,0,0,1,0,1.27245903,1,12,2666.666748,61970.06641
cs12030038,203,1602831,1602,1,1,0,1,0,1,1,1,0,0,0,0,0,1,0,1,0,1,0,0,,0
cs11840210,184,1602831,1602,1,1,1,1,0,0,1,0,0,0,0,1,0,0,0,1,0,1.003425598,1,15,3000,72462.58594
cs12050063,205,1602831,1602,1,3,1,1,0,0,0,1,0,0,0,1,0,0,0,0,0,0.9966933727,1,15,2533.333252,79462.58594
cs11880025,188,1602831,1602,1,3,0,1,0,1,0,0,0,0,0,0,0,1,0,0,0,1,1,15,2666.666748,77462.58594
cs12000116,200,1602831,1602,1,2,1,1,0,0,1,1,0,0,0,1,0,0,0,0,1,0.9966933727,1,12,3000,57970.06641
cs12080071,208,1602831,1602,1,2,1,1,0,0,1,0,0,0,0,1,0,0,0,0,1,1.003425598,0,0,,0
cs11940048,194,1602831,1602,1,1,0,1,0,0,0,1,0,0,0,0,0,1,0,1,0,1,0,0,,0
cs11950041,195,1602831,1602,1,2,0,0,1,0,0,0,0,0,0,0,0,1,0,0,1,1,1,7.5,2666.666748,38731.29297
cs11910086,191,1602831,1602,1,1,0,1,0,0,1,1,0,0,0,0,0,1,0,1,0,1,1,8,2625,41646.71094
cs11890010,189,1602831,1602,1,1,1,0,1,0,0,0,0,0,0,0,0,1,0,1,0,0.661996901,1,12,2750,60970.06641
cs11900061,190,1602831,1602,1,3,0,0,1,0,0,0,0,0,0,0,0,1,0,0,0,1,0,0,,0
cs12110054,211,1602831,1602,1,3,1,1,0,0,0,1,0,0,0,0,1,0,0,0,0,1.003737092,1,15,2800,75462.58594
cs12090160,209,1602831,1602,1,1,1,1,0,1,0,1,0,0,0,1,0,0,0,1,0,0.9966933727,1,15,2533.333252,79462.58594
cs12050040,205,1602831,1602,1,3,0,1,0,0,0,1,0,0,0,0,0,1,0,0,0,1,0,0,,0
cs12040287,204,1602831,1602,1,1,1,0,1,0,0,0,0,0,0,0,1,0,0,1,0,0.640173912,1,8,3000,38646.71094
cs12050047,205,1602831,1602,1,3,1,1,0,0,0,1,0,0,0,0,1,0,0,0,0,1.003737092,1,15,2533.333252,79462.58594
cs11910149,191,1602831,1602,1,1,1,1,0,0,1,1,0,0,0,0,1,0,0,1,0,1.003737092,0,0,,0
cs12010116,201,1602831,1602,1,2,1,0,1,0,0,0,0,0,0,1,0,0,0,0,1,1.27245903,1,15,2666.666748,77462.58594
cs11870058,187,1602831,1602,1,3,0,1,0,1,1,0,0,0,0,0,0,1,0,0,0,1,0,0,,0
cs11920064,192,1602831,1602,1,2,1,1,0,0,1,0,0,0,0,0,1,0,0,0,1,0.9961833954,0,0,,0
cs11890191,189,1602831,1602,1,1,1,0,1,0,0,0,0,0,0,0,1,0,0,1,0,0.640173912,1,12,2666.666748,61970.06641
cs11970126,197,1602831,1602,1,2,1,1,0,1,0,1,0,0,0,1,0,0,0,0,1,0.9966933727,1,8,3125,37646.71094
cs11840168,184,1602831,1602,1,1,1,1,0,0,1,0,0,0,0,1,0,0,0,1,0,1.003425598,1,15,2666.666748,77462.58594
cs11870045,187,1602831,1602,1,3,0,1,0,1,1,0,0,0,0,0,0,1,0,0,0,1,1,15,2666.666748,77462.58594
cs12080092,208,1602831,1602,1,2,1,1,0,0,1,0,0,0,0,0,1,0,0,0,1,0.9961833954,1,20,2750,101616.7812
cs11900076,190,1602831,1602,1,3,0,0,1,0,0,0,0,0,0,0,0,1,0,0,0,1,0,0,,0
cs11950053,195,1602831,1602,1,2,1,0,1,0,0,0,0,0,0,1,0,0,0,0,1,1.27245903,1,7.5,2666.666748,38731.29297
cs12110221,211,1602831,1602,1,3,1,1,0,0,0,1,0,0,0,1,0,0,0,0,0,0.9966933727,1,15,2800,75462.58594
cs11890093,189,1602831,1602,1,1,1,0,1,0,0,0,0,0,0,1,0,0,0,1,0,1.27245903,1,12,2666.666748,61970.06641
cs11960245,196,1602831,1602,1,3,1,1,0,0,1,0,0,0,0,1,0,0,0,0,0,1.003425598,1,15,2666.666748,77462.58594
cs12000085,200,1602831,1602,1,2,1,1,0,0,1,1,0,0,0,0,1,0,0,0,1,1.003737092,1,12,3000,57970.06641
cs11910062,191,1602831,1602,1,1,0,1,0,0,1,1,0,0,0,0,0,1,0,1,0,1,1,8,2625,41646.71094
cs11910140,191,1602831,1602,1,1,1,1,0,0,1,1,0,0,0,1,0,0,0,1,0,0.9966933727,1,8,2500,42646.71094
cs11920080,192,1602831,1602,1,2,1,1,0,0,1,0,0,0,0,0,1,0,0,0,1,0.9961833954,0,0,,0
cs12000118,200,1602831,1602,1,2,1,1,0,0,1,1,0,0,0,1,0,0,0,0,1,0.9966933727,1,13,2769.230713,65800.90625
cs11840015,184,1602831,1602,1,1,0,1,0,0,1,0,0,0,0,0,0,1,0,1,0,1,1,15,2666.666748,77462.58594
cs11910145,191,1602831,1602,1,1,1,1,0,0,1,1,0,0,0,1,0,0,0,1,0,0.9966933727,1,8,2750,40646.71094
cs12000052,200,1602831,1602,1,2,0,1,0,0,1,1,0,0,0,0,0,1,0,0,1,1,0,0,,0
cs11840241,184,1602831,1602,1,1,1,1,0,0,1,0,0,0,0,0,1,0,0,1,0,0.9961833954,0,0,,0
cs11900168,190,1602831,1602,1,3,1,0,1,0,0,0,0,0,0,1,0,0,0,0,0,1.27245903,0,0,,0
cs11950096,195,1602831,1602,1,2,1,0,1,0,0,0,0,0,0,1,0,0,0,0,1,1.27245903,1,7,2857.142822,34815.87109
cs12040247,204,1602831,1602,1,1,1,0,1,0,0,0,0,0,0,0,1,0,0,1,0,0.640173912,1,10,3000,48308.39062
cs12110133,211,1602831,1602,1,3,1,1,0,0,0,1,0,0,0,1,0,0,0,0,0,0.9966933727,1,15,2800,75462.58594
cs11940110,194,1602831,1602,1,1,1,1,0,0,0,1,0,0,0,1,0,0,0,1,0,0.9966933727,1,15,2666.666748,77462.58594
cs11900304,190,1602831,1602,1,3,1,0,1,0,0,0,0,0,0,1,0,0,0,0,0,1.27245903,1,8,2500,42646.71094
cs11900146,190,1602831,1602,1,3,1,0,1,0,0,0,0,0,0,0,1,0,0,0,0,0.640173912,0,0,,0
cs11870220,187,1602831,1602,1,3,1,1,0,1,1,0,0,0,0,1,0,0,0,0,0,1.003425598,1,20,2000,116616.7812
cs12000160,200,1602831,1602,1,2,1,1,0,0,1,1,0,0,0,0,1,0,0,0,1,1.003737092,1,8,4500,26646.71094
cs11910088,191,1602831,1602,1,1,0,1,0,0,1,1,0,0,0,0,0,1,0,1,0,1,1,8,2750,40646.71094
cs12080104,208,1602831,1602,1,2,1,1,0,0,1,0,0,0,0,0,1,0,0,0,1,0.9961833954,1,5,2700,25654.19531
cs11940142,194,1602831,1602,1,1,1,1,0,0,0,1,0,0,0,1,0,0,0,1,0,0.9966933727,1,8,3125,37646.71094
cs12030036,203,1602831,1602,1,1,0,1,0,1,1,1,0,0,0,0,0,1,0,1,0,1,0,0,,0
cs11940032,194,1602831,1602,1,1,0,1,0,0,0,1,0,0,0,0,0,1,0,1,0,1,1,15,2666.666748,77462.58594
cs11970012,197,1602831,1602,1,2,0,1,0,1,0,1,0,0,0,0,0,1,0,0,1,1,0,0,,0
cs11890267,189,1602831,1602,1,1,1,0,1,0,0,0,0,0,0,0,1,0,0,1,0,0.640173912,1,12,2666.666748,61970.06641
cs12080022,208,1602831,1602,1,2,0,1,0,0,1,0,0,0,0,0,0,1,0,0,1,1,1,10,2700,51308.39062
cs12040219,204,1602831,1602,1,1,1,0,1,0,0,0,0,0,0,1,0,0,0,1,0,1.27245903,1,7,3000,33815.87109
cs11920068,192,1602831,1602,1,2,1,1,0,0,1,0,0,0,0,1,0,0,0,0,1,1.003425598,0,0,,0
cs12090051,209,1602831,1602,1,1,1,1,0,1,0,1,0,0,0,1,0,0,0,1,0,0.9966933727,1,15,2666.666748,77462.58594
cs12110205,211,1602831,1602,1,3,1,1,0,0,0,1,0,0,0,1,0,0,0,0,0,0.9966933727,1,15,2800,75462.58594
cs12080118,208,1602831,1602,1,2,1,1,0,0,1,0,0,0,0,1,0,0,0,0,1,1.003425598,0,0,,0
cs12090024,209,1602831,1602,1,1,0,1,0,1,0,1,0,0,0,0,0,1,0,1,0,1,0,0,,0
cs11950084,195,1602831,1602,1,2,1,0,1,0,0,0,0,0,0,1,0,0,0,0,1,1.27245903,1,6,3333.333252,26985.0332
cs12090004,209,1602831,1602,1,1,0,1,0,1,0,1,0,0,0,0,0,1,0,1,0,1,0,0,,0
cs11960197,196,1602831,1602,1,3,1,1,0,0,1,0,0,0,0,1,0,0,0,0,0,1.003425598,1,15,2666.666748,77462.58594
cs12010161,201,1602831,1602,1,2,1,0,1,0,0,0,0,0,0,0,1,0,0,0,1,0.640173912,1,15,2533.333252,79462.58594
cs11880036,188,1602831,1602,1,3,0,1,0,1,0,0,0,0,0,0,0,1,0,0,0,1,0,0,,0
cs12000018,200,1602831,1602,1,2,0,1,0,0,1,1,0,0,0,0,0,1,0,0,1,1,1,12,3000,57970.06641
cs11940081,194,1602831,1602,1,1,1,1,0,0,0,1,0,0,0,0,1,0,0,1,0,1.003737092,1,15,2666.666748,77462.58594
cs12040230,204,1602831,1602,1,1,1,0,1,0,0,0,0,0,0,1,0,0,0,1,0,1.27245903,1,10,3000,48308.39062
cs12090056,209,1602831,1602,1,1,1,1,0,1,0,1,0,0,0,1,0,0,0,1,0,0.9966933727,1,15,2666.666748,77462.58594
cs12110045,211,1602831,1602,1,3,0,1,0,0,0,1,0,0,0,0,0,1,0,0,0,1,0,0,,0
cs11870148,187,1602831,1602,1,3,1,1,0,1,1,0,0,0,0,1,0,0,0,0,0,1.003425598,1,15,2800,75462.58594
cs11870004,187,1602831,1602,1,3,0,1,0,1,1,0,0,0,0,0,0,1,0,0,0,1,0,0,,0
cs11920044,192,1602831,1602,1,2,0,1,0,0,1,0,0,0,0,0,0,1,0,0,1,1,1,15,2533.333252,79462.58594
cs12080031,208,1602831,1602,1,2,1,1,0,0,1,0,0,0,0,0,0,1,0,0,1,1.005813479,1,20,2600,104616.7812
cs11890133,189,1602831,1602,1,1,1,0,1,0,0,0,0,0,0,1,0,0,0,1,0,1.27245903,1,13,2692.307617,66800.90625
cs11960090,196,1602831,1602,1,3,1,1,0,0,1,0,0,0,0,0,0,1,0,0,0,1.005813479,0,0,,0
cs12080030,208,1602831,1602,1,2,1,1,0,0,1,0,0,0,0,0,0,1,0,0,1,0.9567061067,0,0,,0
cs12110092,211,1602831,1602,1,3,1,1,0,0,0,1,0,0,0,0,1,0,0,0,0,1.003737092,1,15,2500,79962.58594
cs11960095,196,1602831,1602,1,3,0,1,0,0,1,0,0,0,0,0,0,1,0,0,0,1,0,0,,0
cs12050077,205,1602831,1602,1,3,1,1,0,0,0,1,0,0,0,1,0,0,0,0,0,0.9966933727,1,15,2533.333252,79462.58594
cs11970015,197,1602831,1602,1,2,1,1,0,1,0,1,0,0,0,0,0,1,0,0,1,0.9944144487,1,8,3125,37646.71094
cs11960186,196,1602831,1602,1,3,1,1,0,0,1,0,0,0,0,0,1,0,0,0,0,0.9961833954,1,15,2666.666748,77462.58594
cs11950032,195,1602831,1602,1,2,1,0,1,0,0,0,0,0,0,0,0,1,0,0,1,0.661996901,1,7.5,2666.666748,38731.29297
cs11960226,196,1602831,1602,1,3,1,1,0,0,1,0,0,0,0,1,0,0,0,0,0,1.003425598,1,15,2666.666748,77462.58594
cs11960199,196,1602831,1602,1,3,1,1,0,0,1,0,0,0,0,0,1,0,0,0,0,0.9961833954,1,15,2666.666748,77462.58594
cs12000096,200,1602831,1602,1,2,1,1,0,0,1,1,0,0,0,1,0,0,0,0,1,0.9966933727,1,12,3000,57970.06641
cs12050006,205,1602831,1602,1,3,0,1,0,0,0,1,0,0,0,0,0,1,0,0,0,1,0,0,,0
cs11940023,194,1602831,1602,1,1,0,1,0,0,0,1,0,0,0,0,0,1,0,1,0,1,0,0,,0
cs11890021,189,1602831,1602,1,1,0,0,1,0,0,0,0,0,0,0,0,1,0,1,0,1,1,12,2750,60970.06641
cs11880125,188,1602831,1602,1,3,1,1,0,1,0,0,0,0,0,1,0,0,0,0,0,1.003425598,1,15,2666.666748,77462.58594
cs12010014,201,1602831,1602,1,2,0,0,1,0,0,0,0,0,0,0,0,1,0,0,1,1,0,0,,0
cs11890009,189,1602831,1602,1,1,1,0,1,0,0,0,0,0,0,0,0,1,0,1,0,0.661996901,1,12,2666.666748,61970.06641
cs12010032,201,1602831,1602,1,2,0,0,1,0,0,0,0,0,0,0,0,1,0,0,1,1,1,15,2666.666748,77462.58594
cs12080086,208,1602831,1602,1,2,1,1,0,0,1,0,0,0,0,1,0,0,0,0,1,1.003425598,0,0,,0
cs11970132,197,1602831,1602,1,2,1,1,0,1,0,1,0,0,0,1,0,0,0,0,1,0.9966933727,1,8,3125,37646.71094
cs11840270,184,1602831,1602,1,1,1,1,0,0,1,0,0,0,0,0,1,0,0,1,0,0.9961833954,1,15,2666.666748,77462.58594
cs11840067,184,1602831,1602,1,1,0,1,0,0,1,0,0,0,0,0,0,1,0,1,0,1,1,15,2666.666748,77462.58594
cs12040059,204,1602831,1602,1,1,0,0,1,0,0,0,0,0,0,0,0,1,0,1,0,1,0,0,,0
cs11950045,195,1602831,1602,1,2,1,0,1,0,0,0,0,0,0,0,1,0,0,0,1,0.640173912,1,6,3333.333252,26985.0332
cs11920007,192,1602831,1602,1,2,0,1,0,0,1,0,0,0,0,0,0,1,0,0,1,1,0,0,,0
cs12050066,205,1602831,1602,1,3,1,1,0,0,0,1,0,0,0,0,1,0,0,0,0,1.003737092,1,15,2533.333252,79462.58594
cs11920070,192,1602831,1602,1,2,1,1,0,0,1,0,0,0,0,1,0,0,0,0,1,1.003425598,1,15,2533.333252,79462.58594
cs12030004,203,1602831,1602,1,1,0,1,0,1,1,1,0,0,0,0,0,1,0,1,0,1,0,0,,0
cs11880233,188,1602831,1602,1,3,1,1,0,1,0,0,0,0,0,1,0,0,0,0,0,1.003425598,1,15,2666.666748,77462.58594
cs12010119,201,1602831,1602,1,2,1,0,1,0,0,0,0,0,0,1,0,0,0,0,1,1.27245903,1,15,2600,78462.58594
cs11840106,184,1602831,1602,1,1,1,1,0,0,1,0,0,0,0,1,0,0,0,1,0,1.003425598,1,15,2666.666748,77462.58594
cs11970139,197,1602831,1602,1,2,1,1,0,1,0,1,0,0,0,1,0,0,0,0,1,0.9966933727,1,8,3125,37646.71094
cs12110008,211,1602831,1602,1,3,0,1,0,0,0,1,0,0,0,0,0,1,0,0,0,1,1,15,2800,75462.58594
cs12090038,209,1602831,1602,1,1,0,1,0,1,0,1,0,0,0,0,0,1,0,1,0,1,0,0,,0
cs12110038,211,1602831,1602,1,3,0,1,0,0,0,1,0,0,0,0,0,1,0,0,0,1,0,0,,0
cs11900401,190,1602831,1602,1,3,1,0,1,0,0,0,0,0,0,1,0,0,0,0,0,1.27245903,1,8,2500,42646.71094
cs11920083,192,1602831,1602,1,2,1,1,0,0,1,0,0,0,0,1,0,0,0,0,1,1.003425598,1,15,2533.333252,79462.58594
cs11940117,194,1602831,1602,1,1,1,1,0,0,0,1,0,0,0,0,1,0,0,1,0,1.003737092,1,15,2666.666748,77462.58594
cs12030182,203,1602831,1602,1,1,1,1,0,1,1,1,0,0,0,1,0,0,0,1,0,0.9966933727,0,0,,0
cs11940080,194,1602831,1602,1,1,1,1,0,0,0,1,0,0,0,1,0,0,0,1,0,0.9966933727,1,15,2666.666748,77462.58594
cs12030158,203,1602831,1602,1,1,1,1,0,1,1,1,0,0,0,1,0,0,0,1,0,0.9966933727,1,30,2600,156925.1719
cs12040057,204,1602831,1602,1,1,0,0,1,0,0,0,0,0,0,0,0,1,0,1,0,1,1,7,3000,33815.87109
cs12050001,205,1602831,1602,1,3,0,1,0,0,0,1,0,0,0,0,0,1,0,0,0,1,0,0,,0
cs12010102,201,1602831,1602,1,2,1,0,1,0,0,0,0,0,0,1,0,0,0,0,1,1.27245903,1,15,2666.666748,77462.58594
cs11910133,191,1602831,1602,1,1,1,1,0,0,1,1,0,0,0,0,1,0,0,1,0,1.003737092,1,8,2500,42646.71094
cs11910172,191,1602831,1602,1,1,1,1,0,0,1,1,0,0,0,1,0,0,0,1,0,0.9966933727,1,8,2750,40646.71094
cs11950014,195,1602831,1602,1,2,0,0,1,0,0,0,0,0,0,0,0,1,0,0,1,1,0,0,,0
cs11900058,190,1602831,1602,1,3,0,0,1,0,0,0,0,0,0,0,0,1,0,0,0,1,0,0,,0
cs12010062,201,1602831,1602,1,2,0,0,1,0,0,0,0,0,0,0,0,1,0,0,1,1,1,15,2666.666748,77462.58594
cs12050086,205,1602831,1602,1,3,1,1,0,0,0,1,0,0,0,1,0,0,0,0,0,0.9966933727,0,0,,0
cs11950068,195,1602831,1602,1,2,1,0,1,0,0,0,0,0,0,0,1,0,0,0,1,0.640173912,1,7.5,2666.666748,38731.29297
cs11880107,188,1602831,1602,1,3,1,1,0,1,0,0,0,0,0,1,0,0,0,0,0,1.003425598,1,15,2666.666748,77462.58594
cs11900178,190,1602831,1602,1,3,1,0,1,0,0,0,0,0,0,0,1,0,0,0,0,0.640173912,1,8,2500,42646.71094
cs11970020,197,1602831,1602,1,2,0,1,0,1,0,1,0,0,0,0,0,1,0,0,1,1,1,8,3125,37646.71094
cs14300239,430,1671177,1671,1,3,1,1,0,0,1,0,0,0,0,1,0,0,0,0,0,1.003425598,1,5,2600,26154.19531
cs14300431,430,1671177,1671,1,3,1,1,0,0,1,0,0,0,0,1,0,0,0,0,0,1.003425598,0,0,,0
cs14290628,429,1671177,1671,1,1,1,1,0,0,0,1,0,0,0,0,1,0,0,1,0,1.003737092,1,5,3000,24154.19531
cs14300030,430,1671177,1671,1,3,0,1,0,0,1,0,0,0,0,0,0,1,0,0,0,1,0,0,,0
cs14300525,430,1671177,1671,1,3,1,1,0,0,1,0,0,0,0,0,1,0,0,0,0,0.9961833954,1,4.5,2500,23988.77539
cs14290377,429,1671177,1671,1,1,1,1,0,0,0,1,0,0,0,0,1,0,0,1,0,1.003737092,1,5,3000,24154.19531
cs14300086,430,1671177,1671,1,3,0,1,0,0,1,0,0,0,0,0,0,1,0,0,0,1,0,0,,0
cs14300016,430,1671177,1671,1,3,0,1,0,0,1,0,0,0,0,0,0,1,0,0,0,1,1,4,2500,21323.35547
cs14290014,429,1671177,1671,1,1,0,1,0,0,0,1,0,0,0,0,0,1,0,1,0,1,1,5,3000,24154.19531
cs14290039,429,1671177,1671,1,1,0,1,0,0,0,1,0,0,0,0,0,1,0,1,0,1,0,0,,0
cs14290782,429,1671177,1671,1,1,1,1,0,0,0,1,0,0,0,1,0,0,0,1,0,0.9966933727,1,2.5,3000,12077.09766
cs14290123,429,1671177,1671,1,1,1,1,0,0,0,1,0,0,0,1,0,0,0,1,0,0.9966933727,0,0,,0
cs14290048,429,1671177,1671,1,1,0,1,0,0,0,1,0,0,0,0,0,1,0,1,0,1,0,0,,0
cs14300451,430,1671177,1671,1,3,1,1,0,0,1,0,0,0,0,1,0,0,0,0,0,1.003425598,0,0,,0
cs14300416,430,1671177,1671,1,3,1,1,0,0,1,0,0,0,0,0,1,0,0,0,0,0.9961833954,1,3,5000,8492.516602
cs14290676,429,1671177,1671,1,1,1,1,0,0,0,1,0,0,0,1,0,0,0,1,0,0.9966933727,1,5,3000,24154.19531
cs13820328,382,1671215,1671,1,3,1,1,0,0,0,1,0,0,0,1,0,0,0,0,0,0.9966933727,1,10,2500,53308.39062
cs13830038,383,1671215,1671,1,1,0,1,0,1,1,1,0,0,0,0,0,1,0,1,0,1,1,8,2500,42646.71094
cs13830677,383,1671215,1671,1,1,1,1,0,1,1,1,0,0,0,1,0,0,0,1,0,0.9966933727,1,4,2500,21323.35547
cs13830045,383,1671215,1671,1,1,1,1,0,1,1,1,0,0,0,0,0,1,0,1,0,0.9944144487,1,4,2500,21323.35547
cs13830189,383,1671215,1671,1,1,1,1,0,1,1,1,0,0,0,1,0,0,0,1,0,0.9966933727,1,4,2500,21323.35547
cs13780020,378,1671215,1671,1,2,0,1,0,1,1,1,0,0,0,0,0,1,0,0,1,1,0,0,,0
cs13781286,378,1671215,1671,1,2,1,1,0,1,1,1,0,0,0,1,0,0,0,0,1,0.9966933727,1,8,2500,42646.71094
cs13820025,382,1671215,1671,1,3,1,1,0,0,0,1,0,0,0,0,0,1,0,0,0,1.045999765,1,10,2200,56308.39062
cs13830030,383,1671215,1671,1,1,0,1,0,1,1,1,0,0,0,0,0,1,0,1,0,1,0,0,,0
cs13780454,378,1671215,1671,1,2,1,1,0,1,1,1,0,0,0,1,0,0,0,0,1,0.9966933727,1,3,3333.333252,13492.5166
cs13780031,378,1671215,1671,1,2,0,1,0,1,1,1,0,0,0,0,0,1,0,0,1,1,1,5,2500,26654.19531
cs13820007,382,1671215,1671,1,3,0,1,0,0,0,1,0,0,0,0,0,1,0,0,0,1,1,10,2500,53308.39062
cs13820418,382,1671215,1671,1,3,1,1,0,0,0,1,0,0,0,0,1,0,0,0,0,1.003737092,1,3.5,2857.142822,17407.93555
cs13820161,382,1671215,1671,1,3,1,1,0,0,0,1,0,0,0,0,1,0,0,0,0,1.003737092,1,5,2500,26654.19531
cs13820064,382,1671215,1671,1,3,1,1,0,0,0,1,0,0,0,1,0,0,0,0,0,0.9966933727,1,8,2500,42646.71094
cs13820432,382,1671215,1671,1,3,1,1,0,0,0,1,0,0,0,1,0,0,0,0,0,0.9966933727,1,10,2500,53308.39062
cs13780476,378,1671215,1671,1,2,1,1,0,1,1,1,0,0,0,1,0,0,0,0,1,0.9966933727,1,7,2500,37315.87109
cs13830086,383,1671215,1671,1,1,1,1,0,1,1,1,0,0,0,1,0,0,0,1,0,0.9966933727,1,4,2500,21323.35547
cs13820022,382,1671215,1671,1,3,0,1,0,0,0,1,0,0,0,0,0,1,0,0,0,1,1,10,2500,53308.39062
cs13970089,397,1671255,1671,1,1,0,1,0,1,0,1,0,0,0,0,0,1,0,1,0,1,1,4,2500,21323.35547
cs13980010,398,1671255,1671,1,2,0,0,1,0,0,0,0,0,0,0,0,1,0,0,1,1,1,8,2500,42646.71094
cs13970250,397,1671255,1671,1,1,1,1,0,1,0,1,0,0,0,1,0,0,0,1,0,0.9966933727,1,4,2500,21323.35547
cs13960126,396,1671255,1671,1,3,1,1,0,1,1,0,0,0,0,1,0,0,0,0,0,1.003425598,1,2.5,2500,13327.09766
cs13980738,398,1671255,1671,1,2,1,0,1,0,0,0,0,0,0,1,0,0,0,0,1,1.27245903,1,4,2500,21323.35547
cs13980630,398,1671255,1671,1,2,1,0,1,0,0,0,0,0,0,0,1,0,0,0,1,0.640173912,1,8,2500,42646.71094
cs13980559,398,1671255,1671,1,2,1,0,1,0,0,0,0,0,0,0,1,0,0,0,1,0.640173912,1,4,2500,21323.35547
cs13970455,397,1671255,1671,1,1,1,1,0,1,0,1,0,0,0,1,0,0,0,1,0,0.9966933727,1,4,3000,19323.35547
cs13960021,396,1671255,1671,1,3,0,1,0,1,1,0,0,0,0,0,0,1,0,0,0,1,1,7.5,2466.666748,40231.29297
cs13980235,398,1671255,1671,1,2,1,0,1,0,0,0,0,0,0,1,0,0,0,0,1,1.27245903,1,8,2500,42646.71094
cs13980031,398,1671255,1671,1,2,1,0,1,0,0,0,0,0,0,0,0,1,0,0,1,0.661996901,1,8,2500,42646.71094
cs13980671,398,1671255,1671,1,2,1,0,1,0,0,0,0,0,0,1,0,0,0,0,1,1.27245903,1,10,2500,53308.39062
cs13960035,396,1671255,1671,1,3,0,1,0,1,1,0,0,0,0,0,0,1,0,0,0,1,1,5,2500,26654.19531
cs13960157,396,1671255,1671,1,3,1,1,0,1,1,0,0,0,0,1,0,0,0,0,0,1.003425598,1,7,2500,37315.87109
cs13960075,396,1671255,1671,1,3,0,1,0,1,1,0,0,0,0,0,0,1,0,0,0,1,0,0,,0
cs13970405,397,1671255,1671,1,1,1,1,0,1,0,1,0,0,0,1,0,0,0,1,0,0.9966933727,1,2,3000,9661.677734
cs13960397,396,1671255,1671,1,3,1,1,0,1,1,0,0,0,0,1,0,0,0,0,0,1.003425598,1,5,2500,26654.19531
cs13980039,398,1671255,1671,1,2,1,0,1,0,0,0,0,0,0,0,0,1,0,0,1,1.051559091,1,8,2500,42646.71094
cs13970109,397,1671255,1671,1,1,0,1,0,1,0,1,0,0,0,0,0,1,0,1,0,1,1,4,3000,19323.35547
cs13970071,397,1671255,1671,1,1,0,1,0,1,0,1,0,0,0,0,0,1,0,1,0,1,0,0,,0
cs13760295,376,1671279,1671,1,2,1,0,1,0,0,0,0,0,0,1,0,0,0,0,1,1.27245903,1,7,2285.714355,38815.87109
cs13760204,376,1671279,1671,1,2,1,0,1,0,0,0,0,0,0,0,1,0,0,0,1,0.640173912,1,7,2142.857178,39815.87109
cs13670011,367,1671279,1671,1,3,1,1,0,1,0,0,0,0,0,0,0,1,0,0,0,1.005813479,1,3,2500,15992.5166
cs13680009,368,1671279,1671,1,1,0,1,0,1,1,0,0,0,0,0,0,1,0,1,0,1,1,5,2500,26654.19531
cs13690095,369,1671279,1671,1,3,1,0,1,0,0,0,0,0,0,0,0,1,0,0,0,1.051559091,1,7,3000,33815.87109
cs13690080,369,1671279,1671,1,3,0,0,1,0,0,0,0,0,0,0,0,1,0,0,0,1,1,7,3000,33815.87109
cs13731234,373,1671279,1671,1,2,1,1,0,1,0,1,0,0,0,1,0,0,0,0,1,0.9966933727,1,6,1600,37385.03125
cs13680554,368,1671279,1671,1,1,1,1,0,1,1,0,0,0,0,1,0,0,0,1,0,1.003425598,1,5,2500,26654.19531
cs13730925,373,1671279,1671,1,2,1,1,0,1,0,1,0,0,0,1,0,0,0,0,1,0.9966933727,1,3.5,2500,18657.93555
cs13670723,367,1671279,1671,1,3,1,1,0,1,0,0,0,0,0,1,0,0,0,0,0,1.003425598,1,5,2500,26654.19531
cs13730029,373,1671279,1671,1,2,0,1,0,1,0,1,0,0,0,0,0,1,0,0,1,1,1,3.5,2500,18657.93555
cs13690671,369,1671279,1671,1,3,1,0,1,0,0,0,0,0,0,1,0,0,0,0,0,1.27245903,1,7.5,2000,43731.29297
cs13680005,368,1671279,1671,1,1,0,1,0,1,1,0,0,0,0,0,0,1,0,1,0,1,1,5,2500,26654.19531
cs13760015,376,1671279,1671,1,2,0,0,1,0,0,0,0,0,0,0,0,1,0,0,1,1,1,8,2250,44646.71094
cs13690015,369,1671279,1671,1,3,0,0,1,0,0,0,0,0,0,0,0,1,0,0,0,1,1,7,3000,33815.87109
cs13760011,376,1671279,1671,1,2,0,0,1,0,0,0,0,0,0,0,0,1,0,0,1,1,1,4,2250,22323.35547
cs13680150,368,1671279,1671,1,1,1,1,0,1,1,0,0,0,0,1,0,0,0,1,0,1.003425598,1,3.5,2571.428467,18407.93555
cs13760181,376,1671279,1671,1,2,1,0,1,0,0,0,0,0,0,1,0,0,0,0,1,1.27245903,1,4,2500,21323.35547
cs13760032,376,1671279,1671,1,2,0,0,1,0,0,0,0,0,0,0,0,1,0,0,1,1,1,4,2250,22323.35547
cs13690569,369,1671279,1671,1,3,1,0,1,0,0,0,0,0,0,1,0,0,0,0,0,1.27245903,1,5,2600,26154.19531
cs13680025,368,1671279,1671,1,1,1,1,0,1,1,0,0,0,0,0,0,1,0,1,0,1.005813479,1,5,2500,26654.19531
cs13761127,376,1671279,1671,1,2,1,0,1,0,0,0,0,0,0,0,1,0,0,0,1,0.640173912,1,7,2285.714355,38815.87109
cs13670085,367,1671279,1671,1,3,0,1,0,1,0,0,0,0,0,0,0,1,0,0,0,1,1,3,2500,15992.5166
cs13670501,367,1671279,1671,1,3,1,1,0,1,0,0,0,0,0,1,0,0,0,0,0,1.003425598,1,7,2500,37315.87109
cs13680078,368,1671279,1671,1,1,1,1,0,1,1,0,0,0,0,1,0,0,0,1,0,1.003425598,1,5,2500,26654.19531
cs13690157,369,1671279,1671,1,3,1,0,1,0,0,0,0,0,0,0,1,0,0,0,0,0.640173912,1,7.5,2333.333252,41231.29297
cs13670613,367,1671279,1671,1,3,1,1,0,1,0,0,0,0,0,1,0,0,0,0,0,1.003425598,1,5,2500,26654.19531
cs13690198,369,1671279,1671,1,3,1,0,1,0,0,0,0,0,0,0,1,0,0,0,0,0.640173912,1,7,3000,33815.87109
cs13690533,369,1671279,1671,1,3,1,0,1,0,0,0,0,0,0,1,0,0,0,0,0,1.27245903,1,7,2142.857178,39815.87109
cs13730066,373,1671279,1671,1,2,0,1,0,1,0,1,0,0,0,0,0,1,0,0,1,1,1,5,2600,26154.19531
cs13730480,373,1671279,1671,1,2,1,1,0,1,0,1,0,0,0,1,0,0,0,0,1,0.9966933727,1,6,2500,31985.0332
cs13760398,376,1671279,1671,1,2,1,0,1,0,0,0,0,0,0,1,0,0,0,0,1,1.27245903,1,5,2800,25154.19531
cs14260045,426,1671324,1671,1,1,1,0,1,0,0,0,0,0,0,0,0,1,0,1,0,0.661996901,1,5,2500,26654.19531
cs14280034,428,1671324,1671,1,3,0,1,0,0,0,1,0,0,0,0,0,1,0,0,0,1,0,0,,0
cs14260036,426,1671324,1671,1,1,1,0,1,0,0,0,0,0,0,0,0,1,0,1,0,1.051559091,1,5,2500,26654.19531
cs14270254,427,1671324,1671,1,2,1,1,0,1,0,0,0,0,0,1,0,0,0,0,1,1.003425598,1,16,2500,85293.42188
cs14280030,428,1671324,1671,1,3,0,1,0,0,0,1,0,0,0,0,0,1,0,0,0,1,1,7.5,2500,39981.29297
cs14270014,427,1671324,1671,1,2,0,1,0,1,0,0,0,0,0,0,0,1,0,0,1,1,1,16,2500,85293.42188
cs14280004,428,1671324,1671,1,3,0,1,0,0,0,1,0,0,0,0,0,1,0,0,0,1,0,0,,0
cs14280223,428,1671324,1671,1,3,1,1,0,0,0,1,0,0,0,1,0,0,0,0,0,0.9966933727,1,8,2500,42646.71094
cs14270262,427,1671324,1671,1,2,1,1,0,1,0,0,0,0,0,1,0,0,0,0,1,1.003425598,1,7,2857.142822,34815.87109
cs14270213,427,1671324,1671,1,2,1,1,0,1,0,0,0,0,0,1,0,0,0,0,1,1.003425598,1,7,3000,33815.87109
cs14260473,426,1671324,1671,1,1,1,0,1,0,0,0,0,0,0,1,0,0,0,1,0,1.27245903,1,5,2500,26654.19531
cs14280160,428,1671324,1671,1,3,1,1,0,0,0,1,0,0,0,0,1,0,0,0,0,1.003737092,1,8,2500,42646.71094
cs14260567,426,1671324,1671,1,1,1,0,1,0,0,0,0,0,0,1,0,0,0,1,0,1.27245903,1,5,3000,24154.19531
cs14260062,426,1671324,1671,1,1,0,0,1,0,0,0,0,0,0,0,0,1,0,1,0,1,0,0,,0
cs14270004,427,1671324,1671,1,2,0,1,0,1,0,0,0,0,0,0,0,1,0,0,1,1,1,15,2666.666748,77462.58594
cs14260365,426,1671324,1671,1,1,1,0,1,0,0,0,0,0,0,1,0,0,0,1,0,1.27245903,1,5,2500,26654.19531
cs14260248,426,1671324,1671,1,1,1,0,1,0,0,0,0,0,0,0,1,0,0,1,0,0.640173912,1,4,3125,18823.35547
cs14280229,428,1671324,1671,1,3,1,1,0,0,0,1,0,0,0,1,0,0,0,0,0,0.9966933727,1,8,2500,42646.71094
cs14280072,428,1671324,1671,1,3,1,1,0,0,0,1,0,0,0,0,1,0,0,0,0,1.003737092,1,8,2500,42646.71094
cs14260262,426,1671324,1671,1,1,1,0,1,0,0,0,0,0,0,0,1,0,0,1,0,0.640173912,1,5,2500,26654.19531
cs14270002,427,1671324,1671,1,2,0,1,0,1,0,0,0,0,0,0,0,1,0,0,1,1,1,8,2500,42646.71094
cs14280211,428,1671324,1671,1,3,1,1,0,0,0,1,0,0,0,1,0,0,0,0,0,0.9966933727,1,12,2500,63970.06641
cs14160021,416,1671475,1671,1,3,0,1,0,1,1,1,0,0,0,0,0,1,0,0,0,1,0,0,,0
cs14180542,418,1671475,1671,1,1,1,1,0,1,1,0,0,0,0,1,0,0,0,1,0,1.003425598,1,7.5,2500,39981.29297
cs14150004,415,1671475,1671,1,1,1,1,0,0,0,0,0,0,0,0,0,1,0,1,0,0.9567061067,1,15,2200,84462.58594
cs14150462,415,1671475,1671,1,1,1,1,0,0,0,0,0,0,0,1,0,0,0,1,0,1.003425598,0,0,,0
cs14170314,417,1671475,1671,1,2,1,1,0,0,0,0,0,0,0,1,0,0,0,0,1,1.003425598,1,5,2500,26654.19531
cs14150291,415,1671475,1671,1,1,1,1,0,0,0,0,0,0,0,0,1,0,0,1,0,0.9961833954,1,10,3100,47308.39062
cs14180024,418,1671475,1671,1,1,1,1,0,1,1,0,0,0,0,0,0,1,0,1,0,1.005813479,1,7.5,2500,39981.29297
cs14170538,417,1671475,1671,1,2,1,1,0,0,0,0,0,0,0,1,0,0,0,0,1,1.003425598,1,7.5,2800,37731.29297
cs14160030,416,1671475,1671,1,3,0,1,0,1,1,1,0,0,0,0,0,1,0,0,0,1,0,0,,0
cs14160100,416,1671475,1671,1,3,1,1,0,1,1,1,0,0,0,1,0,0,0,0,0,0.9966933727,1,15,2500,79962.58594
cs14160208,416,1671475,1671,1,3,1,1,0,1,1,1,0,0,0,1,0,0,0,0,0,0.9966933727,1,10.5,2571.428467,55223.80469
cs14180478,418,1671475,1671,1,1,1,1,0,1,1,0,0,0,0,1,0,0,0,1,0,1.003425598,1,7.5,2500,39981.29297
cs14150446,415,1671475,1671,1,1,1,1,0,0,0,0,0,0,0,1,0,0,0,1,0,1.003425598,1,10,2400,54308.39062
cs14170018,417,1671475,1671,1,2,0,1,0,0,0,0,0,0,0,0,0,1,0,0,1,1,0,0,,0
cs14150175,415,1671475,1671,1,1,1,1,0,0,0,0,0,0,0,0,1,0,0,1,0,0.9961833954,1,15,2400,81462.58594
cs14150026,415,1671475,1671,1,1,0,1,0,0,0,0,0,0,0,0,0,1,0,1,0,1,0,0,,0
cs14180014,418,1671475,1671,1,1,0,1,0,1,1,0,0,0,0,0,0,1,0,1,0,1,0,0,,0
cs14160342,416,1671475,1671,1,3,1,1,0,1,1,1,0,0,0,1,0,0,0,0,0,0.9966933727,1,15,2500,79962.58594
cs14150222,415,1671475,1671,1,1,1,1,0,0,0,0,0,0,0,1,0,0,0,1,0,1.003425598,1,7,2571.428467,36815.87109
cs14180288,418,1671475,1671,1,1,1,1,0,1,1,0,0,0,0,1,0,0,0,1,0,1.003425598,1,15,2500,79962.58594
cs14170081,417,1671475,1671,1,2,1,1,0,0,0,0,0,0,0,0,1,0,0,0,1,0.9961833954,1,5,2500,26654.19531
cs14150052,415,1671475,1671,1,1,0,1,0,0,0,0,0,0,0,0,0,1,0,1,0,1,1,15,2200,84462.58594
cs14170203,417,1671475,1671,1,2,1,1,0,0,0,0,0,0,0,0,1,0,0,0,1,0.9961833954,1,4.5,2000,26238.77539
cs14180033,418,1671475,1671,1,1,0,1,0,1,1,0,0,0,0,0,0,1,0,1,0,1,0,0,,0
cs14170645,417,1671475,1671,1,2,1,1,0,0,0,0,0,0,0,1,0,0,0,0,1,1.003425598,1,5,2500,26654.19531
cs14170030,417,1671475,1671,1,2,0,1,0,0,0,0,0,0,0,0,0,1,0,0,1,1,0,0,,0
cs14170002,417,1671475,1671,1,2,1,1,0,0,0,0,0,0,0,0,0,1,0,0,1,0.9567061067,1,5,2600,26154.19531
cs13950030,395,1671535,1671,1,3,0,0,1,0,0,0,0,0,0,0,0,1,0,0,0,1,1,4,2500,21323.35547
cs13950131,395,1671535,1671,1,3,1,0,1,0,0,0,0,0,0,1,0,0,0,0,0,1.27245903,1,6,2875,29735.0332
cs13920704,392,1671535,1671,1,2,1,0,1,0,0,0,0,0,0,0,1,0,0,0,1,0.640173912,1,15,2500,79962.58594
cs13920721,392,1671535,1671,1,2,1,0,1,0,0,0,0,0,0,1,0,0,0,0,1,1.27245903,1,4.5,2500,23988.77539
cs13900839,390,1671535,1671,1,1,1,1,0,0,0,1,0,0,0,0,1,0,0,1,0,1.003737092,1,4,2500,21323.35547
cs13950037,395,1671535,1671,1,3,0,0,1,0,0,0,0,0,0,0,0,1,0,0,0,1,1,4,2500,21323.35547
cs13900719,390,1671535,1671,1,1,1,1,0,0,0,1,0,0,0,1,0,0,0,1,0,0.9966933727,1,7,2285.714355,38815.87109
cs13940375,394,1671535,1671,1,3,1,1,0,0,0,1,0,0,0,1,0,0,0,0,0,0.9966933727,1,6,2500,31985.0332
cs13940037,394,1671535,1671,1,3,0,1,0,0,0,1,0,0,0,0,0,1,0,0,0,1,1,6,2500,31985.0332
cs13940275,394,1671535,1671,1,3,1,1,0,0,0,1,0,0,0,0,1,0,0,0,0,1.003737092,1,5,2500,26654.19531
cs13950063,395,1671535,1671,1,3,0,0,1,0,0,0,0,0,0,0,0,1,0,0,0,1,1,4,2500,21323.35547
cs13920018,392,1671535,1671,1,2,0,0,1,0,0,0,0,0,0,0,0,1,0,0,1,1,0,0,,0
cs13920398,392,1671535,1671,1,2,1,0,1,0,0,0,0,0,0,1,0,0,0,0,1,1.27245903,1,4.5,2500,23988.77539
cs13900025,390,1671535,1671,1,1,0,1,0,0,0,1,0,0,0,0,0,1,0,1,0,1,1,5,2400,27154.19531
cs13920095,392,1671535,1671,1,2,1,0,1,0,0,0,0,0,0,0,1,0,0,0,1,0.640173912,1,15,2500,79962.58594
cs13900386,390,1671535,1671,1,1,1,1,0,0,0,1,0,0,0,1,0,0,0,1,0,0.9966933727,1,4,2500,21323.35547
cs13900853,390,1671535,1671,1,1,1,1,0,0,0,1,0,0,0,0,1,0,0,1,0,1.003737092,1,7,2285.714355,38815.87109
cs13940367,394,1671535,1671,1,3,1,1,0,0,0,1,0,0,0,1,0,0,0,0,0,0.9966933727,1,4,2500,21323.35547
cs13940005,394,1671535,1671,1,3,1,1,0,0,0,1,0,0,0,0,0,1,0,0,0,1.045999765,1,6,2500,31985.0332
cs13950099,395,1671535,1671,1,3,1,0,1,0,0,0,0,0,0,1,0,0,0,0,0,1.27245903,1,4,2500,21323.35547
cs13940001,394,1671535,1671,1,3,0,1,0,0,0,1,0,0,0,0,0,1,0,0,0,1,1,6,2500,31985.0332
cs13900046,390,1671535,1671,1,1,0,1,0,0,0,1,0,0,0,0,0,1,0,1,0,1,1,10.5,2571.428467,55223.80469
cs13920006,392,1671535,1671,1,2,0,0,1,0,0,0,0,0,0,0,0,1,0,0,1,1,1,6,2500,31985.0332
cs13950282,395,1671535,1671,1,3,1,0,1,0,0,0,0,0,0,0,1,0,0,0,0,0.640173912,1,1.5,2666.666748,7746.258301
cs13900048,390,1671535,1671,1,1,0,1,0,0,0,1,0,0,0,0,0,1,0,1,0,1,0,0,,0
cs13940210,394,1671535,1671,1,3,1,1,0,0,0,1,0,0,0,1,0,0,0,0,0,0.9966933727,1,6,2500,31985.0332
cs13940205,394,1671535,1671,1,3,1,1,0,0,0,1,0,0,0,0,1,0,0,0,0,1.003737092,1,4,2500,21323.35547
cs13920008,392,1671535,1671,1,2,1,0,1,0,0,0,0,0,0,0,0,1,0,0,1,0.661996901,1,6,2500,31985.0332
cs13950170,395,1671535,1671,1,3,1,0,1,0,0,0,0,0,0,0,1,0,0,0,0,0.640173912,1,1.5,2666.666748,7746.258301
cs13920235,392,1671535,1671,1,2,1,0,1,0,0,0,0,0,0,1,0,0,0,0,1,1.27245903,0,0,,0
cs13950242,395,1671535,1671,1,3,1,0,1,0,0,0,0,0,0,1,0,0,0,0,0,1.27245903,1,1.5,2666.666748,7746.258301
cs13900849,390,1671535,1671,1,1,1,1,0,0,0,1,0,0,0,1,0,0,0,1,0,0.9966933727,1,8,2500,42646.71094
cs14210151,421,1671543,1671,1,2,1,1,0,1,0,0,0,0,0,1,0,0,0,0,1,1.003425598,1,9,2500,47977.55078
cs14250083,425,1671543,1671,1,2,1,1,0,0,1,0,0,0,0,1,0,0,0,0,1,1.003425598,0,0,,0
cs14230117,423,1671543,1671,1,1,0,0,1,0,0,0,0,0,0,0,0,1,0,1,0,1,1,4,2500,21323.35547
cs14250269,425,1671543,1671,1,2,1,1,0,0,1,0,0,0,0,0,1,0,0,0,1,0.9961833954,0,0,,0
cs14210129,421,1671543,1671,1,2,1,1,0,1,0,0,0,0,0,1,0,0,0,0,1,1.003425598,1,10.5,2571.428467,55223.80469
cs14200069,420,1671543,1671,1,3,1,1,0,0,1,0,0,0,0,1,0,0,0,0,0,1.003425598,1,6,2500,31985.0332
cs14230343,423,1671543,1671,1,1,1,0,1,0,0,0,0,0,0,0,1,0,0,1,0,0.640173912,1,4,2500,21323.35547
cs14250051,425,1671543,1671,1,2,0,1,0,0,1,0,0,0,0,0,0,1,0,0,1,1,1,10,2300,55308.39062
cs14250046,425,1671543,1671,1,2,0,1,0,0,1,0,0,0,0,0,0,1,0,0,1,1,0,0,,0
cs14210001,421,1671543,1671,1,2,0,1,0,1,0,0,0,0,0,0,0,1,0,0,1,1,0,0,,0
cs14220309,422,1671543,1671,1,1,1,1,0,0,1,1,0,0,0,0,1,0,0,1,0,1.003737092,0,0,,0
cs14200114,420,1671543,1671,1,3,1,1,0,0,1,0,0,0,0,0,1,0,0,0,0,0.9961833954,1,6,2500,31985.0332
cs14220480,422,1671543,1671,1,1,1,1,0,0,1,1,0,0,0,1,0,0,0,1,0,0.9966933727,0,0,,0
cs14250332,425,1671543,1671,1,2,1,1,0,0,1,0,0,0,0,1,0,0,0,0,1,1.003425598,1,16,2012.5,93093.42188
cs14210026,421,1671543,1671,1,2,0,1,0,1,0,0,0,0,0,0,0,1,0,0,1,1,0,0,,0
cs14230165,423,1671543,1671,1,1,1,0,1,0,0,0,0,0,0,1,0,0,0,1,0,1.27245903,1,4,2500,21323.35547
cs14250092,425,1671543,1671,1,2,1,1,0,0,1,0,0,0,0,1,0,0,0,0,1,1.003425598,1,10,2300,55308.39062
cs14200098,420,1671543,1671,1,3,1,1,0,0,1,0,0,0,0,0,1,0,0,0,0,0.9961833954,1,4,2500,21323.35547
cs14230087,423,1671543,1671,1,1,0,0,1,0,0,0,0,0,0,0,0,1,0,1,0,1,1,4,2500,21323.35547
cs14200029,420,1671543,1671,1,3,0,1,0,0,1,0,0,0,0,0,0,1,0,0,0,1,1,6,2500,31985.0332
cs14250013,425,1671543,1671,1,2,0,1,0,0,1,0,0,0,0,0,0,1,0,0,1,1,0,0,,0
cs14230152,423,1671543,1671,1,1,1,0,1,0,0,0,0,0,0,1,0,0,0,1,0,1.27245903,1,2,2250,11161.67773
cs14220142,422,1671543,1671,1,1,1,1,0,0,1,1,0,0,0,0,1,0,0,1,0,1.003737092,0,0,,0
cs14220096,422,1671543,1671,1,1,0,1,0,0,1,1,0,0,0,0,0,1,0,1,0,1,0,0,,0
cs14230322,423,1671543,1671,1,1,1,0,1,0,0,0,0,0,0,1,0,0,0,1,0,1.27245903,1,2,3000,9661.677734
cs14220388,422,1671543,1671,1,1,1,1,0,0,1,1,0,0,0,1,0,0,0,1,0,0.9966933727,0,0,,0
cs14230295,423,1671543,1671,1,1,1,0,1,0,0,0,0,0,0,0,1,0,0,1,0,0.640173912,1,4,2500,21323.35547
cs14220053,422,1671543,1671,1,1,0,1,0,0,1,1,0,0,0,0,0,1,0,1,0,1,0,0,,0
cs14230022,423,1671543,1671,1,1,0,0,1,0,0,0,0,0,0,0,0,1,0,1,0,1,1,4,2500,21323.35547
cs14200057,420,1671543,1671,1,3,0,1,0,0,1,0,0,0,0,0,0,1,0,0,0,1,0,0,,0
cs14200153,420,1671543,1671,1,3,1,1,0,0,1,0,0,0,0,1,0,0,0,0,0,1.003425598,1,6,2500,31985.0332
cs14220048,422,1671543,1671,1,1,0,1,0,0,1,1,0,0,0,0,0,1,0,1,0,1,0,0,,0
cs14210019,421,1671543,1671,1,2,0,1,0,1,0,0,0,0,0,0,0,1,0,0,1,1,0,0,,0
cs14220120,422,1671543,1671,1,1,1,1,0,0,1,1,0,0,0,1,0,0,0,1,0,0.9966933727,0,0,,0
cs14210210,421,1671543,1671,1,2,1,1,0,1,0,0,0,0,0,1,0,0,0,0,1,1.003425598,1,10.5,2571.428467,55223.80469
cs14200258,420,1671543,1671,1,3,1,1,0,0,1,0,0,0,0,1,0,0,0,0,0,1.003425598,1,4,2500,21323.35547
cs14250073,425,1671543,1671,1,2,1,1,0,0,1,0,0,0,0,0,1,0,0,0,1,0.9961833954,1,15,2666.666748,77462.58594
cs14200033,420,1671543,1671,1,3,0,1,0,0,1,0,0,0,0,0,0,1,0,0,0,1,1,6,2500,31985.0332
cs14000168,400,1671702,1671,1,1,1,0,1,0,0,0,0,0,0,1,0,0,0,1,0,1.27245903,1,3,2666.666748,15492.5166
cs14030012,403,1671702,1671,1,3,0,0,1,0,0,0,0,0,0,0,0,1,0,0,0,1,0,0,,0
cs14020117,402,1671702,1671,1,2,1,0,1,0,0,0,0,0,0,1,0,0,0,0,1,1.27245903,1,4,2000,23323.35547
cs14000091,400,1671702,1671,1,1,0,0,1,0,0,0,0,0,0,0,0,1,0,1,0,1,0,0,,0
cs14000066,400,1671702,1671,1,1,0,0,1,0,0,0,0,0,0,0,0,1,0,1,0,1,0,0,,0
cs13990200,399,1671702,1671,1,2,1,1,0,0,0,1,0,0,0,0,1,0,0,0,1,1.003737092,1,10,2500,53308.39062
cs13990294,399,1671702,1671,1,2,1,1,0,0,0,1,0,0,0,1,0,0,0,0,1,0.9966933727,1,10,2500,53308.39062
cs14030091,403,1671702,1671,1,3,1,0,1,0,0,0,0,0,0,0,1,0,0,0,0,0.640173912,0,0,,0
cs14020066,402,1671702,1671,1,2,1,0,1,0,0,0,0,0,0,1,0,0,0,0,1,1.27245903,1,4,2000,23323.35547
cs14030042,403,1671702,1671,1,3,1,0,1,0,0,0,0,0,0,1,0,0,0,0,0,1.27245903,0,0,,0
cs14000100,400,1671702,1671,1,1,1,0,1,0,0,0,0,0,0,0,1,0,0,1,0,0.640173912,0,0,,0
cs14020056,402,1671702,1671,1,2,0,0,1,0,0,0,0,0,0,0,0,1,0,0,1,1,0,0,,0
cs14020025,402,1671702,1671,1,2,0,0,1,0,0,0,0,0,0,0,0,1,0,0,1,1,0,0,,0
cs14020122,402,1671702,1671,1,2,1,0,1,0,0,0,0,0,0,1,0,0,0,0,1,1.27245903,1,5,2000,29154.19531
cs13990001,399,1671702,1671,1,2,0,1,0,0,0,1,0,0,0,0,0,1,0,0,1,1,1,5,2400,27154.19531
cs14020162,402,1671702,1671,1,2,1,0,1,0,0,0,0,0,0,0,1,0,0,0,1,0.640173912,1,5,3000,24154.19531
cs14030071,403,1671702,1671,1,3,1,0,1,0,0,0,0,0,0,1,0,0,0,0,0,1.27245903,0,0,,0
cs14000198,400,1671702,1671,1,1,1,0,1,0,0,0,0,0,0,0,1,0,0,1,0,0.640173912,1,3,2500,15992.5166
cs13990103,399,1671702,1671,1,2,1,1,0,0,0,1,0,0,0,1,0,0,0,0,1,0.9966933727,1,10,2400,54308.39062
cs13990151,399,1671702,1671,1,2,1,1,0,0,0,1,0,0,0,1,0,0,0,0,1,0.9966933727,1,15,2400,81462.58594
cs13990035,399,1671702,1671,1,2,0,1,0,0,0,1,0,0,0,0,0,1,0,0,1,1,1,10,2000,58308.39062
cs14030097,403,1671702,1671,1,3,1,0,1,0,0,0,0,0,0,0,1,0,0,0,0,0.640173912,1,3,2166.666748,16992.51562
cs13990299,399,1671702,1671,1,2,1,1,0,0,0,1,0,0,0,0,1,0,0,0,1,1.003737092,1,7.5,2500,39981.29297
cs14000131,400,1671702,1671,1,1,1,0,1,0,0,0,0,0,0,1,0,0,0,1,0,1.27245903,1,3,2666.666748,15492.5166
cs14030054,403,1671702,1671,1,3,1,0,1,0,0,0,0,0,0,1,0,0,0,0,0,1.27245903,1,3,2166.666748,16992.51562
cs14030027,403,1671702,1671,1,3,0,0,1,0,0,0,0,0,0,0,0,1,0,0,0,1,1,3,2166.666748,16992.51562
cs14000114,400,1671702,1671,1,1,1,0,1,0,0,0,0,0,0,1,0,0,0,1,0,1.27245903,1,5,2500,26654.19531
cs14020063,402,1671702,1671,1,2,0,0,1,0,0,0,0,0,0,0,0,1,0,0,1,1,0,0,,0
cs14030029,403,1671702,1671,1,3,0,0,1,0,0,0,0,0,0,0,0,1,0,0,0,1,1,3,2500,15992.5166
cs14020138,402,1671702,1671,1,2,1,0,1,0,0,0,0,0,0,0,1,0,0,0,1,0.640173912,1,5,3000,24154.19531
cs14000040,400,1671702,1671,1,1,0,0,1,0,0,0,0,0,0,0,0,1,0,1,0,1,1,3,2666.666748,15492.5166
cs13990045,399,1671702,1671,1,2,0,1,0,0,0,1,0,0,0,0,0,1,0,0,1,1,0,0,,0
cs13890156,389,1671750,1671,1,2,1,1,0,0,1,1,0,0,0,1,0,0,0,0,1,0.9966933727,1,10,2500,53308.39062
cs13840035,384,1671750,1671,1,3,0,1,0,1,0,0,0,0,0,0,0,1,0,0,0,1,1,12,2375,65470.06641
cs13850251,385,1671750,1671,1,1,1,0,1,0,0,0,0,0,0,1,0,0,0,1,0,1.27245903,1,5,3500,21654.19531
cs13850348,385,1671750,1671,1,1,1,0,1,0,0,0,0,0,0,1,0,0,0,1,0,1.27245903,1,5,3500,21654.19531
cs13890427,389,1671750,1671,1,2,1,1,0,0,1,1,0,0,0,0,1,0,0,0,1,1.003737092,1,6,2666.666748,30985.0332
cs13851425,385,1671750,1671,1,1,1,0,1,0,0,0,0,0,0,1,0,0,0,1,0,1.27245903,1,12,2500,63970.06641
cs13890042,389,1671750,1671,1,2,0,1,0,0,1,1,0,0,0,0,0,1,0,0,1,1,1,8,2500,42646.71094
cs13890325,389,1671750,1671,1,2,1,1,0,0,1,1,0,0,0,0,1,0,0,0,1,1.003737092,1,2,2500,10661.67773
cs13850292,385,1671750,1671,1,1,1,0,1,0,0,0,0,0,0,0,1,0,0,1,0,0.640173912,1,8,2500,42646.71094
cs13850032,385,1671750,1671,1,1,1,0,1,0,0,0,0,0,0,0,0,1,0,1,0,1.051559091,1,7,2500,37315.87109
cs13890522,389,1671750,1671,1,2,1,1,0,0,1,1,0,0,0,1,0,0,0,0,1,0.9966933727,1,4,2500,21323.35547
cs13840242,384,1671750,1671,1,3,1,1,0,1,0,0,0,0,0,1,0,0,0,0,0,1.003425598,1,12,2375,65470.06641
cs13840993,384,1671750,1671,1,3,1,1,0,1,0,0,0,0,0,1,0,0,0,0,0,1.003425598,1,12,2375,65470.06641
cs13841245,384,1671750,1671,1,3,1,1,0,1,0,0,0,0,0,1,0,0,0,0,0,1.003425598,1,16,2375,87293.42188
cs13840038,384,1671750,1671,1,3,1,1,0,1,0,0,0,0,0,0,0,1,0,0,0,1.005813479,1,12,2375,65470.06641
cs13850027,385,1671750,1671,1,1,1,0,1,0,0,0,0,0,0,0,0,1,0,1,0,1.051559091,1,5,3500,21654.19531
cs13890005,389,1671750,1671,1,2,0,1,0,0,1,1,0,0,0,0,0,1,0,0,1,1,1,6,2500,31985.0332
cs13851440,385,1671750,1671,1,1,1,0,1,0,0,0,0,0,0,0,1,0,0,1,0,0.640173912,1,7,2500,37315.87109
cs13840042,384,1671750,1671,1,3,1,1,0,1,0,0,0,0,0,0,0,1,0,0,0,1.005813479,1,8,2300,44246.71094
cs13890313,389,1671750,1671,1,2,1,1,0,0,1,1,0,0,0,1,0,0,0,0,1,0.9966933727,1,10,2500,53308.39062
cs13850079,385,1671750,1671,1,1,1,0,1,0,0,0,0,0,0,0,0,1,0,1,0,1.051559091,1,7,2500,37315.87109
cs13890032,389,1671750,1671,1,2,0,1,0,0,1,1,0,0,0,0,0,1,0,0,1,1,0,0,,0
cs14110008,411,1671831,1671,1,3,0,1,0,1,0,1,0,0,0,0,0,1,0,0,0,1,0,0,,0
cs14080100,408,1671831,1671,1,2,1,0,1,0,0,0,0,0,0,0,1,0,0,0,1,0.640173912,1,5,2500,26654.19531
cs14090237,409,1671831,1671,1,1,1,1,0,1,0,1,0,0,0,1,0,0,0,1,0,0.9966933727,1,8,2875,39646.71094
cs14060032,406,1671831,1671,1,2,1,1,0,1,1,1,0,0,0,1,0,0,0,0,1,0.9966933727,1,15,2000,87462.58594
cs14060021,406,1671831,1671,1,2,0,1,0,1,1,1,0,0,0,0,0,1,0,0,1,1,1,15,2000,87462.58594
cs14100038,410,1671831,1671,1,3,0,0,1,0,0,0,0,0,0,0,0,1,0,0,0,1,1,2,3000,9661.677734
cs14090025,409,1671831,1671,1,1,0,1,0,1,0,1,0,0,0,0,0,1,0,1,0,1,1,10,2300,55308.39062
cs14080021,408,1671831,1671,1,2,0,0,1,0,0,0,0,0,0,0,0,1,0,0,1,1,0,0,,0
cs14080198,408,1671831,1671,1,2,1,0,1,0,0,0,0,0,0,1,0,0,0,0,1,1.27245903,1,5,2500,26654.19531
cs14060030,406,1671831,1671,1,2,1,1,0,1,1,1,0,0,0,1,0,0,0,0,1,0.9966933727,1,15,1600,93462.58594
cs14130158,413,1671831,1671,1,1,1,1,0,0,1,0,0,0,0,1,0,0,0,1,0,1.003425598,1,5,2500,26654.19531
cs14130035,413,1671831,1671,1,1,1,1,0,0,1,0,0,0,0,0,0,1,0,1,0,0.9567061067,1,5,2400,27154.19531
cs14100084,410,1671831,1671,1,3,1,0,1,0,0,0,0,0,0,1,0,0,0,0,0,1.27245903,1,6,2500,31985.0332
cs14080138,408,1671831,1671,1,2,1,0,1,0,0,0,0,0,0,1,0,0,0,0,1,1.27245903,1,5,2500,26654.19531
cs14110057,411,1671831,1671,1,3,1,1,0,1,0,1,0,0,0,1,0,0,0,0,0,0.9966933727,1,3,4000,11492.5166
cs14090199,409,1671831,1671,1,1,1,1,0,1,0,1,0,0,0,1,0,0,0,1,0,0.9966933727,1,10,2300,55308.39062
cs14130160,413,1671831,1671,1,1,1,1,0,0,1,0,0,0,0,0,1,0,0,1,0,0.9961833954,1,5,2400,27154.19531
cs14100031,410,1671831,1671,1,3,0,0,1,0,0,0,0,0,0,0,0,1,0,0,0,1,1,2,3000,9661.677734
cs14100069,410,1671831,1671,1,3,1,0,1,0,0,0,0,0,0,0,1,0,0,0,0,0.640173912,0,0,,0
cs14110051,411,1671831,1671,1,3,1,1,0,1,0,1,0,0,0,1,0,0,0,0,0,0.9966933727,0,0,,0
cs14100062,410,1671831,1671,1,3,1,0,1,0,0,0,0,0,0,1,0,0,0,0,0,1.27245903,1,2,3000,9661.677734
cs14130279,413,1671831,1671,1,1,1,1,0,0,1,0,0,0,0,0,1,0,0,1,0,0.9961833954,1,5,2400,27154.19531
cs14080049,408,1671831,1671,1,2,0,0,1,0,0,0,0,0,0,0,0,1,0,0,1,1,1,5,2500,26654.19531
cs14080226,408,1671831,1671,1,2,1,0,1,0,0,0,0,0,0,1,0,0,0,0,1,1.27245903,1,5,2500,26654.19531
cs14130012,413,1671831,1671,1,1,0,1,0,0,1,0,0,0,0,0,0,1,0,1,0,1,1,5,2400,27154.19531
cs14130027,413,1671831,1671,1,1,0,1,0,0,1,0,0,0,0,0,0,1,0,1,0,1,0,0,,0
cs14100064,410,1671831,1671,1,3,1,0,1,0,0,0,0,0,0,1,0,0,0,0,0,1.27245903,1,7.5,2000,43731.29297
cs14110036,411,1671831,1671,1,3,0,1,0,1,0,1,0,0,0,0,0,1,0,0,0,1,0,0,,0
cs14100063,410,1671831,1671,1,3,1,0,1,0,0,0,0,0,0,0,1,0,0,0,0,0.640173912,1,7.5,2533.333252,39731.29297
cs14060081,406,1671831,1671,1,2,1,1,0,1,1,1,0,0,0,1,0,0,0,0,1,0.9966933727,1,15,1600,93462.58594
cs14090033,409,1671831,1671,1,1,0,1,0,1,0,1,0,0,0,0,0,1,0,1,0,1,1,8,3375,35646.71094
cs14100019,410,1671831,1671,1,3,0,0,1,0,0,0,0,0,0,0,0,1,0,0,0,1,0,0,,0
cs14080251,408,1671831,1671,1,2,1,0,1,0,0,0,0,0,0,0,1,0,0,0,1,0.640173912,1,5,2500,26654.19531
cs14090084,409,1671831,1671,1,1,1,1,0,1,0,1,0,0,0,1,0,0,0,1,0,0.9966933727,1,5,3000,24154.19531
cs14130164,413,1671831,1671,1,1,1,1,0,0,1,0,0,0,0,1,0,0,0,1,0,1.003425598,0,0,,0
cs14080045,408,1671831,1671,1,2,0,0,1,0,0,0,0,0,0,0,0,1,0,0,1,1,1,5,2500,26654.19531
cs14110031,411,1671831,1671,1,3,0,1,0,1,0,1,0,0,0,0,0,1,0,0,0,1,0,0,,0
cs14060017,406,1671831,1671,1,2,0,1,0,1,1,1,0,0,0,0,0,1,0,0,1,1,1,15,2000,87462.58594
cs14110045,411,1671831,1671,1,3,1,1,0,1,0,1,0,0,0,1,0,0,0,0,0,0.9966933727,0,0,,0
cs14060006,406,1671831,1671,1,2,0,1,0,1,1,1,0,0,0,0,0,1,0,0,1,1,0,0,,0
cs14130162,413,1671831,1671,1,1,1,1,0,0,1,0,0,0,0,1,0,0,0,1,0,1.003425598,1,5,2400,27154.19531
cs13630512,363,1671931,1671,1,2,1,0,1,0,0,0,0,0,0,0,1,0,0,0,1,0.640173912,1,15,2500,79962.58594
cs13630714,363,1671931,1671,1,2,1,0,1,0,0,0,0,0,0,0,1,0,0,0,1,0.640173912,1,5,2500,26654.19531
cs13650190,365,1671931,1671,1,3,1,1,0,0,1,0,0,0,0,0,1,0,0,0,0,0.9961833954,1,4,2500,21323.35547
cs13660113,366,1671931,1671,1,3,1,0,1,0,0,0,0,0,0,1,0,0,0,0,0,1.27245903,0,0,,0
cs13590018,359,1671931,1671,1,2,0,1,0,1,1,0,0,0,0,0,0,1,0,0,1,1,0,0,,0
cs13570789,357,1671931,1671,1,1,1,1,0,0,1,0,0,0,0,0,1,0,0,1,0,0.9961833954,1,6,2250,33485.03125
cs13650113,365,1671931,1671,1,3,1,1,0,0,1,0,0,0,0,1,0,0,0,0,0,1.003425598,1,8,2000,46646.71094
cs13630397,363,1671931,1671,1,2,1,0,1,0,0,0,0,0,0,1,0,0,0,0,1,1.27245903,1,4,2500,21323.35547
cs13650051,365,1671931,1671,1,3,1,1,0,0,1,0,0,0,0,0,0,1,0,0,0,0.9567061067,1,15,2500,79962.58594
cs13590312,359,1671931,1671,1,2,1,1,0,1,1,0,0,0,0,1,0,0,0,0,1,1.003425598,1,5,3000,24154.19531
cs13570041,357,1671931,1671,1,1,0,1,0,0,1,0,0,0,0,0,0,1,0,1,0,1,1,7,2500,37315.87109
cs13660140,366,1671931,1671,1,3,1,0,1,0,0,0,0,0,0,1,0,0,0,0,0,1.27245903,0,0,,0
cs13650067,365,1671931,1671,1,3,0,1,0,0,1,0,0,0,0,0,0,1,0,0,0,1,0,0,,0
cs13630373,363,1671931,1671,1,2,1,0,1,0,0,0,0,0,0,1,0,0,0,0,1,1.27245903,1,5,2500,26654.19531
cs13650244,365,1671931,1671,1,3,1,1,0,0,1,0,0,0,0,0,1,0,0,0,0,0.9961833954,1,4,2500,21323.35547
cs13570026,357,1671931,1671,1,1,1,1,0,0,1,0,0,0,0,0,0,1,0,1,0,0.9567061067,0,0,,0
cs13650141,365,1671931,1671,1,3,1,1,0,0,1,0,0,0,0,1,0,0,0,0,0,1.003425598,1,6,2500,31985.0332
cs13570173,357,1671931,1671,1,1,1,1,0,0,1,0,0,0,0,1,0,0,0,1,0,1.003425598,1,6,2250,33485.03125
cs13660041,366,1671931,1671,1,3,0,0,1,0,0,0,0,0,0,0,0,1,0,0,0,1,0,0,,0
cs13620111,362,1671931,1671,1,1,1,1,0,1,0,0,0,0,0,1,0,0,0,1,0,1.003425598,1,5,2000,29154.19531
cs13620009,362,1671931,1671,1,1,0,1,0,1,0,0,0,0,0,0,0,1,0,1,0,1,0,0,,0
cs13660167,366,1671931,1671,1,3,1,0,1,0,0,0,0,0,0,0,1,0,0,0,0,0.640173912,0,0,,0
cs13620100,362,1671931,1671,1,1,1,1,0,1,0,0,0,0,0,1,0,0,0,1,0,1.003425598,0,0,,0
cs13590545,359,1671931,1671,1,2,1,1,0,1,1,0,0,0,0,1,0,0,0,0,1,1.003425598,1,5,3000,24154.19531
cs13590350,359,1671931,1671,1,2,1,1,0,1,1,0,0,0,0,1,0,0,0,0,1,1.003425598,1,5,2500,26654.19531
cs13660189,366,1671931,1671,1,3,1,0,1,0,0,0,0,0,0,0,1,0,0,0,0,0.640173912,0,0,,0
cs13590027,359,1671931,1671,1,2,0,1,0,1,1,0,0,0,0,0,0,1,0,0,1,1,0,0,,0
cs13660025,366,1671931,1671,1,3,1,0,1,0,0,0,0,0,0,0,0,1,0,0,0,1.051559091,0,0,,0
cs13630004,363,1671931,1671,1,2,0,0,1,0,0,0,0,0,0,0,0,1,0,0,1,1,1,5,2500,26654.19531
cs13630008,363,1671931,1671,1,2,0,0,1,0,0,0,0,0,0,0,0,1,0,0,1,1,1,4,3000,19323.35547
cs13570012,357,1671931,1671,1,1,1,1,0,0,1,0,0,0,0,0,0,1,0,1,0,1.005813479,0,0,,0
cs13590031,359,1671931,1671,1,2,0,1,0,1,1,0,0,0,0,0,0,1,0,0,1,1,0,0,,0
cs13660268,366,1671931,1671,1,3,1,0,1,0,0,0,0,0,0,1,0,0,0,0,0,1.27245903,0,0,,0
cs13570267,357,1671931,1671,1,1,1,1,0,0,1,0,0,0,0,0,1,0,0,1,0,0.9961833954,1,7,2500,37315.87109
cs13650007,365,1671931,1671,1,3,0,1,0,0,1,0,0,0,0,0,0,1,0,0,0,1,1,4,2500,21323.35547
cs13630129,363,1671931,1671,1,2,0,0,1,0,0,0,0,0,0,0,0,1,0,0,1,1,1,4,2500,21323.35547
cs13620032,362,1671931,1671,1,1,0,1,0,1,0,0,0,0,0,0,0,1,0,1,0,1,0,0,,0
cs13630260,363,1671931,1671,1,2,1,0,1,0,0,0,0,0,0,1,0,0,0,0,1,1.27245903,1,5,2500,26654.19531
cs13570459,357,1671931,1671,1,1,1,1,0,0,1,0,0,0,0,1,0,0,0,1,0,1.003425598,1,5,2700,25654.19531
cs13570577,357,1671931,1671,1,1,1,1,0,0,1,0,0,0,0,1,0,0,0,1,0,1.003425598,1,7,2500,37315.87109
cs13620050,362,1671931,1671,1,1,1,1,0,1,0,0,0,0,0,1,0,0,0,1,0,1.003425598,1,6,2250,33485.03125
cs13650118,365,1671931,1671,1,3,1,1,0,0,1,0,0,0,0,1,0,0,0,0,0,1.003425598,1,4,2500,21323.35547
cs13660040,366,1671931,1671,1,3,0,0,1,0,0,0,0,0,0,0,0,1,0,0,0,1,0,0,,0
cs14340176,434,1805279,1805,1,2,1,1,0,0,1,1,0,0,0,1,0,0,0,0,1,0.9966933727,1,4,1800,24123.35547
cs14350115,435,1805279,1805,1,1,1,0,1,0,0,0,0,0,0,0,1,0,0,1,0,0.640173912,1,2.5,2000,14577.09766
cs14350046,435,1805279,1805,1,1,0,0,1,0,0,0,0,0,0,0,0,1,0,1,0,1,1,2,5000,5661.677734
cs14350084,435,1805279,1805,1,1,0,0,1,0,0,0,0,0,0,0,0,1,0,1,0,1,1,5,2000,29154.19531
cs14500300,450,1805279,1805,1,3,1,0,1,0,0,0,0,0,0,1,0,0,0,0,0,1.27245903,1,5,2000,29154.19531
cs14320040,432,1805279,1805,1,1,0,1,0,1,0,0,0,0,0,0,0,1,0,1,0,1,0,0,,0
cs14320050,432,1805279,1805,1,1,0,1,0,1,0,0,0,0,0,0,0,1,0,1,0,1,1,12,3083.333252,56970.06641
cs14340017,434,1805279,1805,1,2,0,1,0,0,1,1,0,0,0,0,0,1,0,0,1,1,1,4,1800,24123.35547
cs14470024,447,1805279,1805,1,3,1,0,1,0,0,0,0,0,0,0,0,1,0,0,0,1.051559091,1,5,2000,29154.19531
cs14470008,447,1805279,1805,1,3,0,0,1,0,0,0,0,0,0,0,0,1,0,0,0,1,0,0,,0
cs14350079,435,1805279,1805,1,1,0,0,1,0,0,0,0,0,0,0,0,1,0,1,0,1,1,5,2000,29154.19531
cs14500176,450,1805279,1805,1,3,1,0,1,0,0,0,0,0,0,0,1,0,0,0,0,0.640173912,1,5,2000,29154.19531
cs14330053,433,1805279,1805,1,2,1,1,0,0,0,1,0,0,0,0,0,1,0,0,1,0.9944144487,1,4,2000,23323.35547
cs14340125,434,1805279,1805,1,2,1,1,0,0,1,1,0,0,0,0,1,0,0,0,1,1.003737092,1,5,1800,30154.19531
cs14370206,437,1805279,1805,1,1,1,1,0,0,1,1,0,0,0,0,1,0,0,1,0,1.003737092,0,0,,0
cs14350155,435,1805279,1805,1,1,1,0,1,0,0,0,0,0,0,1,0,0,0,1,0,1.27245903,1,3.75,2000,21865.64648
cs14370101,437,1805279,1805,1,1,1,1,0,0,1,1,0,0,0,0,1,0,0,1,0,1.003737092,1,10,2000,58308.39062
cs14330043,433,1805279,1805,1,2,0,1,0,0,0,1,0,0,0,0,0,1,0,0,1,1,1,3,3333.333252,13492.5166
cs14370038,437,1805279,1805,1,1,1,1,0,0,1,1,0,0,0,1,0,0,0,1,0,0.9966933727,0,0,,0
cs14500226,450,1805279,1805,1,3,1,0,1,0,0,0,0,0,0,0,1,0,0,0,0,0.640173912,1,4,2500,21323.35547
cs14340006,434,1805279,1805,1,2,1,1,0,0,1,1,0,0,0,0,0,1,0,0,1,0.9944144487,1,4,1800,24123.35547
cs14470254,447,1805279,1805,1,3,1,0,1,0,0,0,0,0,0,0,1,0,0,0,0,0.640173912,1,4.25,2352.941162,23281.06445
cs14330287,433,1805279,1805,1,2,1,1,0,0,0,1,0,0,0,1,0,0,0,0,1,0.9966933727,1,6,3333.333252,26985.0332
cs14340076,434,1805279,1805,1,2,1,1,0,0,1,1,0,0,0,0,1,0,0,0,1,1.003737092,1,4,2250,22323.35547
cs14340056,434,1805279,1805,1,2,1,1,0,0,1,1,0,0,0,1,0,0,0,0,1,0.9966933727,1,5,1800,30154.19531
cs14350158,435,1805279,1805,1,1,1,0,1,0,0,0,0,0,0,0,1,0,0,1,0,0.640173912,0,0,,0
cs14470006,447,1805279,1805,1,3,0,0,1,0,0,0,0,0,0,0,0,1,0,0,0,1,1,5,2000,29154.19531
cs14340032,434,1805279,1805,1,2,0,1,0,0,1,1,0,0,0,0,0,1,0,0,1,1,1,4,1800,24123.35547
cs14350153,435,1805279,1805,1,1,1,0,1,0,0,0,0,0,0,1,0,0,0,1,0,1.27245903,1,2.5,2000,14577.09766
cs14370006,437,1805279,1805,1,1,0,1,0,0,1,1,0,0,0,0,0,1,0,1,0,1,1,10,2000,58308.39062
cs14470069,447,1805279,1805,1,3,1,0,1,0,0,0,0,0,0,1,0,0,0,0,0,1.27245903,1,5,2000,29154.19531
cs14310187,431,1805279,1805,1,2,1,1,0,1,0,1,0,0,0,1,0,0,0,0,1,0.9966933727,1,5,2200,28154.19531
cs14350193,435,1805279,1805,1,1,1,0,1,0,0,0,0,0,0,1,0,0,0,1,0,1.27245903,1,2.5,2000,14577.09766
cs14330431,433,1805279,1805,1,2,1,1,0,0,0,1,0,0,0,0,1,0,0,0,1,1.003737092,1,6,3333.333252,26985.0332
cs14370232,437,1805279,1805,1,1,1,1,0,0,1,1,0,0,0,1,0,0,0,1,0,0.9966933727,0,0,,0
cs14370021,437,1805279,1805,1,1,0,1,0,0,1,1,0,0,0,0,0,1,0,1,0,1,0,0,,0
cs14330459,433,1805279,1805,1,2,1,1,0,0,0,1,0,0,0,0,1,0,0,0,1,1.003737092,1,3,3333.333252,13492.5166
cs14500047,450,1805279,1805,1,3,0,0,1,0,0,0,0,0,0,0,0,1,0,0,0,1,1,4.5,2222.222168,25238.77539
cs14470052,447,1805279,1805,1,3,1,0,1,0,0,0,0,0,0,1,0,0,0,0,0,1.27245903,1,5,2000,29154.19531
cs14370011,437,1805279,1805,1,1,0,1,0,0,1,1,0,0,0,0,0,1,0,1,0,1,1,5,2000,29154.19531
cs14320325,432,1805279,1805,1,1,1,1,0,1,0,0,0,0,0,1,0,0,0,1,0,1.003425598,0,0,,0
cs14330528,433,1805279,1805,1,2,1,1,0,0,0,1,0,0,0,1,0,0,0,0,1,0.9966933727,1,4,3500,17323.35547
cs14500144,450,1805279,1805,1,3,1,0,1,0,0,0,0,0,0,0,0,1,0,0,0,0.661996901,1,4.5,2222.222168,25238.77539
cs14320147,432,1805279,1805,1,1,1,1,0,1,0,0,0,0,0,1,0,0,0,1,0,1.003425598,0,0,,0
cs14500062,450,1805279,1805,1,3,0,0,1,0,0,0,0,0,0,0,0,1,0,0,0,1,1,5,2000,29154.19531
cs14330041,433,1805279,1805,1,2,0,1,0,0,0,1,0,0,0,0,0,1,0,0,1,1,0,0,,0
cs14320360,432,1805279,1805,1,1,1,1,0,1,0,0,0,0,0,1,0,0,0,1,0,1.003425598,1,15,2400,81462.58594
cs14500199,450,1805279,1805,1,3,1,0,1,0,0,0,0,0,0,1,0,0,0,0,0,1.27245903,1,5,2000,29154.19531
cs14370082,437,1805279,1805,1,1,1,1,0,0,1,1,0,0,0,1,0,0,0,1,0,0.9966933727,1,10,2000,58308.39062
cs14330145,433,1805279,1805,1,2,1,1,0,0,0,1,0,0,0,1,0,0,0,0,1,0.9966933727,1,3,3333.333252,13492.5166
cs14310395,431,1805279,1805,1,2,1,1,0,1,0,1,0,0,0,1,0,0,0,0,1,0.9966933727,1,5,2200,28154.19531
cs14310175,431,1805279,1805,1,2,1,1,0,1,0,1,0,0,0,1,0,0,0,0,1,0.9966933727,1,5,2200,28154.19531
cs14470317,447,1805279,1805,1,3,1,0,1,0,0,0,0,0,0,0,1,0,0,0,0,0.640173912,1,5,2000,29154.19531
cs14470111,447,1805279,1805,1,3,1,0,1,0,0,0,0,0,0,1,0,0,0,0,0,1.27245903,1,5,2000,29154.19531
cs14500315,450,1805279,1805,1,3,1,0,1,0,0,0,0,0,0,1,0,0,0,0,0,1.27245903,1,5,2000,29154.19531
cs14310016,431,1805279,1805,1,2,0,1,0,1,0,1,0,0,0,0,0,1,0,0,1,1,1,5,2200,28154.19531
cs14320028,432,1805279,1805,1,1,1,1,0,1,0,0,0,0,0,0,0,1,0,1,0,1.005813479,0,0,,0
cs14340145,434,1805279,1805,1,2,1,1,0,0,1,1,0,0,0,1,0,0,0,0,1,0.9966933727,0,0,,0
cs15210011,521,1805351,1805,1,2,0,0,1,0,0,0,0,0,0,0,0,1,0,0,1,1,1,5,2000,29154.19531
cs15270211,527,1805351,1805,1,3,1,1,0,0,0,0,0,0,0,0,1,0,0,0,0,0.9961833954,1,3.5,2000,20407.93555
cs15150046,515,1805351,1805,1,1,0,0,1,0,0,0,0,0,0,0,0,1,0,1,0,1,1,4,2000,23323.35547
cs15150021,515,1805351,1805,1,1,0,0,1,0,0,0,0,0,0,0,0,1,0,1,0,1,0,0,,0
cs15210148,521,1805351,1805,1,2,1,0,1,0,0,0,0,0,0,1,0,0,0,0,1,1.27245903,1,3.75,2000,21865.64648
cs15210023,521,1805351,1805,1,2,0,0,1,0,0,0,0,0,0,0,0,1,0,0,1,1,1,3.75,2000,21865.64648
cs15120221,512,1805351,1805,1,2,1,0,1,0,0,0,0,0,0,0,1,0,0,0,1,0.640173912,0,0,,0
cs15100287,510,1805351,1805,1,3,1,1,0,0,1,0,0,0,0,1,0,0,0,0,0,1.003425598,0,0,,0
cs15120305,512,1805351,1805,1,2,1,0,1,0,0,0,0,0,0,1,0,0,0,0,1,1.27245903,1,4,2000,23323.35547
cs15260022,526,1805351,1805,1,1,0,1,0,0,1,0,0,0,0,0,0,1,0,1,0,1,1,10,1800,60308.39062
cs15040028,504,1805351,1805,1,1,0,1,0,1,1,0,0,0,0,0,0,1,0,1,0,1,0,0,,0
cs15200005,520,1805351,1805,1,1,0,1,0,1,0,1,0,0,0,0,0,1,0,1,0,1,1,5,2000,29154.19531
cs15200013,520,1805351,1805,1,1,0,1,0,1,0,1,0,0,0,0,0,1,0,1,0,1,1,4,2500,21323.35547
cs15200115,520,1805351,1805,1,1,1,1,0,1,0,1,0,0,0,1,0,0,0,1,0,0.9966933727,1,5,2000,29154.19531
cs15040019,504,1805351,1805,1,1,0,1,0,1,1,0,0,0,0,0,0,1,0,1,0,1,0,0,,0
cs15260043,526,1805351,1805,1,1,1,1,0,0,1,0,0,0,0,1,0,0,0,1,0,1.003425598,1,15,1800,90462.58594
cs15060158,506,1805351,1805,1,1,1,0,1,0,0,0,0,0,0,1,0,0,0,1,0,1.27245903,1,2.5,1800,15077.09766
cs15170012,517,1805351,1805,1,3,0,1,0,1,1,1,0,0,0,0,0,1,0,0,0,1,1,5,1900,29654.19531
cs15170096,517,1805351,1805,1,3,1,1,0,1,1,1,0,0,0,1,0,0,0,0,0,0.9966933727,1,10,1900,59308.39062
cs15180433,518,1805351,1805,1,2,1,1,0,1,0,1,0,0,0,1,0,0,0,0,1,0.9966933727,1,5,2000,29154.19531
cs15170222,517,1805351,1805,1,3,1,1,0,1,1,1,0,0,0,1,0,0,0,0,0,0.9966933727,1,5,1900,29654.19531
cs15270036,527,1805351,1805,1,3,0,1,0,0,0,0,0,0,0,0,0,1,0,0,0,1,1,3.75,2000,21865.64648
cs15060007,506,1805351,1805,1,1,1,0,1,0,0,0,0,0,0,0,0,1,0,1,0,0.661996901,1,2.5,1800,15077.09766
cs15120106,512,1805351,1805,1,2,1,0,1,0,0,0,0,0,0,1,0,0,0,0,1,1.27245903,1,4,2250,22323.35547
cs15060160,506,1805351,1805,1,1,1,0,1,0,0,0,0,0,0,0,1,0,0,1,0,0.640173912,1,5,1800,30154.19531
cs15210324,521,1805351,1805,1,2,1,0,1,0,0,0,0,0,0,1,0,0,0,0,1,1.27245903,1,2.5,2000,14577.09766
cs15210070,521,1805351,1805,1,2,1,0,1,0,0,0,0,0,0,0,1,0,0,0,1,0.640173912,1,3.75,2000,21865.64648
cs15260244,526,1805351,1805,1,1,1,1,0,0,1,0,0,0,0,0,1,0,0,1,0,0.9961833954,1,10,1800,60308.39062
cs15200004,520,1805351,1805,1,1,0,1,0,1,0,1,0,0,0,0,0,1,0,1,0,1,1,2.5,2000,14577.09766
cs15150053,515,1805351,1805,1,1,1,0,1,0,0,0,0,0,0,0,0,1,0,1,0,0.661996901,0,0,,0
cs15060209,506,1805351,1805,1,1,1,0,1,0,0,0,0,0,0,1,0,0,0,1,0,1.27245903,1,3,2000,17492.51562
cs15180014,518,1805351,1805,1,2,0,1,0,1,0,1,0,0,0,0,0,1,0,0,1,1,0,0,,0
cs15060019,506,1805351,1805,1,1,0,0,1,0,0,0,0,0,0,0,0,1,0,1,0,1,0,0,,0
cs15100400,510,1805351,1805,1,3,1,1,0,0,1,0,0,0,0,1,0,0,0,0,0,1.003425598,1,8,2000,46646.71094
cs15260129,526,1805351,1805,1,1,1,1,0,0,1,0,0,0,0,0,1,0,0,1,0,0.9961833954,1,10,1800,60308.39062
cs15120025,512,1805351,1805,1,2,1,0,1,0,0,0,0,0,0,0,0,1,0,0,1,1.051559091,1,4,2000,23323.35547
cs15150186,515,1805351,1805,1,1,1,0,1,0,0,0,0,0,0,1,0,0,0,1,0,1.27245903,1,3.75,2266.666748,20865.64648
cs15100007,510,1805351,1805,1,3,1,1,0,0,1,0,0,0,0,0,0,1,0,0,0,0.9567061067,1,8,2500,42646.71094
cs15040363,504,1805351,1805,1,1,1,1,0,1,1,0,0,0,0,1,0,0,0,1,0,1.003425598,0,0,,0
cs15040158,504,1805351,1805,1,1,1,1,0,1,1,0,0,0,0,1,0,0,0,1,0,1.003425598,1,2.5,2000,14577.09766
cs15270007,527,1805351,1805,1,3,0,1,0,0,0,0,0,0,0,0,0,1,0,0,0,1,1,5,1800,30154.19531
cs15260215,526,1805351,1805,1,1,1,1,0,0,1,0,0,0,0,1,0,0,0,1,0,1.003425598,1,10,1800,60308.39062
cs15270220,527,1805351,1805,1,3,1,1,0,0,0,0,0,0,0,1,0,0,0,0,0,1.003425598,1,3.75,1866.666626,22365.64648
cs15210228,521,1805351,1805,1,2,1,0,1,0,0,0,0,0,0,0,1,0,0,0,1,0.640173912,1,2.5,2000,14577.09766
cs15150117,515,1805351,1805,1,1,1,0,1,0,0,0,0,0,0,1,0,0,0,1,0,1.27245903,1,3.5,2500,18657.93555
cs15270157,527,1805351,1805,1,3,1,1,0,0,0,0,0,0,0,0,1,0,0,0,0,0.9961833954,1,3.75,2000,21865.64648
cs15260021,526,1805351,1805,1,1,0,1,0,0,1,0,0,0,0,0,0,1,0,1,0,1,1,10,1800,60308.39062
cs15150123,515,1805351,1805,1,1,1,0,1,0,0,0,0,0,0,0,1,0,0,1,0,0.640173912,1,3.5,2285.714355,19407.93555
cs15200302,520,1805351,1805,1,1,1,1,0,1,0,1,0,0,0,1,0,0,0,1,0,0.9966933727,1,5,2000,29154.19531
cs15170020,517,1805351,1805,1,3,0,1,0,1,1,1,0,0,0,0,0,1,0,0,0,1,1,10,1900,59308.39062
cs15150066,515,1805351,1805,1,1,1,0,1,0,0,0,0,0,0,1,0,0,0,1,0,1.27245903,1,3.5,2285.714355,19407.93555
cs15150108,515,1805351,1805,1,1,1,0,1,0,0,0,0,0,0,0,1,0,0,1,0,0.640173912,1,1,3000,4830.838867
cs15120369,512,1805351,1805,1,2,1,0,1,0,0,0,0,0,0,1,0,0,0,0,1,1.27245903,1,5,2000,29154.19531
cs15170060,517,1805351,1805,1,3,1,1,0,1,1,1,0,0,0,1,0,0,0,0,0,0.9966933727,0,0,,0
cs15210321,521,1805351,1805,1,2,1,0,1,0,0,0,0,0,0,1,0,0,0,0,1,1.27245903,1,3.75,2000,21865.64648
cs15180218,518,1805351,1805,1,2,1,1,0,1,0,1,0,0,0,1,0,0,0,0,1,0.9966933727,1,2,2500,10661.67773
cs15060085,506,1805351,1805,1,1,1,0,1,0,0,0,0,0,0,1,0,0,0,1,0,1.27245903,1,2.5,1800,15077.09766
cs15180094,518,1805351,1805,1,2,0,1,0,1,0,1,0,0,0,0,0,1,0,0,1,1,1,5,2000,29154.19531
cs15060002,506,1805351,1805,1,1,1,0,1,0,0,0,0,0,0,0,0,1,0,1,0,1.051559091,1,5,1800,30154.19531
cs15180052,518,1805351,1805,1,2,0,1,0,1,0,1,0,0,0,0,0,1,0,0,1,1,1,4.5,2222.222168,25238.77539
cs15170031,517,1805351,1805,1,3,0,1,0,1,1,1,0,0,0,0,0,1,0,0,0,1,1,10,1900,59308.39062
cs15270062,527,1805351,1805,1,3,0,1,0,0,0,0,0,0,0,0,0,1,0,0,0,1,1,5,2800,25154.19531
cs15210014,521,1805351,1805,1,2,1,0,1,0,0,0,0,0,0,0,0,1,0,0,1,0.661996901,1,3.75,2000,21865.64648
cs15100010,510,1805351,1805,1,3,1,1,0,0,1,0,0,0,0,0,0,1,0,0,0,0.9567061067,1,4,2500,21323.35547
cs15180468,518,1805351,1805,1,2,1,1,0,1,0,1,0,0,0,1,0,0,0,0,1,0.9966933727,1,2.5,2000,14577.09766
cs15260003,526,1805351,1805,1,1,0,1,0,0,1,0,0,0,0,0,0,1,0,1,0,1,1,10,1800,60308.39062
cs15120002,512,1805351,1805,1,2,0,0,1,0,0,0,0,0,0,0,0,1,0,0,1,1,1,4,2000,23323.35547
cs15120182,512,1805351,1805,1,2,1,0,1,0,0,0,0,0,0,0,1,0,0,0,1,0.640173912,0,0,,0
cs15100130,510,1805351,1805,1,3,1,1,0,0,1,0,0,0,0,1,0,0,0,0,0,1.003425598,1,10,2400,54308.39062
cs15040164,504,1805351,1805,1,1,1,1,0,1,1,0,0,0,0,1,0,0,0,1,0,1.003425598,0,0,,0
cs15260089,526,1805351,1805,1,1,1,1,0,0,1,0,0,0,0,1,0,0,0,1,0,1.003425598,1,10,1800,60308.39062
cs15200268,520,1805351,1805,1,1,1,1,0,1,0,1,0,0,0,1,0,0,0,1,0,0.9966933727,1,5,2000,29154.19531
cs15270215,527,1805351,1805,1,3,1,1,0,0,0,0,0,0,0,1,0,0,0,0,0,1.003425598,1,3.5,2071.428467,20157.93555
cs15100013,510,1805351,1805,1,3,0,1,0,0,1,0,0,0,0,0,0,1,0,0,0,1,1,7.5,2666.666748,38731.29297
cs15270204,527,1805351,1805,1,3,1,1,0,0,0,0,0,0,0,1,0,0,0,0,0,1.003425598,1,10,1800,60308.39062
cs15120040,512,1805351,1805,1,2,0,0,1,0,0,0,0,0,0,0,0,1,0,0,1,1,1,4,2250,22323.35547
cs15060048,506,1805351,1805,1,1,1,0,1,0,0,0,0,0,0,0,1,0,0,1,0,0.640173912,1,2.5,1800,15077.09766
cs15100121,510,1805351,1805,1,3,1,1,0,0,1,0,0,0,0,0,1,0,0,0,0,0.9961833954,1,10,2450,53808.39062
cs15100168,510,1805351,1805,1,3,1,1,0,0,1,0,0,0,0,0,1,0,0,0,0,0.9961833954,1,4,2750,20323.35547
cs15490008,549,1805373,1805,1,1,0,1,0,0,1,0,0,0,0,0,0,1,0,1,0,1,1,15,2133.333252,85462.58594
cs15540029,554,1805373,1805,1,1,1,0,1,0,0,0,0,0,0,0,0,1,0,1,0,1.051559091,1,6,2000,34985.03125
cs15550063,555,1805373,1805,1,3,0,1,0,1,0,1,0,0,0,0,0,1,0,0,0,1,0,0,,0
cs15510041,551,1805373,1805,1,3,0,1,0,0,0,0,0,0,0,0,0,1,0,0,0,1,0,0,,0
cs15570155,557,1805373,1805,1,2,1,0,1,0,0,0,0,0,0,0,1,0,0,0,1,0.640173912,1,15,2000,87462.58594
cs15550171,555,1805373,1805,1,3,1,1,0,1,0,1,0,0,0,1,0,0,0,0,0,0.9966933727,0,0,,0
cs15540560,554,1805373,1805,1,1,1,0,1,0,0,0,0,0,0,1,0,0,0,1,0,1.27245903,1,6,2166.666748,33985.03125
cs15500013,550,1805373,1805,1,2,0,1,0,1,1,1,0,0,0,0,0,1,0,0,1,1,0,0,,0
cs15470296,547,1805373,1805,1,3,1,0,1,0,0,0,0,0,0,1,0,0,0,0,0,1.27245903,0,0,,0
cs15470015,547,1805373,1805,1,3,1,0,1,0,0,0,0,0,0,0,0,1,0,0,0,1.051559091,0,0,,0
cs15470403,547,1805373,1805,1,3,1,0,1,0,0,0,0,0,0,1,0,0,0,0,0,1.27245903,0,0,,0
cs15490024,549,1805373,1805,1,1,0,1,0,0,1,0,0,0,0,0,0,1,0,1,0,1,1,10,1700,61308.39062
cs15570128,557,1805373,1805,1,2,1,0,1,0,0,0,0,0,0,1,0,0,0,0,1,1.27245903,0,0,,0
cs15490032,549,1805373,1805,1,1,1,1,0,0,1,0,0,0,0,0,1,0,0,1,0,0.9961833954,1,15,1800,90462.58594
cs15490186,549,1805373,1805,1,1,1,1,0,0,1,0,0,0,0,1,0,0,0,1,0,1.003425598,0,0,,0
cs15540538,554,1805373,1805,1,1,1,0,1,0,0,0,0,0,0,0,1,0,0,1,0,0.640173912,1,6,,33318.36719
cs15570144,557,1805373,1805,1,2,1,0,1,0,0,0,0,0,0,1,0,0,0,0,1,1.27245903,1,25,2400,135770.9688
cs15500188,550,1805373,1805,1,2,1,1,0,1,1,1,0,0,0,1,0,0,0,0,1,0.9966933727,1,5,1800,30154.19531
cs15550674,555,1805373,1805,1,3,1,1,0,1,0,1,0,0,0,1,0,0,0,0,0,0.9966933727,0,0,,0
cs15510183,551,1805373,1805,1,3,1,1,0,0,0,0,0,0,0,1,0,0,0,0,0,1.003425598,0,0,,0
cs15540037,554,1805373,1805,1,1,0,0,1,0,0,0,0,0,0,0,0,1,0,1,0,1,0,0,,0
cs15470035,547,1805373,1805,1,3,1,0,1,0,0,0,0,0,0,0,0,1,0,0,0,0.661996901,0,0,,0
cs15470358,547,1805373,1805,1,3,1,0,1,0,0,0,0,0,0,0,1,0,0,0,0,0.640173912,0,0,,0
cs15500010,550,1805373,1805,1,2,0,1,0,1,1,1,0,0,0,0,0,1,0,0,1,1,0,0,,0
cs15490025,549,1805373,1805,1,1,0,1,0,0,1,0,0,0,0,0,0,1,0,1,0,1,1,15,2133.333252,85462.58594
cs15510191,551,1805373,1805,1,3,1,1,0,0,0,0,0,0,0,1,0,0,0,0,0,1.003425598,0,0,,0
cs15570081,557,1805373,1805,1,2,0,0,1,0,0,0,0,0,0,0,0,1,0,0,1,1,1,25,2560,131770.9688
cs15510154,551,1805373,1805,1,3,1,1,0,0,0,0,0,0,0,1,0,0,0,0,0,1.003425598,0,0,,0
cs15470378,547,1805373,1805,1,3,1,0,1,0,0,0,0,0,0,1,0,0,0,0,0,1.27245903,0,0,,0
cs15570121,557,1805373,1805,1,2,1,0,1,0,0,0,0,0,0,0,1,0,0,0,1,0.640173912,0,0,,0
cs15490268,549,1805373,1805,1,1,1,1,0,0,1,0,0,0,0,1,0,0,0,1,0,1.003425598,0,0,,0
cs15570044,557,1805373,1805,1,2,0,0,1,0,0,0,0,0,0,0,0,1,0,0,1,1,1,15,5000,42462.58203
cs15500021,550,1805373,1805,1,2,0,1,0,1,1,1,0,0,0,0,0,1,0,0,1,1,0,0,,0
cs15470062,547,1805373,1805,1,3,0,0,1,0,0,0,0,0,0,0,0,1,0,0,0,1,0,0,,0
cs15470444,547,1805373,1805,1,3,1,0,1,0,0,0,0,0,0,0,1,0,0,0,0,0.640173912,0,0,,0
cs15500088,550,1805373,1805,1,2,1,1,0,1,1,1,0,0,0,1,0,0,0,0,1,0.9966933727,1,10,1800,60308.39062
cs15540018,554,1805373,1805,1,1,0,0,1,0,0,0,0,0,0,0,0,1,0,1,0,1,1,5,2600,26154.19531
cs15540265,554,1805373,1805,1,1,1,0,1,0,0,0,0,0,0,1,0,0,0,1,0,1.27245903,0,0,,0
cs15490073,549,1805373,1805,1,1,1,1,0,0,1,0,0,0,0,1,0,0,0,1,0,1.003425598,0,0,,0
cs15500046,550,1805373,1805,1,2,1,1,0,1,1,1,0,0,0,1,0,0,0,0,1,0.9966933727,1,10,1800,60308.39062
cs15490218,549,1805373,1805,1,1,1,1,0,0,1,0,0,0,0,0,1,0,0,1,0,0.9961833954,0,0,,0
cs15570088,557,1805373,1805,1,2,1,0,1,0,0,0,0,0,0,0,0,1,0,0,1,0.661996901,0,0,,0
cs15570153,557,1805373,1805,1,2,1,0,1,0,0,0,0,0,0,1,0,0,0,0,1,1.27245903,0,0,,0
cs15510144,551,1805373,1805,1,3,1,1,0,0,0,0,0,0,0,0,1,0,0,0,0,0.9961833954,1,15,2066.666748,86462.58594
cs15550007,555,1805373,1805,1,3,0,1,0,1,0,1,0,0,0,0,0,1,0,0,0,1,0,0,,0
cs15540406,554,1805373,1805,1,1,1,0,1,0,0,0,0,0,0,0,1,0,0,1,0,0.640173912,1,6,2166.666748,33985.03125
cs15510012,551,1805373,1805,1,3,0,1,0,0,0,0,0,0,0,0,0,1,0,0,0,1,0,0,,0
cs15510097,551,1805373,1805,1,3,1,1,0,0,0,0,0,0,0,0,1,0,0,0,0,0.9961833954,0,0,,0
cs15510028,551,1805373,1805,1,3,0,1,0,0,0,0,0,0,0,0,0,1,0,0,0,1,1,5,2100,28654.19531
cs15540491,554,1805373,1805,1,1,1,0,1,0,0,0,0,0,0,1,0,0,0,1,0,1.27245903,0,0,,0
cs15550088,555,1805373,1805,1,3,1,1,0,1,0,1,0,0,0,1,0,0,0,0,0,0.9966933727,0,0,,0
cs15390088,539,1805543,1805,1,2,1,0,1,0,0,0,0,0,0,0,1,0,0,0,1,0.640173912,1,5,2000,29154.19531
cs15370004,537,1805543,1805,1,1,0,1,0,0,1,1,0,0,0,0,0,1,0,1,0,1,0,0,,0
cs15430068,543,1805543,1805,1,2,0,1,0,1,0,1,0,0,0,0,0,1,0,0,1,1,0,0,,0
cs15460068,546,1805543,1805,1,3,1,1,0,0,1,1,0,0,0,1,0,0,0,0,0,0.9966933727,1,10,2000,58308.39062
cs15400037,540,1805543,1805,1,3,0,1,0,1,0,0,0,0,0,0,0,1,0,0,0,1,1,5,2000,29154.19531
cs15430084,543,1805543,1805,1,2,0,1,0,1,0,1,0,0,0,0,0,1,0,0,1,1,0,0,,0
cs15440104,544,1805543,1805,1,1,0,1,0,1,1,1,0,0,0,0,0,1,0,1,0,1,0,0,,0
cs15410344,541,1805543,1805,1,2,1,1,0,0,1,0,0,0,0,1,0,0,0,0,1,1.003425598,1,9.5,2000,55392.96875
cs15390102,539,1805543,1805,1,2,1,0,1,0,0,0,0,0,0,1,0,0,0,0,1,1.27245903,1,5,2000,29154.19531
cs15440176,544,1805543,1805,1,1,1,1,0,1,1,1,0,0,0,1,0,0,0,1,0,0.9966933727,1,5,1800,30154.19531
cs15430096,543,1805543,1805,1,2,0,1,0,1,0,1,0,0,0,0,0,1,0,0,1,1,0,0,,0
cs15370152,537,1805543,1805,1,1,1,1,0,0,1,1,0,0,0,1,0,0,0,1,0,0.9966933727,0,0,,0
cs15370103,537,1805543,1805,1,1,1,1,0,0,1,1,0,0,0,0,1,0,0,1,0,1.003737092,0,0,,0
cs15460185,546,1805543,1805,1,3,1,1,0,0,1,1,0,0,0,1,0,0,0,0,0,0.9966933727,1,10,2000,58308.39062
cs15400047,540,1805543,1805,1,3,1,1,0,1,0,0,0,0,0,1,0,0,0,0,0,1.003425598,1,4.5,2222.222168,25238.77539
cs15440062,544,1805543,1805,1,1,0,1,0,1,1,1,0,0,0,0,0,1,0,1,0,1,0,0,,0
cs15390122,539,1805543,1805,1,2,1,0,1,0,0,0,0,0,0,1,0,0,0,0,1,1.27245903,1,5,2000,29154.19531
cs15390106,539,1805543,1805,1,2,1,0,1,0,0,0,0,0,0,1,0,0,0,0,1,1.27245903,1,5,2000,29154.19531
cs15440086,544,1805543,1805,1,1,0,1,0,1,1,1,0,0,0,0,0,1,0,1,0,1,1,5,1800,30154.19531
cs15390017,539,1805543,1805,1,2,0,0,1,0,0,0,0,0,0,0,0,1,0,0,1,1,1,5,1800,30154.19531
cs15390041,539,1805543,1805,1,2,0,0,1,0,0,0,0,0,0,0,0,1,0,0,1,1,0,0,,0
cs15450484,545,1805543,1805,1,3,1,0,1,0,0,0,0,0,0,1,0,0,0,0,0,1.27245903,1,10,1800,60308.39062
cs15410053,541,1805543,1805,1,2,0,1,0,0,1,0,0,0,0,0,0,1,0,0,1,1,0,0,,0
cs15440245,544,1805543,1805,1,1,1,1,0,1,1,1,0,0,0,1,0,0,0,1,0,0.9966933727,1,5,1800,30154.19531
cs15370167,537,1805543,1805,1,1,1,1,0,0,1,1,0,0,0,0,1,0,0,1,0,1.003737092,0,0,,0
cs15400036,540,1805543,1805,1,3,0,1,0,1,0,0,0,0,0,0,0,1,0,0,0,1,1,5,2000,29154.19531
cs15430231,543,1805543,1805,1,2,1,1,0,1,0,1,0,0,0,1,0,0,0,0,1,0.9966933727,1,20,1600,124616.7812
cs15450530,545,1805543,1805,1,3,1,0,1,0,0,0,0,0,0,0,1,0,0,0,0,0.640173912,1,10,1800,60308.39062
cs15360030,536,1805543,1805,1,1,0,0,1,0,0,0,0,0,0,0,0,1,0,1,0,1,0,0,,0
cs15440183,544,1805543,1805,1,1,1,1,0,1,1,1,0,0,0,1,0,0,0,1,0,0.9966933727,1,5,1800,30154.19531
cs15360015,536,1805543,1805,1,1,1,0,1,0,0,0,0,0,0,0,0,1,0,1,0,1.051559091,1,5,1850,29904.19531
cs15400273,540,1805543,1805,1,3,1,1,0,1,0,0,0,0,0,1,0,0,0,0,0,1.003425598,0,0,,0
cs15390118,539,1805543,1805,1,2,1,0,1,0,0,0,0,0,0,0,1,0,0,0,1,0.640173912,1,5,2000,29154.19531
cs15430327,543,1805543,1805,1,2,1,1,0,1,0,1,0,0,0,1,0,0,0,0,1,0.9966933727,1,20,1600,124616.7812
cs15450405,545,1805543,1805,1,3,1,0,1,0,0,0,0,0,0,0,1,0,0,0,0,0.640173912,1,10,1800,60308.39062
cs15360014,536,1805543,1805,1,1,1,0,1,0,0,0,0,0,0,0,0,1,0,1,0,1.051559091,1,4.5,2000,26238.77539
cs15370045,537,1805543,1805,1,1,0,1,0,0,1,1,0,0,0,0,0,1,0,1,0,1,1,10,1800,60308.39062
cs15360220,536,1805543,1805,1,1,1,0,1,0,0,0,0,0,0,1,0,0,0,1,0,1.27245903,1,5,1800,30154.19531
cs15460009,546,1805543,1805,1,3,0,1,0,0,1,1,0,0,0,0,0,1,0,0,0,1,0,0,,0
cs15410169,541,1805543,1805,1,2,1,1,0,0,1,0,0,0,0,1,0,0,0,0,1,1.003425598,1,15,1800,90462.58594
cs15410046,541,1805543,1805,1,2,1,1,0,0,1,0,0,0,0,0,0,1,0,0,1,0.9567061067,1,10,1900,59308.39062
cs15450045,545,1805543,1805,1,3,0,0,1,0,0,0,0,0,0,0,0,1,0,0,0,1,1,10,1800,60308.39062
cs15460125,546,1805543,1805,1,3,1,1,0,0,1,1,0,0,0,0,1,0,0,0,0,1.003737092,1,10,2000,58308.39062
cs15400238,540,1805543,1805,1,3,1,1,0,1,0,0,0,0,0,1,0,0,0,0,0,1.003425598,1,5,2000,29154.19531
cs15410246,541,1805543,1805,1,2,1,1,0,0,1,0,0,0,0,1,0,0,0,0,1,1.003425598,1,15,1800,90462.58594
cs15460181,546,1805543,1805,1,3,1,1,0,0,1,1,0,0,0,0,1,0,0,0,0,1.003737092,1,10,2000,58308.39062
cs15410078,541,1805543,1805,1,2,1,1,0,0,1,0,0,0,0,0,1,0,0,0,1,0.9961833954,0,0,,0
cs15450190,545,1805543,1805,1,3,1,0,1,0,0,0,0,0,0,1,0,0,0,0,0,1.27245903,0,0,,0
cs15370030,537,1805543,1805,1,1,1,1,0,0,1,1,0,0,0,0,0,1,0,1,0,0.9944144487,0,0,,0
cs15360136,536,1805543,1805,1,1,1,0,1,0,0,0,0,0,0,0,1,0,0,1,0,0.640173912,0,0,,0
cs15360190,536,1805543,1805,1,1,1,0,1,0,0,0,0,0,0,1,0,0,0,1,0,1.27245903,0,0,,0
cs15370139,537,1805543,1805,1,1,1,1,0,0,1,1,0,0,0,1,0,0,0,1,0,0.9966933727,0,0,,0
cs15460018,546,1805543,1805,1,3,0,1,0,0,1,1,0,0,0,0,0,1,0,0,0,1,0,0,,0
cs15390007,539,1805543,1805,1,2,0,0,1,0,0,0,0,0,0,0,0,1,0,0,1,1,1,5,1800,30154.19531
cs15460024,546,1805543,1805,1,3,0,1,0,0,1,1,0,0,0,0,0,1,0,0,0,1,0,0,,0
cs15400006,540,1805543,1805,1,3,0,1,0,1,0,0,0,0,0,0,0,1,0,0,0,1,0,0,,0
cs15450050,545,1805543,1805,1,3,0,0,1,0,0,0,0,0,0,0,0,1,0,0,0,1,1,10,1800,60308.39062
cs15410019,541,1805543,1805,1,2,0,1,0,0,1,0,0,0,0,0,0,1,0,0,1,1,0,0,,0
cs15360282,536,1805543,1805,1,1,1,0,1,0,0,0,0,0,0,0,1,0,0,1,0,0.640173912,1,5,1850,29904.19531
cs15370111,537,1805543,1805,1,1,1,1,0,0,1,1,0,0,0,1,0,0,0,1,0,0.9966933727,0,0,,0
cs15360269,536,1805543,1805,1,1,1,0,1,0,0,0,0,0,0,1,0,0,0,1,0,1.27245903,0,0,,0
cs15450288,545,1805543,1805,1,3,1,0,1,0,0,0,0,0,0,1,0,0,0,0,0,1.27245903,0,0,,0
cs15430269,543,1805543,1805,1,2,1,1,0,1,0,1,0,0,0,1,0,0,0,0,1,0.9966933727,1,30,1600,186925.1719
cs15410079,541,1805543,1805,1,2,1,1,0,0,1,0,0,0,0,0,1,0,0,0,1,0.9961833954,0,0,,0
cs15450020,545,1805543,1805,1,3,0,0,1,0,0,0,0,0,0,0,0,1,0,0,0,1,1,20,1800,120616.7812
cs15460111,546,1805543,1805,1,3,1,1,0,0,1,1,0,0,0,1,0,0,0,0,0,0.9966933727,1,10,2000,58308.39062
cs14920345,492,1805579,1805,1,3,1,0,1,0,0,0,0,0,0,0,1,0,0,0,0,0.640173912,1,20,2000,116616.7812
cs14900030,490,1805579,1805,1,2,1,1,0,1,1,1,0,0,0,0,0,1,0,0,1,0.9944144487,1,30,1866.666626,178925.1719
cs14890146,489,1805579,1805,1,3,1,1,0,1,1,0,0,0,0,1,0,0,0,0,0,1.003425598,1,40,1850,239233.5625
cs14920140,492,1805579,1805,1,3,1,0,1,0,0,0,0,0,0,1,0,0,0,0,0,1.27245903,1,10,2000,58308.39062
cs14810015,481,1805579,1805,1,1,0,1,0,0,0,1,0,0,0,0,0,1,0,1,0,1,1,2.5,2400,13577.09766
cs14800057,480,1805579,1805,1,2,0,0,1,0,0,0,0,0,0,0,0,1,0,0,1,1,0,0,,0
cs14830006,483,1805579,1805,1,3,0,1,0,0,0,0,0,0,0,0,0,1,0,0,0,1,1,10,2000,58308.39062
cs14900364,490,1805579,1805,1,2,1,1,0,1,1,1,0,0,0,1,0,0,0,0,1,0.9966933727,1,15,2000,87462.58594
cs14870452,487,1805579,1805,1,1,1,1,0,0,0,0,0,0,0,0,1,0,0,1,0,0.9961833954,1,10,2200,56308.39062
cs14910031,491,1805579,1805,1,1,1,0,1,0,0,0,0,0,0,0,1,0,0,1,0,0.640173912,1,8,2125,45646.71094
cs14890233,489,1805579,1805,1,3,1,1,0,1,1,0,0,0,0,1,0,0,0,0,0,1.003425598,1,20,1750,121616.7812
cs14910051,491,1805579,1805,1,1,1,0,1,0,0,0,0,0,0,1,0,0,0,1,0,1.27245903,0,0,,0
cs14870072,487,1805579,1805,1,1,0,1,0,0,0,0,0,0,0,0,0,1,0,1,0,1,0,0,,0
cs14800225,480,1805579,1805,1,2,1,0,1,0,0,0,0,0,0,1,0,0,0,0,1,1.27245903,0,0,,0
cs14920276,492,1805579,1805,1,3,1,0,1,0,0,0,0,0,0,0,1,0,0,0,0,0.640173912,1,10,2000,58308.39062
cs14900213,490,1805579,1805,1,2,1,1,0,1,1,1,0,0,0,1,0,0,0,0,1,0.9966933727,1,15,2000,87462.58594
cs14830068,483,1805579,1805,1,3,1,1,0,0,0,0,0,0,0,0,1,0,0,0,0,0.9961833954,1,15,2000,87462.58594
cs14920344,492,1805579,1805,1,3,1,0,1,0,0,0,0,0,0,1,0,0,0,0,0,1.27245903,1,15,1333.333374,97462.58594
cs14840024,484,1805579,1805,1,2,1,1,0,1,1,0,0,0,0,0,0,1,0,0,1,1.005813479,1,2.5,2000,14577.09766
cs14910004,491,1805579,1805,1,1,1,0,1,0,0,0,0,0,0,0,0,1,0,1,0,1.051559091,0,0,,0
cs14810308,481,1805579,1805,1,1,1,1,0,0,0,1,0,0,0,0,1,0,0,1,0,1.003737092,0,0,,0
cs14900012,490,1805579,1805,1,2,0,1,0,1,1,1,0,0,0,0,0,1,0,0,1,1,1,15,2000,87462.58594
cs14810005,481,1805579,1805,1,1,0,1,0,0,0,1,0,0,0,0,0,1,0,1,0,1,1,2.5,2400,13577.09766
cs14850030,485,1805579,1805,1,2,1,1,0,0,0,1,0,0,0,0,0,1,0,0,1,0.9944144487,0,0,,0
cs14810165,481,1805579,1805,1,1,1,1,0,0,0,1,0,0,0,0,1,0,0,1,0,1.003737092,1,5,2200,28154.19531
cs14890062,489,1805579,1805,1,3,0,1,0,1,1,0,0,0,0,0,0,1,0,0,0,1,1,20,1850,119616.7812
cs14870200,487,1805579,1805,1,1,1,1,0,0,0,0,0,0,0,1,0,0,0,1,0,1.003425598,1,10,2200,56308.39062
cs14890054,489,1805579,1805,1,3,0,1,0,1,1,0,0,0,0,0,0,1,0,0,0,1,1,20,1750,121616.7812
cs14890196,489,1805579,1805,1,3,1,1,0,1,1,0,0,0,0,1,0,0,0,0,0,1.003425598,1,20,1750,121616.7812
cs14870291,487,1805579,1805,1,1,1,1,0,0,0,0,0,0,0,1,0,0,0,1,0,1.003425598,0,0,,0
cs14850142,485,1805579,1805,1,2,1,1,0,0,0,1,0,0,0,0,1,0,0,0,1,1.003737092,0,0,,0
cs14920028,492,1805579,1805,1,3,0,0,1,0,0,0,0,0,0,0,0,1,0,0,0,1,1,10,2000,58308.39062
cs14840095,484,1805579,1805,1,2,0,1,0,1,1,0,0,0,0,0,0,1,0,0,1,1,1,5,2000,29154.19531
cs14800044,480,1805579,1805,1,2,1,0,1,0,0,0,0,0,0,0,0,1,0,0,1,0.661996901,1,2.5,2100,14327.09766
cs14920151,492,1805579,1805,1,3,1,0,1,0,0,0,0,0,0,1,0,0,0,0,0,1.27245903,0,0,,0
cs14830261,483,1805579,1805,1,3,1,1,0,0,0,0,0,0,0,0,1,0,0,0,0,0.9961833954,1,10,2000,58308.39062
cs14900018,490,1805579,1805,1,2,0,1,0,1,1,1,0,0,0,0,0,1,0,0,1,1,0,0,,0
cs14920029,492,1805579,1805,1,3,0,0,1,0,0,0,0,0,0,0,0,1,0,0,0,1,1,10,2000,58308.39062
cs14830004,483,1805579,1805,1,3,0,1,0,0,0,0,0,0,0,0,0,1,0,0,0,1,0,0,,0
cs14830003,483,1805579,1805,1,3,1,1,0,0,0,0,0,0,0,0,0,1,0,0,0,1.005813479,0,0,,0
cs14800265,480,1805579,1805,1,2,1,0,1,0,0,0,0,0,0,0,1,0,0,0,1,0.640173912,0,0,,0
cs14890051,489,1805579,1805,1,3,0,1,0,1,1,0,0,0,0,0,0,1,0,0,0,1,1,20,1750,121616.7812
cs14850070,485,1805579,1805,1,2,1,1,0,0,0,1,0,0,0,1,0,0,0,0,1,0.9966933727,0,0,,0
cs14830205,483,1805579,1805,1,3,1,1,0,0,0,0,0,0,0,1,0,0,0,0,0,1.003425598,1,15,2000,87462.58594
cs14800096,480,1805579,1805,1,2,1,0,1,0,0,0,0,0,0,0,1,0,0,0,1,0.640173912,1,5,2100,28654.19531
cs14850024,485,1805579,1805,1,2,0,1,0,0,0,1,0,0,0,0,0,1,0,0,1,1,0,0,,0
cs14910060,491,1805579,1805,1,1,1,0,1,0,0,0,0,0,0,1,0,0,0,1,0,1.27245903,0,0,,0
cs14870053,487,1805579,1805,1,1,1,1,0,0,0,0,0,0,0,0,0,1,0,1,0,0.9567061067,1,15,1600,93462.58594
cs14870026,487,1805579,1805,1,1,0,1,0,0,0,0,0,0,0,0,0,1,0,1,0,1,1,10,2200,56308.39062
cs14870105,487,1805579,1805,1,1,1,1,0,0,0,0,0,0,0,1,0,0,0,1,0,1.003425598,1,10,2200,56308.39062
cs14910056,491,1805579,1805,1,1,1,0,1,0,0,0,0,0,0,1,0,0,0,1,0,1.27245903,0,0,,0
cs14910021,491,1805579,1805,1,1,0,0,1,0,0,0,0,0,0,0,0,1,0,1,0,1,0,0,,0
cs14800368,480,1805579,1805,1,2,1,0,1,0,0,0,0,0,0,1,0,0,0,0,1,1.27245903,1,5,2100,28654.19531
cs14810051,481,1805579,1805,1,1,1,1,0,0,0,1,0,0,0,1,0,0,0,1,0,0.9966933727,1,2.5,2200,14077.09766
cs14850066,485,1805579,1805,1,2,1,1,0,0,0,1,0,0,0,1,0,0,0,0,1,0.9966933727,0,0,,0
cs14840080,484,1805579,1805,1,2,0,1,0,1,1,0,0,0,0,0,0,1,0,0,1,1,1,7.5,2000,43731.29297
cs14840159,484,1805579,1805,1,2,1,1,0,1,1,0,0,0,0,1,0,0,0,0,1,1.003425598,1,7.5,2000,43731.29297
cs14910020,491,1805579,1805,1,1,1,0,1,0,0,0,0,0,0,0,0,1,0,1,0,0.661996901,0,0,,0
cs14850306,485,1805579,1805,1,2,1,1,0,0,0,1,0,0,0,1,0,0,0,0,1,0.9966933727,0,0,,0
cs14870474,487,1805579,1805,1,1,1,1,0,0,0,0,0,0,0,0,1,0,0,1,0,0.9961833954,1,10,2200,56308.39062
cs14920101,492,1805579,1805,1,3,0,0,1,0,0,0,0,0,0,0,0,1,0,0,0,1,1,10,2000,58308.39062
cs14800189,480,1805579,1805,1,2,1,0,1,0,0,0,0,0,0,1,0,0,0,0,1,1.27245903,1,5,2100,28654.19531
cs14840573,484,1805579,1805,1,2,1,1,0,1,1,0,0,0,0,1,0,0,0,0,1,1.003425598,1,5,3200,23154.19531
cs14830223,483,1805579,1805,1,3,1,1,0,0,0,0,0,0,0,1,0,0,0,0,0,1.003425598,1,15,2000,87462.58594
cs14800047,480,1805579,1805,1,2,0,0,1,0,0,0,0,0,0,0,0,1,0,0,1,1,0,0,,0
cs14810025,481,1805579,1805,1,1,1,1,0,0,0,1,0,0,0,0,0,1,0,1,0,0.9944144487,1,2.5,2200,14077.09766
cs14840459,484,1805579,1805,1,2,1,1,0,1,1,0,0,0,0,1,0,0,0,0,1,1.003425598,1,2.5,2000,14577.09766
cs14830179,483,1805579,1805,1,3,1,1,0,0,0,0,0,0,0,1,0,0,0,0,0,1.003425598,0,0,,0
cs14810124,481,1805579,1805,1,1,1,1,0,0,0,1,0,0,0,1,0,0,0,1,0,0.9966933727,1,2.5,2400,13577.09766
cs14900111,490,1805579,1805,1,2,1,1,0,1,1,1,0,0,0,1,0,0,0,0,1,0.9966933727,1,15,2000,87462.58594
cs14910046,491,1805579,1805,1,1,1,0,1,0,0,0,0,0,0,0,1,0,0,1,0,0.640173912,0,0,,0
cs14850337,485,1805579,1805,1,2,1,1,0,0,0,1,0,0,0,0,1,0,0,0,1,1.003737092,0,0,,0
cs14810329,481,1805579,1805,1,1,1,1,0,0,0,1,0,0,0,1,0,0,0,1,0,0.9966933727,1,2.5,2200,14077.09766
cs14850027,485,1805579,1805,1,2,0,1,0,0,0,1,0,0,0,0,0,1,0,0,1,1,0,0,,0
cs15290025,529,1805702,1805,1,2,0,1,0,0,0,1,0,0,0,0,0,1,0,0,1,1,0,0,,0
cs15290090,529,1805702,1805,1,2,1,1,0,0,0,1,0,0,0,1,0,0,0,0,1,0.9966933727,1,15,1866.666626,89462.58594
cs15340087,534,1805702,1805,1,1,0,1,0,0,0,1,0,0,0,0,0,1,0,1,0,1,0,0,,0
cs15310168,531,1805702,1805,1,3,1,0,1,0,0,0,0,0,0,1,0,0,0,0,0,1.27245903,1,3.75,2000,21865.64648
cs15300353,530,1805702,1805,1,3,1,1,0,1,1,0,0,0,0,1,0,0,0,0,0,1.003425598,1,5,2000,29154.19531
cs15350179,535,1805702,1805,1,3,1,1,0,0,0,1,0,0,0,1,0,0,0,0,0,0.9966933727,1,5,2000,29154.19531
cs15340541,534,1805702,1805,1,1,1,1,0,0,0,1,0,0,0,1,0,0,0,1,0,0.9966933727,1,7.5,2000,43731.29297
cs15290175,529,1805702,1805,1,2,1,1,0,0,0,1,0,0,0,0,1,0,0,0,1,1.003737092,1,15,1866.666626,89462.58594
cs15320190,532,1805702,1805,1,2,1,0,1,0,0,0,0,0,0,0,1,0,0,0,1,0.640173912,1,10,3000,48308.39062
cs15340058,534,1805702,1805,1,1,0,1,0,0,0,1,0,0,0,0,0,1,0,1,0,1,1,3.75,2000,21865.64648
cs15280179,528,1805702,1805,1,1,1,1,0,1,1,1,0,0,0,1,0,0,0,1,0,0.9966933727,1,7,2142.857178,39815.87109
cs15310041,531,1805702,1805,1,3,0,0,1,0,0,0,0,0,0,0,0,1,0,0,0,1,1,3.75,2133.333252,21365.64648
cs15330210,533,1805702,1805,1,2,1,1,0,1,0,0,0,0,0,1,0,0,0,0,1,1.003425598,1,5,1600,31154.19531
cs15320244,532,1805702,1805,1,2,1,0,1,0,0,0,0,0,0,1,0,0,0,0,1,1.27245903,1,15,2000,87462.58594
cs15350190,535,1805702,1805,1,3,1,1,0,0,0,1,0,0,0,0,1,0,0,0,0,1.003737092,1,15,1900,88962.58594
cs15300249,530,1805702,1805,1,3,1,1,0,1,1,0,0,0,0,1,0,0,0,0,0,1.003425598,0,0,,0
cs15310368,531,1805702,1805,1,3,1,0,1,0,0,0,0,0,0,1,0,0,0,0,0,1.27245903,1,3.25,2461.538574,17450.22656
cs15310118,531,1805702,1805,1,3,1,0,1,0,0,0,0,0,0,0,0,1,0,0,0,0.661996901,1,3.75,2200,21115.64648
cs15340494,534,1805702,1805,1,1,1,1,0,0,0,1,0,0,0,0,1,0,0,1,0,1.003737092,1,3.75,2000,21865.64648
cs15320021,532,1805702,1805,1,2,0,0,1,0,0,0,0,0,0,0,0,1,0,0,1,1,1,10,2000,58308.39062
cs15340569,534,1805702,1805,1,1,1,1,0,0,0,1,0,0,0,1,0,0,0,1,0,0.9966933727,1,3.75,2000,21865.64648
cs15340014,534,1805702,1805,1,1,0,1,0,0,0,1,0,0,0,0,0,1,0,1,0,1,1,8,2500,42646.71094
cs15340407,534,1805702,1805,1,1,1,1,0,0,0,1,0,0,0,0,1,0,0,1,0,1.003737092,1,3.75,2000,21865.64648
cs15300182,530,1805702,1805,1,3,1,1,0,1,1,0,0,0,0,0,0,1,0,0,0,1.005813479,1,10,2000,58308.39062
cs15300011,530,1805702,1805,1,3,0,1,0,1,1,0,0,0,0,0,0,1,0,0,0,1,1,4,2000,23323.35547
cs15350023,535,1805702,1805,1,3,0,1,0,0,0,1,0,0,0,0,0,1,0,0,0,1,0,0,,0
cs15330037,533,1805702,1805,1,2,0,1,0,1,0,0,0,0,0,0,0,1,0,0,1,1,1,5,2000,29154.19531
cs15330177,533,1805702,1805,1,2,1,1,0,1,0,0,0,0,0,1,0,0,0,0,1,1.003425598,1,10,2000,58308.39062
cs15300081,530,1805702,1805,1,3,0,1,0,1,1,0,0,0,0,0,0,1,0,0,0,1,1,2.5,2000,14577.09766
cs15280081,528,1805702,1805,1,1,0,1,0,1,1,1,0,0,0,0,0,1,0,1,0,1,1,3.75,2000,21865.64648
cs15350240,535,1805702,1805,1,3,1,1,0,0,0,1,0,0,0,1,0,0,0,0,0,0.9966933727,1,7.5,2000,43731.29297
cs15290154,529,1805702,1805,1,2,1,1,0,0,0,1,0,0,0,1,0,0,0,0,1,0.9966933727,1,7.5,2000,43731.29297
cs15280236,528,1805702,1805,1,1,1,1,0,1,1,1,0,0,0,1,0,0,0,1,0,0.9966933727,1,7,2142.857178,39815.87109
cs15310235,531,1805702,1805,1,3,1,0,1,0,0,0,0,0,0,1,0,0,0,0,0,1.27245903,1,3,2166.666748,16992.51562
cs15350207,535,1805702,1805,1,3,1,1,0,0,0,1,0,0,0,1,0,0,0,0,0,0.9966933727,1,15,2000,87462.58594
cs15280067,528,1805702,1805,1,1,0,1,0,1,1,1,0,0,0,0,0,1,0,1,0,1,1,3.75,2000,21865.64648
cs15340254,534,1805702,1805,1,1,1,1,0,0,0,1,0,0,0,1,0,0,0,1,0,0.9966933727,1,7.5,2000,43731.29297
cs15280048,528,1805702,1805,1,1,0,1,0,1,1,1,0,0,0,0,0,1,0,1,0,1,1,7.5,2000,43731.29297
cs15290112,529,1805702,1805,1,2,1,1,0,0,0,1,0,0,0,0,1,0,0,0,1,1.003737092,1,7.5,1866.666626,44731.29297
cs15320139,532,1805702,1805,1,2,1,0,1,0,0,0,0,0,0,0,1,0,0,0,1,0.640173912,1,15,1866.666626,89462.58594
cs15320011,532,1805702,1805,1,2,0,0,1,0,0,0,0,0,0,0,0,1,0,0,1,1,1,5,1900,29654.19531
cs15320084,532,1805702,1805,1,2,1,0,1,0,0,0,0,0,0,1,0,0,0,0,1,1.27245903,1,15,1866.666626,89462.58594
cs15280226,528,1805702,1805,1,1,1,1,0,1,1,1,0,0,0,1,0,0,0,1,0,0.9966933727,1,7,2142.857178,39815.87109
cs15310316,531,1805702,1805,1,3,1,0,1,0,0,0,0,0,0,0,1,0,0,0,0,0.640173912,1,5,2200,28154.19531
cs15320233,532,1805702,1805,1,2,1,0,1,0,0,0,0,0,0,1,0,0,0,0,1,1.27245903,0,0,,0
cs15290009,529,1805702,1805,1,2,0,1,0,0,0,1,0,0,0,0,0,1,0,0,1,1,0,0,,0
cs15290022,529,1805702,1805,1,2,0,1,0,0,0,1,0,0,0,0,0,1,0,0,1,1,1,15,1866.666626,89462.58594
cs15350196,535,1805702,1805,1,3,1,1,0,0,0,1,0,0,0,0,1,0,0,0,0,1.003737092,1,15,2000,87462.58594
cs15350017,535,1805702,1805,1,3,1,1,0,0,0,1,0,0,0,0,0,1,0,0,0,0.9944144487,1,20,1900,118616.7812
cs15330038,533,1805702,1805,1,2,0,1,0,1,0,0,0,0,0,0,0,1,0,0,1,1,1,5,2000,29154.19531
cs15310062,531,1805702,1805,1,3,1,0,1,0,0,0,0,0,0,0,0,1,0,0,0,1.051559091,1,3.75,2000,21865.64648
cs15290210,529,1805702,1805,1,2,1,1,0,0,0,1,0,0,0,1,0,0,0,0,1,0.9966933727,1,15,1866.666626,89462.58594
cs15330068,533,1805702,1805,1,2,0,1,0,1,0,0,0,0,0,0,0,1,0,0,1,1,0,0,,0
cs15350102,535,1805702,1805,1,3,0,1,0,0,0,1,0,0,0,0,0,1,0,0,0,1,1,10,2000,58308.39062
cs15300371,530,1805702,1805,1,3,1,1,0,1,1,0,0,0,0,1,0,0,0,0,0,1.003425598,1,4,2000,23323.35547
cs15310208,531,1805702,1805,1,3,1,0,1,0,0,0,0,0,0,0,1,0,0,0,0,0.640173912,1,3,2500,15992.5166
cs15320038,532,1805702,1805,1,2,0,0,1,0,0,0,0,0,0,0,0,1,0,0,1,1,1,5,2000,29154.19531
cs15330188,533,1805702,1805,1,2,1,1,0,1,0,0,0,0,0,1,0,0,0,0,1,1.003425598,1,5,2000,29154.19531
cs15710016,571,1805739,1805,1,2,0,1,0,0,0,1,0,0,0,0,0,1,0,0,1,1,1,15,1600,93462.58594
cs15730132,573,1805739,1805,1,1,1,0,1,0,0,0,0,0,0,0,1,0,0,1,0,0.640173912,1,10,2400,54308.39062
cs15750112,575,1805739,1805,1,3,0,0,1,0,0,0,0,0,0,0,0,1,0,0,0,1,0,0,,0
cs15790551,579,1805739,1805,1,1,1,1,0,1,1,1,0,0,0,1,0,0,0,1,0,0.9966933727,0,0,,0
cs15780062,578,1805739,1805,1,2,0,1,0,0,1,0,0,0,0,0,0,1,0,0,1,1,1,5,2400,27154.19531
cs15750271,575,1805739,1805,1,3,1,0,1,0,0,0,0,0,0,1,0,0,0,0,0,1.27245903,0,0,,0
cs15780132,578,1805739,1805,1,2,1,1,0,0,1,0,0,0,0,1,0,0,0,0,1,1.003425598,1,6,2000,34985.03125
cs15810182,581,1805739,1805,1,1,1,1,0,0,0,1,0,0,0,1,0,0,0,1,0,0.9966933727,1,10,2000,58308.39062
cs15730050,573,1805739,1805,1,1,0,0,1,0,0,0,0,0,0,0,0,1,0,1,0,1,1,10,2400,54308.39062
cs15700181,570,1805739,1805,1,1,1,0,1,0,0,0,0,0,0,1,0,0,0,1,0,1.27245903,1,6,3333.333252,26985.0332
cs15750267,575,1805739,1805,1,3,1,0,1,0,0,0,0,0,0,0,1,0,0,0,0,0.640173912,0,0,,0
cs15780039,578,1805739,1805,1,2,0,1,0,0,1,0,0,0,0,0,0,1,0,0,1,1,1,4,3000,19323.35547
cs15700279,570,1805739,1805,1,1,1,0,1,0,0,0,0,0,0,1,0,0,0,1,0,1.27245903,1,5,2400,27154.19531
cs15730113,573,1805739,1805,1,1,1,0,1,0,0,0,0,0,0,1,0,0,0,1,0,1.27245903,1,10,2400,54308.39062
cs15790091,579,1805739,1805,1,1,0,1,0,1,1,1,0,0,0,0,0,1,0,1,0,1,1,5,2000,29154.19531
cs15710038,571,1805739,1805,1,2,0,1,0,0,0,1,0,0,0,0,0,1,0,0,1,1,0,0,,0
cs15700200,570,1805739,1805,1,1,1,0,1,0,0,0,0,0,0,0,1,0,0,1,0,0.640173912,1,3,3333.333252,13492.5166
cs15800251,580,1805739,1805,1,3,1,0,1,0,0,0,0,0,0,0,1,0,0,0,0,0.640173912,1,,,
cs15710282,571,1805739,1805,1,2,1,1,0,0,0,1,0,0,0,1,0,0,0,0,1,0.9966933727,1,7.5,3200,34731.29297
cs15810144,581,1805739,1805,1,1,1,1,0,0,0,1,0,0,0,0,1,0,0,1,0,1.003737092,1,10,2000,58308.39062
cs15790235,579,1805739,1805,1,1,1,1,0,1,1,1,0,0,0,1,0,0,0,1,0,0.9966933727,0,0,,0
cs15860019,586,1805739,1805,1,2,1,0,1,0,0,0,0,0,0,0,0,1,0,0,1,1.051559091,1,4,2000,23323.35547
cs15790187,579,1805739,1805,1,1,1,1,0,1,1,1,0,0,0,1,0,0,0,1,0,0.9966933727,0,0,,0
cs15770134,577,1805739,1805,1,3,1,1,0,0,1,1,0,0,0,1,0,0,0,0,0,0.9966933727,1,6,2000,34985.03125
cs15800294,580,1805739,1805,1,3,1,0,1,0,0,0,0,0,0,1,0,0,0,0,0,1.27245903,1,6,2000,34985.03125
cs15790108,579,1805739,1805,1,1,0,1,0,1,1,1,0,0,0,0,0,1,0,1,0,1,0,0,,0
cs15770099,577,1805739,1805,1,3,1,1,0,0,1,1,0,0,0,1,0,0,0,0,0,0.9966933727,1,6,2000,34985.03125
cs15860063,586,1805739,1805,1,2,0,0,1,0,0,0,0,0,0,0,0,1,0,0,1,1,1,4,2000,23323.35547
cs15780070,578,1805739,1805,1,2,0,1,0,0,1,0,0,0,0,0,0,1,0,0,1,1,1,5,2400,27154.19531
cs15810155,581,1805739,1805,1,1,1,1,0,0,0,1,0,0,0,0,1,0,0,1,0,1.003737092,1,10,2000,58308.39062
cs15730074,573,1805739,1805,1,1,1,0,1,0,0,0,0,0,0,1,0,0,0,1,0,1.27245903,1,10,2400,54308.39062
cs15710192,571,1805739,1805,1,2,1,1,0,0,0,1,0,0,0,0,1,0,0,0,1,1.003737092,1,12.5,2400,67885.48438
cs15850028,585,1805739,1805,1,2,0,0,1,0,0,0,0,0,0,0,0,1,0,0,1,1,0,0,,0
cs15750299,575,1805739,1805,1,3,1,0,1,0,0,0,0,0,0,1,0,0,0,0,0,1.27245903,1,5,2000,29154.19531
cs15720044,572,1805739,1805,1,3,0,1,0,1,1,1,0,0,0,0,0,1,0,0,0,1,0,0,,0
cs15710116,571,1805739,1805,1,2,1,1,0,0,0,1,0,0,0,1,0,0,0,0,1,0.9966933727,1,7,3428.571533,30815.87109
cs15780341,578,1805739,1805,1,2,1,1,0,0,1,0,0,0,0,1,0,0,0,0,1,1.003425598,1,6,2000,34985.03125
cs15780361,578,1805739,1805,1,2,1,1,0,0,1,0,0,0,0,1,0,0,0,0,1,1.003425598,1,5,2400,27154.19531
cs15860390,586,1805739,1805,1,2,1,0,1,0,0,0,0,0,0,1,0,0,0,0,1,1.27245903,1,4,2000,23323.35547
cs15800017,580,1805739,1805,1,3,0,0,1,0,0,0,0,0,0,0,0,1,0,0,0,1,0,0,,0
cs15800159,580,1805739,1805,1,3,1,0,1,0,0,0,0,0,0,0,1,0,0,0,0,0.640173912,1,6,2000,34985.03125
cs15720259,572,1805739,1805,1,3,1,1,0,1,1,1,0,0,0,1,0,0,0,0,0,0.9966933727,1,3,3333.333252,13492.5166
cs15700075,570,1805739,1805,1,1,0,0,1,0,0,0,0,0,0,0,0,1,0,1,0,1,1,5,2000,29154.19531
cs15810051,581,1805739,1805,1,1,0,1,0,0,0,1,0,0,0,0,0,1,0,1,0,1,1,10,2000,58308.39062
cs15820061,582,1805739,1805,1,2,0,1,0,1,1,0,0,0,0,0,0,1,0,0,1,1,0,0,,0
cs15820122,582,1805739,1805,1,2,0,1,0,1,1,0,0,0,0,0,0,1,0,0,1,1,1,2.5,2000,14577.09766
cs15720336,572,1805739,1805,1,3,1,1,0,1,1,1,0,0,0,1,0,0,0,0,0,0.9966933727,0,0,,0
cs15850127,585,1805739,1805,1,2,1,0,1,0,0,0,0,0,0,1,0,0,0,0,1,1.27245903,0,0,,0
cs15860237,586,1805739,1805,1,2,1,0,1,0,0,0,0,0,0,0,1,0,0,0,1,0.640173912,1,4,2000,23323.35547
cs15860891,586,1805739,1805,1,2,1,0,1,0,0,0,0,0,0,0,1,0,0,0,1,0.640173912,1,4,2000,23323.35547
cs15850011,585,1805739,1805,1,2,0,0,1,0,0,0,0,0,0,0,0,1,0,0,1,1,0,0,,0
cs15730012,573,1805739,1805,1,1,0,0,1,0,0,0,0,0,0,0,0,1,0,1,0,1,1,10,2400,54308.39062
cs15820220,582,1805739,1805,1,2,1,1,0,1,1,0,0,0,0,1,0,0,0,0,1,1.003425598,1,2.5,2000,14577.09766
cs15810318,581,1805739,1805,1,1,1,1,0,0,0,1,0,0,0,1,0,0,0,1,0,0.9966933727,1,10,2800,50308.39062
cs15750228,575,1805739,1805,1,3,1,0,1,0,0,0,0,0,0,0,1,0,0,0,0,0.640173912,1,4,2625,20823.35547
cs15790114,579,1805739,1805,1,1,0,1,0,1,1,1,0,0,0,0,0,1,0,1,0,1,1,6,2666.666748,30985.0332
cs15720231,572,1805739,1805,1,3,1,1,0,1,1,1,0,0,0,1,0,0,0,0,0,0.9966933727,0,0,,0
cs15750115,575,1805739,1805,1,3,0,0,1,0,0,0,0,0,0,0,0,1,0,0,0,1,1,5,2100,28654.19531
cs15810359,581,1805739,1805,1,1,1,1,0,0,0,1,0,0,0,1,0,0,0,1,0,0.9966933727,1,10,2000,58308.39062
cs15770011,577,1805739,1805,1,3,0,1,0,0,1,1,0,0,0,0,0,1,0,0,0,1,0,0,,0
cs15820302,582,1805739,1805,1,2,1,1,0,1,1,0,0,0,0,1,0,0,0,0,1,1.003425598,1,2.5,2000,14577.09766
cs15730121,573,1805739,1805,1,1,1,0,1,0,0,0,0,0,0,0,1,0,0,1,0,0.640173912,1,10,2400,54308.39062
cs15850130,585,1805739,1805,1,2,1,0,1,0,0,0,0,0,0,1,0,0,0,0,1,1.27245903,0,0,,0
cs15820016,582,1805739,1805,1,2,0,1,0,1,1,0,0,0,0,0,0,1,0,0,1,1,0,0,,0
cs15710284,571,1805739,1805,1,2,1,1,0,0,0,1,0,0,0,1,0,0,0,0,1,0.9966933727,1,11.19999981,2678.571533,57705.39453
cs15700150,570,1805739,1805,1,1,1,0,1,0,0,0,0,0,0,0,1,0,0,1,0,0.640173912,1,5,2000,29154.19531
cs15810015,581,1805739,1805,1,1,0,1,0,0,0,1,0,0,0,0,0,1,0,1,0,1,1,10,2000,58308.39062
cs15810014,581,1805739,1805,1,1,0,1,0,0,0,1,0,0,0,0,0,1,0,1,0,1,1,10,2000,58308.39062
cs15860017,586,1805739,1805,1,2,0,0,1,0,0,0,0,0,0,0,0,1,0,0,1,1,1,4,2000,23323.35547
cs15861110,586,1805739,1805,1,2,1,0,1,0,0,0,0,0,0,1,0,0,0,0,1,1.27245903,1,4,2000,23323.35547
cs15750023,575,1805739,1805,1,3,0,0,1,0,0,0,0,0,0,0,0,1,0,0,0,1,0,0,,0
cs15850150,585,1805739,1805,1,2,1,0,1,0,0,0,0,0,0,1,0,0,0,0,1,1.27245903,0,0,,0
cs15750130,575,1805739,1805,1,3,1,0,1,0,0,0,0,0,0,1,0,0,0,0,0,1.27245903,0,0,,0
cs15850158,585,1805739,1805,1,2,1,0,1,0,0,0,0,0,0,0,1,0,0,0,1,0.640173912,0,0,,0
cs15770114,577,1805739,1805,1,3,1,1,0,0,1,1,0,0,0,0,1,0,0,0,0,1.003737092,1,6,2000,34985.03125
cs15770128,577,1805739,1805,1,3,1,1,0,0,1,1,0,0,0,0,1,0,0,0,0,1.003737092,1,6,2000,34985.03125
cs15800075,580,1805739,1805,1,3,0,0,1,0,0,0,0,0,0,0,0,1,0,0,0,1,1,12,2000,69970.0625
cs15770030,577,1805739,1805,1,3,0,1,0,0,1,1,0,0,0,0,0,1,0,0,0,1,1,6,2000,34985.03125
cs15820225,582,1805739,1805,1,2,1,1,0,1,1,0,0,0,0,1,0,0,0,0,1,1.003425598,1,2,2500,10661.67773
cs15780214,578,1805739,1805,1,2,1,1,0,0,1,0,0,0,0,0,1,0,0,0,1,0.9961833954,1,4,3000,19323.35547
cs15730035,573,1805739,1805,1,1,0,0,1,0,0,0,0,0,0,0,0,1,0,1,0,1,1,10,2400,54308.39062
cs15780165,578,1805739,1805,1,2,1,1,0,0,1,0,0,0,0,0,1,0,0,0,1,0.9961833954,1,3,2000,17492.51562
cs15730109,573,1805739,1805,1,1,1,0,1,0,0,0,0,0,0,1,0,0,0,1,0,1.27245903,1,10,2400,54308.39062
cs15850125,585,1805739,1805,1,2,1,0,1,0,0,0,0,0,0,0,1,0,0,0,1,0.640173912,0,0,,0
cs15800264,580,1805739,1805,1,3,1,0,1,0,0,0,0,0,0,1,0,0,0,0,0,1.27245903,1,24,2000,139940.125
cs15800076,580,1805739,1805,1,3,1,0,1,0,0,0,0,0,0,0,0,1,0,0,0,0.661996901,1,6,2000,34985.03125
cs15861007,586,1805739,1805,1,2,1,0,1,0,0,0,0,0,0,1,0,0,0,0,1,1.27245903,1,4,2000,23323.35547
cs15710179,571,1805739,1805,1,2,1,1,0,0,0,1,0,0,0,0,1,0,0,0,1,1.003737092,1,9,2666.666748,46477.55078
cs15700157,570,1805739,1805,1,1,1,0,1,0,0,0,0,0,0,1,0,0,0,1,0,1.27245903,1,6,2500,31985.0332
cs15700076,570,1805739,1805,1,1,0,0,1,0,0,0,0,0,0,0,0,1,0,1,0,1,1,2.5,2000,14577.09766
cs15700036,570,1805739,1805,1,1,1,0,1,0,0,0,0,0,0,0,0,1,0,1,0,0.661996901,1,3,3333.333252,13492.5166
cs15770296,577,1805739,1805,1,3,1,1,0,0,1,1,0,0,0,1,0,0,0,0,0,0.9966933727,1,6,2000,34985.03125
cs15800319,580,1805739,1805,1,3,1,0,1,0,0,0,0,0,0,1,0,0,0,0,0,1.27245903,1,6,2000,34985.03125
cs15850041,585,1805739,1805,1,2,0,0,1,0,0,0,0,0,0,0,0,1,0,0,1,1,0,0,,0
cs15770051,577,1805739,1805,1,3,0,1,0,0,1,1,0,0,0,0,0,1,0,0,0,1,1,6,2000,34985.03125
cs15710012,571,1805739,1805,1,2,0,1,0,0,0,1,0,0,0,0,0,1,0,0,1,1,0,0,,0
cs15720009,572,1805739,1805,1,3,0,1,0,1,1,1,0,0,0,0,0,1,0,0,0,1,0,0,,0
cs15020203,502,1805750,1805,1,1,1,1,0,0,1,0,0,0,0,1,0,0,0,1,0,1.003425598,1,11.25,2000,65596.9375
cs14990006,499,1805750,1805,1,2,1,1,0,0,1,1,0,0,0,0,0,1,0,0,1,0.9944144487,1,3.75,2133.333252,21365.64648
cs15000066,500,1805750,1805,1,1,0,0,1,0,0,0,0,0,0,0,0,1,0,1,0,1,0,0,,0
cs14990080,499,1805750,1805,1,2,0,1,0,0,1,1,0,0,0,0,0,1,0,0,1,1,0,0,,0
cs14930255,493,1805750,1805,1,1,1,1,0,1,0,0,0,0,0,1,0,0,0,1,0,1.003425598,1,15,2000,87462.58594
cs14990228,499,1805750,1805,1,2,1,1,0,0,1,1,0,0,0,0,1,0,0,0,1,1.003737092,0,0,,0
cs14940183,494,1805750,1805,1,2,1,0,1,0,0,0,0,0,0,1,0,0,0,0,1,1.27245903,1,7.5,2000,43731.29297
cs15030290,503,1805750,1805,1,3,1,1,0,0,1,1,0,0,0,1,0,0,0,0,0,0.9966933727,1,5,2000,29154.19531
cs14940110,494,1805750,1805,1,2,0,0,1,0,0,0,0,0,0,0,0,1,0,0,1,1,0,0,,0
cs15020014,502,1805750,1805,1,1,0,1,0,0,1,0,0,0,0,0,0,1,0,1,0,1,1,7,2285.714355,38815.87109
cs15030167,503,1805750,1805,1,3,1,1,0,0,1,1,0,0,0,1,0,0,0,0,0,0.9966933727,1,10,2000,58308.39062
cs15020071,502,1805750,1805,1,1,1,1,0,0,1,0,0,0,0,0,0,1,0,1,0,0.9567061067,0,0,,0
cs14980152,498,1805750,1805,1,2,1,1,0,1,1,0,0,0,0,1,0,0,0,0,1,1.003425598,1,6.25,2400,33942.74219
cs14980051,498,1805750,1805,1,2,1,1,0,1,1,0,0,0,0,0,0,1,0,0,1,1.005813479,1,15,2000,87462.58594
cs14970042,497,1805750,1805,1,3,0,0,1,0,0,0,0,0,0,0,0,1,0,0,0,1,0,0,,0
cs14990241,499,1805750,1805,1,2,1,1,0,0,1,1,0,0,0,1,0,0,0,0,1,0.9966933727,1,20,1750,121616.7812
cs14960079,496,1805750,1805,1,3,1,1,0,1,0,1,0,0,0,0,0,1,0,0,0,0.9944144487,1,7.5,2000,43731.29297
cs14960507,496,1805750,1805,1,3,1,1,0,1,0,1,0,0,0,1,0,0,0,0,0,0.9966933727,1,6,2500,31985.0332
cs14970071,497,1805750,1805,1,3,1,0,1,0,0,0,0,0,0,0,1,0,0,0,0,0.640173912,1,7.5,2000,43731.29297
cs15020167,502,1805750,1805,1,1,1,1,0,0,1,0,0,0,0,0,1,0,0,1,0,0.9961833954,1,15,2000,87462.58594
cs14940326,494,1805750,1805,1,2,1,0,1,0,0,0,0,0,0,0,1,0,0,0,1,0.640173912,1,7.5,2000,43731.29297
cs15000151,500,1805750,1805,1,1,1,0,1,0,0,0,0,0,0,0,1,0,0,1,0,0.640173912,1,7.5,2000,43731.29297
cs15030215,503,1805750,1805,1,3,1,1,0,0,1,1,0,0,0,1,0,0,0,0,0,0.9966933727,1,10,2000,58308.39062
cs15000023,500,1805750,1805,1,1,0,0,1,0,0,0,0,0,0,0,0,1,0,1,0,1,0,0,,0
cs15030100,503,1805750,1805,1,3,0,1,0,0,1,1,0,0,0,0,0,1,0,0,0,1,1,5,2000,29154.19531
cs15000394,500,1805750,1805,1,1,1,0,1,0,0,0,0,0,0,1,0,0,0,1,0,1.27245903,1,15,2000,87462.58594
cs14960323,496,1805750,1805,1,3,1,1,0,1,0,1,0,0,0,1,0,0,0,0,0,0.9966933727,1,7.5,2000,43731.29297
cs14970119,497,1805750,1805,1,3,1,0,1,0,0,0,0,0,0,1,0,0,0,0,0,1.27245903,1,7.5,2000,43731.29297
cs14980240,498,1805750,1805,1,2,1,1,0,1,1,0,0,0,0,1,0,0,0,0,1,1.003425598,1,7.5,2000,43731.29297
cs15000128,500,1805750,1805,1,1,1,0,1,0,0,0,0,0,0,0,0,1,0,1,0,1.051559091,1,7.5,2000,43731.29297
cs15030038,503,1805750,1805,1,3,0,1,0,0,1,1,0,0,0,0,0,1,0,0,0,1,1,10,2000,58308.39062
cs15030147,503,1805750,1805,1,3,1,1,0,0,1,1,0,0,0,0,1,0,0,0,0,1.003737092,1,5,2000,29154.19531
cs14940385,494,1805750,1805,1,2,1,0,1,0,0,0,0,0,0,0,1,0,0,0,1,0.640173912,1,7.5,2000,43731.29297
cs15020325,502,1805750,1805,1,1,1,1,0,0,1,0,0,0,0,1,0,0,0,1,0,1.003425598,1,15,2000,87462.58594
cs15020318,502,1805750,1805,1,1,1,1,0,0,1,0,0,0,0,0,1,0,0,1,0,0.9961833954,1,15,2000,87462.58594
cs14930537,493,1805750,1805,1,1,1,1,0,1,0,0,0,0,0,1,0,0,0,1,0,1.003425598,1,15,2000,87462.58594
cs14970031,497,1805750,1805,1,3,1,0,1,0,0,0,0,0,0,0,0,1,0,0,0,0.661996901,0,0,,0
cs14930100,493,1805750,1805,1,1,0,1,0,1,0,0,0,0,0,0,0,1,0,1,0,1,1,10,2000,58308.39062
cs14970183,497,1805750,1805,1,3,1,0,1,0,0,0,0,0,0,1,0,0,0,0,0,1.27245903,0,0,,0
cs14960089,496,1805750,1805,1,3,0,1,0,1,0,1,0,0,0,0,0,1,0,0,0,1,0,0,,0
cs14980057,498,1805750,1805,1,2,0,1,0,1,1,0,0,0,0,0,0,1,0,0,1,1,1,7.5,2333.333252,41231.29297
cs15000325,500,1805750,1805,1,1,1,0,1,0,0,0,0,0,0,1,0,0,0,1,0,1.27245903,1,15,2000,87462.58594
cs14980422,498,1805750,1805,1,2,1,1,0,1,1,0,0,0,0,1,0,0,0,0,1,1.003425598,1,15,2133.333252,85462.58594
cs15020005,502,1805750,1805,1,1,0,1,0,0,1,0,0,0,0,0,0,1,0,1,0,1,1,14,2285.714355,77631.74219
cs14930078,493,1805750,1805,1,1,0,1,0,1,0,0,0,0,0,0,0,1,0,1,0,1,0,0,,0
cs15020220,502,1805750,1805,1,1,1,1,0,0,1,0,0,0,0,1,0,0,0,1,0,1.003425598,1,7.5,2000,43731.29297
cs15000378,500,1805750,1805,1,1,1,0,1,0,0,0,0,0,0,1,0,0,0,1,0,1.27245903,1,6.5,2307.692383,35900.45312
cs14970001,497,1805750,1805,1,3,0,0,1,0,0,0,0,0,0,0,0,1,0,0,0,1,0,0,,0
cs14960229,496,1805750,1805,1,3,1,1,0,1,0,1,0,0,0,1,0,0,0,0,0,0.9966933727,1,7.5,2000,43731.29297
cs14990196,499,1805750,1805,1,2,1,1,0,0,1,1,0,0,0,1,0,0,0,0,1,0.9966933727,1,2.5,3300,11327.09766
cs14970278,497,1805750,1805,1,3,1,0,1,0,0,0,0,0,0,1,0,0,0,0,0,1.27245903,0,0,,0
cs14930323,493,1805750,1805,1,1,1,1,0,1,0,0,0,0,0,1,0,0,0,1,0,1.003425598,1,15,2000,87462.58594
cs14940019,494,1805750,1805,1,2,0,0,1,0,0,0,0,0,0,0,0,1,0,0,1,1,1,7.5,2000,43731.29297
cs14940038,494,1805750,1805,1,2,0,0,1,0,0,0,0,0,0,0,0,1,0,0,1,1,1,7.5,2000,43731.29297
cs14990547,499,1805750,1805,1,2,1,1,0,0,1,1,0,0,0,0,1,0,0,0,1,1.003737092,1,2.5,3200,11577.09766
cs14940306,494,1805750,1805,1,2,1,0,1,0,0,0,0,0,0,1,0,0,0,0,1,1.27245903,1,3.75,2000,21865.64648
cs15000155,500,1805750,1805,1,1,1,0,1,0,0,0,0,0,0,0,1,0,0,1,0,0.640173912,1,15,2000,87462.58594
cs14990023,499,1805750,1805,1,2,0,1,0,0,1,1,0,0,0,0,0,1,0,0,1,1,0,0,,0
cs14960075,496,1805750,1805,1,3,0,1,0,1,0,1,0,0,0,0,0,1,0,0,0,1,0,0,,0
cs14990414,499,1805750,1805,1,2,1,1,0,0,1,1,0,0,0,1,0,0,0,0,1,0.9966933727,1,6.5,2461.538574,34900.45312
cs15030127,503,1805750,1805,1,3,1,1,0,0,1,1,0,0,0,0,1,0,0,0,0,1.003737092,1,10,2000,58308.39062
cs15030116,503,1805750,1805,1,3,0,1,0,0,1,1,0,0,0,0,0,1,0,0,0,1,1,10,2000,58308.39062
cs14970221,497,1805750,1805,1,3,1,0,1,0,0,0,0,0,0,0,1,0,0,0,0,0.640173912,0,0,,0
cs14940278,494,1805750,1805,1,2,1,0,1,0,0,0,0,0,0,1,0,0,0,0,1,1.27245903,1,7.5,2000,43731.29297
cs14930055,493,1805750,1805,1,1,0,1,0,1,0,0,0,0,0,0,0,1,0,1,0,1,1,7.5,2000,43731.29297
cs15690370,569,1805773,1805,1,1,1,0,1,0,0,0,0,0,0,0,1,0,0,1,0,0.640173912,1,7,2142.857178,39815.87109
cs15640344,564,1805773,1805,1,3,1,0,1,0,0,0,0,0,0,1,0,0,0,0,0,1.27245903,1,8,2000,46646.71094
cs15590429,559,1805773,1805,1,2,1,1,0,1,0,1,0,0,0,1,0,0,0,0,1,0.9966933727,1,4.5,2222.222168,25238.77539
cs15600223,560,1805773,1805,1,1,1,1,0,1,0,0,0,0,0,1,0,0,0,1,0,1.003425598,1,5,2500,26654.19531
cs15620142,562,1805773,1805,1,2,1,1,0,1,0,1,0,0,0,1,0,0,0,0,1,0.9966933727,0,0,,0
cs15620033,562,1805773,1805,1,2,0,1,0,1,0,1,0,0,0,0,0,1,0,0,1,1,0,0,,0
cs15600355,560,1805773,1805,1,1,1,1,0,1,0,0,0,0,0,1,0,0,0,1,0,1.003425598,1,5,2400,27154.19531
cs15590181,559,1805773,1805,1,2,1,1,0,1,0,1,0,0,0,1,0,0,0,0,1,0.9966933727,1,5,2000,29154.19531
cs15690081,569,1805773,1805,1,1,0,0,1,0,0,0,0,0,0,0,0,1,0,1,0,1,1,7,2142.857178,39815.87109
cs15690366,569,1805773,1805,1,1,1,0,1,0,0,0,0,0,0,1,0,0,0,1,0,1.27245903,1,6,2500,31985.0332
cs15650010,565,1805773,1805,1,3,0,1,0,0,0,0,0,0,0,0,0,1,0,0,0,1,1,2.5,4000,9577.097656
cs15690435,569,1805773,1805,1,1,1,0,1,0,0,0,0,0,0,0,1,0,0,1,0,0.640173912,0,0,,0
cs15580032,558,1805773,1805,1,1,0,1,0,0,0,1,0,0,0,0,0,1,0,1,0,1,1,5,1800,30154.19531
cs15680201,568,1805773,1805,1,2,1,1,0,0,1,0,0,0,0,1,0,0,0,0,1,1.003425598,1,30,533.333313,218925.1719
cs15640059,564,1805773,1805,1,3,0,0,1,0,0,0,0,0,0,0,0,1,0,0,0,1,1,8,2000,46646.71094
cs15620003,562,1805773,1805,1,2,0,1,0,1,0,1,0,0,0,0,0,1,0,0,1,1,0,0,,0
cs15660204,566,1805773,1805,1,2,1,0,1,0,0,0,0,0,0,1,0,0,0,0,1,1.27245903,1,10,2600,52308.39062
cs15680064,568,1805773,1805,1,2,1,1,0,0,1,0,0,0,0,0,0,1,0,0,1,1.005813479,1,30,1800,180925.1719
cs15650498,565,1805773,1805,1,3,1,1,0,0,0,0,0,0,0,0,1,0,0,0,0,0.9961833954,1,6,2000,34985.03125
cs15580036,558,1805773,1805,1,1,0,1,0,0,0,1,0,0,0,0,0,1,0,1,0,1,1,5,1800,30154.19531
cs15600267,560,1805773,1805,1,1,1,1,0,1,0,0,0,0,0,1,0,0,0,1,0,1.003425598,1,5,2400,27154.19531
cs15660139,566,1805773,1805,1,2,1,0,1,0,0,0,0,0,0,1,0,0,0,0,1,1.27245903,1,10,2600,52308.39062
cs15620326,562,1805773,1805,1,2,1,1,0,1,0,1,0,0,0,1,0,0,0,0,1,0.9966933727,0,0,,0
cs15620288,562,1805773,1805,1,2,1,1,0,1,0,1,0,0,0,1,0,0,0,0,1,0.9966933727,1,5,2000,29154.19531
cs15630306,563,1805773,1805,1,3,1,1,0,1,0,1,0,0,0,1,0,0,0,0,0,0.9966933727,1,2.5,2400,13577.09766
cs15690323,569,1805773,1805,1,1,1,0,1,0,0,0,0,0,0,1,0,0,0,1,0,1.27245903,1,5,3000,24154.19531
cs15690061,569,1805773,1805,1,1,1,0,1,0,0,0,0,0,0,0,0,1,0,1,0,0.661996901,1,6,2500,31985.0332
cs15680158,568,1805773,1805,1,2,1,1,0,0,1,0,0,0,0,1,0,0,0,0,1,1.003425598,1,30,2133.333252,170925.1719
cs15680283,568,1805773,1805,1,2,1,1,0,0,1,0,0,0,0,0,1,0,0,0,1,0.9961833954,1,30,2133.333252,170925.1719
cs15640051,564,1805773,1805,1,3,0,0,1,0,0,0,0,0,0,0,0,1,0,0,0,1,1,8,2000,46646.71094
cs15660033,566,1805773,1805,1,2,0,0,1,0,0,0,0,0,0,0,0,1,0,0,1,1,1,10,2500,53308.39062
cs15630020,563,1805773,1805,1,3,0,1,0,1,0,1,0,0,0,0,0,1,0,0,0,1,1,2.5,2400,13577.09766
cs15590021,559,1805773,1805,1,2,1,1,0,1,0,1,0,0,0,0,0,1,0,0,1,0.9944144487,1,4,2500,21323.35547
cs15680046,568,1805773,1805,1,2,0,1,0,0,1,0,0,0,0,0,0,1,0,0,1,1,0,0,,0
cs15590047,559,1805773,1805,1,2,0,1,0,1,0,1,0,0,0,0,0,1,0,0,1,1,1,4,2000,23323.35547
cs15580145,558,1805773,1805,1,1,1,1,0,0,0,1,0,0,0,0,1,0,0,1,0,1.003737092,1,7.5,1800,45231.29297
cs15650090,565,1805773,1805,1,3,0,1,0,0,0,0,0,0,0,0,0,1,0,0,0,1,1,2.5,2400,13577.09766
cs15640048,564,1805773,1805,1,3,0,0,1,0,0,0,0,0,0,0,0,1,0,0,0,1,1,8,2000,46646.71094
cs15640343,564,1805773,1805,1,3,1,0,1,0,0,0,0,0,0,1,0,0,0,0,0,1.27245903,1,7,2285.714355,38815.87109
cs15690261,569,1805773,1805,1,1,1,0,1,0,0,0,0,0,0,1,0,0,0,1,0,1.27245903,1,7,2142.857178,39815.87109
cs15640331,564,1805773,1805,1,3,1,0,1,0,0,0,0,0,0,0,1,0,0,0,0,0.640173912,1,8,2000,46646.71094
cs15660167,566,1805773,1805,1,2,1,0,1,0,0,0,0,0,0,0,1,0,0,0,1,0.640173912,1,10,2500,53308.39062
cs15660056,566,1805773,1805,1,2,0,0,1,0,0,0,0,0,0,0,0,1,0,0,1,1,1,10,2600,52308.39062
cs15580257,558,1805773,1805,1,1,1,1,0,0,0,1,0,0,0,1,0,0,0,1,0,0.9966933727,1,7.5,1800,45231.29297
cs15650317,565,1805773,1805,1,3,1,1,0,0,0,0,0,0,0,1,0,0,0,0,0,1.003425598,1,2.5,2400,13577.09766
cs15600030,560,1805773,1805,1,1,0,1,0,1,0,0,0,0,0,0,0,1,0,1,0,1,1,6,2166.666748,33985.03125
cs15660075,566,1805773,1805,1,2,1,0,1,0,0,0,0,0,0,0,1,0,0,0,1,0.640173912,1,10,2500,53308.39062
cs15580129,558,1805773,1805,1,1,1,1,0,0,0,1,0,0,0,1,0,0,0,1,0,0.9966933727,1,7.5,1800,45231.29297
cs15680133,568,1805773,1805,1,2,1,1,0,0,1,0,0,0,0,0,1,0,0,0,1,0.9961833954,0,0,,0
cs15680074,568,1805773,1805,1,2,0,1,0,0,1,0,0,0,0,0,0,1,0,0,1,1,0,0,,0
cs15630246,563,1805773,1805,1,3,1,1,0,1,0,1,0,0,0,1,0,0,0,0,0,0.9966933727,1,2.5,2000,14577.09766
cs15650123,565,1805773,1805,1,3,1,1,0,0,0,0,0,0,0,1,0,0,0,0,0,1.003425598,1,4,3000,19323.35547
cs15690040,569,1805773,1805,1,1,0,0,1,0,0,0,0,0,0,0,0,1,0,1,0,1,1,7,2142.857178,39815.87109
cs15640094,564,1805773,1805,1,3,1,0,1,0,0,0,0,0,0,1,0,0,0,0,0,1.27245903,1,4,2000,23323.35547
cs15650427,565,1805773,1805,1,3,1,1,0,0,0,0,0,0,0,0,1,0,0,0,0,0.9961833954,1,2.5,2400,13577.09766
cs15630370,563,1805773,1805,1,3,1,1,0,1,0,1,0,0,0,1,0,0,0,0,0,0.9966933727,1,5,2000,29154.19531
cs15660010,566,1805773,1805,1,2,1,0,1,0,0,0,0,0,0,0,0,1,0,0,1,1.051559091,1,10,2600,52308.39062
cs15590666,559,1805773,1805,1,2,1,1,0,1,0,1,0,0,0,1,0,0,0,0,1,0.9966933727,1,4.5,2222.222168,25238.77539
cs15590075,559,1805773,1805,1,2,0,1,0,1,0,1,0,0,0,0,0,1,0,0,1,1,0,0,,0
cs15650262,565,1805773,1805,1,3,1,1,0,0,0,0,0,0,0,1,0,0,0,0,0,1.003425598,1,3,2000,17492.51562
cs15640377,564,1805773,1805,1,3,1,0,1,0,0,0,0,0,0,0,1,0,0,0,0,0.640173912,1,6,2666.666748,30985.0332
cs15580139,558,1805773,1805,1,1,1,1,0,0,0,1,0,0,0,0,1,0,0,1,0,1.003737092,1,7.5,1800,45231.29297
cs15650065,565,1805773,1805,1,3,1,1,0,0,0,0,0,0,0,0,0,1,0,0,0,0.9567061067,1,2.5,2400,13577.09766
cs15600023,560,1805773,1805,1,1,0,1,0,1,0,0,0,0,0,0,0,1,0,1,0,1,1,5,2400,27154.19531
cs15630097,563,1805773,1805,1,3,1,1,0,1,0,1,0,0,0,0,0,1,0,0,0,0.9944144487,1,2.5,2000,14577.09766
cs15680249,568,1805773,1805,1,2,1,1,0,0,1,0,0,0,0,1,0,0,0,0,1,1.003425598,1,30,2133.333252,170925.1719
cs15660187,566,1805773,1805,1,2,1,0,1,0,0,0,0,0,0,1,0,0,0,0,1,1.27245903,1,10,2600,52308.39062
cs15580013,558,1805773,1805,1,1,0,1,0,0,0,1,0,0,0,0,0,1,0,1,0,1,1,7.5,1800,45231.29297
cs15580170,558,1805773,1805,1,1,1,1,0,0,0,1,0,0,0,1,0,0,0,1,0,0.9966933727,1,7.5,1800,45231.29297
cs15630055,563,1805773,1805,1,3,0,1,0,1,0,1,0,0,0,0,0,1,0,0,0,1,1,2.5,2000,14577.09766
cs14580348,458,1805784,1805,1,3,1,0,1,0,0,0,0,0,0,0,1,0,0,0,0,0.640173912,1,10,2200,56308.39062
cs14530040,453,1805784,1805,1,1,0,1,0,0,1,0,0,0,0,0,0,1,0,1,0,1,1,5,2000,29154.19531
cs14660157,466,1805784,1805,1,1,1,0,1,0,0,0,0,0,0,1,0,0,0,1,0,1.27245903,1,3.5,3571.428467,14907.93555
cs14530173,453,1805784,1805,1,1,1,1,0,0,1,0,0,0,0,0,1,0,0,1,0,0.9961833954,1,3.5,2857.142822,17407.93555
cs14540123,454,1805784,1805,1,3,1,1,0,0,1,0,0,0,0,0,1,0,0,0,0,0.9961833954,0,0,,0
cs14560134,456,1805784,1805,1,1,1,1,0,0,0,1,0,0,0,0,1,0,0,1,0,1.003737092,1,15,2133.333252,85462.58594
cs14540105,454,1805784,1805,1,3,1,1,0,0,1,0,0,0,0,0,1,0,0,0,0,0.9961833954,0,0,,0
cs14780118,478,1805784,1805,1,3,1,1,0,1,0,1,0,0,0,1,0,0,0,0,0,0.9966933727,0,0,,0
cs14790147,479,1805784,1805,1,1,1,0,1,0,0,0,0,0,0,0,1,0,0,1,0,0.640173912,0,0,,0
cs14780129,478,1805784,1805,1,3,1,1,0,1,0,1,0,0,0,1,0,0,0,0,0,0.9966933727,1,12,2833.333252,59970.06641
cs14660160,466,1805784,1805,1,1,1,0,1,0,0,0,0,0,0,1,0,0,0,1,0,1.27245903,1,5,2500,26654.19531
cs14740316,474,1805784,1805,1,2,1,0,1,0,0,0,0,0,0,1,0,0,0,0,1,1.27245903,0,0,,0
cs14740165,474,1805784,1805,1,2,1,0,1,0,0,0,0,0,0,1,0,0,0,0,1,1.27245903,1,10,2200,56308.39062
cs14550003,455,1805784,1805,1,2,0,1,0,1,0,0,0,0,0,0,0,1,0,0,1,1,0,0,,0
cs14740342,474,1805784,1805,1,2,1,0,1,0,0,0,0,0,0,0,1,0,0,0,1,0.640173912,1,2,2125,11411.67773
cs14580175,458,1805784,1805,1,3,1,0,1,0,0,0,0,0,0,0,1,0,0,0,0,0.640173912,1,7.5,2000,43731.29297
cs14570036,457,1805784,1805,1,3,0,0,1,0,0,0,0,0,0,0,0,1,0,0,0,1,0,0,,0
cs14570213,457,1805784,1805,1,3,1,0,1,0,0,0,0,0,0,0,1,0,0,0,0,0.640173912,1,5,2100,28654.19531
cs14570070,457,1805784,1805,1,3,1,0,1,0,0,0,0,0,0,1,0,0,0,0,0,1.27245903,0,0,,0
cs14690302,469,1805784,1805,1,2,1,1,0,0,0,1,0,0,0,1,0,0,0,0,1,0.9966933727,1,15,2000,87462.58594
cs14690042,469,1805784,1805,1,2,0,1,0,0,0,1,0,0,0,0,0,1,0,0,1,1,1,15,2000,87462.58594
cs14790090,479,1805784,1805,1,1,1,0,1,0,0,0,0,0,0,0,1,0,0,1,0,0.640173912,1,2,2500,10661.67773
cs14540101,454,1805784,1805,1,3,1,1,0,0,1,0,0,0,0,1,0,0,0,0,0,1.003425598,0,0,,0
cs14740010,474,1805784,1805,1,2,0,0,1,0,0,0,0,0,0,0,0,1,0,0,1,1,1,1.5,2500,7996.258301
cs14530067,453,1805784,1805,1,1,1,1,0,0,1,0,0,0,0,0,0,1,0,1,0,1.005813479,1,7,2857.142822,34815.87109
cs14580150,458,1805784,1805,1,3,1,0,1,0,0,0,0,0,0,1,0,0,0,0,0,1.27245903,1,10,2000,58308.39062
cs14790053,479,1805784,1805,1,1,0,0,1,0,0,0,0,0,0,0,0,1,0,1,0,1,1,2.25,2333.333252,12369.3877
cs14740247,474,1805784,1805,1,2,1,0,1,0,0,0,0,0,0,1,0,0,0,0,1,1.27245903,1,4,1875,23823.35547
cs14660055,466,1805784,1805,1,1,0,0,1,0,0,0,0,0,0,0,0,1,0,1,0,1,1,5,1000,34154.19531
cs14660218,466,1805784,1805,1,1,1,0,1,0,0,0,0,0,0,0,1,0,0,1,0,0.640173912,1,5,2500,26654.19531
cs14580113,458,1805784,1805,1,3,0,0,1,0,0,0,0,0,0,0,0,1,0,0,0,1,1,6,2000,34985.03125
cs14580125,458,1805784,1805,1,3,1,0,1,0,0,0,0,0,0,0,0,1,0,0,0,0.661996901,1,7.5,2000,43731.29297
cs14790056,479,1805784,1805,1,1,0,0,1,0,0,0,0,0,0,0,0,1,0,1,0,1,0,0,,0
cs14550127,455,1805784,1805,1,2,1,1,0,1,0,0,0,0,0,1,0,0,0,0,1,1.003425598,1,5,3000,24154.19531
cs14660005,466,1805784,1805,1,1,0,0,1,0,0,0,0,0,0,0,0,1,0,1,0,1,1,5,1000,34154.19531
cs14540124,454,1805784,1805,1,3,1,1,0,0,1,0,0,0,0,1,0,0,0,0,0,1.003425598,0,0,,0
cs14660138,466,1805784,1805,1,1,1,0,1,0,0,0,0,0,0,0,1,0,0,1,0,0.640173912,1,2.5,2200,14077.09766
cs14790078,479,1805784,1805,1,1,1,0,1,0,0,0,0,0,0,1,0,0,0,1,0,1.27245903,0,0,,0
cs14740001,474,1805784,1805,1,2,0,0,1,0,0,0,0,0,0,0,0,1,0,0,1,1,0,0,,0
cs14660202,466,1805784,1805,1,1,1,0,1,0,0,0,0,0,0,1,0,0,0,1,0,1.27245903,1,3,1833.333374,17992.51562
cs14560118,456,1805784,1805,1,1,1,1,0,0,0,1,0,0,0,1,0,0,0,1,0,0.9966933727,1,7.5,2133.333252,42731.29297
cs14530058,453,1805784,1805,1,1,0,1,0,0,1,0,0,0,0,0,0,1,0,1,0,1,1,3.5,2857.142822,17407.93555
cs14660073,466,1805784,1805,1,1,0,0,1,0,0,0,0,0,0,0,0,1,0,1,0,1,1,2.5,1800,15077.09766
cs14580294,458,1805784,1805,1,3,1,0,1,0,0,0,0,0,0,1,0,0,0,0,0,1.27245903,0,0,,0
cs14580231,458,1805784,1805,1,3,1,0,1,0,0,0,0,0,0,1,0,0,0,0,0,1.27245903,1,6.5,2000,37900.45312
cs14540106,454,1805784,1805,1,3,1,1,0,0,1,0,0,0,0,1,0,0,0,0,0,1.003425598,0,0,,0
cs14690235,469,1805784,1805,1,2,1,1,0,0,0,1,0,0,0,0,1,0,0,0,1,1.003737092,1,15,2000,87462.58594
cs14690309,469,1805784,1805,1,2,1,1,0,0,0,1,0,0,0,0,1,0,0,0,1,1.003737092,1,15,2000,87462.58594
cs14790033,479,1805784,1805,1,1,0,0,1,0,0,0,0,0,0,0,0,1,0,1,0,1,1,1.5,2666.666748,7746.258301
cs14560094,456,1805784,1805,1,1,1,1,0,0,0,1,0,0,0,0,1,0,0,1,0,1.003737092,1,15,2133.333252,85462.58594
cs14570027,457,1805784,1805,1,3,0,0,1,0,0,0,0,0,0,0,0,1,0,0,0,1,0,0,,0
cs14780110,478,1805784,1805,1,3,1,1,0,1,0,1,0,0,0,1,0,0,0,0,0,0.9966933727,0,0,,0
cs14780016,478,1805784,1805,1,3,0,1,0,1,0,1,0,0,0,0,0,1,0,0,0,1,1,12,2916.666748,58970.06641
cs14690059,469,1805784,1805,1,2,0,1,0,0,0,1,0,0,0,0,0,1,0,0,1,1,0,0,,0
cs14560023,456,1805784,1805,1,1,1,1,0,0,0,1,0,0,0,0,0,1,0,1,0,1.045999765,1,15,2133.333252,85462.58594
cs14790122,479,1805784,1805,1,1,1,0,1,0,0,0,0,0,0,1,0,0,0,1,0,1.27245903,0,0,,0
cs14560144,456,1805784,1805,1,1,1,1,0,0,0,1,0,0,0,1,0,0,0,1,0,0.9966933727,1,7.5,2133.333252,42731.29297
cs14570165,457,1805784,1805,1,3,1,0,1,0,0,0,0,0,0,1,0,0,0,0,0,1.27245903,0,0,,0
cs14690202,469,1805784,1805,1,2,1,1,0,0,0,1,0,0,0,1,0,0,0,0,1,0.9966933727,1,15,2000,87462.58594
cs14780034,478,1805784,1805,1,3,1,1,0,1,0,1,0,0,0,0,0,1,0,0,0,0.9944144487,0,0,,0
cs14740278,474,1805784,1805,1,2,1,0,1,0,0,0,0,0,0,0,1,0,0,0,1,0.640173912,1,2,1875,11911.67773
cs14530227,453,1805784,1805,1,1,1,1,0,0,1,0,0,0,0,1,0,0,0,1,0,1.003425598,1,3.75,2666.666748,19365.64648
cs14540046,454,1805784,1805,1,3,0,1,0,0,1,0,0,0,0,0,0,1,0,0,0,1,0,0,,0
cs14550005,455,1805784,1805,1,2,0,1,0,1,0,0,0,0,0,0,0,1,0,0,1,1,1,7.5,2133.333252,42731.29297
cs14560007,456,1805784,1805,1,1,1,1,0,0,0,1,0,0,0,0,0,1,0,1,0,1.045999765,1,15,2133.333252,85462.58594
cs14530365,453,1805784,1805,1,1,1,1,0,0,1,0,0,0,0,1,0,0,0,1,0,1.003425598,1,7.5,2666.666748,38731.29297
cs14530188,453,1805784,1805,1,1,1,1,0,0,1,0,0,0,0,0,1,0,0,1,0,0.9961833954,1,2.5,4000,9577.097656
cs14570183,457,1805784,1805,1,3,1,0,1,0,0,0,0,0,0,0,1,0,0,0,0,0.640173912,1,10,2100,57308.39062
cs14570199,457,1805784,1805,1,3,1,0,1,0,0,0,0,0,0,1,0,0,0,0,0,1.27245903,1,5,2000,29154.19531
cs14790106,479,1805784,1805,1,1,1,0,1,0,0,0,0,0,0,1,0,0,0,1,0,1.27245903,0,0,,0
cs14560191,456,1805784,1805,1,1,1,1,0,0,0,1,0,0,0,1,0,0,0,1,0,0.9966933727,1,15,2133.333252,85462.58594
cs14690123,469,1805784,1805,1,2,1,1,0,0,0,1,0,0,0,1,0,0,0,0,1,0.9966933727,1,15,2000,87462.58594
cs14540069,454,1805784,1805,1,3,0,1,0,0,1,0,0,0,0,0,0,1,0,0,0,1,0,0,,0
cs14540016,454,1805784,1805,1,3,0,1,0,0,1,0,0,0,0,0,0,1,0,0,0,1,0,0,,0
cs14740008,474,1805784,1805,1,2,0,0,1,0,0,0,0,0,0,0,0,1,0,0,1,1,1,5,2321.428467,27904.19336
cs14530407,453,1805784,1805,1,1,1,1,0,0,1,0,0,0,0,1,0,0,0,1,0,1.003425598,1,7,2857.142822,34815.87109
cs14690026,469,1805784,1805,1,2,0,1,0,0,0,1,0,0,0,0,0,1,0,0,1,1,0,0,,0
cs14550046,455,1805784,1805,1,2,1,1,0,1,0,0,0,0,0,1,0,0,0,0,1,1.003425598,1,7.5,2133.333252,42731.29297
cs14550222,455,1805784,1805,1,2,1,1,0,1,0,0,0,0,0,1,0,0,0,0,1,1.003425598,0,0,,0
cs14580127,458,1805784,1805,1,3,0,0,1,0,0,0,0,0,0,0,0,1,0,0,0,1,1,7.5,2000,43731.29297
cs14570003,457,1805784,1805,1,3,0,0,1,0,0,0,0,0,0,0,0,1,0,0,0,1,1,5,2000,29154.19531
cs14560040,456,1805784,1805,1,1,0,1,0,0,0,1,0,0,0,0,0,1,0,1,0,1,1,15,2133.333252,85462.58594
cs16800072,680,1871177,1871,1,1,1,1,0,1,0,0,0,0,0,1,0,0,0,1,0,1.003425598,1,5,2000,29154.19531
cs16840281,684,1871177,1871,1,1,1,0,1,0,0,0,0,0,0,0,1,0,0,1,0,0.640173912,1,15,2466.666748,80462.58594
cs16810102,681,1871177,1871,1,3,1,1,0,1,0,0,0,0,0,1,0,0,0,0,0,1.003425598,1,20,2500,106616.7812
cs16790488,679,1871177,1871,1,3,1,0,1,0,0,0,0,0,0,1,0,0,0,0,0,1.27245903,1,10,2500,53308.39062
cs16790029,679,1871177,1871,1,3,1,0,1,0,0,0,0,0,0,0,0,1,0,0,0,0.661996901,0,0,,0
cs16810004,681,1871177,1871,1,3,0,1,0,1,0,0,0,0,0,0,0,1,0,0,0,1,0,0,,0
cs16830220,683,1871177,1871,1,2,1,1,0,0,1,1,0,0,0,1,0,0,0,0,1,0.9966933727,1,10,2500,53308.39062
cs16840585,684,1871177,1871,1,1,1,0,1,0,0,0,0,0,0,0,1,0,0,1,0,0.640173912,0,0,,0
cs16780071,678,1871177,1871,1,1,0,1,0,0,1,0,0,0,0,0,0,1,0,1,0,1,1,7,2285.714355,38815.87109
cs16790032,679,1871177,1871,1,3,0,0,1,0,0,0,0,0,0,0,0,1,0,0,0,1,0,0,,0
cs16780070,678,1871177,1871,1,1,0,1,0,0,1,0,0,0,0,0,0,1,0,1,0,1,0,0,,0
cs16820255,682,1871177,1871,1,2,1,1,0,1,0,0,0,0,0,1,0,0,0,0,1,1.003425598,1,7.5,2200,42231.29297
cs16790325,679,1871177,1871,1,3,1,0,1,0,0,0,0,0,0,1,0,0,0,0,0,1.27245903,1,9,2777.777832,45477.55078
cs16800018,680,1871177,1871,1,1,0,1,0,1,0,0,0,0,0,0,0,1,0,1,0,1,0,0,,0
cs16820135,682,1871177,1871,1,2,0,1,0,1,0,0,0,0,0,0,0,1,0,0,1,1,1,22.5,2133.333252,128193.875
cs16780248,678,1871177,1871,1,1,1,1,0,0,1,0,0,0,0,1,0,0,0,1,0,1.003425598,1,10,2500,53308.39062
cs16840024,684,1871177,1871,1,1,1,0,1,0,0,0,0,0,0,0,0,1,0,1,0,0.661996901,0,0,,0
cs16810629,681,1871177,1871,1,3,1,1,0,1,0,0,0,0,0,1,0,0,0,0,0,1.003425598,1,30,2500,159925.1719
cs16830317,683,1871177,1871,1,2,1,1,0,0,1,1,0,0,0,1,0,0,0,0,1,0.9966933727,1,11.25,2333.333252,61846.9375
cs16780616,678,1871177,1871,1,1,1,1,0,0,1,0,0,0,0,0,1,0,0,1,0,0.9961833954,1,10,2000,58308.39062
cs16840983,684,1871177,1871,1,1,1,0,1,0,0,0,0,0,0,1,0,0,0,1,0,1.27245903,1,5,2500,26654.19531
cs16780601,678,1871177,1871,1,1,1,1,0,0,1,0,0,0,0,1,0,0,0,1,0,1.003425598,1,10,2500,53308.39062
cs16830438,683,1871177,1871,1,2,1,1,0,0,1,1,0,0,0,0,1,0,0,0,1,1.003737092,1,10,2500,53308.39062
cs16800020,680,1871177,1871,1,1,0,1,0,1,0,0,0,0,0,0,0,1,0,1,0,1,0,0,,0
cs16790394,679,1871177,1871,1,3,1,0,1,0,0,0,0,0,0,1,0,0,0,0,0,1.27245903,1,10,2200,56308.39062
cs16790405,679,1871177,1871,1,3,1,0,1,0,0,0,0,0,0,0,1,0,0,0,0,0.640173912,0,0,,0
cs16830422,683,1871177,1871,1,2,1,1,0,0,1,1,0,0,0,1,0,0,0,0,1,0.9966933727,1,15,2500,79962.58594
cs16790020,679,1871177,1871,1,3,0,0,1,0,0,0,0,0,0,0,0,1,0,0,0,1,0,0,,0
cs16800056,680,1871177,1871,1,1,1,1,0,1,0,0,0,0,0,1,0,0,0,1,0,1.003425598,1,15,2000,87462.58594
cs16840075,684,1871177,1871,1,1,1,0,1,0,0,0,0,0,0,0,0,1,0,1,0,0.661996901,1,7.5,2400,40731.29297
cs16810389,681,1871177,1871,1,3,1,1,0,1,0,0,0,0,0,1,0,0,0,0,0,1.003425598,1,15,2666.666748,77462.58594
cs16810035,681,1871177,1871,1,3,0,1,0,1,0,0,0,0,0,0,0,1,0,0,0,1,1,15,2100,85962.58594
cs16780202,678,1871177,1871,1,1,1,1,0,0,1,0,0,0,0,1,0,0,0,1,0,1.003425598,1,15,2500,79962.58594
cs16810020,681,1871177,1871,1,3,1,1,0,1,0,0,0,0,0,0,0,1,0,0,0,1.005813479,1,15,2666.666748,77462.58594
cs16800008,680,1871177,1871,1,1,0,1,0,1,0,0,0,0,0,0,0,1,0,1,0,1,0,0,,0
cs16840064,684,1871177,1871,1,1,0,0,1,0,0,0,0,0,0,0,0,1,0,1,0,1,0,0,,0
cs16790183,679,1871177,1871,1,3,1,0,1,0,0,0,0,0,0,0,1,0,0,0,0,0.640173912,0,0,,0
cs16830037,683,1871177,1871,1,2,0,1,0,0,1,1,0,0,0,0,0,1,0,0,1,1,1,3.75,2333.333252,20615.64648
cs16820516,682,1871177,1871,1,2,1,1,0,1,0,0,0,0,0,1,0,0,0,0,1,1.003425598,1,10,3000,48308.39062
cs16820108,682,1871177,1871,1,2,1,1,0,1,0,0,0,0,0,0,0,1,0,0,1,1.005813479,1,15,2466.666748,80462.58594
cs16840767,684,1871177,1871,1,1,1,0,1,0,0,0,0,0,0,1,0,0,0,1,0,1.27245903,1,15,2466.666748,80462.58594
cs16830008,683,1871177,1871,1,2,1,1,0,0,1,1,0,0,0,0,0,1,0,0,1,1.045999765,1,10,2500,53308.39062
cs16820656,682,1871177,1871,1,2,1,1,0,1,0,0,0,0,0,1,0,0,0,0,1,1.003425598,1,7.5,2333.333252,41231.29297
cs16830359,683,1871177,1871,1,2,1,1,0,0,1,1,0,0,0,0,1,0,0,0,1,1.003737092,1,10,2500,53308.39062
cs16840899,684,1871177,1871,1,1,1,0,1,0,0,0,0,0,0,1,0,0,0,1,0,1.27245903,1,7.5,2400,40731.29297
cs16820131,682,1871177,1871,1,2,1,1,0,1,0,0,0,0,0,0,0,1,0,0,1,1.005813479,0,0,,0
cs16780539,678,1871177,1871,1,1,1,1,0,0,1,0,0,0,0,0,1,0,0,1,0,0.9961833954,1,10,2500,53308.39062
cs16780055,678,1871177,1871,1,1,0,1,0,0,1,0,0,0,0,0,0,1,0,1,0,1,0,0,,0
cs16800069,680,1871177,1871,1,1,1,1,0,1,0,0,0,0,0,1,0,0,0,1,0,1.003425598,1,15,2000,87462.58594
cs16830131,683,1871177,1871,1,2,1,1,0,0,1,1,0,0,0,0,0,1,0,0,1,1.045999765,1,15,2500,79962.58594
cs16120064,612,1871215,1871,1,1,0,0,1,0,0,0,0,0,0,0,0,1,0,1,0,1,0,0,,0
cs16090317,609,1871215,1871,1,1,1,1,0,0,1,0,0,0,0,1,0,0,0,1,0,1.003425598,0,0,,0
cs16090325,609,1871215,1871,1,1,1,1,0,0,1,0,0,0,0,1,0,0,0,1,0,1.003425598,1,8,3000,38646.71094
cs16030040,603,1871215,1871,1,2,1,1,0,0,0,1,0,0,0,0,0,1,0,0,1,1.045999765,1,7,2285.714355,38815.87109
cs16090059,609,1871215,1871,1,1,0,1,0,0,1,0,0,0,0,0,0,1,0,1,0,1,1,12,2333.333252,65970.0625
cs16030429,603,1871215,1871,1,2,1,1,0,0,0,1,0,0,0,0,1,0,0,0,1,1.003737092,1,16,2000,93293.42188
cs16070122,607,1871215,1871,1,1,1,1,0,1,1,0,0,0,0,1,0,0,0,1,0,1.003425598,0,0,,0
cs16130239,613,1871215,1871,1,2,1,1,0,1,0,0,0,0,0,1,0,0,0,0,1,1.003425598,1,5,2000,29154.19531
cs16100110,610,1871215,1871,1,2,0,0,1,0,0,0,0,0,0,0,0,1,0,0,1,1,1,4,2750,20323.35547
cs16040010,604,1871215,1871,1,3,0,0,1,0,0,0,0,0,0,0,0,1,0,0,0,1,1,5,2000,29154.19531
cs16070198,607,1871215,1871,1,1,1,1,0,1,1,0,0,0,0,1,0,0,0,1,0,1.003425598,1,5,2400,27154.19531
cs16120034,612,1871215,1871,1,1,0,0,1,0,0,0,0,0,0,0,0,1,0,1,0,1,1,15,2333.333252,82462.58594
cs16110404,611,1871215,1871,1,3,1,1,0,1,1,0,0,0,0,1,0,0,0,0,0,1.003425598,0,0,,0
cs16110410,611,1871215,1871,1,3,1,1,0,1,1,0,0,0,0,1,0,0,0,0,0,1.003425598,1,10,2200,56308.39062
cs16110031,611,1871215,1871,1,3,0,1,0,1,1,0,0,0,0,0,0,1,0,0,0,1,1,4,2500,21323.35547
cs16100473,610,1871215,1871,1,2,1,0,1,0,0,0,0,0,0,1,0,0,0,0,1,1.27245903,1,5,2200,28154.19531
cs16110028,611,1871215,1871,1,3,0,1,0,1,1,0,0,0,0,0,0,1,0,0,0,1,1,5,2000,29154.19531
cs16100989,610,1871215,1871,1,2,1,0,1,0,0,0,0,0,0,0,1,0,0,0,1,0.640173912,1,5,2200,28154.19531
cs16110025,611,1871215,1871,1,3,0,1,0,1,1,0,0,0,0,0,0,1,0,0,0,1,1,4,2500,21323.35547
cs16070015,607,1871215,1871,1,1,0,1,0,1,1,0,0,0,0,0,0,1,0,1,0,1,0,0,,0
cs16050764,605,1871215,1871,1,3,1,1,0,0,1,1,0,0,0,1,0,0,0,0,0,0.9966933727,1,10,2000,58308.39062
cs16030518,603,1871215,1871,1,2,1,1,0,0,0,1,0,0,0,1,0,0,0,0,1,0.9966933727,1,10,2000,58308.39062
cs16090040,609,1871215,1871,1,1,0,1,0,0,1,0,0,0,0,0,0,1,0,1,0,1,1,15,2400,81462.58594
cs16040526,604,1871215,1871,1,3,1,0,1,0,0,0,0,0,0,1,0,0,0,0,0,1.27245903,0,0,,0
cs16090440,609,1871215,1871,1,1,1,1,0,0,1,0,0,0,0,0,1,0,0,1,0,0.9961833954,1,10,2200,56308.39062
cs16130057,613,1871215,1871,1,2,0,1,0,1,0,0,0,0,0,0,0,1,0,0,1,1,1,10,2200,56308.39062
cs16100033,610,1871215,1871,1,2,0,0,1,0,0,0,0,0,0,0,0,1,0,0,1,1,0,0,,0
cs16100725,610,1871215,1871,1,2,1,0,1,0,0,0,0,0,0,1,0,0,0,0,1,1.27245903,1,10,2200,56308.39062
cs16100621,610,1871215,1871,1,2,1,0,1,0,0,0,0,0,0,0,1,0,0,0,1,0.640173912,1,5,2000,29154.19531
cs16121109,612,1871215,1871,1,1,1,0,1,0,0,0,0,0,0,0,1,0,0,1,0,0.640173912,1,15,2133.333252,85462.58594
cs16090099,609,1871215,1871,1,1,1,1,0,0,1,0,0,0,0,0,0,1,0,1,0,1.005813479,1,7,2428.571533,37815.87109
cs16121119,612,1871215,1871,1,1,1,0,1,0,0,0,0,0,0,1,0,0,0,1,0,1.27245903,1,7,2428.571533,37815.87109
cs16050045,605,1871215,1871,1,3,0,1,0,0,1,1,0,0,0,0,0,1,0,0,0,1,1,4,2000,23323.35547
cs16030494,603,1871215,1871,1,2,1,1,0,0,0,1,0,0,0,1,0,0,0,0,1,0.9966933727,1,8,2000,46646.71094
cs16050243,605,1871215,1871,1,3,1,1,0,0,1,1,0,0,0,0,1,0,0,0,0,1.003737092,1,7,2142.857178,39815.87109
cs16120222,612,1871215,1871,1,1,1,0,1,0,0,0,0,0,0,1,0,0,0,1,0,1.27245903,1,15,2133.333252,85462.58594
cs16050023,605,1871215,1871,1,3,1,1,0,0,1,1,0,0,0,0,0,1,0,0,0,1.045999765,1,4,2000,23323.35547
cs16050400,605,1871215,1871,1,3,1,1,0,0,1,1,0,0,0,1,0,0,0,0,0,0.9966933727,1,10,2000,58308.39062
cs16080077,608,1871215,1871,1,2,0,1,0,1,0,1,0,0,0,0,0,1,0,0,1,1,1,15,2000,87462.58594
cs16081029,608,1871215,1871,1,2,1,1,0,1,0,1,0,0,0,1,0,0,0,0,1,0.9966933727,1,15,2000,87462.58594
cs16080039,608,1871215,1871,1,2,0,1,0,1,0,1,0,0,0,0,0,1,0,0,1,1,0,0,,0
cs16100005,610,1871215,1871,1,2,0,0,1,0,0,0,0,0,0,0,0,1,0,0,1,1,1,5,2200,28154.19531
cs16130076,613,1871215,1871,1,2,0,1,0,1,0,0,0,0,0,0,0,1,0,0,1,1,1,5,2000,29154.19531
cs16030179,603,1871215,1871,1,2,1,1,0,0,0,1,0,0,0,0,1,0,0,0,1,1.003737092,1,8,2000,46646.71094
cs16120023,612,1871215,1871,1,1,0,0,1,0,0,0,0,0,0,0,0,1,0,1,0,1,0,0,,0
cs16050745,605,1871215,1871,1,3,1,1,0,0,1,1,0,0,0,0,1,0,0,0,0,1.003737092,1,6,2000,34985.03125
cs16070383,607,1871215,1871,1,1,1,1,0,1,1,0,0,0,0,1,0,0,0,1,0,1.003425598,0,0,,0
cs16110181,611,1871215,1871,1,3,1,1,0,1,1,0,0,0,0,1,0,0,0,0,0,1.003425598,1,6,2166.666748,33985.03125
cs16090651,609,1871215,1871,1,1,1,1,0,0,1,0,0,0,0,0,1,0,0,1,0,0.9961833954,1,10,2500,53308.39062
cs16040376,604,1871215,1871,1,3,1,0,1,0,0,0,0,0,0,1,0,0,0,0,0,1.27245903,1,5,2400,27154.19531
cs16040032,604,1871215,1871,1,3,0,0,1,0,0,0,0,0,0,0,0,1,0,0,0,1,1,5,2000,29154.19531
cs16050824,605,1871215,1871,1,3,1,1,0,0,1,1,0,0,0,1,0,0,0,0,0,0.9966933727,0,0,,0
cs16030013,603,1871215,1871,1,2,0,1,0,0,0,1,0,0,0,0,0,1,0,0,1,1,1,16,2000,93293.42188
cs16100753,610,1871215,1871,1,2,1,0,1,0,0,0,0,0,0,1,0,0,0,0,1,1.27245903,1,4,2750,20323.35547
cs16121131,612,1871215,1871,1,1,1,0,1,0,0,0,0,0,0,0,1,0,0,1,0,0.640173912,0,0,,0
cs16070040,607,1871215,1871,1,1,0,1,0,1,1,0,0,0,0,0,0,1,0,1,0,1,0,0,,0
cs16030046,603,1871215,1871,1,2,0,1,0,0,0,1,0,0,0,0,0,1,0,0,1,1,1,8,2000,46646.71094
cs16080094,608,1871215,1871,1,2,1,1,0,1,0,1,0,0,0,0,0,1,0,0,1,0.9944144487,0,0,,0
cs16081092,608,1871215,1871,1,2,1,1,0,1,0,1,0,0,0,1,0,0,0,0,1,0.9966933727,1,5,2400,27154.19531
cs16130409,613,1871215,1871,1,2,1,1,0,1,0,0,0,0,0,1,0,0,0,0,1,1.003425598,1,5,2000,29154.19531
cs16050008,605,1871215,1871,1,3,0,1,0,0,1,1,0,0,0,0,0,1,0,0,0,1,0,0,,0
cs16040863,604,1871215,1871,1,3,1,0,1,0,0,0,0,0,0,0,1,0,0,0,0,0.640173912,1,10,2200,56308.39062
cs16040769,604,1871215,1871,1,3,1,0,1,0,0,0,0,0,0,0,1,0,0,0,0,0.640173912,0,0,,0
cs16120310,612,1871215,1871,1,1,1,0,1,0,0,0,0,0,0,1,0,0,0,1,0,1.27245903,0,0,,0
cs16040467,604,1871215,1871,1,3,1,0,1,0,0,0,0,0,0,1,0,0,0,0,0,1.27245903,1,10,2000,58308.39062
cs16130008,613,1871215,1871,1,2,0,1,0,1,0,0,0,0,0,0,0,1,0,0,1,1,1,20,1800,120616.7812
cs16130706,613,1871215,1871,1,2,1,1,0,1,0,0,0,0,0,1,0,0,0,0,1,1.003425598,1,5,2000,29154.19531
cs16090164,609,1871215,1871,1,1,1,1,0,0,1,0,0,0,0,1,0,0,0,1,0,1.003425598,1,8,3000,38646.71094
cs16040025,604,1871215,1871,1,3,0,0,1,0,0,0,0,0,0,0,0,1,0,0,0,1,1,5,2000,29154.19531
cs16081209,608,1871215,1871,1,2,1,1,0,1,0,1,0,0,0,1,0,0,0,0,1,0.9966933727,1,5,3000,24154.19531
cs16030446,603,1871215,1871,1,2,1,1,0,0,0,1,0,0,0,1,0,0,0,0,1,0.9966933727,1,10,2200,56308.39062
cs16640091,664,1871222,1871,1,2,1,0,1,0,0,0,0,0,0,0,0,1,0,0,1,0.661996901,1,7.5,2400,40731.29297
cs16640473,664,1871222,1871,1,2,1,0,1,0,0,0,0,0,0,0,1,0,0,0,1,0.640173912,1,4,2500,21323.35547
cs16690060,669,1871222,1871,1,1,0,1,0,0,1,1,0,0,0,0,0,1,0,1,0,1,1,15,2000,87462.58594
cs16690112,669,1871222,1871,1,1,1,1,0,0,1,1,0,0,0,1,0,0,0,1,0,0.9966933727,0,0,,0
cs16670281,667,1871222,1871,1,3,1,0,1,0,0,0,0,0,0,0,1,0,0,0,0,0.640173912,1,6,2500,31985.0332
cs16640312,664,1871222,1871,1,2,1,0,1,0,0,0,0,0,0,1,0,0,0,0,1,1.27245903,1,8,2500,42646.71094
cs16640080,664,1871222,1871,1,2,1,0,1,0,0,0,0,0,0,0,0,1,0,0,1,1.051559091,1,8,2125,45646.71094
cs16670380,667,1871222,1871,1,3,1,0,1,0,0,0,0,0,0,1,0,0,0,0,0,1.27245903,1,7,2500,37315.87109
cs16670366,667,1871222,1871,1,3,1,0,1,0,0,0,0,0,0,1,0,0,0,0,0,1.27245903,1,6,2000,34985.03125
cs16690490,669,1871222,1871,1,1,1,1,0,0,1,1,0,0,0,1,0,0,0,1,0,0.9966933727,1,10,2300,55308.39062
cs16690181,669,1871222,1871,1,1,1,1,0,0,1,1,0,0,0,0,1,0,0,1,0,1.003737092,1,10,2300,55308.39062
cs16680008,668,1871222,1871,1,3,0,1,0,0,1,1,0,0,0,0,0,1,0,0,0,1,0,0,,0
cs16690064,669,1871222,1871,1,1,0,1,0,0,1,1,0,0,0,0,0,1,0,1,0,1,0,0,,0
cs16670034,667,1871222,1871,1,3,0,0,1,0,0,0,0,0,0,0,0,1,0,0,0,1,1,15,2333.333252,82462.58594
cs16680148,668,1871222,1871,1,3,1,1,0,0,1,1,0,0,0,1,0,0,0,0,0,0.9966933727,1,6,2000,34985.03125
cs16670295,667,1871222,1871,1,3,1,0,1,0,0,0,0,0,0,0,1,0,0,0,0,0.640173912,1,5,2500,26654.19531
cs16690246,669,1871222,1871,1,1,1,1,0,0,1,1,0,0,0,0,1,0,0,1,0,1.003737092,1,8,2000,46646.71094
cs16680090,668,1871222,1871,1,3,1,1,0,0,1,1,0,0,0,1,0,0,0,0,0,0.9966933727,1,8,2000,46646.71094
cs16690514,669,1871222,1871,1,1,1,1,0,0,1,1,0,0,0,1,0,0,0,1,0,0.9966933727,1,15,2100,85962.58594
cs16640145,664,1871222,1871,1,2,1,0,1,0,0,0,0,0,0,1,0,0,0,0,1,1.27245903,1,4,2500,21323.35547
cs16640437,664,1871222,1871,1,2,1,0,1,0,0,0,0,0,0,1,0,0,0,0,1,1.27245903,1,7,2571.428467,36815.87109
cs16690039,669,1871222,1871,1,1,0,1,0,0,1,1,0,0,0,0,0,1,0,1,0,1,0,0,,0
cs16670417,667,1871222,1871,1,3,1,0,1,0,0,0,0,0,0,1,0,0,0,0,0,1.27245903,1,7.5,2200,42231.29297
cs16670039,667,1871222,1871,1,3,0,0,1,0,0,0,0,0,0,0,0,1,0,0,0,1,1,15,2333.333252,82462.58594
cs16680430,668,1871222,1871,1,3,1,1,0,0,1,1,0,0,0,0,1,0,0,0,0,1.003737092,1,5,2200,28154.19531
cs16680609,668,1871222,1871,1,3,1,1,0,0,1,1,0,0,0,1,0,0,0,0,0,0.9966933727,1,15,2000,87462.58594
cs16680086,668,1871222,1871,1,3,1,1,0,0,1,1,0,0,0,0,1,0,0,0,0,1.003737092,0,0,,0
cs16680063,668,1871222,1871,1,3,0,1,0,0,1,1,0,0,0,0,0,1,0,0,0,1,1,7.5,2000,43731.29297
cs16670030,667,1871222,1871,1,3,1,0,1,0,0,0,0,0,0,0,0,1,0,0,0,1.051559091,0,0,,0
cs16680057,668,1871222,1871,1,3,0,1,0,0,1,1,0,0,0,0,0,1,0,0,0,1,1,7.5,2000,43731.29297
cs16640297,664,1871222,1871,1,2,1,0,1,0,0,0,0,0,0,0,1,0,0,0,1,0.640173912,1,7,2142.857178,39815.87109
cs16640037,664,1871222,1871,1,2,0,0,1,0,0,0,0,0,0,0,0,1,0,0,1,1,0,0,,0
cs16770564,677,1871324,1871,1,1,1,1,0,0,0,0,0,0,0,0,1,0,0,1,0,0.9961833954,1,10,2200,56308.39062
cs16720462,672,1871324,1871,1,2,1,0,1,0,0,0,0,0,0,1,0,0,0,0,1,1.27245903,1,2.5,3200,11577.09766
cs16720021,672,1871324,1871,1,2,0,0,1,0,0,0,0,0,0,0,0,1,0,0,1,1,1,5,2200,28154.19531
cs16770133,677,1871324,1871,1,1,1,1,0,0,0,0,0,0,0,1,0,0,0,1,0,1.003425598,1,15,2500,79962.58594
cs16740306,674,1871324,1871,1,2,1,1,0,0,1,1,0,0,0,1,0,0,0,0,1,0.9966933727,0,0,,0
cs16720031,672,1871324,1871,1,2,1,0,1,0,0,0,0,0,0,0,0,1,0,0,1,1.051559091,1,5,2200,28154.19531
cs16720415,672,1871324,1871,1,2,1,0,1,0,0,0,0,0,0,1,0,0,0,0,1,1.27245903,1,7,2142.857178,39815.87109
cs16720089,672,1871324,1871,1,2,1,0,1,0,0,0,0,0,0,1,0,0,0,0,1,1.27245903,1,10.5,2142.857178,59723.80469
cs16740281,674,1871324,1871,1,2,1,1,0,0,1,1,0,0,0,1,0,0,0,0,1,0.9966933727,1,10,2200,56308.39062
cs16720067,672,1871324,1871,1,2,1,0,1,0,0,0,0,0,0,0,1,0,0,0,1,0.640173912,1,7,2142.857178,39815.87109
cs16720360,672,1871324,1871,1,2,1,0,1,0,0,0,0,0,0,0,1,0,0,0,1,0.640173912,1,7,2142.857178,39815.87109
cs16740033,674,1871324,1871,1,2,0,1,0,0,1,1,0,0,0,0,0,1,0,0,1,1,1,5,2200,28154.19531
cs16760689,676,1871324,1871,1,3,1,1,0,0,0,0,0,0,0,1,0,0,0,0,0,1.003425598,1,15,2500,79962.58594
cs16770121,677,1871324,1871,1,1,1,1,0,0,0,0,0,0,0,1,0,0,0,1,0,1.003425598,1,15,2000,87462.58594
cs16760805,676,1871324,1871,1,3,1,1,0,0,0,0,0,0,0,1,0,0,0,0,0,1.003425598,1,5,2600,26154.19531
cs16740181,674,1871324,1871,1,2,1,1,0,0,1,1,0,0,0,0,1,0,0,0,1,1.003737092,1,5,2200,28154.19531
cs16750034,675,1871324,1871,1,1,0,1,0,1,0,0,0,0,0,0,0,1,0,1,0,1,1,10,2000,58308.39062
cs16760670,676,1871324,1871,1,3,1,1,0,0,0,0,0,0,0,1,0,0,0,0,0,1.003425598,0,0,,0
cs16740160,674,1871324,1871,1,2,1,1,0,0,1,1,0,0,0,0,1,0,0,0,1,1.003737092,1,4.5,2222.222168,25238.77539
cs16740234,674,1871324,1871,1,2,1,1,0,0,1,1,0,0,0,1,0,0,0,0,1,0.9966933727,1,5,2200,28154.19531
cs16760268,676,1871324,1871,1,3,1,1,0,0,0,0,0,0,0,0,1,0,0,0,0,0.9961833954,1,5,2500,26654.19531
cs16770030,677,1871324,1871,1,1,0,1,0,0,0,0,0,0,0,0,0,1,0,1,0,1,0,0,,0
cs16740049,674,1871324,1871,1,2,0,1,0,0,1,1,0,0,0,0,0,1,0,0,1,1,1,5,2200,28154.19531
cs16750420,675,1871324,1871,1,1,1,1,0,1,0,0,0,0,0,1,0,0,0,1,0,1.003425598,1,10,2000,58308.39062
cs16760039,676,1871324,1871,1,3,0,1,0,0,0,0,0,0,0,0,0,1,0,0,0,1,0,0,,0
cs16770003,677,1871324,1871,1,1,0,1,0,0,0,0,0,0,0,0,0,1,0,1,0,1,1,7.5,2200,42231.29297
cs16770719,677,1871324,1871,1,1,1,1,0,0,0,0,0,0,0,1,0,0,0,1,0,1.003425598,1,7.5,2200,42231.29297
cs16760649,676,1871324,1871,1,3,1,1,0,0,0,0,0,0,0,0,1,0,0,0,0,0.9961833954,0,0,,0
cs16740011,674,1871324,1871,1,2,0,1,0,0,1,1,0,0,0,0,0,1,0,0,1,1,1,5,2200,28154.19531
cs16760018,676,1871324,1871,1,3,0,1,0,0,0,0,0,0,0,0,0,1,0,0,0,1,0,0,,0
cs16750353,675,1871324,1871,1,1,1,1,0,1,0,0,0,0,0,1,0,0,0,1,0,1.003425598,1,7,2000,40815.87109
cs16770672,677,1871324,1871,1,1,1,1,0,0,0,0,0,0,0,0,1,0,0,1,0,0.9961833954,1,13.5,2222.222168,75716.32812
cs16760054,676,1871324,1871,1,3,0,1,0,0,0,0,0,0,0,0,0,1,0,0,0,1,0,0,,0
cs16720026,672,1871324,1871,1,2,1,0,1,0,0,0,0,0,0,0,0,1,0,0,1,1.051559091,1,11.25,1466.666626,71596.9375
cs16750242,675,1871324,1871,1,1,1,1,0,1,0,0,0,0,0,1,0,0,0,1,0,1.003425598,1,10,2000,58308.39062
cs16770032,677,1871324,1871,1,1,0,1,0,0,0,0,0,0,0,0,0,1,0,1,0,1,0,0,,0
cs16230119,623,1871351,1871,1,2,1,1,0,1,1,1,0,0,0,1,0,0,0,0,1,0.9966933727,1,15,2500,79962.58594
cs16340010,634,1871351,1871,1,1,0,1,0,1,0,1,0,0,0,0,0,1,0,1,0,1,1,7.5,2000,43731.29297
cs16320116,632,1871351,1871,1,2,1,1,0,0,0,0,0,0,0,0,1,0,0,0,1,0.9961833954,1,7,2000,40815.87109
cs16260084,626,1871351,1871,1,3,1,1,0,0,0,0,0,0,0,0,0,1,0,0,0,1.005813479,1,4,2500,21323.35547
cs16340227,634,1871351,1871,1,1,1,1,0,1,0,1,0,0,0,1,0,0,0,1,0,0.9966933727,0,0,,0
cs16230164,623,1871351,1871,1,2,1,1,0,1,1,1,0,0,0,1,0,0,0,0,1,0.9966933727,1,7.5,3200,34731.29297
cs16270195,627,1871351,1871,1,1,1,1,0,0,1,0,0,0,0,1,0,0,0,1,0,1.003425598,1,10,2000,58308.39062
cs16320051,632,1871351,1871,1,2,0,1,0,0,0,0,0,0,0,0,0,1,0,0,1,1,0,0,,0
cs16320028,632,1871351,1871,1,2,0,1,0,0,0,0,0,0,0,0,0,1,0,0,1,1,0,0,,0
cs16310233,631,1871351,1871,1,1,1,0,1,0,0,0,0,0,0,0,1,0,0,1,0,0.640173912,1,10,2000,58308.39062
cs16310096,631,1871351,1871,1,1,1,0,1,0,0,0,0,0,0,1,0,0,0,1,0,1.27245903,0,0,,0
cs16340429,634,1871351,1871,1,1,1,1,0,1,0,1,0,0,0,1,0,0,0,1,0,0.9966933727,1,5,2000,29154.19531
cs16350050,635,1871351,1871,1,3,1,0,1,0,0,0,0,0,0,0,1,0,0,0,0,0.640173912,1,5,2400,27154.19531
cs16300191,630,1871351,1871,1,2,1,0,1,0,0,0,0,0,0,1,0,0,0,0,1,1.27245903,1,10,2000,58308.39062
cs16260670,626,1871351,1871,1,3,1,1,0,0,0,0,0,0,0,1,0,0,0,0,0,1.003425598,1,10,2250,55808.39062
cs16280011,628,1871351,1871,1,3,0,1,0,1,0,1,0,0,0,0,0,1,0,0,0,1,0,0,,0
cs16300189,630,1871351,1871,1,2,1,0,1,0,0,0,0,0,0,0,1,0,0,0,1,0.640173912,1,10,1000,68308.39062
cs16350120,635,1871351,1871,1,3,1,0,1,0,0,0,0,0,0,1,0,0,0,0,0,1.27245903,1,3.5,3142.857178,16407.93555
cs16350027,635,1871351,1871,1,3,0,0,1,0,0,0,0,0,0,0,0,1,0,0,0,1,1,9,2444.444336,48477.55078
cs16230034,623,1871351,1871,1,2,0,1,0,1,1,1,0,0,0,0,0,1,0,0,1,1,0,0,,0
cs16310043,631,1871351,1871,1,1,0,0,1,0,0,0,0,0,0,0,0,1,0,1,0,1,0,0,,0
cs16310287,631,1871351,1871,1,1,1,0,1,0,0,0,0,0,0,1,0,0,0,1,0,1.27245903,1,7.5,2000,43731.29297
cs16270016,627,1871351,1871,1,1,0,1,0,0,1,0,0,0,0,0,0,1,0,1,0,1,0,0,,0
cs16340236,634,1871351,1871,1,1,1,1,0,1,0,1,0,0,0,1,0,0,0,1,0,0.9966933727,1,14,3000,67631.74219
cs16300182,630,1871351,1871,1,2,1,0,1,0,0,0,0,0,0,1,0,0,0,0,1,1.27245903,1,5,2000,29154.19531
cs16260412,626,1871351,1871,1,3,1,1,0,0,0,0,0,0,0,0,1,0,0,0,0,0.9961833954,1,7,2357.142822,38315.87109
cs16310044,631,1871351,1871,1,1,0,0,1,0,0,0,0,0,0,0,0,1,0,1,0,1,0,0,,0
cs16340015,634,1871351,1871,1,1,0,1,0,1,0,1,0,0,0,0,0,1,0,1,0,1,1,7,2000,40815.87109
cs16270189,627,1871351,1871,1,1,1,1,0,0,1,0,0,0,0,1,0,0,0,1,0,1.003425598,1,7,2000,40815.87109
cs16300015,630,1871351,1871,1,2,0,0,1,0,0,0,0,0,0,0,0,1,0,0,1,1,0,0,,0
cs16270031,627,1871351,1871,1,1,0,1,0,0,1,0,0,0,0,0,0,1,0,1,0,1,0,0,,0
cs16270304,627,1871351,1871,1,1,1,1,0,0,1,0,0,0,0,0,1,0,0,1,0,0.9961833954,1,7,2000,40815.87109
cs16340022,634,1871351,1871,1,1,0,1,0,1,0,1,0,0,0,0,0,1,0,1,0,1,1,7,2142.857178,39815.87109
cs16230013,623,1871351,1871,1,2,0,1,0,1,1,1,0,0,0,0,0,1,0,0,1,1,0,0,,0
cs16310029,631,1871351,1871,1,1,0,0,1,0,0,0,0,0,0,0,0,1,0,1,0,1,0,0,,0
cs16320133,632,1871351,1871,1,2,1,1,0,0,0,0,0,0,0,1,0,0,0,0,1,1.003425598,1,7,2000,40815.87109
cs16260185,626,1871351,1871,1,3,1,1,0,0,0,0,0,0,0,1,0,0,0,0,0,1.003425598,0,0,,0
cs16350116,635,1871351,1871,1,3,1,0,1,0,0,0,0,0,0,1,0,0,0,0,0,1.27245903,1,4,2750,20323.35547
cs16230202,623,1871351,1871,1,2,1,1,0,1,1,1,0,0,0,1,0,0,0,0,1,0.9966933727,1,5,2500,26654.19531
cs16320160,632,1871351,1871,1,2,1,1,0,0,0,0,0,0,0,1,0,0,0,0,1,1.003425598,1,7,2000,40815.87109
cs16270010,627,1871351,1871,1,1,0,1,0,0,1,0,0,0,0,0,0,1,0,1,0,1,1,8,2000,46646.71094
cs16350157,635,1871351,1871,1,3,1,0,1,0,0,0,0,0,0,1,0,0,0,0,0,1.27245903,0,0,,0
cs16350134,635,1871351,1871,1,3,1,0,1,0,0,0,0,0,0,0,1,0,0,0,0,0.640173912,1,4,2750,20323.35547
cs16300061,630,1871351,1871,1,2,0,0,1,0,0,0,0,0,0,0,0,1,0,0,1,1,0,0,,0
cs16230032,623,1871351,1871,1,2,0,1,0,1,1,1,0,0,0,0,0,1,0,0,1,1,1,10,2000,58308.39062
cs16270069,627,1871351,1871,1,1,1,1,0,0,1,0,0,0,0,1,0,0,0,1,0,1.003425598,1,14,2000,81631.74219
cs16280059,628,1871351,1871,1,3,1,1,0,1,0,1,0,0,0,1,0,0,0,0,0,0.9966933727,0,0,,0
cs16280022,628,1871351,1871,1,3,0,1,0,1,0,1,0,0,0,0,0,1,0,0,0,1,0,0,,0
cs16320010,632,1871351,1871,1,2,0,1,0,0,0,0,0,0,0,0,0,1,0,0,1,1,1,7,2000,40815.87109
cs16260020,626,1871351,1871,1,3,0,1,0,0,0,0,0,0,0,0,0,1,0,0,0,1,0,0,,0
cs16270231,627,1871351,1871,1,1,1,1,0,0,1,0,0,0,0,0,1,0,0,1,0,0.9961833954,1,8,2000,46646.71094
cs16310316,631,1871351,1871,1,1,1,0,1,0,0,0,0,0,0,0,1,0,0,1,0,0.640173912,0,0,,0
cs16260553,626,1871351,1871,1,3,1,1,0,0,0,0,0,0,0,1,0,0,0,0,0,1.003425598,1,10,2250,55808.39062
cs16320179,632,1871351,1871,1,2,1,1,0,0,0,0,0,0,0,1,0,0,0,0,1,1.003425598,1,7,2000,40815.87109
cs16300208,630,1871351,1871,1,2,1,0,1,0,0,0,0,0,0,1,0,0,0,0,1,1.27245903,1,5,2000,29154.19531
cs16320174,632,1871351,1871,1,2,1,1,0,0,0,0,0,0,0,0,1,0,0,0,1,0.9961833954,1,10,2500,53308.39062
cs16300165,630,1871351,1871,1,2,1,0,1,0,0,0,0,0,0,0,1,0,0,0,1,0.640173912,1,10,2000,58308.39062
cs16300039,630,1871351,1871,1,2,1,0,1,0,0,0,0,0,0,0,0,1,0,0,1,0.661996901,0,0,,0
cs16350015,635,1871351,1871,1,3,0,0,1,0,0,0,0,0,0,0,0,1,0,0,0,1,1,9.5,2315.789551,52392.96875
cs16260046,626,1871351,1871,1,3,0,1,0,0,0,0,0,0,0,0,0,1,0,0,0,1,0,0,,0
cs16280070,628,1871351,1871,1,3,1,1,0,1,0,1,0,0,0,1,0,0,0,0,0,0.9966933727,1,10,2400,54308.39062
cs16350031,635,1871351,1871,1,3,0,0,1,0,0,0,0,0,0,0,0,1,0,0,0,1,0,0,,0
cs16280226,628,1871351,1871,1,3,1,1,0,1,0,1,0,0,0,1,0,0,0,0,0,0.9966933727,1,5,2400,27154.19531
cs16310071,631,1871351,1871,1,1,1,0,1,0,0,0,0,0,0,1,0,0,0,1,0,1.27245903,1,14,2000,81631.74219
cs16260267,626,1871351,1871,1,3,1,1,0,0,0,0,0,0,0,0,1,0,0,0,0,0.9961833954,0,0,,0
cs16980011,698,1871373,1871,1,1,0,0,1,0,0,0,0,0,0,0,0,1,0,1,0,1,1,10,2200,56308.39062
cs16980131,698,1871373,1871,1,1,1,0,1,0,0,0,0,0,0,1,0,0,0,1,0,1.27245903,1,10,2200,56308.39062
cs16970365,697,1871373,1871,1,3,1,1,0,1,1,0,0,0,0,1,0,0,0,0,0,1.003425598,1,10,2100,57308.39062
cs16970175,697,1871373,1871,1,3,1,1,0,1,1,0,0,0,0,1,0,0,0,0,0,1.003425598,1,7.5,2000,43731.29297
cs16970596,697,1871373,1871,1,3,1,1,0,1,1,0,0,0,0,1,0,0,0,0,0,1.003425598,1,5,2200,28154.19531
cs16980228,698,1871373,1871,1,1,1,0,1,0,0,0,0,0,0,1,0,0,0,1,0,1.27245903,0,0,,0
cs17000069,700,1871373,1871,1,2,0,0,1,0,0,0,0,0,0,0,0,1,0,0,1,1,0,0,,0
cs16970021,697,1871373,1871,1,3,0,1,0,1,1,0,0,0,0,0,0,1,0,0,0,1,0,0,,0
cs17000034,700,1871373,1871,1,2,0,0,1,0,0,0,0,0,0,0,0,1,0,0,1,1,0,0,,0
cs17000153,700,1871373,1871,1,2,1,0,1,0,0,0,0,0,0,0,1,0,0,0,1,0.640173912,1,7,2285.714355,38815.87109
cs16980129,698,1871373,1871,1,1,1,0,1,0,0,0,0,0,0,0,1,0,0,1,0,0.640173912,0,0,,0
cs16980125,698,1871373,1871,1,1,1,0,1,0,0,0,0,0,0,1,0,0,0,1,0,1.27245903,0,0,,0
cs16980083,698,1871373,1871,1,1,0,0,1,0,0,0,0,0,0,0,0,1,0,1,0,1,0,0,,0
cs17000342,700,1871373,1871,1,2,1,0,1,0,0,0,0,0,0,1,0,0,0,0,1,1.27245903,1,7,2285.714355,38815.87109
cs17000475,700,1871373,1871,1,2,1,0,1,0,0,0,0,0,0,1,0,0,0,0,1,1.27245903,1,6,2666.666748,30985.0332
cs16980085,698,1871373,1871,1,1,0,0,1,0,0,0,0,0,0,0,0,1,0,1,0,1,0,0,,0
cs16970089,697,1871373,1871,1,3,0,1,0,1,1,0,0,0,0,0,0,1,0,0,0,1,0,0,,0
cs17000003,700,1871373,1871,1,2,0,0,1,0,0,0,0,0,0,0,0,1,0,0,1,1,0,0,,0
cs17000138,700,1871373,1871,1,2,1,0,1,0,0,0,0,0,0,1,0,0,0,0,1,1.27245903,1,22.5,2666.666748,116193.875
cs16980209,698,1871373,1871,1,1,1,0,1,0,0,0,0,0,0,0,1,0,0,1,0,0.640173912,0,0,,0
cs17000567,700,1871373,1871,1,2,1,0,1,0,0,0,0,0,0,0,1,0,0,0,1,0.640173912,1,3,2666.666748,15492.5166
cs17060520,706,1871395,1871,1,1,1,1,0,0,0,1,0,0,0,1,0,0,0,1,0,0.9966933727,1,5,2200,28154.19531
cs17060130,706,1871395,1871,1,1,0,1,0,0,0,1,0,0,0,0,0,1,0,1,0,1,0,0,,0
cs17040015,704,1871395,1871,1,2,0,0,1,0,0,0,0,0,0,0,0,1,0,0,1,1,0,0,,0
cs17050297,705,1871395,1871,1,3,1,1,0,0,1,1,0,0,0,1,0,0,0,0,0,0.9966933727,1,5,2200,28154.19531
cs17040050,704,1871395,1871,1,2,0,0,1,0,0,0,0,0,0,0,0,1,0,0,1,1,0,0,,0
cs17040304,704,1871395,1871,1,2,1,0,1,0,0,0,0,0,0,1,0,0,0,0,1,1.27245903,1,10,2100,57308.39062
cs17060508,706,1871395,1871,1,1,1,1,0,0,0,1,0,0,0,0,1,0,0,1,0,1.003737092,0,0,,0
cs17010686,701,1871395,1871,1,1,1,1,0,1,1,0,0,0,0,1,0,0,0,1,0,1.003425598,1,8,2000,46646.71094
cs17030291,703,1871395,1871,1,3,1,0,1,0,0,0,0,0,0,1,0,0,0,0,0,1.27245903,1,11.25,2000,65596.9375
cs17020150,702,1871395,1871,1,2,1,1,0,1,1,1,0,0,0,1,0,0,0,0,1,0.9966933727,1,5,2000,29154.19531
cs17030377,703,1871395,1871,1,3,1,0,1,0,0,0,0,0,0,0,1,0,0,0,0,0.640173912,1,7.5,2000,43731.29297
cs17030013,703,1871395,1871,1,3,0,0,1,0,0,0,0,0,0,0,0,1,0,0,0,1,0,0,,0
cs17020290,702,1871395,1871,1,2,1,1,0,1,1,1,0,0,0,1,0,0,0,0,1,0.9966933727,1,5,2000,29154.19531
cs17020327,702,1871395,1871,1,2,1,1,0,1,1,1,0,0,0,1,0,0,0,0,1,0.9966933727,1,6,2166.666748,33985.03125
cs17010118,701,1871395,1871,1,1,1,1,0,1,1,0,0,0,0,0,0,1,0,1,0,1.005813479,1,7,2000,40815.87109
cs17040013,704,1871395,1871,1,2,0,0,1,0,0,0,0,0,0,0,0,1,0,0,1,1,1,6,2500,31985.0332
cs17010067,701,1871395,1871,1,1,0,1,0,1,1,0,0,0,0,0,0,1,0,1,0,1,1,6,2333.333252,32985.03125
cs17060075,706,1871395,1871,1,1,0,1,0,0,0,1,0,0,0,0,0,1,0,1,0,1,0,0,,0
cs17020037,702,1871395,1871,1,2,0,1,0,1,1,1,0,0,0,0,0,1,0,0,1,1,1,10,2000,58308.39062
cs17030317,703,1871395,1871,1,3,1,0,1,0,0,0,0,0,0,1,0,0,0,0,0,1.27245903,1,7.5,2000,43731.29297
cs17050203,705,1871395,1871,1,3,1,1,0,0,1,1,0,0,0,0,1,0,0,0,0,1.003737092,1,8,2500,42646.71094
cs17030295,703,1871395,1871,1,3,1,0,1,0,0,0,0,0,0,1,0,0,0,0,0,1.27245903,1,7.5,2000,43731.29297
cs17050389,705,1871395,1871,1,3,1,1,0,0,1,1,0,0,0,1,0,0,0,0,0,0.9966933727,1,8,2000,46646.71094
cs17050211,705,1871395,1871,1,3,1,1,0,0,1,1,0,0,0,1,0,0,0,0,0,0.9966933727,1,6,2000,34985.03125
cs17050033,705,1871395,1871,1,3,0,1,0,0,1,1,0,0,0,0,0,1,0,0,0,1,1,7,2000,40815.87109
cs17020028,702,1871395,1871,1,2,0,1,0,1,1,1,0,0,0,0,0,1,0,0,1,1,1,5,2000,29154.19531
cs17040165,704,1871395,1871,1,2,1,0,1,0,0,0,0,0,0,0,1,0,0,0,1,0.640173912,1,5,2000,29154.19531
cs17050104,705,1871395,1871,1,3,1,1,0,0,1,1,0,0,0,0,1,0,0,0,0,1.003737092,1,5,2000,29154.19531
cs17030473,703,1871395,1871,1,3,1,0,1,0,0,0,0,0,0,0,1,0,0,0,0,0.640173912,1,7.5,2000,43731.29297
cs17020046,702,1871395,1871,1,2,0,1,0,1,1,1,0,0,0,0,0,1,0,0,1,1,1,5,2000,29154.19531
cs17030048,703,1871395,1871,1,3,0,0,1,0,0,0,0,0,0,0,0,1,0,0,0,1,1,7.5,2000,43731.29297
cs17040108,704,1871395,1871,1,2,1,0,1,0,0,0,0,0,0,1,0,0,0,0,1,1.27245903,1,5,2000,29154.19531
cs17011165,701,1871395,1871,1,1,1,1,0,1,1,0,0,0,0,1,0,0,0,1,0,1.003425598,1,6,2333.333252,32985.03125
cs17060033,706,1871395,1871,1,1,0,1,0,0,0,1,0,0,0,0,0,1,0,1,0,1,0,0,,0
cs17010046,701,1871395,1871,1,1,0,1,0,1,1,0,0,0,0,0,0,1,0,1,0,1,0,0,,0
cs17040112,704,1871395,1871,1,2,1,0,1,0,0,0,0,0,0,0,1,0,0,0,1,0.640173912,1,10,2000,58308.39062
cs17060279,706,1871395,1871,1,1,1,1,0,0,0,1,0,0,0,0,1,0,0,1,0,1.003737092,0,0,,0
cs17040359,704,1871395,1871,1,2,1,0,1,0,0,0,0,0,0,1,0,0,0,0,1,1.27245903,1,10,2000,58308.39062
cs17050023,705,1871395,1871,1,3,0,1,0,0,1,1,0,0,0,0,0,1,0,0,0,1,0,0,,0
cs17030054,703,1871395,1871,1,3,0,0,1,0,0,0,0,0,0,0,0,1,0,0,0,1,0,0,,0
cs17050002,705,1871395,1871,1,3,0,1,0,0,1,1,0,0,0,0,0,1,0,0,0,1,0,0,,0
cs17060343,706,1871395,1871,1,1,1,1,0,0,0,1,0,0,0,1,0,0,0,1,0,0.9966933727,0,0,,0
cs17011129,701,1871395,1871,1,1,1,1,0,1,1,0,0,0,0,1,0,0,0,1,0,1.003425598,1,6,2333.333252,32985.03125
cs17060585,706,1871395,1871,1,1,1,1,0,0,0,1,0,0,0,1,0,0,0,1,0,0.9966933727,1,5,2600,26154.19531
cs16160392,616,1871535,1871,1,1,1,1,0,1,1,0,0,0,0,1,0,0,0,1,0,1.003425598,1,4,2000,23323.35547
cs16180012,618,1871535,1871,1,2,0,1,0,0,0,0,0,0,0,0,0,1,0,0,1,1,1,5,2000,29154.19531
cs16210149,621,1871535,1871,1,2,1,0,1,0,0,0,0,0,0,1,0,0,0,0,1,1.27245903,1,6,2000,34985.03125
cs16170037,617,1871535,1871,1,1,0,0,1,0,0,0,0,0,0,0,0,1,0,1,0,1,1,2.5,2600,13077.09766
cs16140462,614,1871535,1871,1,3,1,1,0,1,1,1,0,0,0,1,0,0,0,0,0,0.9966933727,1,5,2000,29154.19531
cs16150205,615,1871535,1871,1,3,1,0,1,0,0,0,0,0,0,1,0,0,0,0,0,1.27245903,1,4,2250,22323.35547
cs16150604,615,1871535,1871,1,3,1,0,1,0,0,0,0,0,0,1,0,0,0,0,0,1.27245903,1,5,2400,27154.19531
cs16180686,618,1871535,1871,1,2,1,1,0,0,0,0,0,0,0,1,0,0,0,0,1,1.003425598,1,4,2500,21323.35547
cs16210083,621,1871535,1871,1,2,1,0,1,0,0,0,0,0,0,0,1,0,0,0,1,0.640173912,1,6,2500,31985.0332
cs16210003,621,1871535,1871,1,2,0,0,1,0,0,0,0,0,0,0,0,1,0,0,1,1,1,6,2000,34985.03125
cs16180596,618,1871535,1871,1,2,1,1,0,0,0,0,0,0,0,1,0,0,0,0,1,1.003425598,1,5,3000,24154.19531
cs16170327,617,1871535,1871,1,1,1,0,1,0,0,0,0,0,0,1,0,0,0,1,0,1.27245903,1,3,2333.333252,16492.51562
cs16160238,616,1871535,1871,1,1,1,1,0,1,1,0,0,0,0,1,0,0,0,1,0,1.003425598,1,8,2000,46646.71094
cs16150058,615,1871535,1871,1,3,1,0,1,0,0,0,0,0,0,0,0,1,0,0,0,0.661996901,1,5,2200,28154.19531
cs16210323,621,1871535,1871,1,2,1,0,1,0,0,0,0,0,0,1,0,0,0,0,1,1.27245903,1,7,2285.714355,38815.87109
cs16210190,621,1871535,1871,1,2,1,0,1,0,0,0,0,0,0,0,1,0,0,0,1,0.640173912,1,6,2500,31985.0332
cs16150068,615,1871535,1871,1,3,0,0,1,0,0,0,0,0,0,0,0,1,0,0,0,1,1,5,2000,29154.19531
cs16220526,622,1871535,1871,1,2,1,1,0,1,1,0,0,0,0,1,0,0,0,0,1,1.003425598,1,5,2000,29154.19531
cs16140640,614,1871535,1871,1,3,1,1,0,1,1,1,0,0,0,1,0,0,0,0,0,0.9966933727,1,5,2000,29154.19531
cs16140531,614,1871535,1871,1,3,1,1,0,1,1,1,0,0,0,1,0,0,0,0,0,0.9966933727,1,6,2250,33485.03125
cs16150025,615,1871535,1871,1,3,0,0,1,0,0,0,0,0,0,0,0,1,0,0,0,1,1,5,2200,28154.19531
cs16160006,616,1871535,1871,1,1,0,1,0,1,1,0,0,0,0,0,0,1,0,1,0,1,1,8,2000,46646.71094
cs16210009,621,1871535,1871,1,2,0,0,1,0,0,0,0,0,0,0,0,1,0,0,1,1,1,6,2000,34985.03125
cs16180682,618,1871535,1871,1,2,1,1,0,0,0,0,0,0,0,0,1,0,0,0,1,0.9961833954,1,8,2000,46646.71094
cs16220538,622,1871535,1871,1,2,1,1,0,1,1,0,0,0,0,1,0,0,0,0,1,1.003425598,1,5,2000,29154.19531
cs16170598,617,1871535,1871,1,1,1,0,1,0,0,0,0,0,0,1,0,0,0,1,0,1.27245903,0,0,,0
cs16180026,618,1871535,1871,1,2,0,1,0,0,0,0,0,0,0,0,0,1,0,0,1,1,1,5,2200,28154.19531
cs16140131,614,1871535,1871,1,3,1,1,0,1,1,1,0,0,0,0,0,1,0,0,0,0.9944144487,1,5,2000,29154.19531
cs16170267,617,1871535,1871,1,1,1,0,1,0,0,0,0,0,0,0,1,0,0,1,0,0.640173912,1,10,1500,63308.39062
cs16170099,617,1871535,1871,1,1,0,0,1,0,0,0,0,0,0,0,0,1,0,1,0,1,1,2.5,2600,13077.09766
cs16160598,616,1871535,1871,1,1,1,1,0,1,1,0,0,0,0,1,0,0,0,1,0,1.003425598,1,4,2500,21323.35547
cs16170033,617,1871535,1871,1,1,0,0,1,0,0,0,0,0,0,0,0,1,0,1,0,1,0,0,,0
cs16220107,622,1871535,1871,1,2,1,1,0,1,1,0,0,0,0,0,0,1,0,0,1,1.005813479,1,5,2000,29154.19531
cs16150340,615,1871535,1871,1,3,1,0,1,0,0,0,0,0,0,0,1,0,0,0,0,0.640173912,1,6,2000,34985.03125
cs16150337,615,1871535,1871,1,3,1,0,1,0,0,0,0,0,0,1,0,0,0,0,0,1.27245903,1,10,2200,56308.39062
cs16220087,622,1871535,1871,1,2,0,1,0,1,1,0,0,0,0,0,0,1,0,0,1,1,1,5,2000,29154.19531
cs16140154,614,1871535,1871,1,3,0,1,0,1,1,1,0,0,0,0,0,1,0,0,0,1,1,5,2000,29154.19531
cs16220127,622,1871535,1871,1,2,0,1,0,1,1,0,0,0,0,0,0,1,0,0,1,1,1,5,2000,29154.19531
cs16210254,621,1871535,1871,1,2,1,0,1,0,0,0,0,0,0,1,0,0,0,0,1,1.27245903,1,7,2285.714355,38815.87109
cs16180004,618,1871535,1871,1,2,0,1,0,0,0,0,0,0,0,0,0,1,0,0,1,1,0,0,,0
cs16170623,617,1871535,1871,1,1,1,0,1,0,0,0,0,0,0,0,1,0,0,1,0,0.640173912,1,3,2000,17492.51562
cs16220709,622,1871535,1871,1,2,1,1,0,1,1,0,0,0,0,1,0,0,0,0,1,1.003425598,1,10,2500,53308.39062
cs16150585,615,1871535,1871,1,3,1,0,1,0,0,0,0,0,0,0,1,0,0,0,0,0.640173912,1,4,2000,23323.35547
cs16160038,616,1871535,1871,1,1,0,1,0,1,1,0,0,0,0,0,0,1,0,1,0,1,1,4,2000,23323.35547
cs16160008,616,1871535,1871,1,1,0,1,0,1,1,0,0,0,0,0,0,1,0,1,0,1,0,0,,0
cs16170601,617,1871535,1871,1,1,1,0,1,0,0,0,0,0,0,1,0,0,0,1,0,1.27245903,1,2.5,2400,13577.09766
cs16210019,621,1871535,1871,1,2,0,0,1,0,0,0,0,0,0,0,0,1,0,0,1,1,0,0,,0
cs16180309,618,1871535,1871,1,2,1,1,0,0,0,0,0,0,0,0,1,0,0,0,1,0.9961833954,1,4.5,2666.666748,23238.77539
cs16180144,618,1871535,1871,1,2,1,1,0,0,0,0,0,0,0,1,0,0,0,0,1,1.003425598,1,6,2500,31985.0332
cs16590085,659,1871543,1871,1,3,0,1,0,0,0,1,0,0,0,0,0,1,0,0,0,1,0,0,,0
cs16630033,663,1871543,1871,1,3,1,1,0,0,0,0,0,0,0,0,0,1,0,0,0,0.9567061067,0,0,,0
cs16530007,653,1871543,1871,1,2,0,1,0,1,1,0,0,0,0,0,0,1,0,0,1,1,0,0,,0
cs16490011,649,1871543,1871,1,3,0,0,1,0,0,0,0,0,0,0,0,1,0,0,0,1,0,0,,0
cs16490043,649,1871543,1871,1,3,1,0,1,0,0,0,0,0,0,1,0,0,0,0,0,1.27245903,1,5,2000,29154.19531
cs16630207,663,1871543,1871,1,3,1,1,0,0,0,0,0,0,0,1,0,0,0,0,0,1.003425598,1,5,2400,27154.19531
cs16490038,649,1871543,1871,1,3,1,0,1,0,0,0,0,0,0,1,0,0,0,0,0,1.27245903,1,2.5,2000,14577.09766
cs16590399,659,1871543,1871,1,3,1,1,0,0,0,1,0,0,0,1,0,0,0,0,0,0.9966933727,1,5,2500,26654.19531
cs16570011,657,1871543,1871,1,1,1,0,1,0,0,0,0,0,0,0,0,1,0,1,0,0.661996901,1,15,2200,84462.58594
cs16490151,649,1871543,1871,1,3,1,0,1,0,0,0,0,0,0,1,0,0,0,0,0,1.27245903,1,10.5,2000,61223.80469
cs16480341,648,1871543,1871,1,2,1,1,0,1,1,1,0,0,0,1,0,0,0,0,1,0.9966933727,1,4,2500,21323.35547
cs16620061,662,1871543,1871,1,1,0,1,0,1,0,1,0,0,0,0,0,1,0,1,0,1,1,7.5,2600,39231.29297
cs16560124,656,1871543,1871,1,1,1,1,0,0,0,0,0,0,0,0,1,0,0,1,0,0.9961833954,1,10,2200,56308.39062
cs16530239,653,1871543,1871,1,2,1,1,0,1,1,0,0,0,0,1,0,0,0,0,1,1.003425598,0,0,,0
cs16580660,658,1871543,1871,1,2,1,1,0,0,0,1,0,0,0,0,1,0,0,0,1,1.003737092,1,7,2142.857178,39815.87109
cs16570023,657,1871543,1871,1,1,0,0,1,0,0,0,0,0,0,0,0,1,0,1,0,1,0,0,,0
cs16490196,649,1871543,1871,1,3,1,0,1,0,0,0,0,0,0,0,1,0,0,0,0,0.640173912,1,5,2000,29154.19531
cs16630018,663,1871543,1871,1,3,0,1,0,0,0,0,0,0,0,0,0,1,0,0,0,1,1,4,2750,20323.35547
cs16590228,659,1871543,1871,1,3,1,1,0,0,0,1,0,0,0,0,1,0,0,0,0,1.003737092,1,7.5,1666.666626,46231.29297
cs16590075,659,1871543,1871,1,3,0,1,0,0,0,1,0,0,0,0,0,1,0,0,0,1,0,0,,0
cs16570366,657,1871543,1871,1,1,1,0,1,0,0,0,0,0,0,1,0,0,0,1,0,1.27245903,0,0,,0
cs16580699,658,1871543,1871,1,2,1,1,0,0,0,1,0,0,0,1,0,0,0,0,1,0.9966933727,1,7,2857.142822,34815.87109
cs16580570,658,1871543,1871,1,2,1,1,0,0,0,1,0,0,0,1,0,0,0,0,1,0.9966933727,1,7,2285.714355,38815.87109
cs16580704,658,1871543,1871,1,2,1,1,0,0,0,1,0,0,0,0,1,0,0,0,1,1.003737092,1,2.5,2400,13577.09766
cs16580068,658,1871543,1871,1,2,0,1,0,0,0,1,0,0,0,0,0,1,0,0,1,1,0,0,,0
cs16560038,656,1871543,1871,1,1,0,1,0,0,0,0,0,0,0,0,0,1,0,1,0,1,0,0,,0
cs16530203,653,1871543,1871,1,2,1,1,0,1,1,0,0,0,0,1,0,0,0,0,1,1.003425598,1,5,2400,27154.19531
cs16580031,658,1871543,1871,1,2,0,1,0,0,0,1,0,0,0,0,0,1,0,0,1,1,1,3.5,2142.857178,19907.93555
cs16480067,648,1871543,1871,1,2,0,1,0,1,1,1,0,0,0,0,0,1,0,0,1,1,0,0,,0
cs16590193,659,1871543,1871,1,3,1,1,0,0,0,1,0,0,0,0,1,0,0,0,0,1.003737092,1,5,2300,27654.19531
cs16630120,663,1871543,1871,1,3,1,1,0,0,0,0,0,0,0,0,1,0,0,0,0,0.9961833954,0,0,,0
cs16600233,660,1871543,1871,1,2,1,0,1,0,0,0,0,0,0,1,0,0,0,0,1,1.27245903,1,22.5,2400,122193.875
cs16490029,649,1871543,1871,1,3,0,0,1,0,0,0,0,0,0,0,0,1,0,0,0,1,1,10,2000,58308.39062
cs16600045,660,1871543,1871,1,2,0,0,1,0,0,0,0,0,0,0,0,1,0,0,1,1,0,0,,0
cs16560014,656,1871543,1871,1,1,0,1,0,0,0,0,0,0,0,0,0,1,0,1,0,1,0,0,,0
cs16620035,662,1871543,1871,1,1,0,1,0,1,0,1,0,0,0,0,0,1,0,1,0,1,0,0,,0
cs16630192,663,1871543,1871,1,3,1,1,0,0,0,0,0,0,0,0,1,0,0,0,0,0.9961833954,0,0,,0
cs16630075,663,1871543,1871,1,3,1,1,0,0,0,0,0,0,0,1,0,0,0,0,0,1.003425598,1,5,2200,28154.19531
cs16500089,650,1871543,1871,1,3,1,1,0,1,0,1,0,0,0,1,0,0,0,0,0,0.9966933727,1,10,2000,58308.39062
cs16570021,657,1871543,1871,1,1,0,0,1,0,0,0,0,0,0,0,0,1,0,1,0,1,1,15,2200,84462.58594
cs16480494,648,1871543,1871,1,2,1,1,0,1,1,1,0,0,0,1,0,0,0,0,1,0.9966933727,1,5,2200,28154.19531
cs16480156,648,1871543,1871,1,2,1,1,0,1,1,1,0,0,0,1,0,0,0,0,1,0.9966933727,1,6.5,2538.461426,34400.45312
cs16530038,653,1871543,1871,1,2,0,1,0,1,1,0,0,0,0,0,0,1,0,0,1,1,1,5,2400,27154.19531
cs16480042,648,1871543,1871,1,2,0,1,0,1,1,1,0,0,0,0,0,1,0,0,1,1,0,0,,0
cs16570575,657,1871543,1871,1,1,1,0,1,0,0,0,0,0,0,1,0,0,0,1,0,1.27245903,1,15,2133.333252,85462.58594
cs16560159,656,1871543,1871,1,1,1,1,0,0,0,0,0,0,0,1,0,0,0,1,0,1.003425598,1,10,2200,56308.39062
cs16600007,660,1871543,1871,1,2,0,0,1,0,0,0,0,0,0,0,0,1,0,0,1,1,0,0,,0
cs16620126,662,1871543,1871,1,1,1,1,0,1,0,1,0,0,0,1,0,0,0,1,0,0.9966933727,1,5,2200,28154.19531
cs16480065,648,1871543,1871,1,2,0,1,0,1,1,1,0,0,0,0,0,1,0,0,1,1,0,0,,0
cs16630053,663,1871543,1871,1,3,1,1,0,0,0,0,0,0,0,1,0,0,0,0,0,1.003425598,1,4,2000,23323.35547
cs16620036,662,1871543,1871,1,1,0,1,0,1,0,1,0,0,0,0,0,1,0,1,0,1,1,6,2166.666748,33985.03125
cs16580035,658,1871543,1871,1,2,0,1,0,0,0,1,0,0,0,0,0,1,0,0,1,1,0,0,,0
cs16500171,650,1871543,1871,1,3,1,1,0,1,0,1,0,0,0,1,0,0,0,0,0,0.9966933727,1,5,2000,29154.19531
cs16500232,650,1871543,1871,1,3,1,1,0,1,0,1,0,0,0,1,0,0,0,0,0,0.9966933727,1,10,2000,58308.39062
cs16530257,653,1871543,1871,1,2,1,1,0,1,1,0,0,0,0,1,0,0,0,0,1,1.003425598,1,7,2142.857178,39815.87109
cs16490007,649,1871543,1871,1,3,0,0,1,0,0,0,0,0,0,0,0,1,0,0,0,1,0,0,,0
cs16570971,657,1871543,1871,1,1,1,0,1,0,0,0,0,0,0,0,1,0,0,1,0,0.640173912,1,14,2285.714355,77631.74219
cs16500010,650,1871543,1871,1,3,0,1,0,1,0,1,0,0,0,0,0,1,0,0,0,1,0,0,,0
cs16600218,660,1871543,1871,1,2,1,0,1,0,0,0,0,0,0,0,1,0,0,0,1,0.640173912,1,30,2333.333252,164925.1719
cs16590229,659,1871543,1871,1,3,1,1,0,0,0,1,0,0,0,1,0,0,0,0,0,0.9966933727,1,10,2500,53308.39062
cs16560176,656,1871543,1871,1,1,1,1,0,0,0,0,0,0,0,1,0,0,0,1,0,1.003425598,1,10,2200,56308.39062
cs16590021,659,1871543,1871,1,3,0,1,0,0,0,1,0,0,0,0,0,1,0,0,0,1,0,0,,0
cs16570650,657,1871543,1871,1,1,1,0,1,0,0,0,0,0,0,0,1,0,0,1,0,0.640173912,1,10,2200,56308.39062
cs16571079,657,1871543,1871,1,1,1,0,1,0,0,0,0,0,0,1,0,0,0,1,0,1.27245903,1,4,2125,22823.35547
cs16590201,659,1871543,1871,1,3,1,1,0,0,0,1,0,0,0,1,0,0,0,0,0,0.9966933727,1,7,2142.857178,39815.87109
cs16620268,662,1871543,1871,1,1,1,1,0,1,0,1,0,0,0,1,0,0,0,1,0,0.9966933727,1,6,2166.666748,33985.03125
cs16560161,656,1871543,1871,1,1,1,1,0,0,0,0,0,0,0,1,0,0,0,1,0,1.003425598,1,10,2300,55308.39062
cs16620077,662,1871543,1871,1,1,1,1,0,1,0,1,0,0,0,1,0,0,0,1,0,0.9966933727,1,9,2333.333252,49477.54688
cs16630015,663,1871543,1871,1,3,0,1,0,0,0,0,0,0,0,0,0,1,0,0,0,1,1,5,2200,28154.19531
cs16530006,653,1871543,1871,1,2,0,1,0,1,1,0,0,0,0,0,0,1,0,0,1,1,0,0,,0
cs16560042,656,1871543,1871,1,1,1,1,0,0,0,0,0,0,0,0,1,0,0,1,0,0.9961833954,1,7.5,2000,43731.29297
cs16600026,660,1871543,1871,1,2,0,0,1,0,0,0,0,0,0,0,0,1,0,0,1,1,1,15,2400,81462.58594
cs16560006,656,1871543,1871,1,1,1,1,0,0,0,0,0,0,0,0,0,1,0,1,0,0.9567061067,1,20,2000,116616.7812
cs16580771,658,1871543,1871,1,2,1,1,0,0,0,1,0,0,0,1,0,0,0,0,1,0.9966933727,1,7,2142.857178,39815.87109
cs16600204,660,1871543,1871,1,2,1,0,1,0,0,0,0,0,0,0,1,0,0,0,1,0.640173912,1,15,2400,81462.58594
cs16910093,691,1871691,1871,1,1,1,1,0,1,1,1,0,0,0,1,0,0,0,1,0,0.9966933727,0,0,,0
cs16910180,691,1871691,1871,1,1,1,1,0,1,1,1,0,0,0,1,0,0,0,1,0,0.9966933727,1,10,2400,54308.39062
cs16870293,687,1871691,1871,1,2,1,1,0,0,1,1,0,0,0,1,0,0,0,0,1,0.9966933727,1,10,2200,56308.39062
cs16910142,691,1871691,1871,1,1,1,1,0,1,1,1,0,0,0,1,0,0,0,1,0,0.9966933727,1,7,3571.428467,29815.87109
cs16901009,690,1871691,1871,1,3,1,1,0,0,1,0,0,0,0,1,0,0,0,0,0,1.003425598,1,10,2400,54308.39062
cs16900729,690,1871691,1871,1,3,1,1,0,0,1,0,0,0,0,1,0,0,0,0,0,1.003425598,1,15,2000,87462.58594
cs16900790,690,1871691,1871,1,3,1,1,0,0,1,0,0,0,0,0,1,0,0,0,0,0.9961833954,0,0,,0
cs16910056,691,1871691,1871,1,1,0,1,0,1,1,1,0,0,0,0,0,1,0,1,0,1,0,0,,0
cs16910068,691,1871691,1871,1,1,0,1,0,1,1,1,0,0,0,0,0,1,0,1,0,1,0,0,,0
cs16870073,687,1871691,1871,1,2,0,1,0,0,1,1,0,0,0,0,0,1,0,0,1,1,0,0,,0
cs16870230,687,1871691,1871,1,2,1,1,0,0,1,1,0,0,0,1,0,0,0,0,1,0.9966933727,1,15,2000,87462.58594
cs16900575,690,1871691,1871,1,3,1,1,0,0,1,0,0,0,0,0,1,0,0,0,0,0.9961833954,1,12,2166.666748,67970.0625
cs16900018,690,1871691,1871,1,3,0,1,0,0,1,0,0,0,0,0,0,1,0,0,0,1,0,0,,0
cs16901211,690,1871691,1871,1,3,1,1,0,0,1,0,0,0,0,1,0,0,0,0,0,1.003425598,1,10,2500,53308.39062
cs16910044,691,1871691,1871,1,1,0,1,0,1,1,1,0,0,0,0,0,1,0,1,0,1,0,0,,0
cs16900058,690,1871691,1871,1,3,0,1,0,0,1,0,0,0,0,0,0,1,0,0,0,1,0,0,,0
cs16870057,687,1871691,1871,1,2,0,1,0,0,1,1,0,0,0,0,0,1,0,0,1,1,0,0,,0
cs16870052,687,1871691,1871,1,2,0,1,0,0,1,1,0,0,0,0,0,1,0,0,1,1,0,0,,0
cs16900063,690,1871691,1871,1,3,0,1,0,0,1,0,0,0,0,0,0,1,0,0,0,1,1,15,2133.333252,85462.58594
cs16870135,687,1871691,1871,1,2,1,1,0,0,1,1,0,0,0,0,1,0,0,0,1,1.003737092,1,3,6000,5492.516602
cs16870128,687,1871691,1871,1,2,1,1,0,0,1,1,0,0,0,0,1,0,0,0,1,1.003737092,1,22.5,2133.333252,128193.875
cs16870298,687,1871691,1871,1,2,1,1,0,0,1,1,0,0,0,1,0,0,0,0,1,0.9966933727,1,10,2200,56308.39062
cs16370260,637,1871831,1871,1,3,1,1,0,1,1,0,0,0,0,1,0,0,0,0,0,1.003425598,1,5,2600,26154.19531
cs16450103,645,1871831,1871,1,1,1,0,1,0,0,0,0,0,0,1,0,0,0,1,0,1.27245903,1,10,2200,56308.39062
cs16380299,638,1871831,1871,1,2,1,1,0,0,0,0,0,0,0,0,1,0,0,0,1,0.9961833954,1,10,2400,54308.39062
cs16400080,640,1871831,1871,1,1,1,1,0,1,0,0,0,0,0,1,0,0,0,1,0,1.003425598,0,0,,0
cs16470398,647,1871831,1871,1,3,1,0,1,0,0,0,0,0,0,1,0,0,0,0,0,1.27245903,1,7,2000,40815.87109
cs16420366,642,1871831,1871,1,1,1,1,0,0,0,0,0,0,0,1,0,0,0,1,0,1.003425598,1,7.5,2266.666748,41731.29297
cs16460015,646,1871831,1871,1,2,0,0,1,0,0,0,0,0,0,0,0,1,0,0,1,1,0,0,,0
cs16400020,640,1871831,1871,1,1,0,1,0,1,0,0,0,0,0,0,0,1,0,1,0,1,0,0,,0
cs16380266,638,1871831,1871,1,2,1,1,0,0,0,0,0,0,0,1,0,0,0,0,1,1.003425598,1,10,2400,54308.39062
cs16470032,647,1871831,1871,1,3,1,0,1,0,0,0,0,0,0,0,0,1,0,0,0,1.051559091,1,10,2000,58308.39062
cs16410027,641,1871831,1871,1,2,0,1,0,1,0,1,0,0,0,0,0,1,0,0,1,1,1,20,2000,116616.7812
cs16390150,639,1871831,1871,1,3,1,1,0,1,0,1,0,0,0,1,0,0,0,0,0,0.9966933727,1,15,2500,79962.58594
cs16380237,638,1871831,1871,1,2,1,1,0,0,0,0,0,0,0,1,0,0,0,0,1,1.003425598,1,5,2000,29154.19531
cs16360215,636,1871831,1871,1,3,1,1,0,0,0,0,0,0,0,1,0,0,0,0,0,1.003425598,0,0,,0
cs16450015,645,1871831,1871,1,1,0,0,1,0,0,0,0,0,0,0,0,1,0,1,0,1,0,0,,0
cs16390229,639,1871831,1871,1,3,1,1,0,1,0,1,0,0,0,1,0,0,0,0,0,0.9966933727,0,0,,0
cs16470104,647,1871831,1871,1,3,1,0,1,0,0,0,0,0,0,1,0,0,0,0,0,1.27245903,1,7.5,2000,43731.29297
cs16380002,638,1871831,1871,1,2,0,1,0,0,0,0,0,0,0,0,0,1,0,0,1,1,0,0,,0
cs16450021,645,1871831,1871,1,1,0,0,1,0,0,0,0,0,0,0,0,1,0,1,0,1,1,10,2400,54308.39062
cs16460092,646,1871831,1871,1,2,1,0,1,0,0,0,0,0,0,0,1,0,0,0,1,0.640173912,1,5,2000,29154.19531
cs16360017,636,1871831,1871,1,3,1,1,0,0,0,0,0,0,0,0,0,1,0,0,0,0.9567061067,1,10,2500,53308.39062
cs16470008,647,1871831,1871,1,3,0,0,1,0,0,0,0,0,0,0,0,1,0,0,0,1,1,8,2000,46646.71094
cs16450009,645,1871831,1871,1,1,0,0,1,0,0,0,0,0,0,0,0,1,0,1,0,1,1,14,1200,92831.74219
cs16420047,642,1871831,1871,1,1,1,1,0,0,0,0,0,0,0,0,1,0,0,1,0,0.9961833954,1,7.5,2333.333252,41231.29297
cs16360026,636,1871831,1871,1,3,0,1,0,0,0,0,0,0,0,0,0,1,0,0,0,1,1,10,2500,53308.39062
cs16450398,645,1871831,1871,1,1,1,0,1,0,0,0,0,0,0,1,0,0,0,1,0,1.27245903,0,0,,0
cs16470462,647,1871831,1871,1,3,1,0,1,0,0,0,0,0,0,1,0,0,0,0,0,1.27245903,1,7,2000,40815.87109
cs16360495,636,1871831,1871,1,3,1,1,0,0,0,0,0,0,0,0,1,0,0,0,0,0.9961833954,1,10,2500,53308.39062
cs16460290,646,1871831,1871,1,2,1,0,1,0,0,0,0,0,0,1,0,0,0,0,1,1.27245903,1,10,3300,45308.39062
cs16450416,645,1871831,1871,1,1,1,0,1,0,0,0,0,0,0,0,1,0,0,1,0,0.640173912,1,10,2200,56308.39062
cs16460390,646,1871831,1871,1,2,1,0,1,0,0,0,0,0,0,0,1,0,0,0,1,0.640173912,1,6,2000,34985.03125
cs16360029,636,1871831,1871,1,3,1,1,0,0,0,0,0,0,0,0,0,1,0,0,0,0.9567061067,0,0,,0
cs16370013,637,1871831,1871,1,3,0,1,0,1,1,0,0,0,0,0,0,1,0,0,0,1,1,10,2400,54308.39062
cs16420104,642,1871831,1871,1,1,1,1,0,0,0,0,0,0,0,0,1,0,0,1,0,0.9961833954,1,5,4200,18154.19531
cs16400031,640,1871831,1871,1,1,0,1,0,1,0,0,0,0,0,0,0,1,0,1,0,1,0,0,,0
cs16410392,641,1871831,1871,1,2,1,1,0,1,0,1,0,0,0,1,0,0,0,0,1,0.9966933727,1,10,2000,58308.39062
cs16460002,646,1871831,1871,1,2,1,0,1,0,0,0,0,0,0,0,0,1,0,0,1,0.661996901,1,5,2000,29154.19531
cs16470023,647,1871831,1871,1,3,1,0,1,0,0,0,0,0,0,0,0,1,0,0,0,1.051559091,1,8,2000,46646.71094
cs16380058,638,1871831,1871,1,2,0,1,0,0,0,0,0,0,0,0,0,1,0,0,1,1,0,0,,0
cs16450369,645,1871831,1871,1,1,1,0,1,0,0,0,0,0,0,0,1,0,0,1,0,0.640173912,1,10,3500,43308.39062
cs16470683,647,1871831,1871,1,3,1,0,1,0,0,0,0,0,0,0,1,0,0,0,0,0.640173912,0,0,,0
cs16370109,637,1871831,1871,1,3,1,1,0,1,1,0,0,0,0,1,0,0,0,0,0,1.003425598,0,0,,0
cs16390045,639,1871831,1871,1,3,0,1,0,1,0,1,0,0,0,0,0,1,0,0,0,1,1,10,2500,53308.39062
cs16360098,636,1871831,1871,1,3,1,1,0,0,0,0,0,0,0,0,1,0,0,0,0,0.9961833954,1,4,2250,22323.35547
cs16380009,638,1871831,1871,1,2,1,1,0,0,0,0,0,0,0,0,0,1,0,0,1,0.9567061067,1,10,2400,54308.39062
cs16380701,638,1871831,1871,1,2,1,1,0,0,0,0,0,0,0,1,0,0,0,0,1,1.003425598,1,5,2000,29154.19531
cs16420018,642,1871831,1871,1,1,0,1,0,0,0,0,0,0,0,0,0,1,0,1,0,1,0,0,,0
cs16360321,636,1871831,1871,1,3,1,1,0,0,0,0,0,0,0,1,0,0,0,0,0,1.003425598,0,0,,0
cs16380244,638,1871831,1871,1,2,1,1,0,0,0,0,0,0,0,0,1,0,0,0,1,0.9961833954,0,0,,0
cs16410006,641,1871831,1871,1,2,0,1,0,1,0,1,0,0,0,0,0,1,0,0,1,1,0,0,,0
cs16420373,642,1871831,1871,1,1,1,1,0,0,0,0,0,0,0,1,0,0,0,1,0,1.003425598,1,15,2133.333252,85462.58594
cs16460051,646,1871831,1871,1,2,0,0,1,0,0,0,0,0,0,0,0,1,0,0,1,1,0,0,,0
cs16390019,639,1871831,1871,1,3,0,1,0,1,0,1,0,0,0,0,0,1,0,0,0,1,1,10,2500,53308.39062
cs16450375,645,1871831,1871,1,1,1,0,1,0,0,0,0,0,0,1,0,0,0,1,0,1.27245903,1,15,2333.333252,82462.58594
cs16410248,641,1871831,1871,1,2,1,1,0,1,0,1,0,0,0,1,0,0,0,0,1,0.9966933727,1,15,2000,87462.58594
cs16390267,639,1871831,1871,1,3,1,1,0,1,0,1,0,0,0,1,0,0,0,0,0,0.9966933727,1,15,2400,81462.58594
cs16420124,642,1871831,1871,1,1,1,1,0,0,0,0,0,0,0,1,0,0,0,1,0,1.003425598,1,15,2133.333252,85462.58594
cs16420029,642,1871831,1871,1,1,0,1,0,0,0,0,0,0,0,0,0,1,0,1,0,1,0,0,,0
cs16400067,640,1871831,1871,1,1,1,1,0,1,0,0,0,0,0,1,0,0,0,1,0,1.003425598,1,22.5,2000,131193.875
cs16460448,646,1871831,1871,1,2,1,0,1,0,0,0,0,0,0,1,0,0,0,0,1,1.27245903,1,8,2000,46646.71094
cs16370274,637,1871831,1871,1,3,1,1,0,1,1,0,0,0,0,1,0,0,0,0,0,1.003425598,1,5,2400,27154.19531
cs16420007,642,1871831,1871,1,1,0,1,0,0,0,0,0,0,0,0,0,1,0,1,0,1,0,0,,0
cs16400003,640,1871831,1871,1,1,0,1,0,1,0,0,0,0,0,0,0,1,0,1,0,1,0,0,,0
cs16410031,641,1871831,1871,1,2,0,1,0,1,0,1,0,0,0,0,0,1,0,0,1,1,0,0,,0
cs16410361,641,1871831,1871,1,2,1,1,0,1,0,1,0,0,0,1,0,0,0,0,1,0.9966933727,1,7,2357.142822,38315.87109
cs16370004,637,1871831,1871,1,3,0,1,0,1,1,0,0,0,0,0,0,1,0,0,0,1,0,0,,0
cs16400091,640,1871831,1871,1,1,1,1,0,1,0,0,0,0,0,1,0,0,0,1,0,1.003425598,1,7.5,2000,43731.29297
cs16470469,647,1871831,1871,1,3,1,0,1,0,0,0,0,0,0,0,1,0,0,0,0,0.640173912,1,7,2000,40815.87109
cs16360570,636,1871831,1871,1,3,1,1,0,0,0,0,0,0,0,1,0,0,0,0,0,1.003425598,1,5,3500,21654.19531
cs16460437,646,1871831,1871,1,2,1,0,1,0,0,0,0,0,0,1,0,0,0,0,1,1.27245903,1,5,2000,29154.19531
cs16370022,637,1871831,1871,1,3,0,1,0,1,1,0,0,0,0,0,0,1,0,0,0,1,1,10,2300,55308.39062
cs16960093,696,1871862,1871,1,1,1,0,1,0,0,0,0,0,0,1,0,0,0,1,0,1.27245903,1,4,2750,20323.35547
cs16950402,695,1871862,1871,1,2,1,1,0,0,1,1,0,0,0,1,0,0,0,0,1,0.9966933727,1,10,2200,56308.39062
cs16960202,696,1871862,1871,1,1,1,0,1,0,0,0,0,0,0,1,0,0,0,1,0,1.27245903,0,0,,0
cs16930163,693,1871862,1871,1,1,1,1,0,0,0,1,0,0,0,1,0,0,0,1,0,0.9966933727,0,0,,0
cs16940094,694,1871862,1871,1,3,0,0,1,0,0,0,0,0,0,0,0,1,0,0,0,1,0,0,,0
cs16930067,693,1871862,1871,1,1,1,1,0,0,0,1,0,0,0,0,0,1,0,1,0,0.9944144487,1,10,2200,56308.39062
cs16950200,695,1871862,1871,1,2,1,1,0,0,1,1,0,0,0,1,0,0,0,0,1,0.9966933727,1,5,2000,29154.19531
cs16960005,696,1871862,1871,1,1,0,0,1,0,0,0,0,0,0,0,0,1,0,1,0,1,0,0,,0
cs16960029,696,1871862,1871,1,1,0,0,1,0,0,0,0,0,0,0,0,1,0,1,0,1,0,0,,0
cs16940130,694,1871862,1871,1,3,1,0,1,0,0,0,0,0,0,1,0,0,0,0,0,1.27245903,1,15,2333.333252,82462.58594
cs16950354,695,1871862,1871,1,2,1,1,0,0,1,1,0,0,0,0,1,0,0,0,1,1.003737092,0,0,,0
cs16930267,693,1871862,1871,1,1,1,1,0,0,0,1,0,0,0,1,0,0,0,1,0,0.9966933727,1,10,2000,58308.39062
cs16930518,693,1871862,1871,1,1,1,1,0,0,0,1,0,0,0,1,0,0,0,1,0,0.9966933727,1,10,2000,58308.39062
cs16940012,694,1871862,1871,1,3,0,0,1,0,0,0,0,0,0,0,0,1,0,0,0,1,0,0,,0
cs16960189,696,1871862,1871,1,1,1,0,1,0,0,0,0,0,0,0,1,0,0,1,0,0.640173912,0,0,,0
cs16940271,694,1871862,1871,1,3,1,0,1,0,0,0,0,0,0,1,0,0,0,0,0,1.27245903,1,15,2333.333252,82462.58594
cs16960008,696,1871862,1871,1,1,0,0,1,0,0,0,0,0,0,0,0,1,0,1,0,1,0,0,,0
cs16950026,695,1871862,1871,1,2,0,1,0,0,1,1,0,0,0,0,0,1,0,0,1,1,0,0,,0
cs16940041,694,1871862,1871,1,3,0,0,1,0,0,0,0,0,0,0,0,1,0,0,0,1,0,0,,0
cs16940219,694,1871862,1871,1,3,1,0,1,0,0,0,0,0,0,0,1,0,0,0,0,0.640173912,0,0,,0
cs16950072,695,1871862,1871,1,2,0,1,0,0,1,1,0,0,0,0,0,1,0,0,1,1,1,10,2000,58308.39062
cs16940153,694,1871862,1871,1,3,1,0,1,0,0,0,0,0,0,0,1,0,0,0,0,0.640173912,0,0,,0
cs16930478,693,1871862,1871,1,1,1,1,0,0,0,1,0,0,0,0,1,0,0,1,0,1.003737092,1,10,2000,58308.39062
cs16940489,694,1871862,1871,1,3,1,0,1,0,0,0,0,0,0,1,0,0,0,0,0,1.27245903,1,10,2500,53308.39062
cs16960081,696,1871862,1871,1,1,1,0,1,0,0,0,0,0,0,0,1,0,0,1,0,0.640173912,1,15,2200,84462.58594
cs16950048,695,1871862,1871,1,2,0,1,0,0,1,1,0,0,0,0,0,1,0,0,1,1,0,0,,0
cs16950296,695,1871862,1871,1,2,1,1,0,0,1,1,0,0,0,0,1,0,0,0,1,1.003737092,0,0,,0
cs16930083,693,1871862,1871,1,1,1,1,0,0,0,1,0,0,0,0,0,1,0,1,0,0.9944144487,1,10,2200,56308.39062
cs16930106,693,1871862,1871,1,1,1,1,0,0,0,1,0,0,0,0,0,1,0,1,0,0.9944144487,1,15,2133.333252,85462.58594
cs16930419,693,1871862,1871,1,1,1,1,0,0,0,1,0,0,0,0,1,0,0,1,0,1.003737092,1,15,2000,87462.58594
cs16960198,696,1871862,1871,1,1,1,0,1,0,0,0,0,0,0,1,0,0,0,1,0,1.27245903,1,15,2200,84462.58594
cs16950145,695,1871862,1871,1,2,1,1,0,0,1,1,0,0,0,1,0,0,0,0,1,0.9966933727,1,5,2000,29154.19531
cs15950009,595,1871931,1871,1,3,0,1,0,1,1,0,0,0,0,0,0,1,0,0,0,1,1,3,2000,17492.51562
cs15910154,591,1871931,1871,1,2,1,0,1,0,0,0,0,0,0,0,0,1,0,0,1,1.051559091,0,0,,0
cs16020026,602,1871931,1871,1,1,0,1,0,0,1,1,0,0,0,0,0,1,0,1,0,1,1,5,3000,24154.19531
cs15910597,591,1871931,1871,1,2,1,0,1,0,0,0,0,0,0,1,0,0,0,0,1,1.27245903,1,8,2000,46646.71094
cs15920052,592,1871931,1871,1,1,0,0,1,0,0,0,0,0,0,0,0,1,0,1,0,1,1,7,2000,40815.87109
cs15910076,591,1871931,1871,1,2,1,0,1,0,0,0,0,0,0,0,0,1,0,0,1,0.661996901,1,6,2000,34985.03125
cs15900071,590,1871931,1871,1,1,0,1,0,1,0,1,0,0,0,0,0,1,0,1,0,1,1,5,2200,28154.19531
cs16010666,601,1871931,1871,1,2,1,1,0,1,1,1,0,0,0,1,0,0,0,0,1,0.9966933727,1,10,2000,58308.39062
cs15990290,599,1871931,1871,1,3,1,0,1,0,0,0,0,0,0,0,1,0,0,0,0,0.640173912,1,24,2000,139940.125
cs16010228,601,1871931,1871,1,2,1,1,0,1,1,1,0,0,0,1,0,0,0,0,1,0.9966933727,1,5,2000,29154.19531
cs16020208,602,1871931,1871,1,1,1,1,0,0,1,1,0,0,0,1,0,0,0,1,0,0.9966933727,1,6,2000,34985.03125
cs16000341,600,1871931,1871,1,3,1,1,0,0,1,0,0,0,0,1,0,0,0,0,0,1.003425598,1,6,2000,34985.03125
cs15990013,599,1871931,1871,1,3,0,0,1,0,0,0,0,0,0,0,0,1,0,0,0,1,1,15,2000,87462.58594
cs15921771,592,1871931,1871,1,1,1,0,1,0,0,0,0,0,0,1,0,0,0,1,0,1.27245903,1,7,2000,40815.87109
cs15921077,592,1871931,1871,1,1,1,0,1,0,0,0,0,0,0,0,1,0,0,1,0,0.640173912,1,6,2333.333252,32985.03125
cs16010031,601,1871931,1871,1,2,0,1,0,1,1,1,0,0,0,0,0,1,0,0,1,1,0,0,,0
cs15911351,591,1871931,1871,1,2,1,0,1,0,0,0,0,0,0,1,0,0,0,0,1,1.27245903,0,0,,0
cs15990055,599,1871931,1871,1,3,1,0,1,0,0,0,0,0,0,0,0,1,0,0,0,0.661996901,1,10,2000,58308.39062
cs15990120,599,1871931,1871,1,3,1,0,1,0,0,0,0,0,0,1,0,0,0,0,0,1.27245903,1,6,2000,34985.03125
cs15990239,599,1871931,1871,1,3,1,0,1,0,0,0,0,0,0,1,0,0,0,0,0,1.27245903,1,16,2000,93293.42188
cs16020039,602,1871931,1871,1,1,0,1,0,0,1,1,0,0,0,0,0,1,0,1,0,1,0,0,,0
cs15900109,590,1871931,1871,1,1,1,1,0,1,0,1,0,0,0,1,0,0,0,1,0,0.9966933727,0,0,,0
cs15920646,592,1871931,1871,1,1,1,0,1,0,0,0,0,0,0,0,1,0,0,1,0,0.640173912,1,7,2000,40815.87109
cs15950281,595,1871931,1871,1,3,1,1,0,1,1,0,0,0,0,1,0,0,0,0,0,1.003425598,1,3,2000,17492.51562
cs16000278,600,1871931,1871,1,3,1,1,0,0,1,0,0,0,0,1,0,0,0,0,0,1.003425598,1,7,2000,40815.87109
cs16000012,600,1871931,1871,1,3,0,1,0,0,1,0,0,0,0,0,0,1,0,0,0,1,0,0,,0
cs15910801,591,1871931,1871,1,2,1,0,1,0,0,0,0,0,0,1,0,0,0,0,1,1.27245903,1,6.5,2000,37900.45312
cs15900418,590,1871931,1871,1,1,1,1,0,1,0,1,0,0,0,1,0,0,0,1,0,0.9966933727,1,6,2333.333252,32985.03125
cs15950008,595,1871931,1871,1,3,0,1,0,1,1,0,0,0,0,0,0,1,0,0,0,1,1,3,2000,17492.51562
cs15950056,595,1871931,1871,1,3,1,1,0,1,1,0,0,0,0,0,0,1,0,0,0,1.005813479,1,3,2000,17492.51562
cs16010531,601,1871931,1871,1,2,1,1,0,1,1,1,0,0,0,1,0,0,0,0,1,0.9966933727,1,5,3000,24154.19531
cs16020006,602,1871931,1871,1,1,0,1,0,0,1,1,0,0,0,0,0,1,0,1,0,1,1,5,3000,24154.19531
cs15910624,591,1871931,1871,1,2,1,0,1,0,0,0,0,0,0,0,1,0,0,0,1,0.640173912,1,6,2166.666748,33985.03125
cs15910873,591,1871931,1871,1,2,1,0,1,0,0,0,0,0,0,0,1,0,0,0,1,0.640173912,1,5,2000,29154.19531
cs16000061,600,1871931,1871,1,3,1,1,0,0,1,0,0,0,0,0,1,0,0,0,0,0.9961833954,1,10,2000,58308.39062
cs16020145,602,1871931,1871,1,1,1,1,0,0,1,1,0,0,0,1,0,0,0,1,0,0.9966933727,1,6,2500,31985.0332
cs16000136,600,1871931,1871,1,3,1,1,0,0,1,0,0,0,0,1,0,0,0,0,0,1.003425598,1,7,2000,40815.87109
cs15990174,599,1871931,1871,1,3,1,0,1,0,0,0,0,0,0,1,0,0,0,0,0,1.27245903,1,8,2000,46646.71094
cs15910006,591,1871931,1871,1,2,1,0,1,0,0,0,0,0,0,0,0,1,0,0,1,0.661996901,1,6,2000,34985.03125
cs16000038,600,1871931,1871,1,3,0,1,0,0,1,0,0,0,0,0,0,1,0,0,0,1,1,7,2000,40815.87109
cs15920808,592,1871931,1871,1,1,1,0,1,0,0,0,0,0,0,1,0,0,0,1,0,1.27245903,1,7,2000,40815.87109
cs15921612,592,1871931,1871,1,1,1,0,1,0,0,0,0,0,0,1,0,0,0,1,0,1.27245903,1,7,2000,40815.87109
cs15950091,595,1871931,1871,1,3,1,1,0,1,1,0,0,0,0,1,0,0,0,0,0,1.003425598,1,3,2000,17492.51562
cs15950181,595,1871931,1871,1,3,1,1,0,1,1,0,0,0,0,1,0,0,0,0,0,1.003425598,1,3,2000,17492.51562
cs16000144,600,1871931,1871,1,3,1,1,0,0,1,0,0,0,0,0,1,0,0,0,0,0.9961833954,0,0,,0
cs16020439,602,1871931,1871,1,1,1,1,0,0,1,1,0,0,0,0,1,0,0,1,0,1.003737092,1,5,2000,29154.19531
cs15900202,590,1871931,1871,1,1,1,1,0,1,0,1,0,0,0,1,0,0,0,1,0,0.9966933727,1,5,2200,28154.19531
cs15900018,590,1871931,1871,1,1,0,1,0,1,0,1,0,0,0,0,0,1,0,1,0,1,1,5,2200,28154.19531
cs16020394,602,1871931,1871,1,1,1,1,0,0,1,1,0,0,0,0,1,0,0,1,0,1.003737092,1,6,2000,34985.03125
cs15920046,592,1871931,1871,1,1,1,0,1,0,0,0,0,0,0,0,0,1,0,1,0,1.051559091,1,7,2000,40815.87109
cs16000011,600,1871931,1871,1,3,0,1,0,0,1,0,0,0,0,0,0,1,0,0,0,1,0,0,,0
cs16020143,602,1871931,1871,1,1,1,1,0,0,1,1,0,0,0,1,0,0,0,1,0,0.9966933727,1,5,3000,24154.19531
cs15920076,592,1871931,1871,1,1,1,0,1,0,0,0,0,0,0,0,0,1,0,1,0,1.051559091,1,14,2000,81631.74219
cs15990267,599,1871931,1871,1,3,1,0,1,0,0,0,0,0,0,0,1,0,0,0,0,0.640173912,1,16,2000,93293.42188
cs15990043,599,1871931,1871,1,3,0,0,1,0,0,0,0,0,0,0,0,1,0,0,0,1,1,15,2000,87462.58594
cs18090022,809,3312185,3312,1,3,0,1,0,0,1,0,0,0,0,0,0,1,0,0,0,1,0,0,,0
cs18110190,811,3312185,3312,1,2,1,0,1,0,0,0,0,0,0,1,0,0,0,0,1,1.27245903,0,0,,0
cs18070045,807,3312185,3312,1,1,0,1,0,1,1,1,0,0,0,0,0,1,0,1,0,1,1,3,2166.666748,16992.51562
cs18040218,804,3312185,3312,1,1,1,1,0,0,1,0,0,0,0,0,1,0,0,1,0,0.9961833954,0,0,,0
cs18100118,810,3312185,3312,1,3,1,0,1,0,0,0,0,0,0,0,1,0,0,0,0,0.640173912,1,3,2166.666748,16992.51562
cs18040127,804,3312185,3312,1,1,0,1,0,0,1,0,0,0,0,0,0,1,0,1,0,1,1,2,2000,11661.67773
cs18060078,806,3312185,3312,1,2,1,1,0,0,0,1,0,0,0,1,0,0,0,0,1,0.9966933727,1,5,1700,30654.19531
cs18120129,812,3312185,3312,1,2,1,1,0,1,0,1,0,0,0,1,0,0,0,0,1,0.9966933727,1,3,1833.333374,17992.51562
cs18090155,809,3312185,3312,1,3,1,1,0,0,1,0,0,0,0,1,0,0,0,0,0,1.003425598,1,15,1800,90462.58594
cs18070011,807,3312185,3312,1,1,1,1,0,1,1,1,0,0,0,0,0,1,0,1,0,0.9944144487,1,3,2166.666748,16992.51562
cs18100026,810,3312185,3312,1,3,1,0,1,0,0,0,0,0,0,0,0,1,0,0,0,1.051559091,1,3.5,1914.285767,20707.93555
cs18080087,808,3312185,3312,1,3,1,1,0,1,0,0,0,0,0,1,0,0,0,0,0,1.003425598,1,3,5000,8492.516602
cs18100027,810,3312185,3312,1,3,0,0,1,0,0,0,0,0,0,0,0,1,0,0,0,1,1,3,2233.333252,16792.51562
cs18010081,801,3312185,3312,1,1,1,1,0,0,1,1,0,0,0,0,1,0,0,1,0,1.003737092,1,15,1700,91962.58594
cs18080071,808,3312185,3312,1,3,0,1,0,1,0,0,0,0,0,0,0,1,0,0,0,1,1,2.5,2000,14577.09766
cs18010172,801,3312185,3312,1,1,1,1,0,0,1,1,0,0,0,1,0,0,0,1,0,0.9966933727,1,5,1800,30154.19531
cs18030217,803,3312185,3312,1,1,1,0,1,0,0,0,0,0,0,1,0,0,0,1,0,1.27245903,1,4,1825,24023.35547
cs18080202,808,3312185,3312,1,3,1,1,0,1,0,0,0,0,0,1,0,0,0,0,0,1.003425598,1,3,2000,17492.51562
cs18040201,804,3312185,3312,1,1,1,1,0,0,1,0,0,0,0,1,0,0,0,1,0,1.003425598,1,3,2166.666748,16992.51562
cs18110017,811,3312185,3312,1,2,0,0,1,0,0,0,0,0,0,0,0,1,0,0,1,1,0,0,,0
cs18090047,809,3312185,3312,1,3,1,1,0,0,1,0,0,0,0,0,1,0,0,0,0,0.9961833954,1,15,1733.333374,91462.58594
cs18040118,804,3312185,3312,1,1,0,1,0,0,1,0,0,0,0,0,0,1,0,1,0,1,0,0,,0
cs18070192,807,3312185,3312,1,1,1,1,0,1,1,1,0,0,0,1,0,0,0,1,0,0.9966933727,0,0,,0
cs18060313,806,3312185,3312,1,2,1,1,0,0,0,1,0,0,0,1,0,0,0,0,1,0.9966933727,1,5,2000,29154.19531
cs18070149,807,3312185,3312,1,1,1,1,0,1,1,1,0,0,0,1,0,0,0,1,0,0.9966933727,1,3,2000,17492.51562
cs18110064,811,3312185,3312,1,2,0,0,1,0,0,0,0,0,0,0,0,1,0,0,1,1,0,0,,0
cs18120102,812,3312185,3312,1,2,1,1,0,1,0,1,0,0,0,1,0,0,0,0,1,0.9966933727,1,15,1600,93462.58594
cs18100134,810,3312185,3312,1,3,1,0,1,0,0,0,0,0,0,1,0,0,0,0,0,1.27245903,1,3.5,1914.285767,20707.93555
cs18030171,803,3312185,3312,1,1,1,0,1,0,0,0,0,0,0,0,1,0,0,1,0,0.640173912,1,2,3500,8661.677734
cs18090006,809,3312185,3312,1,3,0,1,0,0,1,0,0,0,0,0,0,1,0,0,0,1,0,0,,0
cs18010005,801,3312185,3312,1,1,0,1,0,0,1,1,0,0,0,0,0,1,0,1,0,1,1,3,1600,18692.51562
cs18070137,807,3312185,3312,1,1,1,1,0,1,1,1,0,0,0,1,0,0,0,1,0,0.9966933727,1,15,1600,93462.58594
cs18030057,803,3312185,3312,1,1,1,0,1,0,0,0,0,0,0,0,0,1,0,1,0,1.051559091,1,3,2000,17492.51562
cs18110188,811,3312185,3312,1,2,1,0,1,0,0,0,0,0,0,1,0,0,0,0,1,1.27245903,0,0,,0
cs18030206,803,3312185,3312,1,1,1,0,1,0,0,0,0,0,0,1,0,0,0,1,0,1.27245903,1,3,2833.333252,14992.5166
cs18040250,804,3312185,3312,1,1,1,1,0,0,1,0,0,0,0,0,1,0,0,1,0,0.9961833954,1,4,1000,27323.35547
cs18100179,810,3312185,3312,1,3,1,0,1,0,0,0,0,0,0,1,0,0,0,0,0,1.27245903,1,4,2500,21323.35547
cs18080187,808,3312185,3312,1,3,1,1,0,1,0,0,0,0,0,1,0,0,0,0,0,1.003425598,0,0,,0
cs18040005,804,3312185,3312,1,1,0,1,0,0,1,0,0,0,0,0,0,1,0,1,0,1,0,0,,0
cs18060160,806,3312185,3312,1,2,1,1,0,0,0,1,0,0,0,0,1,0,0,0,1,1.003737092,1,5,1800,30154.19531
cs18010067,801,3312185,3312,1,1,1,1,0,0,1,1,0,0,0,1,0,0,0,1,0,0.9966933727,1,3,2000,17492.51562
cs18110121,811,3312185,3312,1,2,0,0,1,0,0,0,0,0,0,0,0,1,0,0,1,1,1,1.5,1666.666626,9246.257812
cs18080017,808,3312185,3312,1,3,0,1,0,1,0,0,0,0,0,0,0,1,0,0,0,1,1,2.5,2000,14577.09766
cs18090004,809,3312185,3312,1,3,0,1,0,0,1,0,0,0,0,0,0,1,0,0,0,1,0,0,,0
cs18060015,806,3312185,3312,1,2,0,1,0,0,0,1,0,0,0,0,0,1,0,0,1,1,1,5,1800,30154.19531
cs18120075,812,3312185,3312,1,2,1,1,0,1,0,1,0,0,0,0,0,1,0,0,1,0.9944144487,1,5,2000,29154.19531
cs18030166,803,3312185,3312,1,1,1,0,1,0,0,0,0,0,0,0,1,0,0,1,0,0.640173912,1,2.5,2600,13077.09766
cs18060140,806,3312185,3312,1,2,1,1,0,0,0,1,0,0,0,1,0,0,0,0,1,0.9966933727,1,5,2200,28154.19531
cs18010048,801,3312185,3312,1,1,1,1,0,0,1,1,0,0,0,0,1,0,0,1,0,1.003737092,0,0,,0
cs18060008,806,3312185,3312,1,2,0,1,0,0,0,1,0,0,0,0,0,1,0,0,1,1,1,5,2000,29154.19531
cs18030194,803,3312185,3312,1,1,1,0,1,0,0,0,0,0,0,1,0,0,0,1,0,1.27245903,1,3,2333.333252,16492.51562
cs18030011,803,3312185,3312,1,1,0,0,1,0,0,0,0,0,0,0,0,1,0,1,0,1,1,5,1600,31154.19531
cs18010015,801,3312185,3312,1,1,0,1,0,0,1,1,0,0,0,0,0,1,0,1,0,1,1,5,1800,30154.19531
cs18100225,810,3312185,3312,1,3,1,0,1,0,0,0,0,0,0,0,1,0,0,0,0,0.640173912,1,4,2125,22823.35547
cs18030131,803,3312185,3312,1,1,0,0,1,0,0,0,0,0,0,0,0,1,0,1,0,1,1,3,2500,15992.5166
cs18110214,811,3312185,3312,1,2,1,0,1,0,0,0,0,0,0,0,1,0,0,0,1,0.640173912,1,2.5,1600,15577.09766
cs18080073,808,3312185,3312,1,3,0,1,0,1,0,0,0,0,0,0,0,1,0,0,0,1,1,3,1666.666626,18492.51562
cs18090104,809,3312185,3312,1,3,1,1,0,0,1,0,0,0,0,0,1,0,0,0,0,0.9961833954,1,15,1733.333374,91462.58594
cs18070041,807,3312185,3312,1,1,1,1,0,1,1,1,0,0,0,0,0,1,0,1,0,0.9944144487,1,3,2166.666748,16992.51562
cs18060133,806,3312185,3312,1,2,1,1,0,0,0,1,0,0,0,0,1,0,0,0,1,1.003737092,1,4,2500,21323.35547
cs18040198,804,3312185,3312,1,1,1,1,0,0,1,0,0,0,0,1,0,0,0,1,0,1.003425598,1,2,2250,11161.67773
cs18090086,809,3312185,3312,1,3,1,1,0,0,1,0,0,0,0,1,0,0,0,0,0,1.003425598,1,15,1733.333374,91462.58594
cs18040271,804,3312185,3312,1,1,1,1,0,0,1,0,0,0,0,1,0,0,0,1,0,1.003425598,1,4,2000,23323.35547
cs18110148,811,3312185,3312,1,2,1,0,1,0,0,0,0,0,0,0,1,0,0,0,1,0.640173912,0,0,,0
cs18010058,801,3312185,3312,1,1,1,1,0,0,1,1,0,0,0,1,0,0,0,1,0,0.9966933727,1,6,2000,34985.03125
cs18090127,809,3312185,3312,1,3,1,1,0,0,1,0,0,0,0,1,0,0,0,0,0,1.003425598,1,15,1733.333374,91462.58594
cs18120091,812,3312185,3312,1,2,0,1,0,1,0,1,0,0,0,0,0,1,0,0,1,1,0,0,,0
cs18110222,811,3312185,3312,1,2,1,0,1,0,0,0,0,0,0,1,0,0,0,0,1,1.27245903,1,2,1500,12661.67773
cs18010010,801,3312185,3312,1,1,0,1,0,0,1,1,0,0,0,0,0,1,0,1,0,1,1,3,1600,18692.51562
cs18060049,806,3312185,3312,1,2,1,1,0,0,0,1,0,0,0,0,0,1,0,0,1,0.9944144487,1,5,1800,30154.19531
cs18100150,810,3312185,3312,1,3,1,0,1,0,0,0,0,0,0,1,0,0,0,0,0,1.27245903,1,4,1875,23823.35547
cs18120145,812,3312185,3312,1,2,1,1,0,1,0,1,0,0,0,1,0,0,0,0,1,0.9966933727,1,3,2333.333252,16492.51562
cs18100094,810,3312185,3312,1,3,0,0,1,0,0,0,0,0,0,0,0,1,0,0,0,1,1,5,2000,29154.19531
cs17630163,763,3312222,3312,1,2,1,0,1,0,0,0,0,0,0,1,0,0,0,0,1,1.27245903,1,4,1750,24323.35547
cs17630103,763,3312222,3312,1,2,1,0,1,0,0,0,0,0,0,1,0,0,0,0,1,1.27245903,1,3,2333.333252,16492.51562
cs17460087,746,3312222,3312,1,3,0,1,0,1,0,0,0,0,0,0,0,1,0,0,0,1,1,6,2083.333252,34485.03125
cs17530252,753,3312222,3312,1,1,1,0,1,0,0,0,0,0,0,0,1,0,0,1,0,0.640173912,1,8,2500,42646.71094
cs17600285,760,3312222,3312,1,1,1,1,0,1,1,0,0,0,0,1,0,0,0,1,0,1.003425598,1,15,1666.666626,92462.58594
cs17510229,751,3312222,3312,1,2,1,1,0,1,1,0,0,0,0,1,0,0,0,0,1,1.003425598,1,5,1800,30154.19531
cs17510191,751,3312222,3312,1,2,1,1,0,1,1,0,0,0,0,1,0,0,0,0,1,1.003425598,1,5,1800,30154.19531
cs17600118,760,3312222,3312,1,1,0,1,0,1,1,0,0,0,0,0,0,1,0,1,0,1,0,0,,0
cs17620126,762,3312222,3312,1,3,1,0,1,0,0,0,0,0,0,1,0,0,0,0,0,1.27245903,1,3,1666.666626,18492.51562
cs17490009,749,3312222,3312,1,3,0,1,0,0,0,0,0,0,0,0,0,1,0,0,0,1,1,5,1800,30154.19531
cs17570005,757,3312222,3312,1,1,0,1,0,1,0,1,0,0,0,0,0,1,0,1,0,1,1,5,2000,29154.19531
cs17600107,760,3312222,3312,1,1,0,1,0,1,1,0,0,0,0,0,0,1,0,1,0,1,0,0,,0
cs17510018,751,3312222,3312,1,2,0,1,0,1,1,0,0,0,0,0,0,1,0,0,1,1,1,5,1800,30154.19531
cs17530440,753,3312222,3312,1,1,1,0,1,0,0,0,0,0,0,1,0,0,0,1,0,1.27245903,1,3.5,2571.428467,18407.93555
cs17510025,751,3312222,3312,1,2,1,1,0,1,1,0,0,0,0,0,0,1,0,0,1,1.005813479,1,5,1800,30154.19531
cs17550039,755,3312222,3312,1,2,0,1,0,1,0,1,0,0,0,0,0,1,0,0,1,1,1,3.5,1857.142822,20907.93555
cs17630063,763,3312222,3312,1,2,1,0,1,0,0,0,0,0,0,0,1,0,0,0,1,0.640173912,1,3,2500,15992.5166
cs17570459,757,3312222,3312,1,1,1,1,0,1,0,1,0,0,0,1,0,0,0,1,0,0.9966933727,1,5,2000,29154.19531
cs17550071,755,3312222,3312,1,2,0,1,0,1,0,1,0,0,0,0,0,1,0,0,1,1,1,3.5,1857.142822,20907.93555
cs17490162,749,3312222,3312,1,3,1,1,0,0,0,0,0,0,0,0,1,0,0,0,0,0.9961833954,1,5,1800,30154.19531
cs17500090,750,3312222,3312,1,1,1,1,0,0,1,0,0,0,0,1,0,0,0,1,0,1.003425598,1,3.5,2285.714355,19407.93555
cs17530044,753,3312222,3312,1,1,0,0,1,0,0,0,0,0,0,0,0,1,0,1,0,1,1,3.5,2571.428467,18407.93555
cs17610323,761,3312222,3312,1,1,1,0,1,0,0,0,0,0,0,1,0,0,0,1,0,1.27245903,1,4,1900,23723.35547
cs17600216,760,3312222,3312,1,1,1,1,0,1,1,0,0,0,0,1,0,0,0,1,0,1.003425598,1,15,1600,93462.58594
cs17620052,762,3312222,3312,1,3,0,0,1,0,0,0,0,0,0,0,0,1,0,0,0,1,1,3,1666.666626,18492.51562
cs17600265,760,3312222,3312,1,1,1,1,0,1,1,0,0,0,0,1,0,0,0,1,0,1.003425598,1,15,1600,93462.58594
cs17500005,750,3312222,3312,1,1,0,1,0,0,1,0,0,0,0,0,0,1,0,1,0,1,1,4,2000,23323.35547
cs17540309,754,3312222,3312,1,2,1,1,0,0,1,0,0,0,0,1,0,0,0,0,1,1.003425598,1,7,2000,40815.87109
cs17550038,755,3312222,3312,1,2,0,1,0,1,0,1,0,0,0,0,0,1,0,0,1,1,1,4,1500,25323.35547
cs17480174,748,3312222,3312,1,3,1,0,1,0,0,0,0,0,0,1,0,0,0,0,0,1.27245903,1,15,1600,93462.58594
cs17590018,759,3312222,3312,1,2,1,1,0,0,1,1,0,0,0,0,0,1,0,0,1,1.045999765,1,5,1600,31154.19531
cs17590098,759,3312222,3312,1,2,0,1,0,0,1,1,0,0,0,0,0,1,0,0,1,1,0,0,,0
cs17570360,757,3312222,3312,1,1,1,1,0,1,0,1,0,0,0,1,0,0,0,1,0,0.9966933727,1,5,2000,29154.19531
cs17540292,754,3312222,3312,1,2,1,1,0,0,1,0,0,0,0,1,0,0,0,0,1,1.003425598,1,7,2000,40815.87109
cs17540037,754,3312222,3312,1,2,0,1,0,0,1,0,0,0,0,0,0,1,0,0,1,1,1,7,2000,40815.87109
cs17630054,763,3312222,3312,1,2,1,0,1,0,0,0,0,0,0,1,0,0,0,0,1,1.27245903,1,3,2333.333252,16492.51562
cs17460045,746,3312222,3312,1,3,0,1,0,1,0,0,0,0,0,0,0,1,0,0,0,1,1,6,2083.333252,34485.03125
cs17480017,748,3312222,3312,1,3,0,0,1,0,0,0,0,0,0,0,0,1,0,0,0,1,1,5,1000,34154.19531
cs17590329,759,3312222,3312,1,2,1,1,0,0,1,1,0,0,0,1,0,0,0,0,1,0.9966933727,1,5,1700,30654.19531
cs17610142,761,3312222,3312,1,1,1,0,1,0,0,0,0,0,0,1,0,0,0,1,0,1.27245903,1,4.5,1688.888916,27638.77539
cs17540304,754,3312222,3312,1,2,1,1,0,0,1,0,0,0,0,1,0,0,0,0,1,1.003425598,1,5,2000,29154.19531
cs17600056,760,3312222,3312,1,1,0,1,0,1,1,0,0,0,0,0,0,1,0,1,0,1,1,15,1600,93462.58594
cs17460329,746,3312222,3312,1,3,1,1,0,1,0,0,0,0,0,1,0,0,0,0,0,1.003425598,0,0,,0
cs17590122,759,3312222,3312,1,2,1,1,0,0,1,1,0,0,0,1,0,0,0,0,1,0.9966933727,1,12,1708.333374,73470.0625
cs17530654,753,3312222,3312,1,1,1,0,1,0,0,0,0,0,0,1,0,0,0,1,0,1.27245903,1,3.5,2857.142822,17407.93555
cs17540156,754,3312222,3312,1,2,1,1,0,0,1,0,0,0,0,0,1,0,0,0,1,0.9961833954,1,7,2000,40815.87109
cs17630039,763,3312222,3312,1,2,0,0,1,0,0,0,0,0,0,0,0,1,0,0,1,1,1,3,2333.333252,16492.51562
cs17540284,754,3312222,3312,1,2,1,1,0,0,1,0,0,0,0,0,1,0,0,0,1,0.9961833954,1,5.5,2000,32069.61328
cs17480048,748,3312222,3312,1,3,0,0,1,0,0,0,0,0,0,0,0,1,0,0,0,1,0,0,,0
cs17620239,762,3312222,3312,1,3,1,0,1,0,0,0,0,0,0,0,1,0,0,0,0,0.640173912,1,3,1666.666626,18492.51562
cs17480118,748,3312222,3312,1,3,1,0,1,0,0,0,0,0,0,0,1,0,0,0,0,0.640173912,1,10,2000,58308.39062
cs17620121,762,3312222,3312,1,3,1,0,1,0,0,0,0,0,0,1,0,0,0,0,0,1.27245903,1,3,1666.666626,18492.51562
cs17460041,746,3312222,3312,1,3,0,1,0,1,0,0,0,0,0,0,0,1,0,0,0,1,0,0,,0
cs17500267,750,3312222,3312,1,1,1,1,0,0,1,0,0,0,0,1,0,0,0,1,0,1.003425598,1,3.5,2285.714355,19407.93555
cs17480034,748,3312222,3312,1,3,0,0,1,0,0,0,0,0,0,0,0,1,0,0,0,1,1,5,2000,29154.19531
cs17540053,754,3312222,3312,1,2,0,1,0,0,1,0,0,0,0,0,0,1,0,0,1,1,1,7,2000,40815.87109
cs17510341,751,3312222,3312,1,2,1,1,0,1,1,0,0,0,0,1,0,0,0,0,1,1.003425598,1,5,1800,30154.19531
cs17630036,763,3312222,3312,1,2,1,0,1,0,0,0,0,0,0,0,0,1,0,0,1,0.661996901,1,3,2333.333252,16492.51562
cs17490198,749,3312222,3312,1,3,1,1,0,0,0,0,0,0,0,1,0,0,0,0,0,1.003425598,1,5,1800,30154.19531
cs17480362,748,3312222,3312,1,3,1,0,1,0,0,0,0,0,0,1,0,0,0,0,0,1.27245903,1,10,2000,58308.39062
cs17500018,750,3312222,3312,1,1,0,1,0,0,1,0,0,0,0,0,0,1,0,1,0,1,1,4,2000,23323.35547
cs17500237,750,3312222,3312,1,1,1,1,0,0,1,0,0,0,0,0,1,0,0,1,0,0.9961833954,1,3.5,2142.857178,19907.93555
cs17510007,751,3312222,3312,1,2,0,1,0,1,1,0,0,0,0,0,0,1,0,0,1,1,1,5,1800,30154.19531
cs17610039,761,3312222,3312,1,1,0,0,1,0,0,0,0,0,0,0,0,1,0,1,0,1,1,3.700000048,1756.756714,22474.10352
cs17590232,759,3312222,3312,1,2,1,1,0,0,1,1,0,0,0,1,0,0,0,0,1,0.9966933727,0,0,,0
cs17610051,761,3312222,3312,1,1,0,0,1,0,0,0,0,0,0,0,0,1,0,1,0,1,1,3.700000048,1756.756714,22474.10352
cs17500022,750,3312222,3312,1,1,0,1,0,0,1,0,0,0,0,0,0,1,0,1,0,1,1,3,2666.666748,15492.5166
cs17610168,761,3312222,3312,1,1,1,0,1,0,0,0,0,0,0,1,0,0,0,1,0,1.27245903,1,3.5,1857.142822,20907.93555
cs17530088,753,3312222,3312,1,1,0,0,1,0,0,0,0,0,0,0,0,1,0,1,0,1,1,3.5,2571.428467,18407.93555
cs17610309,761,3312222,3312,1,1,1,0,1,0,0,0,0,0,0,0,1,0,0,1,0,0.640173912,1,3.700000048,1756.756714,22474.10352
cs17490140,749,3312222,3312,1,3,1,1,0,0,0,0,0,0,0,0,1,0,0,0,0,0.9961833954,1,10,1800,60308.39062
cs17630160,763,3312222,3312,1,2,1,0,1,0,0,0,0,0,0,0,1,0,0,0,1,0.640173912,1,3,2333.333252,16492.51562
cs17500297,750,3312222,3312,1,1,1,1,0,0,1,0,0,0,0,1,0,0,0,1,0,1.003425598,1,3.5,2142.857178,19907.93555
cs17570075,757,3312222,3312,1,1,1,1,0,1,0,1,0,0,0,1,0,0,0,1,0,0.9966933727,1,5,2000,29154.19531
cs17530385,753,3312222,3312,1,1,1,0,1,0,0,0,0,0,0,1,0,0,0,1,0,1.27245903,1,3,3166.666748,13992.5166
cs17490011,749,3312222,3312,1,3,0,1,0,0,0,0,0,0,0,0,0,1,0,0,0,1,1,5,1800,30154.19531
cs17620081,762,3312222,3312,1,3,0,0,1,0,0,0,0,0,0,0,0,1,0,0,0,1,1,3,1666.666626,18492.51562
cs17460222,746,3312222,3312,1,3,1,1,0,1,0,0,0,0,0,1,0,0,0,0,0,1.003425598,0,0,,0
cs17620196,762,3312222,3312,1,3,1,0,1,0,0,0,0,0,0,1,0,0,0,0,0,1.27245903,1,3,1666.666626,18492.51562
cs17610114,761,3312222,3312,1,1,1,0,1,0,0,0,0,0,0,0,1,0,0,1,0,0.640173912,1,4,1625,24823.35547
cs17550086,755,3312222,3312,1,2,1,1,0,1,0,1,0,0,0,1,0,0,0,0,1,0.9966933727,1,3.5,1857.142822,20907.93555
cs17590224,759,3312222,3312,1,2,1,1,0,0,1,1,0,0,0,0,1,0,0,0,1,1.003737092,1,5,1800,30154.19531
cs17500161,750,3312222,3312,1,1,1,1,0,0,1,0,0,0,0,0,1,0,0,1,0,0.9961833954,1,3,2500,15992.5166
cs17630020,763,3312222,3312,1,2,0,0,1,0,0,0,0,0,0,0,0,1,0,0,1,1,1,4,1750,24323.35547
cs17620024,762,3312222,3312,1,3,1,0,1,0,0,0,0,0,0,0,0,1,0,0,0,0.661996901,1,3,1666.666626,18492.51562
cs17570037,757,3312222,3312,1,1,0,1,0,1,0,1,0,0,0,0,0,1,0,1,0,1,1,5,2000,29154.19531
cs17620289,762,3312222,3312,1,3,1,0,1,0,0,0,0,0,0,0,1,0,0,0,0,0.640173912,1,3,1666.666626,18492.51562
cs17460372,746,3312222,3312,1,3,1,1,0,1,0,0,0,0,0,1,0,0,0,0,0,1.003425598,0,0,,0
cs17490012,749,3312222,3312,1,3,0,1,0,0,0,0,0,0,0,0,0,1,0,0,0,1,1,5,1800,30154.19531
cs17570049,757,3312222,3312,1,1,0,1,0,1,0,1,0,0,0,0,0,1,0,1,0,1,1,5,2000,29154.19531
cs17610018,761,3312222,3312,1,1,1,0,1,0,0,0,0,0,0,0,0,1,0,1,0,0.661996901,1,3.5,1857.142822,20907.93555
cs17540010,754,3312222,3312,1,2,0,1,0,0,1,0,0,0,0,0,0,1,0,0,1,1,1,5,2800,25154.19531
cs17530109,753,3312222,3312,1,1,0,0,1,0,0,0,0,0,0,0,0,1,0,1,0,1,1,3.5,2142.857178,19907.93555
cs17550239,755,3312222,3312,1,2,1,1,0,1,0,1,0,0,0,1,0,0,0,0,1,0.9966933727,1,3,2166.666748,16992.51562
cs17590141,759,3312222,3312,1,2,1,1,0,0,1,1,0,0,0,0,1,0,0,0,1,1.003737092,1,4,3000,19323.35547
cs17530407,753,3312222,3312,1,1,1,0,1,0,0,0,0,0,0,0,1,0,0,1,0,0.640173912,1,3.5,2571.428467,18407.93555
cs17490208,749,3312222,3312,1,3,1,1,0,0,0,0,0,0,0,1,0,0,0,0,0,1.003425598,1,5,1800,30154.19531
cs17490083,749,3312222,3312,1,3,1,1,0,0,0,0,0,0,0,1,0,0,0,0,0,1.003425598,1,4.5,2000,26238.77539
cs17550177,755,3312222,3312,1,2,1,1,0,1,0,1,0,0,0,1,0,0,0,0,1,0.9966933727,1,3.5,1857.142822,20907.93555
cs17480112,748,3312222,3312,1,3,1,0,1,0,0,0,0,0,0,1,0,0,0,0,0,1.27245903,1,15,1600,93462.58594
cs17480364,748,3312222,3312,1,3,1,0,1,0,0,0,0,0,0,0,1,0,0,0,0,0.640173912,1,15,1600,93462.58594
cs17590054,759,3312222,3312,1,2,0,1,0,0,1,1,0,0,0,0,0,1,0,0,1,1,0,0,,0
cs17300260,730,3312351,3312,1,3,1,0,1,0,0,0,0,0,0,1,0,0,0,0,0,1.27245903,1,5,1800,30154.19531
cs17370022,737,3312351,3312,1,3,0,0,1,0,0,0,0,0,0,0,0,1,0,0,0,1,1,6.5,1538.461548,40900.45312
cs17200108,720,3312351,3312,1,1,1,1,0,0,0,1,0,0,0,1,0,0,0,1,0,0.9966933727,1,15,1666.666626,92462.58594
cs17280093,728,3312351,3312,1,1,1,1,0,1,1,1,0,0,0,1,0,0,0,1,0,0.9966933727,1,9,1666.666626,55477.55078
cs17410062,741,3312351,3312,1,2,0,0,1,0,0,0,0,0,0,0,0,1,0,0,1,1,1,2.5,2200,14077.09766
cs17250407,725,3312351,3312,1,2,1,1,0,1,1,0,0,0,0,1,0,0,0,0,1,1.003425598,1,6,1700,36785.03125
cs17440234,744,3312351,3312,1,3,1,1,0,0,1,0,0,0,0,0,1,0,0,0,0,0.9961833954,1,4,1750,24323.35547
cs17200147,720,3312351,3312,1,1,1,1,0,0,0,1,0,0,0,1,0,0,0,1,0,0.9966933727,1,15,1666.666626,92462.58594
cs17260037,726,3312351,3312,1,1,0,0,1,0,0,0,0,0,0,0,0,1,0,1,0,1,1,3.5,1714.285767,21407.93555
cs17270043,727,3312351,3312,1,3,1,1,0,0,0,1,0,0,0,1,0,0,0,0,0,0.9966933727,1,6,1750,36485.03125
cs17450252,745,3312351,3312,1,2,1,0,1,0,0,0,0,0,0,1,0,0,0,0,1,1.27245903,1,5,1640,30954.19531
cs17280036,728,3312351,3312,1,1,0,1,0,1,1,1,0,0,0,0,0,1,0,1,0,1,1,3,1600,18692.51562
cs17310254,731,3312351,3312,1,2,1,1,0,0,1,1,0,0,0,0,1,0,0,0,1,1.003737092,1,15,1700,91962.58594
cs17350017,735,3312351,3312,1,3,0,1,0,1,1,0,0,0,0,0,0,1,0,0,0,1,1,3,1766.666626,18192.51562
cs17430143,743,3312351,3312,1,3,1,1,0,1,0,0,0,0,0,1,0,0,0,0,0,1.003425598,1,5,2300,27654.19531
cs17440279,744,3312351,3312,1,3,1,1,0,0,1,0,0,0,0,0,1,0,0,0,0,0.9961833954,1,4,2000,23323.35547
cs17350177,735,3312351,3312,1,3,1,1,0,1,1,0,0,0,0,1,0,0,0,0,0,1.003425598,1,3,1833.333374,17992.51562
cs17410122,741,3312351,3312,1,2,1,0,1,0,0,0,0,0,0,1,0,0,0,0,1,1.27245903,1,3,2333.333252,16492.51562
cs17290136,729,3312351,3312,1,1,1,1,0,1,0,0,0,0,0,1,0,0,0,1,0,1.003425598,1,5,1700,30654.19531
cs17410020,741,3312351,3312,1,2,0,0,1,0,0,0,0,0,0,0,0,1,0,0,1,1,1,3,1833.333374,17992.51562
cs17430120,743,3312351,3312,1,3,1,1,0,1,0,0,0,0,0,1,0,0,0,0,0,1.003425598,1,2,1750,12161.67773
cs17370150,737,3312351,3312,1,3,1,0,1,0,0,0,0,0,0,0,1,0,0,0,0,0.640173912,1,6,1666.666626,36985.03125
cs17380164,738,3312351,3312,1,2,1,1,0,1,0,1,0,0,0,1,0,0,0,0,1,0.9966933727,1,7.5,1800,45231.29297
cs17450106,745,3312351,3312,1,2,1,0,1,0,0,0,0,0,0,0,1,0,0,0,1,0.640173912,0,0,,0
cs17430195,743,3312351,3312,1,3,1,1,0,1,0,0,0,0,0,1,0,0,0,0,0,1.003425598,1,15,1600,93462.58594
cs17200190,720,3312351,3312,1,1,1,1,0,0,0,1,0,0,0,1,0,0,0,1,0,0.9966933727,1,15,1666.666626,92462.58594
cs17380014,738,3312351,3312,1,2,0,1,0,1,0,1,0,0,0,0,0,1,0,0,1,1,0,0,,0
cs17380015,738,3312351,3312,1,2,0,1,0,1,0,1,0,0,0,0,0,1,0,0,1,1,0,0,,0
cs17310113,731,3312351,3312,1,2,1,1,0,0,1,1,0,0,0,0,1,0,0,0,1,1.003737092,1,5,1700,30654.19531
cs17320025,732,3312351,3312,1,1,1,0,1,0,0,0,0,0,0,0,0,1,0,1,0,0.661996901,1,15,1600,93462.58594
cs17380062,738,3312351,3312,1,2,0,1,0,1,0,1,0,0,0,0,0,1,0,0,1,1,1,5,1800,30154.19531
cs17380266,738,3312351,3312,1,2,1,1,0,1,0,1,0,0,0,1,0,0,0,0,1,0.9966933727,1,3.5,1857.142822,20907.93555
cs17380199,738,3312351,3312,1,2,1,1,0,1,0,1,0,0,0,1,0,0,0,0,1,0.9966933727,1,6.5,1923.076904,38400.45312
cs17250110,725,3312351,3312,1,2,0,1,0,1,1,0,0,0,0,0,0,1,0,0,1,1,1,7,1714.285767,42815.87109
cs17260174,726,3312351,3312,1,1,1,0,1,0,0,0,0,0,0,1,0,0,0,1,0,1.27245903,1,3.5,1714.285767,21407.93555
cs17200158,720,3312351,3312,1,1,1,1,0,0,0,1,0,0,0,0,1,0,0,1,0,1.003737092,1,15,1666.666626,92462.58594
cs17290331,729,3312351,3312,1,1,1,1,0,1,0,0,0,0,0,1,0,0,0,1,0,1.003425598,1,3.700000048,1756.756714,22474.10352
cs17200019,720,3312351,3312,1,1,0,1,0,0,0,1,0,0,0,0,0,1,0,1,0,1,0,0,,0
cs17410057,741,3312351,3312,1,2,0,0,1,0,0,0,0,0,0,0,0,1,0,0,1,1,1,4,1375,25823.35547
cs17410130,741,3312351,3312,1,2,1,0,1,0,0,0,0,0,0,1,0,0,0,0,1,1.27245903,1,3,2333.333252,16492.51562
cs17320011,732,3312351,3312,1,1,0,0,1,0,0,0,0,0,0,0,0,1,0,1,0,1,0,0,,0
cs17440230,744,3312351,3312,1,3,1,1,0,0,1,0,0,0,0,1,0,0,0,0,0,1.003425598,1,13,1769.230713,78800.90625
cs17270062,727,3312351,3312,1,3,1,1,0,0,0,1,0,0,0,0,1,0,0,0,0,1.003737092,1,7,2000,40815.87109
cs17410107,741,3312351,3312,1,2,1,0,1,0,0,0,0,0,0,0,1,0,0,0,1,0.640173912,1,3,1833.333374,17992.51562
cs17350053,735,3312351,3312,1,3,0,1,0,1,1,0,0,0,0,0,0,1,0,0,0,1,1,3,1833.333374,17992.51562
cs17410142,741,3312351,3312,1,2,1,0,1,0,0,0,0,0,0,1,0,0,0,0,1,1.27245903,1,3,1666.666626,18492.51562
cs17290047,729,3312351,3312,1,1,0,1,0,1,0,0,0,0,0,0,0,1,0,1,0,1,1,8.699999809,1724.137939,53128.29688
cs17260025,726,3312351,3312,1,1,0,0,1,0,0,0,0,0,0,0,0,1,0,1,0,1,1,3.5,1714.285767,21407.93555
cs17440185,744,3312351,3312,1,3,1,1,0,0,1,0,0,0,0,1,0,0,0,0,0,1.003425598,1,4,2000,23323.35547
cs17440083,744,3312351,3312,1,3,0,1,0,0,1,0,0,0,0,0,0,1,0,0,0,1,0,0,,0
cs17280100,728,3312351,3312,1,1,1,1,0,1,1,1,0,0,0,1,0,0,0,1,0,0.9966933727,1,9,1666.666626,55477.55078
cs17410138,741,3312351,3312,1,2,1,0,1,0,0,0,0,0,0,0,1,0,0,0,1,0.640173912,1,3,1833.333374,17992.51562
cs17450062,745,3312351,3312,1,2,0,0,1,0,0,0,0,0,0,0,0,1,0,0,1,1,0,0,,0
cs17370007,737,3312351,3312,1,3,0,0,1,0,0,0,0,0,0,0,0,1,0,0,0,1,1,5,2100,28654.19531
cs17320164,732,3312351,3312,1,1,1,0,1,0,0,0,0,0,0,0,1,0,0,1,0,0.640173912,1,15,1600,93462.58594
cs17250454,725,3312351,3312,1,2,1,1,0,1,1,0,0,0,0,1,0,0,0,0,1,1.003425598,1,5,1700,30654.19531
cs17450227,745,3312351,3312,1,2,1,0,1,0,0,0,0,0,0,0,1,0,0,0,1,0.640173912,1,5,1640,30954.19531
cs17350073,735,3312351,3312,1,3,1,1,0,1,1,0,0,0,0,1,0,0,0,0,0,1.003425598,1,2.5,2120,14277.09766
cs17270158,727,3312351,3312,1,3,1,1,0,0,0,1,0,0,0,1,0,0,0,0,0,0.9966933727,1,7.5,1866.666626,44731.29297
cs17280017,728,3312351,3312,1,1,0,1,0,1,1,1,0,0,0,0,0,1,0,1,0,1,1,3,1666.666626,18492.51562
cs17270016,727,3312351,3312,1,3,0,1,0,0,0,1,0,0,0,0,0,1,0,0,0,1,1,7.5,1866.666626,44731.29297
cs17280046,728,3312351,3312,1,1,0,1,0,1,1,1,0,0,0,0,0,1,0,1,0,1,1,3,1666.666626,18492.51562
cs17320007,732,3312351,3312,1,1,0,0,1,0,0,0,0,0,0,0,0,1,0,1,0,1,0,0,,0
cs17310231,731,3312351,3312,1,2,1,1,0,0,1,1,0,0,0,1,0,0,0,0,1,0.9966933727,1,15,1700,91962.58594
cs17430095,743,3312351,3312,1,3,0,1,0,1,0,0,0,0,0,0,0,1,0,0,0,1,1,2,1750,12161.67773
cs17260024,726,3312351,3312,1,1,0,0,1,0,0,0,0,0,0,0,0,1,0,1,0,1,1,3.5,1714.285767,21407.93555
cs17310122,731,3312351,3312,1,2,1,1,0,0,1,1,0,0,0,1,0,0,0,0,1,0.9966933727,1,15,1600,93462.58594
cs17260159,726,3312351,3312,1,1,1,0,1,0,0,0,0,0,0,1,0,0,0,1,0,1.27245903,1,3.5,1714.285767,21407.93555
cs17370041,737,3312351,3312,1,3,1,0,1,0,0,0,0,0,0,0,0,1,0,0,0,0.661996901,0,0,,0
cs17320213,732,3312351,3312,1,1,1,0,1,0,0,0,0,0,0,1,0,0,0,1,0,1.27245903,1,15,1600,93462.58594
cs17370099,737,3312351,3312,1,3,1,0,1,0,0,0,0,0,0,1,0,0,0,0,0,1.27245903,1,5,1700,30654.19531
cs17260190,726,3312351,3312,1,1,1,0,1,0,0,0,0,0,0,0,1,0,0,1,0,0.640173912,1,3.5,1714.285767,21407.93555
cs17370123,737,3312351,3312,1,3,1,0,1,0,0,0,0,0,0,0,1,0,0,0,0,0.640173912,1,15,2000,87462.58594
cs17370172,737,3312351,3312,1,3,1,0,1,0,0,0,0,0,0,1,0,0,0,0,0,1.27245903,1,7.5,1666.666626,46231.29297
cs17200012,720,3312351,3312,1,1,1,1,0,0,0,1,0,0,0,0,0,1,0,1,0,1.045999765,1,15,1666.666626,92462.58594
cs17320095,732,3312351,3312,1,1,1,0,1,0,0,0,0,0,0,1,0,0,0,1,0,1.27245903,1,15,1600,93462.58594
cs17290044,729,3312351,3312,1,1,0,1,0,1,0,0,0,0,0,0,0,1,0,1,0,1,1,5,1700,30654.19531
cs17450206,745,3312351,3312,1,2,1,0,1,0,0,0,0,0,0,1,0,0,0,0,1,1.27245903,0,0,,0
cs17350020,735,3312351,3312,1,3,0,1,0,1,1,0,0,0,0,0,0,1,0,0,0,1,1,3,1666.666626,18492.51562
cs17350214,735,3312351,3312,1,3,1,1,0,1,1,0,0,0,0,1,0,0,0,0,0,1.003425598,1,3,2000,17492.51562
cs17440325,744,3312351,3312,1,3,1,1,0,0,1,0,0,0,0,1,0,0,0,0,0,1.003425598,1,4,2000,23323.35547
cs17440023,744,3312351,3312,1,3,0,1,0,0,1,0,0,0,0,0,0,1,0,0,0,1,1,8,1750,48646.71094
cs17300265,730,3312351,3312,1,3,1,0,1,0,0,0,0,0,0,0,1,0,0,0,0,0.640173912,1,10,1800,60308.39062
cs17260121,726,3312351,3312,1,1,1,0,1,0,0,0,0,0,0,1,0,0,0,1,0,1.27245903,1,3.5,1714.285767,21407.93555
cs17370204,737,3312351,3312,1,3,1,0,1,0,0,0,0,0,0,1,0,0,0,0,0,1.27245903,0,0,,0
cs17270202,727,3312351,3312,1,3,1,1,0,0,0,1,0,0,0,1,0,0,0,0,0,0.9966933727,1,3,2166.666748,16992.51562
cs17450068,745,3312351,3312,1,2,0,0,1,0,0,0,0,0,0,0,0,1,0,0,1,1,0,0,,0
cs17320207,732,3312351,3312,1,1,1,0,1,0,0,0,0,0,0,1,0,0,0,1,0,1.27245903,1,15,1600,93462.58594
cs17300298,730,3312351,3312,1,3,1,0,1,0,0,0,0,0,0,1,0,0,0,0,0,1.27245903,1,10,1800,60308.39062
cs17270030,727,3312351,3312,1,3,0,1,0,0,0,1,0,0,0,0,0,1,0,0,0,1,1,7.5,1866.666626,44731.29297
cs17200010,720,3312351,3312,1,1,1,1,0,0,0,1,0,0,0,0,0,1,0,1,0,0.9944144487,1,15,1600,93462.58594
cs17300012,730,3312351,3312,1,3,0,0,1,0,0,0,0,0,0,0,0,1,0,0,0,1,1,5,1500,31654.19531
cs17440099,744,3312351,3312,1,3,0,1,0,0,1,0,0,0,0,0,0,1,0,0,0,1,1,4,2000,23323.35547
cs17310077,731,3312351,3312,1,2,1,1,0,0,1,1,0,0,0,0,0,1,0,0,1,0.9944144487,1,15,1700,91962.58594
cs17310012,731,3312351,3312,1,2,0,1,0,0,1,1,0,0,0,0,0,1,0,0,1,1,1,5,1700,30654.19531
cs17320165,732,3312351,3312,1,1,1,0,1,0,0,0,0,0,0,0,1,0,0,1,0,0.640173912,1,15,1600,93462.58594
cs17300253,730,3312351,3312,1,3,1,0,1,0,0,0,0,0,0,1,0,0,0,0,0,1.27245903,1,5,1800,30154.19531
cs17290038,729,3312351,3312,1,1,0,1,0,1,0,0,0,0,0,0,0,1,0,1,0,1,0,0,,0
cs17300031,730,3312351,3312,1,3,0,0,1,0,0,0,0,0,0,0,0,1,0,0,0,1,1,10,1740,60908.39062
cs17430067,743,3312351,3312,1,3,0,1,0,1,0,0,0,0,0,0,0,1,0,0,0,1,1,2,1750,12161.67773
cs17290328,729,3312351,3312,1,1,1,1,0,1,0,0,0,0,0,1,0,0,0,1,0,1.003425598,1,3,2833.333252,14992.5166
cs17270032,727,3312351,3312,1,3,1,1,0,0,0,1,0,0,0,0,0,1,0,0,0,1.045999765,1,7.5,1866.666626,44731.29297
cs17280193,728,3312351,3312,1,1,1,1,0,1,1,1,0,0,0,1,0,0,0,1,0,0.9966933727,1,9,1666.666626,55477.55078
cs17450004,745,3312351,3312,1,2,0,0,1,0,0,0,0,0,0,0,0,1,0,0,1,1,1,5,1640,30954.19531
cs17260101,726,3312351,3312,1,1,1,0,1,0,0,0,0,0,0,0,1,0,0,1,0,0.640173912,1,3.5,1714.285767,21407.93555
cs17430014,743,3312351,3312,1,3,0,1,0,1,0,0,0,0,0,0,0,1,0,0,0,1,1,5,1700,30654.19531
cs17250029,725,3312351,3312,1,2,0,1,0,1,1,0,0,0,0,0,0,1,0,0,1,1,1,7,1714.285767,42815.87109
cs17250297,725,3312351,3312,1,2,1,1,0,1,1,0,0,0,0,1,0,0,0,0,1,1.003425598,1,7,1642.857178,43315.87109
cs17270113,727,3312351,3312,1,3,1,1,0,0,0,1,0,0,0,0,1,0,0,0,0,1.003737092,1,7.5,1866.666626,44731.29297
cs17300179,730,3312351,3312,1,3,1,0,1,0,0,0,0,0,0,0,1,0,0,0,0,0.640173912,1,5,1800,30154.19531
cs17310014,731,3312351,3312,1,2,0,1,0,0,1,1,0,0,0,0,0,1,0,0,1,1,1,4,2125,22823.35547
cs17200034,720,3312351,3312,1,1,1,1,0,0,0,1,0,0,0,0,1,0,0,1,0,1.003737092,1,15,1666.666626,92462.58594
cs17310159,731,3312351,3312,1,2,1,1,0,0,1,1,0,0,0,1,0,0,0,0,1,0.9966933727,1,15,1700,91962.58594
cs17300005,730,3312351,3312,1,3,0,0,1,0,0,0,0,0,0,0,0,1,0,0,0,1,1,5,1800,30154.19531
cs17450211,745,3312351,3312,1,2,1,0,1,0,0,0,0,0,0,1,0,0,0,0,1,1.27245903,0,0,,0
cs17940067,794,3312446,3312,1,1,0,1,0,1,1,1,0,0,0,0,0,1,0,1,0,1,0,0,,0
cs17940321,794,3312446,3312,1,1,1,1,0,1,1,1,0,0,0,1,0,0,0,1,0,0.9966933727,1,15,1733.333374,91462.58594
cs17910116,791,3312446,3312,1,3,1,1,0,1,1,1,0,0,0,1,0,0,0,0,0,0.9966933727,1,5,1700,30654.19531
cs17900075,790,3312446,3312,1,3,0,1,0,0,0,1,0,0,0,0,0,1,0,0,0,1,0,0,,0
cs17970170,797,3312446,3312,1,3,1,0,1,0,0,0,0,0,0,1,0,0,0,0,0,1.27245903,1,8,1625,49646.71094
cs17890029,789,3312446,3312,1,3,0,1,0,1,0,1,0,0,0,0,0,1,0,0,0,1,0,0,,0
cs17900199,790,3312446,3312,1,3,1,1,0,0,0,1,0,0,0,1,0,0,0,0,0,0.9966933727,1,15,1666.666626,92462.58594
cs17970140,797,3312446,3312,1,3,1,0,1,0,0,0,0,0,0,0,1,0,0,0,0,0.640173912,1,3,2166.666748,16992.51562
cs17960255,796,3312446,3312,1,3,1,0,1,0,0,0,0,0,0,1,0,0,0,0,0,1.27245903,1,5,1800,30154.19531
cs17970032,797,3312446,3312,1,3,0,0,1,0,0,0,0,0,0,0,0,1,0,0,0,1,1,5,2000,29154.19531
cs17900091,790,3312446,3312,1,3,0,1,0,0,0,1,0,0,0,0,0,1,0,0,0,1,0,0,,0
cs17870296,787,3312446,3312,1,2,1,0,1,0,0,0,0,0,0,1,0,0,0,0,1,1.27245903,0,0,,0
cs17850088,785,3312446,3312,1,1,1,0,1,0,0,0,0,0,0,0,1,0,0,1,0,0.640173912,1,7,1928.571411,41315.87109
cs17870274,787,3312446,3312,1,2,1,0,1,0,0,0,0,0,0,1,0,0,0,0,1,1.27245903,1,10,1700,61308.39062
cs17840014,784,3312446,3312,1,2,0,1,0,0,0,0,0,0,0,0,0,1,0,0,1,1,0,0,,0
cs17970187,797,3312446,3312,1,3,1,0,1,0,0,0,0,0,0,1,0,0,0,0,0,1.27245903,1,5,2000,29154.19531
cs17930022,793,3312446,3312,1,2,0,1,0,1,0,1,0,0,0,0,0,1,0,0,1,1,0,0,,0
cs17900251,790,3312446,3312,1,3,1,1,0,0,0,1,0,0,0,1,0,0,0,0,0,0.9966933727,1,15,1666.666626,92462.58594
cs17960100,796,3312446,3312,1,3,0,0,1,0,0,0,0,0,0,0,0,1,0,0,0,1,1,5,1800,30154.19531
cs17840031,784,3312446,3312,1,2,0,1,0,0,0,0,0,0,0,0,0,1,0,0,1,1,0,0,,0
cs17990025,799,3312446,3312,1,2,0,0,1,0,0,0,0,0,0,0,0,1,0,0,1,1,1,15,1666.666626,92462.58594
cs17900292,790,3312446,3312,1,3,1,1,0,0,0,1,0,0,0,1,0,0,0,0,0,0.9966933727,1,15,1666.666626,92462.58594
cs17910066,791,3312446,3312,1,3,1,1,0,1,1,1,0,0,0,1,0,0,0,0,0,0.9966933727,1,5,1600,31154.19531
cs17960219,796,3312446,3312,1,3,1,0,1,0,0,0,0,0,0,1,0,0,0,0,0,1.27245903,1,5,1800,30154.19531
cs17900008,790,3312446,3312,1,3,0,1,0,0,0,1,0,0,0,0,0,1,0,0,0,1,0,0,,0
cs17850220,785,3312446,3312,1,1,1,0,1,0,0,0,0,0,0,0,1,0,0,1,0,0.640173912,0,0,,0
cs18000021,800,3312446,3312,1,1,0,1,0,0,1,0,0,0,0,0,0,1,0,1,0,1,0,0,,0
cs17930099,793,3312446,3312,1,2,1,1,0,1,0,1,0,0,0,1,0,0,0,0,1,0.9966933727,1,15,1666.666626,92462.58594
cs17980236,798,3312446,3312,1,1,1,1,0,1,0,0,0,0,0,1,0,0,0,1,0,1.003425598,1,4.5,2000,26238.77539
cs17940061,794,3312446,3312,1,1,0,1,0,1,1,1,0,0,0,0,0,1,0,1,0,1,0,0,,0
cs17870074,787,3312446,3312,1,2,0,0,1,0,0,0,0,0,0,0,0,1,0,0,1,1,1,10,1700,61308.39062
cs17940083,794,3312446,3312,1,1,0,1,0,1,1,1,0,0,0,0,0,1,0,1,0,1,0,0,,0
cs17990132,799,3312446,3312,1,2,1,0,1,0,0,0,0,0,0,1,0,0,0,0,1,1.27245903,0,0,,0
cs17850280,785,3312446,3312,1,1,1,0,1,0,0,0,0,0,0,1,0,0,0,1,0,1.27245903,0,0,,0
cs17980043,798,3312446,3312,1,1,0,1,0,1,0,0,0,0,0,0,0,1,0,1,0,1,0,0,,0
cs18000067,800,3312446,3312,1,1,0,1,0,0,1,0,0,0,0,0,0,1,0,1,0,1,0,0,,0
cs17890015,789,3312446,3312,1,3,0,1,0,1,0,1,0,0,0,0,0,1,0,0,0,1,1,10,1700,61308.39062
cs17950055,795,3312446,3312,1,1,1,1,0,0,0,1,0,0,0,0,1,0,0,1,0,1.003737092,1,15,1600,93462.58594
cs17950064,795,3312446,3312,1,1,1,1,0,0,0,1,0,0,0,1,0,0,0,1,0,0.9966933727,1,15,1600,93462.58594
cs17840099,784,3312446,3312,1,2,1,1,0,0,0,0,0,0,0,0,1,0,0,0,1,0.9961833954,1,15,1666.666626,92462.58594
cs17840122,784,3312446,3312,1,2,1,1,0,0,0,0,0,0,0,1,0,0,0,0,1,1.003425598,1,3.75,1700,22990.64648
cs17830004,783,3312446,3312,1,2,0,1,0,1,1,0,0,0,0,0,0,1,0,0,1,1,0,0,,0
cs17830069,783,3312446,3312,1,2,0,1,0,1,1,0,0,0,0,0,0,1,0,0,1,1,1,1.75,2142.857178,9953.967773
cs17970007,797,3312446,3312,1,3,0,0,1,0,0,0,0,0,0,0,0,1,0,0,0,1,1,2.5,2600,13077.09766
cs18000335,800,3312446,3312,1,1,1,1,0,0,1,0,0,0,0,0,1,0,0,1,0,0.9961833954,0,0,,0
cs17890050,789,3312446,3312,1,3,0,1,0,1,0,1,0,0,0,0,0,1,0,0,0,1,0,0,,0
cs17830167,783,3312446,3312,1,2,1,1,0,1,1,0,0,0,0,1,0,0,0,0,1,1.003425598,1,1.75,2142.857178,9953.967773
cs17980039,798,3312446,3312,1,1,0,1,0,1,0,0,0,0,0,0,0,1,0,1,0,1,0,0,,0
cs17990109,799,3312446,3312,1,2,1,0,1,0,0,0,0,0,0,1,0,0,0,0,1,1.27245903,0,0,,0
cs18000411,800,3312446,3312,1,1,1,1,0,0,1,0,0,0,0,1,0,0,0,1,0,1.003425598,0,0,,0
cs17990056,799,3312446,3312,1,2,1,0,1,0,0,0,0,0,0,1,0,0,0,0,1,1.27245903,1,5,2000,29154.19531
cs17980261,798,3312446,3312,1,1,1,1,0,1,0,0,0,0,0,1,0,0,0,1,0,1.003425598,0,0,,0
cs17960382,796,3312446,3312,1,3,1,0,1,0,0,0,0,0,0,0,1,0,0,0,0,0.640173912,0,0,,0
cs17910019,791,3312446,3312,1,3,0,1,0,1,1,1,0,0,0,0,0,1,0,0,0,1,0,0,,0
cs17870383,787,3312446,3312,1,2,1,0,1,0,0,0,0,0,0,1,0,0,0,0,1,1.27245903,0,0,,0
cs17950024,795,3312446,3312,1,1,0,1,0,0,0,1,0,0,0,0,0,1,0,1,0,1,0,0,,0
cs17990141,799,3312446,3312,1,2,1,0,1,0,0,0,0,0,0,0,1,0,0,0,1,0.640173912,1,15,1600,93462.58594
cs18000149,800,3312446,3312,1,1,1,1,0,0,1,0,0,0,0,0,1,0,0,1,0,0.9961833954,0,0,,0
cs17890135,789,3312446,3312,1,3,1,1,0,1,0,1,0,0,0,1,0,0,0,0,0,0.9966933727,1,10,1700,61308.39062
cs17830293,783,3312446,3312,1,2,1,1,0,1,1,0,0,0,0,1,0,0,0,0,1,1.003425598,1,4,2000,23323.35547
cs17870051,787,3312446,3312,1,2,0,0,1,0,0,0,0,0,0,0,0,1,0,0,1,1,0,0,,0
cs17900191,790,3312446,3312,1,3,1,1,0,0,0,1,0,0,0,0,1,0,0,0,0,1.003737092,1,15,1666.666626,92462.58594
cs17910159,791,3312446,3312,1,3,1,1,0,1,1,1,0,0,0,1,0,0,0,0,0,0.9966933727,1,10,1800,60308.39062
cs17840061,784,3312446,3312,1,2,1,1,0,0,0,0,0,0,0,1,0,0,0,0,1,1.003425598,1,15,1600,93462.58594
cs17890107,789,3312446,3312,1,3,1,1,0,1,0,1,0,0,0,1,0,0,0,0,0,0.9966933727,1,10,1700,61308.39062
cs17950008,795,3312446,3312,1,1,0,1,0,0,0,1,0,0,0,0,0,1,0,1,0,1,0,0,,0
cs17870043,787,3312446,3312,1,2,0,0,1,0,0,0,0,0,0,0,0,1,0,0,1,1,0,0,,0
cs18000095,800,3312446,3312,1,1,1,1,0,0,1,0,0,0,0,1,0,0,0,1,0,1.003425598,0,0,,0
cs17900260,790,3312446,3312,1,3,1,1,0,0,0,1,0,0,0,0,1,0,0,0,0,1.003737092,1,15,1666.666626,92462.58594
cs17950014,795,3312446,3312,1,1,0,1,0,0,0,1,0,0,0,0,0,1,0,1,0,1,0,0,,0
cs17850267,785,3312446,3312,1,1,1,0,1,0,0,0,0,0,0,1,0,0,0,1,0,1.27245903,0,0,,0
cs17950142,795,3312446,3312,1,1,1,1,0,0,0,1,0,0,0,1,0,0,0,1,0,0.9966933727,1,7.5,1600,46731.29297
cs17960095,796,3312446,3312,1,3,0,0,1,0,0,0,0,0,0,0,0,1,0,0,0,1,1,7.5,1733.333374,45731.29297
cs17840139,784,3312446,3312,1,2,1,1,0,0,0,0,0,0,0,1,0,0,0,0,1,1.003425598,1,15,1666.666626,92462.58594
cs17940186,794,3312446,3312,1,1,1,1,0,1,1,1,0,0,0,1,0,0,0,1,0,0.9966933727,1,15,1733.333374,91462.58594
cs17850015,785,3312446,3312,1,1,0,0,1,0,0,0,0,0,0,0,0,1,0,1,0,1,0,0,,0
cs18000070,800,3312446,3312,1,1,0,1,0,0,1,0,0,0,0,0,0,1,0,1,0,1,0,0,,0
cs17980297,798,3312446,3312,1,1,1,1,0,1,0,0,0,0,0,1,0,0,0,1,0,1.003425598,0,0,,0
cs17910022,791,3312446,3312,1,3,0,1,0,1,1,1,0,0,0,0,0,1,0,0,0,1,0,0,,0
cs17960376,796,3312446,3312,1,3,1,0,1,0,0,0,0,0,0,1,0,0,0,0,0,1.27245903,1,5,1800,30154.19531
cs17970088,797,3312446,3312,1,3,0,0,1,0,0,0,0,0,0,0,0,1,0,0,0,1,1,4,1625,24823.35547
cs17950121,795,3312446,3312,1,1,1,1,0,0,0,1,0,0,0,1,0,0,0,1,0,0.9966933727,1,15,1600,93462.58594
cs17990014,799,3312446,3312,1,2,0,0,1,0,0,0,0,0,0,0,0,1,0,0,1,1,1,15,1600,93462.58594
cs17970109,797,3312446,3312,1,3,1,0,1,0,0,0,0,0,0,1,0,0,0,0,0,1.27245903,1,3,2266.666748,16692.51562
cs17930115,793,3312446,3312,1,2,1,1,0,1,0,1,0,0,0,1,0,0,0,0,1,0.9966933727,1,15,1666.666626,92462.58594
cs17830088,783,3312446,3312,1,2,0,1,0,1,1,0,0,0,0,0,0,1,0,0,1,1,1,2,2000,11661.67773
cs17930006,793,3312446,3312,1,2,0,1,0,1,0,1,0,0,0,0,0,1,0,0,1,1,0,0,,0
cs17930118,793,3312446,3312,1,2,1,1,0,1,0,1,0,0,0,1,0,0,0,0,1,0.9966933727,1,15,1666.666626,92462.58594
cs17970154,797,3312446,3312,1,3,1,0,1,0,0,0,0,0,0,0,1,0,0,0,0,0.640173912,1,1.5,2166.666748,8496.257812
cs17990002,799,3312446,3312,1,2,0,0,1,0,0,0,0,0,0,0,0,1,0,0,1,1,1,15,,90280.76562
cs17830236,783,3312446,3312,1,2,1,1,0,1,1,0,0,0,0,1,0,0,0,0,1,1.003425598,1,3,2000,17492.51562
cs17960086,796,3312446,3312,1,3,0,0,1,0,0,0,0,0,0,0,0,1,0,0,0,1,0,0,,0
cs17870167,787,3312446,3312,1,2,1,0,1,0,0,0,0,0,0,0,1,0,0,0,1,0.640173912,0,0,,0
cs17850187,785,3312446,3312,1,1,1,0,1,0,0,0,0,0,0,1,0,0,0,1,0,1.27245903,1,6,2250,33485.03125
cs18000437,800,3312446,3312,1,1,1,1,0,0,1,0,0,0,0,1,0,0,0,1,0,1.003425598,0,0,,0
cs17950054,795,3312446,3312,1,1,1,1,0,0,0,1,0,0,0,0,1,0,0,1,0,1.003737092,1,15,1600,93462.58594
cs17840001,784,3312446,3312,1,2,0,1,0,0,0,0,0,0,0,0,0,1,0,0,1,1,0,0,,0
cs17840079,784,3312446,3312,1,2,1,1,0,0,0,0,0,0,0,0,1,0,0,0,1,0.9961833954,1,15,1666.666626,92462.58594
cs17960313,796,3312446,3312,1,3,1,0,1,0,0,0,0,0,0,0,1,0,0,0,0,0.640173912,1,5,1700,30654.19531
cs17990066,799,3312446,3312,1,2,1,0,1,0,0,0,0,0,0,0,1,0,0,0,1,0.640173912,1,15,1600,93462.58594
cs17930038,793,3312446,3312,1,2,0,1,0,1,0,1,0,0,0,0,0,1,0,0,1,1,0,0,,0
cs17870188,787,3312446,3312,1,2,1,0,1,0,0,0,0,0,0,0,1,0,0,0,1,0.640173912,0,0,,0
cs17890081,789,3312446,3312,1,3,1,1,0,1,0,1,0,0,0,1,0,0,0,0,0,0.9966933727,1,7.5,1800,45231.29297
cs17940227,794,3312446,3312,1,1,1,1,0,1,1,1,0,0,0,1,0,0,0,1,0,0.9966933727,1,15,1733.333374,91462.58594
cs17850041,785,3312446,3312,1,1,0,0,1,0,0,0,0,0,0,0,0,1,0,1,0,1,1,3.5,1857.142822,20907.93555
cs17850038,785,3312446,3312,1,1,0,0,1,0,0,0,0,0,0,0,0,1,0,1,0,1,1,2.5,2600,13077.09766
cs17910026,791,3312446,3312,1,3,0,1,0,1,1,1,0,0,0,0,0,1,0,0,0,1,0,0,,0
cs17120037,712,3312535,3312,1,1,0,0,1,0,0,0,0,0,0,0,0,1,0,1,0,1,1,8,1937.5,47146.71094
cs17190110,719,3312535,3312,1,2,1,0,1,0,0,0,0,0,0,1,0,0,0,0,1,1.27245903,1,4.5,2000,26238.77539
cs17120032,712,3312535,3312,1,1,1,0,1,0,0,0,0,0,0,0,0,1,0,1,0,0.661996901,1,8,1875,47646.71094
cs17190069,719,3312535,3312,1,2,0,0,1,0,0,0,0,0,0,0,0,1,0,0,1,1,1,5,1600,31154.19531
cs17140346,714,3312535,3312,1,3,1,1,0,0,1,0,0,0,0,0,1,0,0,0,0,0.9961833954,1,4,2125,22823.35547
cs17160264,716,3312535,3312,1,3,1,0,1,0,0,0,0,0,0,1,0,0,0,0,0,1.27245903,1,5,2200,28154.19531
cs17120196,712,3312535,3312,1,1,1,0,1,0,0,0,0,0,0,0,1,0,0,1,0,0.640173912,1,8,1562.5,50146.71094
cs17160129,716,3312535,3312,1,3,1,0,1,0,0,0,0,0,0,1,0,0,0,0,0,1.27245903,1,7,2000,40815.87109
cs17140413,714,3312535,3312,1,3,1,1,0,0,1,0,0,0,0,1,0,0,0,0,0,1.003425598,1,5,1600,31154.19531
cs17140424,714,3312535,3312,1,3,1,1,0,0,1,0,0,0,0,1,0,0,0,0,0,1.003425598,1,5,1700,30654.19531
cs17070039,707,3312535,3312,1,1,1,1,0,0,0,0,0,0,0,0,0,1,0,1,0,0.9567061067,1,7,2142.857178,39815.87109
cs17190302,719,3312535,3312,1,2,1,0,1,0,0,0,0,0,0,1,0,0,0,0,1,1.27245903,1,4.5,2000,26238.77539
cs17190632,719,3312535,3312,1,2,1,0,1,0,0,0,0,0,0,1,0,0,0,0,1,1.27245903,1,4,2250,22323.35547
cs17120056,712,3312535,3312,1,1,1,0,1,0,0,0,0,0,0,1,0,0,0,1,0,1.27245903,1,7,1714.285767,42815.87109
cs17100010,710,3312535,3312,1,2,0,1,0,0,0,1,0,0,0,0,0,1,0,0,1,1,1,4,2125,22823.35547
cs17140310,714,3312535,3312,1,3,1,1,0,0,1,0,0,0,0,1,0,0,0,0,0,1.003425598,1,5,1700,30654.19531
cs17190073,719,3312535,3312,1,2,0,0,1,0,0,0,0,0,0,0,0,1,0,0,1,1,1,5,1800,30154.19531
cs17070030,707,3312535,3312,1,1,1,1,0,0,0,0,0,0,0,0,0,1,0,1,0,0.9567061067,1,15,1200,99462.58594
cs17070206,707,3312535,3312,1,1,1,1,0,0,0,0,0,0,0,0,1,0,0,1,0,0.9961833954,1,5,2200,28154.19531
cs17140015,714,3312535,3312,1,3,0,1,0,0,1,0,0,0,0,0,0,1,0,0,0,1,0,0,,0
cs17140017,714,3312535,3312,1,3,0,1,0,0,1,0,0,0,0,0,0,1,0,0,0,1,1,5,1700,30654.19531
cs17090040,709,3312535,3312,1,3,0,1,0,1,1,0,0,0,0,0,0,1,0,0,0,1,1,7,1600,43615.87109
cs17120200,712,3312535,3312,1,1,1,0,1,0,0,0,0,0,0,0,1,0,0,1,0,0.640173912,1,7,1785.714233,42315.87109
cs17090044,709,3312535,3312,1,3,1,1,0,1,1,0,0,0,0,1,0,0,0,0,0,1.003425598,1,5,2280,27754.19531
cs17190430,719,3312535,3312,1,2,1,0,1,0,0,0,0,0,0,0,1,0,0,0,1,0.640173912,1,4.5,2000,26238.77539
cs17190185,719,3312535,3312,1,2,1,0,1,0,0,0,0,0,0,0,1,0,0,0,1,0.640173912,1,5,1800,30154.19531
cs17140071,714,3312535,3312,1,3,0,1,0,0,1,0,0,0,0,0,0,1,0,0,0,1,1,5,1700,30654.19531
cs17100155,710,3312535,3312,1,2,1,1,0,0,0,1,0,0,0,1,0,0,0,0,1,0.9966933727,1,4,2125,22823.35547
cs17090280,709,3312535,3312,1,3,1,1,0,1,1,0,0,0,0,1,0,0,0,0,0,1.003425598,1,6,2083.333252,34485.03125
cs17160018,716,3312535,3312,1,3,1,0,1,0,0,0,0,0,0,0,0,1,0,0,0,1.051559091,1,7,2000,40815.87109
cs17070063,707,3312535,3312,1,1,1,1,0,0,0,0,0,0,0,1,0,0,0,1,0,1.003425598,1,15,1600,93462.58594
cs17090031,709,3312535,3312,1,3,0,1,0,1,1,0,0,0,0,0,0,1,0,0,0,1,1,7,1600,43615.87109
cs17070254,707,3312535,3312,1,1,1,1,0,0,0,0,0,0,0,0,1,0,0,1,0,0.9961833954,1,6,1833.333374,35985.03125
cs17120030,712,3312535,3312,1,1,0,0,1,0,0,0,0,0,0,0,0,1,0,1,0,1,1,8.5,1764.705933,51562.12891
cs17160143,716,3312535,3312,1,3,1,0,1,0,0,0,0,0,0,0,1,0,0,0,0,0.640173912,1,6,2000,34985.03125
cs17070217,707,3312535,3312,1,1,1,1,0,0,0,0,0,0,0,1,0,0,0,1,0,1.003425598,1,9,1666.666626,55477.55078
cs17100119,710,3312535,3312,1,2,1,1,0,0,0,1,0,0,0,1,0,0,0,0,1,0.9966933727,1,5,1700,30654.19531
cs17120235,712,3312535,3312,1,1,1,0,1,0,0,0,0,0,0,1,0,0,0,1,0,1.27245903,1,7.5,1600,46731.29297
cs17070007,707,3312535,3312,1,1,0,1,0,0,0,0,0,0,0,0,0,1,0,1,0,1,1,5,2200,28154.19531
cs17100008,710,3312535,3312,1,2,0,1,0,0,0,1,0,0,0,0,0,1,0,0,1,1,1,4,2125,22823.35547
cs17120107,712,3312535,3312,1,1,1,0,1,0,0,0,0,0,0,1,0,0,0,1,0,1.27245903,1,8,1562.5,50146.71094
cs17100213,710,3312535,3312,1,2,1,1,0,0,0,1,0,0,0,0,1,0,0,0,1,1.003737092,1,4,2125,22823.35547
cs17140261,714,3312535,3312,1,3,1,1,0,0,1,0,0,0,0,0,1,0,0,0,0,0.9961833954,1,5,1700,30654.19531
cs17190033,719,3312535,3312,1,2,0,0,1,0,0,0,0,0,0,0,0,1,0,0,1,1,1,5,1800,30154.19531
cs17160044,716,3312535,3312,1,3,0,0,1,0,0,0,0,0,0,0,0,1,0,0,0,1,1,14,2000,81631.74219
cs17160115,716,3312535,3312,1,3,1,0,1,0,0,0,0,0,0,0,1,0,0,0,0,0.640173912,0,0,,0
cs17100095,710,3312535,3312,1,2,1,1,0,0,0,1,0,0,0,0,1,0,0,0,1,1.003737092,1,4,2125,22823.35547
cs17090103,709,3312535,3312,1,3,1,1,0,1,1,0,0,0,0,1,0,0,0,0,0,1.003425598,1,6,2000,34985.03125
cs17100062,710,3312535,3312,1,2,1,1,0,0,0,1,0,0,0,1,0,0,0,0,1,0.9966933727,1,4,2125,22823.35547
cs17070042,707,3312535,3312,1,1,1,1,0,0,0,0,0,0,0,1,0,0,0,1,0,1.003425598,1,6,1750,36485.03125
cs17100017,710,3312535,3312,1,2,0,1,0,0,0,1,0,0,0,0,0,1,0,0,1,1,1,4,2125,22823.35547
cs17160465,716,3312535,3312,1,3,1,0,1,0,0,0,0,0,0,1,0,0,0,0,0,1.27245903,1,7,2000,40815.87109
cs17090002,709,3312535,3312,1,3,0,1,0,1,1,0,0,0,0,0,0,1,0,0,0,1,1,7,1785.714233,42315.87109
cs17160023,716,3312535,3312,1,3,1,0,1,0,0,0,0,0,0,0,0,1,0,0,0,1.051559091,1,7,2000,40815.87109
cs18470089,847,3312706,3312,1,1,0,0,1,0,0,0,0,0,0,0,0,1,0,1,0,1,0,0,,0
cs18440087,844,3312706,3312,1,3,1,1,0,0,1,1,0,0,0,0,0,1,0,0,0,0.9944144487,1,3,2000,17492.51562
cs18390143,839,3312706,3312,1,3,1,0,1,0,0,0,0,0,0,1,0,0,0,0,0,1.27245903,0,0,,0
cs18440177,844,3312706,3312,1,3,1,1,0,0,1,1,0,0,0,0,1,0,0,0,0,1.003737092,1,3,2000,17492.51562
cs18460085,846,3312706,3312,1,2,1,0,1,0,0,0,0,0,0,1,0,0,0,0,1,1.27245903,1,3,2333.333252,16492.51562
cs18380073,838,3312706,3312,1,1,1,1,0,1,1,1,0,0,0,1,0,0,0,1,0,0.9966933727,1,15,1600,93462.58594
cs18400050,840,3312706,3312,1,3,1,1,0,0,1,1,0,0,0,0,1,0,0,0,0,1.003737092,1,15,1600,93462.58594
cs18450093,845,3312706,3312,1,2,0,1,0,1,1,1,0,0,0,0,0,1,0,0,1,1,0,0,,0
cs18360034,836,3312706,3312,1,2,0,1,0,0,0,0,0,0,0,0,0,1,0,0,1,1,1,5,1500,31654.19531
cs18440018,844,3312706,3312,1,3,0,1,0,0,1,1,0,0,0,0,0,1,0,0,0,1,1,2.5,2400,13577.09766
cs18360096,836,3312706,3312,1,2,1,1,0,0,0,0,0,0,0,1,0,0,0,0,1,1.003425598,1,3,2166.666748,16992.51562
cs18450074,845,3312706,3312,1,2,0,1,0,1,1,1,0,0,0,0,0,1,0,0,1,1,0,0,,0
cs18420132,842,3312706,3312,1,2,1,1,0,0,1,1,0,0,0,0,1,0,0,0,1,1.003737092,1,15,1666.666626,92462.58594
cs18370155,837,3312706,3312,1,3,1,1,0,1,0,1,0,0,0,1,0,0,0,0,0,0.9966933727,1,15,1600,93462.58594
cs18460035,846,3312706,3312,1,2,0,0,1,0,0,0,0,0,0,0,0,1,0,0,1,1,1,3,2333.333252,16492.51562
cs18460047,846,3312706,3312,1,2,0,0,1,0,0,0,0,0,0,0,0,1,0,0,1,1,1,3,2333.333252,16492.51562
cs18420020,842,3312706,3312,1,2,1,1,0,0,1,1,0,0,0,0,0,1,0,0,1,1.045999765,0,0,,0
cs18390086,839,3312706,3312,1,3,1,0,1,0,0,0,0,0,0,0,1,0,0,0,0,0.640173912,0,0,,0
cs18420114,842,3312706,3312,1,2,1,1,0,0,1,1,0,0,0,1,0,0,0,0,1,0.9966933727,1,15,1666.666626,92462.58594
cs18450114,845,3312706,3312,1,2,1,1,0,1,1,1,0,0,0,1,0,0,0,0,1,0.9966933727,1,15,1600,93462.58594
cs18470002,847,3312706,3312,1,1,0,0,1,0,0,0,0,0,0,0,0,1,0,1,0,1,1,7.5,1866.666626,44731.29297
cs18480225,848,3312706,3312,1,1,1,1,0,0,1,1,0,0,0,0,1,0,0,1,0,1.003737092,1,5,2000,29154.19531
cs18420117,842,3312706,3312,1,2,1,1,0,0,1,1,0,0,0,1,0,0,0,0,1,0.9966933727,0,0,,0
cs18470152,847,3312706,3312,1,1,1,0,1,0,0,0,0,0,0,1,0,0,0,1,0,1.27245903,0,0,,0
cs18420091,842,3312706,3312,1,2,1,1,0,0,1,1,0,0,0,1,0,0,0,0,1,0.9966933727,1,15,1666.666626,92462.58594
cs18400051,840,3312706,3312,1,3,1,1,0,0,1,1,0,0,0,0,1,0,0,0,0,1.003737092,1,15,1600,93462.58594
cs18400034,840,3312706,3312,1,3,1,1,0,0,1,1,0,0,0,1,0,0,0,0,0,0.9966933727,1,15,1600,93462.58594
cs18360221,836,3312706,3312,1,2,1,1,0,0,0,0,0,0,0,1,0,0,0,0,1,1.003425598,1,3,2166.666748,16992.51562
cs18480046,848,3312706,3312,1,1,0,1,0,0,1,1,0,0,0,0,0,1,0,1,0,1,0,0,,0
cs18440206,844,3312706,3312,1,3,1,1,0,0,1,1,0,0,0,1,0,0,0,0,0,0.9966933727,1,3,2000,17492.51562
cs18390057,839,3312706,3312,1,3,0,0,1,0,0,0,0,0,0,0,0,1,0,0,0,1,0,0,,0
cs18450124,845,3312706,3312,1,2,1,1,0,1,1,1,0,0,0,1,0,0,0,0,1,0.9966933727,1,15,1600,93462.58594
cs18360188,836,3312706,3312,1,2,1,1,0,0,0,0,0,0,0,0,1,0,0,0,1,0.9961833954,1,3,2500,15992.5166
cs18470399,847,3312706,3312,1,1,1,0,1,0,0,0,0,0,0,0,1,0,0,1,0,0.640173912,1,7.5,1800,45231.29297
cs18400013,840,3312706,3312,1,3,0,1,0,0,1,1,0,0,0,0,0,1,0,0,0,1,0,0,,0
cs18480227,848,3312706,3312,1,1,1,1,0,0,1,1,0,0,0,1,0,0,0,1,0,0.9966933727,1,15,1600,93462.58594
cs18370040,837,3312706,3312,1,3,0,1,0,1,0,1,0,0,0,0,0,1,0,0,0,1,1,15,1666.666626,92462.58594
cs18380007,838,3312706,3312,1,1,0,1,0,1,1,1,0,0,0,0,0,1,0,1,0,1,0,0,,0
cs18390163,839,3312706,3312,1,3,1,0,1,0,0,0,0,0,0,0,1,0,0,0,0,0.640173912,0,0,,0
cs18450070,845,3312706,3312,1,2,0,1,0,1,1,1,0,0,0,0,0,1,0,0,1,1,0,0,,0
cs18360041,836,3312706,3312,1,2,1,1,0,0,0,0,0,0,0,0,0,1,0,0,1,0.9567061067,1,3,2166.666748,16992.51562
cs18390092,839,3312706,3312,1,3,1,0,1,0,0,0,0,0,0,1,0,0,0,0,0,1.27245903,0,0,,0
cs18400006,840,3312706,3312,1,3,0,1,0,0,1,1,0,0,0,0,0,1,0,0,0,1,0,0,,0
cs18440113,844,3312706,3312,1,3,1,1,0,0,1,1,0,0,0,1,0,0,0,0,0,0.9966933727,1,3,2000,17492.51562
cs18370265,837,3312706,3312,1,3,1,1,0,1,0,1,0,0,0,1,0,0,0,0,0,0.9966933727,1,15,1666.666626,92462.58594
cs18380085,838,3312706,3312,1,1,1,1,0,1,1,1,0,0,0,1,0,0,0,1,0,0.9966933727,1,15,1600,93462.58594
cs18380064,838,3312706,3312,1,1,0,1,0,1,1,1,0,0,0,0,0,1,0,1,0,1,1,15,1600,93462.58594
cs18360038,836,3312706,3312,1,2,1,1,0,0,0,0,0,0,0,0,0,1,0,0,1,0.9567061067,1,3,2500,15992.5166
cs18400075,840,3312706,3312,1,3,1,1,0,0,1,1,0,0,0,1,0,0,0,0,0,0.9966933727,1,15,1600,93462.58594
cs18480075,848,3312706,3312,1,1,0,1,0,0,1,1,0,0,0,0,0,1,0,1,0,1,1,5,2000,29154.19531
cs18480358,848,3312706,3312,1,1,1,1,0,0,1,1,0,0,0,1,0,0,0,1,0,0.9966933727,0,0,,0
cs18400083,840,3312706,3312,1,3,1,1,0,0,1,1,0,0,0,1,0,0,0,0,0,0.9966933727,1,15,1600,93462.58594
cs18420058,842,3312706,3312,1,2,1,1,0,0,1,1,0,0,0,0,0,1,0,0,1,1.045999765,0,0,,0
cs18380019,838,3312706,3312,1,1,0,1,0,1,1,1,0,0,0,0,0,1,0,1,0,1,0,0,,0
cs18420024,842,3312706,3312,1,2,0,1,0,0,1,1,0,0,0,0,0,1,0,0,1,1,0,0,,0
cs18360134,836,3312706,3312,1,2,1,1,0,0,0,0,0,0,0,0,1,0,0,0,1,0.9961833954,1,3,2166.666748,16992.51562
cs18440195,844,3312706,3312,1,3,1,1,0,0,1,1,0,0,0,1,0,0,0,0,0,0.9966933727,1,3,2000,17492.51562
cs18470303,847,3312706,3312,1,1,1,0,1,0,0,0,0,0,0,1,0,0,0,1,0,1.27245903,0,0,,0
cs18400026,840,3312706,3312,1,3,1,1,0,0,1,1,0,0,0,0,0,1,0,0,0,1.045999765,1,15,1600,93462.58594
cs18370272,837,3312706,3312,1,3,1,1,0,1,0,1,0,0,0,1,0,0,0,0,0,0.9966933727,1,15,1600,93462.58594
cs18420092,842,3312706,3312,1,2,1,1,0,0,1,1,0,0,0,0,1,0,0,0,1,1.003737092,0,0,,0
cs18380130,838,3312706,3312,1,1,1,1,0,1,1,1,0,0,0,1,0,0,0,1,0,0.9966933727,1,15,1600,93462.58594
cs18470406,847,3312706,3312,1,1,1,0,1,0,0,0,0,0,0,1,0,0,0,1,0,1.27245903,1,7.5,1800,45231.29297
cs18460091,846,3312706,3312,1,2,1,0,1,0,0,0,0,0,0,1,0,0,0,0,1,1.27245903,1,3,2333.333252,16492.51562
cs18370119,837,3312706,3312,1,3,0,1,0,1,0,1,0,0,0,0,0,1,0,0,0,1,0,0,,0
cs18460139,846,3312706,3312,1,2,1,0,1,0,0,0,0,0,0,0,1,0,0,0,1,0.640173912,1,2.5,2600,13077.09766
cs18390042,839,3312706,3312,1,3,0,0,1,0,0,0,0,0,0,0,0,1,0,0,0,1,0,0,,0
cs18360086,836,3312706,3312,1,2,1,1,0,0,0,0,0,0,0,1,0,0,0,0,1,1.003425598,1,10,1500,63308.39062
cs18450115,845,3312706,3312,1,2,1,1,0,1,1,1,0,0,0,1,0,0,0,0,1,0.9966933727,1,15,1600,93462.58594
cs18460094,846,3312706,3312,1,2,1,0,1,0,0,0,0,0,0,1,0,0,0,0,1,1.27245903,1,3,2333.333252,16492.51562
cs18480198,848,3312706,3312,1,1,1,1,0,0,1,1,0,0,0,1,0,0,0,1,0,0.9966933727,1,5,2000,29154.19531
cs18390096,839,3312706,3312,1,3,1,0,1,0,0,0,0,0,0,1,0,0,0,0,0,1.27245903,0,0,,0
cs18440084,844,3312706,3312,1,3,0,1,0,0,1,1,0,0,0,0,0,1,0,0,0,1,1,3,2000,17492.51562
cs18460031,846,3312706,3312,1,2,1,0,1,0,0,0,0,0,0,0,0,1,0,0,1,0.661996901,1,2.5,2600,13077.09766
cs18470023,847,3312706,3312,1,1,1,0,1,0,0,0,0,0,0,0,0,1,0,1,0,0.661996901,1,5,2700,25654.19531
cs18460116,846,3312706,3312,1,2,1,0,1,0,0,0,0,0,0,0,1,0,0,0,1,0.640173912,1,2.5,2600,13077.09766
cs18390039,839,3312706,3312,1,3,0,0,1,0,0,0,0,0,0,0,0,1,0,0,0,1,0,0,,0
cs18480060,848,3312706,3312,1,1,0,1,0,0,1,1,0,0,0,0,0,1,0,1,0,1,1,5,2000,29154.19531
cs18480184,848,3312706,3312,1,1,1,1,0,0,1,1,0,0,0,0,1,0,0,1,0,1.003737092,1,7,1428.571411,44815.87109
cs18440217,844,3312706,3312,1,3,1,1,0,0,1,1,0,0,0,0,1,0,0,0,0,1.003737092,1,3,2000,17492.51562
cs18470363,847,3312706,3312,1,1,1,0,1,0,0,0,0,0,0,0,1,0,0,1,0,0.640173912,0,0,,0
cs18370109,837,3312706,3312,1,3,0,1,0,1,0,1,0,0,0,0,0,1,0,0,0,1,0,0,,0
cs18320131,832,3312707,3312,1,3,1,1,0,0,1,0,0,0,0,0,1,0,0,0,0,0.9961833954,1,15,1600,93462.58594
cs18340287,834,3312707,3312,1,3,1,1,0,0,0,0,0,0,0,0,1,0,0,0,0,0.9961833954,1,2.5,1600,15577.09766
cs18320006,832,3312707,3312,1,3,0,1,0,0,1,0,0,0,0,0,0,1,0,0,0,1,0,0,,0
cs18350042,835,3312707,3312,1,3,0,1,0,1,1,0,0,0,0,0,0,1,0,0,0,1,0,0,,0
cs18300085,830,3312707,3312,1,2,1,1,0,1,0,0,0,0,0,1,0,0,0,0,1,1.003425598,1,15,1600,93462.58594
cs18340096,834,3312707,3312,1,3,0,1,0,0,0,0,0,0,0,0,0,1,0,0,0,1,1,3,2000,17492.51562
cs18190190,819,3312707,3312,1,3,1,1,0,1,1,1,0,0,0,1,0,0,0,0,0,0.9966933727,1,3.700000048,1297.297241,24174.10352
cs18170229,817,3312707,3312,1,2,1,1,0,0,0,0,0,0,0,1,0,0,0,0,1,1.003425598,1,5,1700,30654.19531
cs18230064,823,3312707,3312,1,3,0,0,1,0,0,0,0,0,0,0,0,1,0,0,0,1,0,0,,0
cs18190200,819,3312707,3312,1,3,1,1,0,1,1,1,0,0,0,1,0,0,0,0,0,0.9966933727,1,3,1600,18692.51562
cs18170023,817,3312707,3312,1,2,0,1,0,0,0,0,0,0,0,0,0,1,0,0,1,1,1,5,1500,31654.19531
cs18330125,833,3312707,3312,1,2,1,0,1,0,0,0,0,0,0,1,0,0,0,0,1,1.27245903,1,2.5,1800,15077.09766
cs18330095,833,3312707,3312,1,2,1,0,1,0,0,0,0,0,0,1,0,0,0,0,1,1.27245903,1,2.5,1800,15077.09766
cs18130047,813,3312707,3312,1,1,0,1,0,0,0,0,0,0,0,0,0,1,0,1,0,1,0,0,,0
cs18300151,830,3312707,3312,1,2,1,1,0,1,0,0,0,0,0,1,0,0,0,0,1,1.003425598,1,5,1800,30154.19531
cs18200021,820,3312707,3312,1,2,0,0,1,0,0,0,0,0,0,0,0,1,0,0,1,1,0,0,,0
cs18230088,823,3312707,3312,1,3,0,0,1,0,0,0,0,0,0,0,0,1,0,0,0,1,0,0,,0
cs18300015,830,3312707,3312,1,2,0,1,0,1,0,0,0,0,0,0,0,1,0,0,1,1,1,2.5,1800,15077.09766
cs18240178,824,3312707,3312,1,1,1,1,0,1,0,0,0,0,0,1,0,0,0,1,0,1.003425598,1,15,1600,93462.58594
cs18240035,824,3312707,3312,1,1,0,1,0,1,0,0,0,0,0,0,0,1,0,1,0,1,0,0,,0
cs18240024,824,3312707,3312,1,1,0,1,0,1,0,0,0,0,0,0,0,1,0,1,0,1,0,0,,0
cs18220052,822,3312707,3312,1,3,0,0,1,0,0,0,0,0,0,0,0,1,0,0,0,1,0,0,,0
cs18220088,822,3312707,3312,1,3,1,0,1,0,0,0,0,0,0,1,0,0,0,0,0,1.27245903,1,15,1600,93462.58594
cs18220071,822,3312707,3312,1,3,1,0,1,0,0,0,0,0,0,1,0,0,0,0,0,1.27245903,1,14.5,1655.172363,89547.16406
cs18220020,822,3312707,3312,1,3,0,0,1,0,0,0,0,0,0,0,0,1,0,0,0,1,0,0,,0
cs18150175,815,3312707,3312,1,1,1,1,0,0,0,0,0,0,0,0,1,0,0,1,0,0.9961833954,1,5,1600,31154.19531
cs18170225,817,3312707,3312,1,2,1,1,0,0,0,0,0,0,0,0,1,0,0,0,1,0.9961833954,1,15,1600,93462.58594
cs18170194,817,3312707,3312,1,2,1,1,0,0,0,0,0,0,0,1,0,0,0,0,1,1.003425598,1,3,2500,15992.5166
cs18160134,816,3312707,3312,1,2,1,1,0,1,1,0,0,0,0,1,0,0,0,0,1,1.003425598,0,0,,0
cs18160028,816,3312707,3312,1,2,0,1,0,1,1,0,0,0,0,0,0,1,0,0,1,1,0,0,,0
cs18320002,832,3312707,3312,1,3,0,1,0,0,1,0,0,0,0,0,0,1,0,0,0,1,0,0,,0
cs18150151,815,3312707,3312,1,1,1,1,0,0,0,0,0,0,0,0,1,0,0,1,0,0.9961833954,1,7.5,1733.333374,45731.29297
cs18180048,818,3312707,3312,1,2,1,1,0,0,1,0,0,0,0,1,0,0,0,0,1,1.003425598,1,2.5,1800,15077.09766
cs18150014,815,3312707,3312,1,1,0,1,0,0,0,0,0,0,0,0,0,1,0,1,0,1,1,3,1666.666626,18492.51562
cs18140201,814,3312707,3312,1,1,1,0,1,0,0,0,0,0,0,0,1,0,0,1,0,0.640173912,1,2,1750,12161.67773
cs18190015,819,3312707,3312,1,3,0,1,0,1,1,1,0,0,0,0,0,1,0,0,0,1,1,3,1600,18692.51562
cs18320212,832,3312707,3312,1,3,1,1,0,0,1,0,0,0,0,1,0,0,0,0,0,1.003425598,1,7.5,1600,46731.29297
cs18130225,813,3312707,3312,1,1,1,1,0,0,0,0,0,0,0,1,0,0,0,1,0,1.003425598,1,15,1733.333374,91462.58594
cs18300051,830,3312707,3312,1,2,1,1,0,1,0,0,0,0,0,1,0,0,0,0,1,1.003425598,1,7.5,1800,45231.29297
cs18170086,817,3312707,3312,1,2,0,1,0,0,0,0,0,0,0,0,0,1,0,0,1,1,1,5,1500,31654.19531
cs18140067,814,3312707,3312,1,1,1,0,1,0,0,0,0,0,0,1,0,0,0,1,0,1.27245903,1,2,1750,12161.67773
cs18300030,830,3312707,3312,1,2,0,1,0,1,0,0,0,0,0,0,0,1,0,0,1,1,1,2.5,1800,15077.09766
cs18180025,818,3312707,3312,1,2,1,1,0,0,1,0,0,0,0,0,0,1,0,0,1,1.005813479,1,2.5,1800,15077.09766
cs18140076,814,3312707,3312,1,1,1,0,1,0,0,0,0,0,0,1,0,0,0,1,0,1.27245903,1,2.5,2200,14077.09766
cs18330159,833,3312707,3312,1,2,1,0,1,0,0,0,0,0,0,0,1,0,0,0,1,0.640173912,0,0,,0
cs18140185,814,3312707,3312,1,1,1,0,1,0,0,0,0,0,0,0,1,0,0,1,0,0.640173912,1,1,2750,5080.838867
cs18180200,818,3312707,3312,1,2,1,1,0,0,1,0,0,0,0,1,0,0,0,0,1,1.003425598,1,2.5,1800,15077.09766
cs18130114,813,3312707,3312,1,1,1,1,0,0,0,0,0,0,0,1,0,0,0,1,0,1.003425598,1,15,1733.333374,91462.58594
cs18320069,832,3312707,3312,1,3,1,1,0,0,1,0,0,0,0,1,0,0,0,0,0,1.003425598,1,15,1600,93462.58594
cs18220113,822,3312707,3312,1,3,1,0,1,0,0,0,0,0,0,0,1,0,0,0,0,0.640173912,1,15,1600,93462.58594
cs18190101,819,3312707,3312,1,3,0,1,0,1,1,1,0,0,0,0,0,1,0,0,0,1,1,3.700000048,1621.621582,22974.10352
cs18150006,815,3312707,3312,1,1,0,1,0,0,0,0,0,0,0,0,0,1,0,1,0,1,0,0,,0
cs18160037,816,3312707,3312,1,2,0,1,0,1,1,0,0,0,0,0,0,1,0,0,1,1,0,0,,0
cs18230205,823,3312707,3312,1,3,1,0,1,0,0,0,0,0,0,0,1,0,0,0,0,0.640173912,1,15,1600,93462.58594
cs18200105,820,3312707,3312,1,2,1,0,1,0,0,0,0,0,0,1,0,0,0,0,1,1.27245903,0,0,,0
cs18320044,832,3312707,3312,1,3,0,1,0,0,1,0,0,0,0,0,0,1,0,0,0,1,0,0,,0
cs18150158,815,3312707,3312,1,1,1,1,0,0,0,0,0,0,0,1,0,0,0,1,0,1.003425598,1,7.5,1733.333374,45731.29297
cs18240003,824,3312707,3312,1,1,0,1,0,1,0,0,0,0,0,0,0,1,0,1,0,1,0,0,,0
cs18340277,834,3312707,3312,1,3,1,1,0,0,0,0,0,0,0,1,0,0,0,0,0,1.003425598,1,5,1600,31154.19531
cs18140011,814,3312707,3312,1,1,1,0,1,0,0,0,0,0,0,0,0,1,0,1,0,0.661996901,1,3,2333.333252,16492.51562
cs18140020,814,3312707,3312,1,1,0,0,1,0,0,0,0,0,0,0,0,1,0,1,0,1,1,2,1750,12161.67773
cs18230202,823,3312707,3312,1,3,1,0,1,0,0,0,0,0,0,0,1,0,0,0,0,0.640173912,1,15,1600,93462.58594
cs18320075,832,3312707,3312,1,3,1,1,0,0,1,0,0,0,0,0,1,0,0,0,0,0.9961833954,1,15,1600,93462.58594
cs18130170,813,3312707,3312,1,1,1,1,0,0,0,0,0,0,0,1,0,0,0,1,0,1.003425598,1,15,1733.333374,91462.58594
cs18170354,817,3312707,3312,1,2,1,1,0,0,0,0,0,0,0,0,1,0,0,0,1,0.9961833954,1,5,1400,32154.19531
cs18160034,816,3312707,3312,1,2,0,1,0,1,1,0,0,0,0,0,0,1,0,0,1,1,0,0,,0
cs18310265,831,3312707,3312,1,1,1,1,0,1,0,1,0,0,0,1,0,0,0,1,0,0.9966933727,1,2.5,1700,15327.09766
cs18190222,819,3312707,3312,1,3,1,1,0,1,1,1,0,0,0,1,0,0,0,0,0,0.9966933727,1,3,1600,18692.51562
cs18330174,833,3312707,3312,1,2,1,0,1,0,0,0,0,0,0,1,0,0,0,0,1,1.27245903,1,2.5,1800,15077.09766
cs18180034,818,3312707,3312,1,2,0,1,0,0,1,0,0,0,0,0,0,1,0,0,1,1,0,0,,0
cs18310016,831,3312707,3312,1,1,0,1,0,1,0,1,0,0,0,0,0,1,0,1,0,1,1,5,1600,31154.19531
cs18240204,824,3312707,3312,1,1,1,1,0,1,0,0,0,0,0,1,0,0,0,1,0,1.003425598,1,15,1600,93462.58594
cs18350060,835,3312707,3312,1,3,0,1,0,1,1,0,0,0,0,0,0,1,0,0,0,1,0,0,,0
cs18340286,834,3312707,3312,1,3,1,1,0,0,0,0,0,0,0,0,1,0,0,0,0,0.9961833954,1,5,1600,31154.19531
cs18180104,818,3312707,3312,1,2,1,1,0,0,1,0,0,0,0,0,1,0,0,0,1,0.9961833954,1,2.5,1800,15077.09766
cs18350088,835,3312707,3312,1,3,1,1,0,1,1,0,0,0,0,1,0,0,0,0,0,1.003425598,1,2,2000,11661.67773
cs18200056,820,3312707,3312,1,2,1,0,1,0,0,0,0,0,0,0,1,0,0,0,1,0.640173912,1,15,1666.666626,92462.58594
cs18160100,816,3312707,3312,1,2,1,1,0,1,1,0,0,0,0,1,0,0,0,0,1,1.003425598,0,0,,0
cs18330112,833,3312707,3312,1,2,1,0,1,0,0,0,0,0,0,0,1,0,0,0,1,0.640173912,1,2.5,1800,15077.09766
cs18320120,832,3312707,3312,1,3,1,1,0,0,1,0,0,0,0,1,0,0,0,0,0,1.003425598,1,15,1600,93462.58594
cs18180033,818,3312707,3312,1,2,0,1,0,0,1,0,0,0,0,0,0,1,0,0,1,1,1,5,1700,30654.19531
cs18230234,823,3312707,3312,1,3,1,0,1,0,0,0,0,0,0,1,0,0,0,0,0,1.27245903,1,3,1666.666626,18492.51562
cs18140147,814,3312707,3312,1,1,1,0,1,0,0,0,0,0,0,1,0,0,0,1,0,1.27245903,1,3,1833.333374,17992.51562
cs18200086,820,3312707,3312,1,2,1,0,1,0,0,0,0,0,0,1,0,0,0,0,1,1.27245903,1,15,1666.666626,92462.58594
cs18310171,831,3312707,3312,1,1,1,1,0,1,0,1,0,0,0,1,0,0,0,1,0,0.9966933727,1,2.5,1700,15327.09766
cs18310164,831,3312707,3312,1,1,1,1,0,1,0,1,0,0,0,1,0,0,0,1,0,0.9966933727,1,2.5,1700,15327.09766
cs18330038,833,3312707,3312,1,2,0,0,1,0,0,0,0,0,0,0,0,1,0,0,1,1,0,0,,0
cs18350108,835,3312707,3312,1,3,1,1,0,1,1,0,0,0,0,1,0,0,0,0,0,1.003425598,0,0,,0
cs18230139,823,3312707,3312,1,3,1,0,1,0,0,0,0,0,0,1,0,0,0,0,0,1.27245903,1,3,1666.666626,18492.51562
cs18310093,831,3312707,3312,1,1,0,1,0,1,0,1,0,0,0,0,0,1,0,1,0,1,1,5,1600,31154.19531
cs18200003,820,3312707,3312,1,2,0,0,1,0,0,0,0,0,0,0,0,1,0,0,1,1,0,0,,0
cs18170162,817,3312707,3312,1,2,0,1,0,0,0,0,0,0,0,0,0,1,0,0,1,1,1,5,1500,31654.19531
cs18200059,820,3312707,3312,1,2,1,0,1,0,0,0,0,0,0,0,1,0,0,0,1,0.640173912,1,15,1666.666626,92462.58594
cs18220054,822,3312707,3312,1,3,0,0,1,0,0,0,0,0,0,0,0,1,0,0,0,1,0,0,,0
cs18350140,835,3312707,3312,1,3,1,1,0,1,1,0,0,0,0,1,0,0,0,0,0,1.003425598,1,2,2000,11661.67773
cs18340188,834,3312707,3312,1,3,1,1,0,0,0,0,0,0,0,1,0,0,0,0,0,1.003425598,1,2.5,1600,15577.09766
cs18340012,834,3312707,3312,1,3,0,1,0,0,0,0,0,0,0,0,0,1,0,0,0,1,1,2.5,1600,15577.09766
cs18220107,822,3312707,3312,1,3,1,0,1,0,0,0,0,0,0,0,1,0,0,0,0,0.640173912,1,15,1666.666626,92462.58594
cs18240112,824,3312707,3312,1,1,1,1,0,1,0,0,0,0,0,1,0,0,0,1,0,1.003425598,1,15,1600,93462.58594
cs18130091,813,3312707,3312,1,1,0,1,0,0,0,0,0,0,0,0,0,1,0,1,0,1,0,0,,0
cs18220110,822,3312707,3312,1,3,1,0,1,0,0,0,0,0,0,1,0,0,0,0,0,1.27245903,1,15,1600,93462.58594
cs18340275,834,3312707,3312,1,3,1,1,0,0,0,0,0,0,0,1,0,0,0,0,0,1.003425598,1,2.5,1600,15577.09766
cs18160123,816,3312707,3312,1,2,1,1,0,1,1,0,0,0,0,1,0,0,0,0,1,1.003425598,0,0,,0
cs18140010,814,3312707,3312,1,1,0,0,1,0,0,0,0,0,0,0,0,1,0,1,0,1,1,2,1750,12161.67773
cs18150036,815,3312707,3312,1,1,1,1,0,0,0,0,0,0,0,0,0,1,0,1,0,1.005813479,1,3,1666.666626,18492.51562
cs18230011,823,3312707,3312,1,3,0,0,1,0,0,0,0,0,0,0,0,1,0,0,0,1,0,0,,0
cs18130187,813,3312707,3312,1,1,1,1,0,0,0,0,0,0,0,0,1,0,0,1,0,0.9961833954,1,10,1216.666626,63558.39062
cs18190124,819,3312707,3312,1,3,0,1,0,1,1,1,0,0,0,0,0,1,0,0,0,1,1,3.700000048,1621.621582,22974.10352
cs18350004,835,3312707,3312,1,3,0,1,0,1,1,0,0,0,0,0,0,1,0,0,0,1,0,0,,0
cs18170300,817,3312707,3312,1,2,1,1,0,0,0,0,0,0,0,1,0,0,0,0,1,1.003425598,1,5,1500,31654.19531
cs18310107,831,3312707,3312,1,1,0,1,0,1,0,1,0,0,0,0,0,1,0,1,0,1,1,5,1600,31154.19531
cs18180060,818,3312707,3312,1,2,1,1,0,0,1,0,0,0,0,1,0,0,0,0,1,1.003425598,1,2.5,1800,15077.09766
cs18330010,833,3312707,3312,1,2,0,0,1,0,0,0,0,0,0,0,0,1,0,0,1,1,0,0,,0
cs18180128,818,3312707,3312,1,2,1,1,0,0,1,0,0,0,0,0,1,0,0,0,1,0.9961833954,1,5,1700,30654.19531
cs18200122,820,3312707,3312,1,2,1,0,1,0,0,0,0,0,0,1,0,0,0,0,1,1.27245903,1,14,1785.714233,84631.74219
cs18340009,834,3312707,3312,1,3,0,1,0,0,0,0,0,0,0,0,0,1,0,0,0,1,1,2.5,1600,15577.09766
cs18200037,820,3312707,3312,1,2,0,0,1,0,0,0,0,0,0,0,0,1,0,0,1,1,0,0,,0
cs18330018,833,3312707,3312,1,2,0,0,1,0,0,0,0,0,0,0,0,1,0,0,1,1,0,0,,0
cs18150170,815,3312707,3312,1,1,1,1,0,0,0,0,0,0,0,1,0,0,0,1,0,1.003425598,1,3,1500,18992.51562
cs18150092,815,3312707,3312,1,1,1,1,0,0,0,0,0,0,0,1,0,0,0,1,0,1.003425598,1,3,1666.666626,18492.51562
cs18230167,823,3312707,3312,1,3,1,0,1,0,0,0,0,0,0,1,0,0,0,0,0,1.27245903,0,0,,0
cs18130111,813,3312707,3312,1,1,1,1,0,0,0,0,0,0,0,0,1,0,0,1,0,0.9961833954,1,15,1733.333374,91462.58594
cs18130106,813,3312707,3312,1,1,0,1,0,0,0,0,0,0,0,0,0,1,0,1,0,1,0,0,,0
cs17820058,782,3312739,3312,1,1,0,1,0,1,0,0,0,0,0,0,0,1,0,1,0,1,0,0,,0
cs17700139,770,3312739,3312,1,1,0,1,0,0,1,1,0,0,0,0,0,1,0,1,0,1,0,0,,0
cs17740154,774,3312739,3312,1,3,1,0,1,0,0,0,0,0,0,1,0,0,0,0,0,1.27245903,1,7.5,1733.333374,45731.29297
cs17700345,770,3312739,3312,1,1,1,1,0,0,1,1,0,0,0,1,0,0,0,1,0,0.9966933727,1,15,1666.666626,92462.58594
cs17650047,765,3312739,3312,1,2,1,1,0,0,0,1,0,0,0,0,0,1,0,0,1,0.9944144487,1,5,2800,25154.19531
cs17670167,767,3312739,3312,1,2,1,0,1,0,0,0,0,0,0,1,0,0,0,0,1,1.27245903,1,3.799999952,1710.526367,23257.1875
cs17820270,782,3312739,3312,1,1,1,1,0,1,0,0,0,0,0,1,0,0,0,1,0,1.003425598,1,15,1600,93462.58594
cs17680048,768,3312739,3312,1,1,0,0,1,0,0,0,0,0,0,0,0,1,0,1,0,1,0,0,,0
cs17810015,781,3312739,3312,1,3,1,1,0,0,0,1,0,0,0,0,0,1,0,0,0,0.9944144487,1,15,1600,93462.58594
cs17770104,777,3312739,3312,1,1,1,0,1,0,0,0,0,0,0,1,0,0,0,1,0,1.27245903,0,0,,0
cs17640144,764,3312739,3312,1,3,1,1,0,1,1,1,0,0,0,1,0,0,0,0,0,0.9966933727,1,15,1600,93462.58594
cs17700248,770,3312739,3312,1,1,1,1,0,0,1,1,0,0,0,1,0,0,0,1,0,0.9966933727,1,15,1333.333374,97462.58594
cs17770019,777,3312739,3312,1,1,0,0,1,0,0,0,0,0,0,0,0,1,0,1,0,1,0,0,,0
cs17680156,768,3312739,3312,1,1,1,0,1,0,0,0,0,0,0,0,1,0,0,1,0,0.640173912,1,7.5,1666.666626,46231.29297
cs17680051,768,3312739,3312,1,1,0,0,1,0,0,0,0,0,0,0,0,1,0,1,0,1,0,0,,0
cs17790184,779,3312739,3312,1,2,1,1,0,1,1,1,0,0,0,1,0,0,0,0,1,0.9966933727,1,15,1600,93462.58594
cs17790010,779,3312739,3312,1,2,0,1,0,1,1,1,0,0,0,0,0,1,0,0,1,1,0,0,,0
cs17680184,768,3312739,3312,1,1,1,0,1,0,0,0,0,0,0,1,0,0,0,1,0,1.27245903,1,7.5,1666.666626,46231.29297
cs17670065,767,3312739,3312,1,2,1,0,1,0,0,0,0,0,0,0,0,1,0,0,1,0.661996901,1,3.799999952,1710.526367,23257.1875
cs17680011,768,3312739,3312,1,1,0,0,1,0,0,0,0,0,0,0,0,1,0,1,0,1,0,0,,0
cs17650175,765,3312739,3312,1,2,1,1,0,0,0,1,0,0,0,1,0,0,0,0,1,0.9966933727,1,7,2000,40815.87109
cs17700373,770,3312739,3312,1,1,1,1,0,0,1,1,0,0,0,0,1,0,0,1,0,1.003737092,1,15,1666.666626,92462.58594
cs17740159,774,3312739,3312,1,3,1,0,1,0,0,0,0,0,0,1,0,0,0,0,0,1.27245903,0,0,,0
cs17820021,782,3312739,3312,1,1,0,1,0,1,0,0,0,0,0,0,0,1,0,1,0,1,0,0,,0
cs17810087,781,3312739,3312,1,3,1,1,0,0,0,1,0,0,0,1,0,0,0,0,0,0.9966933727,1,15,1600,93462.58594
cs17790050,779,3312739,3312,1,2,0,1,0,1,1,1,0,0,0,0,0,1,0,0,1,1,0,0,,0
cs17770119,777,3312739,3312,1,1,1,0,1,0,0,0,0,0,0,1,0,0,0,1,0,1.27245903,1,15,1600,93462.58594
cs17670027,767,3312739,3312,1,2,0,0,1,0,0,0,0,0,0,0,0,1,0,0,1,1,1,3.799999952,1710.526367,23257.1875
cs17820007,782,3312739,3312,1,1,0,1,0,1,0,0,0,0,0,0,0,1,0,1,0,1,0,0,,0
cs17670248,767,3312739,3312,1,2,1,0,1,0,0,0,0,0,0,0,1,0,0,0,1,0.640173912,1,3.799999952,1710.526367,23257.1875
cs17680213,768,3312739,3312,1,1,1,0,1,0,0,0,0,0,0,1,0,0,0,1,0,1.27245903,0,0,,0
cs17650040,765,3312739,3312,1,2,1,1,0,0,0,1,0,0,0,0,0,1,0,0,1,1.045999765,1,6,2250,33485.03125
cs17740205,774,3312739,3312,1,3,1,0,1,0,0,0,0,0,0,1,0,0,0,0,0,1.27245903,1,15,1800,90462.58594
cs17700058,770,3312739,3312,1,1,0,1,0,0,1,1,0,0,0,0,0,1,0,1,0,1,0,0,,0
cs17790246,779,3312739,3312,1,2,1,1,0,1,1,1,0,0,0,1,0,0,0,0,1,0.9966933727,1,15,1600,93462.58594
cs17640137,764,3312739,3312,1,3,1,1,0,1,1,1,0,0,0,1,0,0,0,0,0,0.9966933727,1,15,1600,93462.58594
cs17770013,777,3312739,3312,1,1,0,0,1,0,0,0,0,0,0,0,0,1,0,1,0,1,1,15,1666.666626,92462.58594
cs17810155,781,3312739,3312,1,3,1,1,0,0,0,1,0,0,0,1,0,0,0,0,0,0.9966933727,1,15,1600,93462.58594
cs17770133,777,3312739,3312,1,1,1,0,1,0,0,0,0,0,0,1,0,0,0,1,0,1.27245903,0,0,,0
cs17640136,764,3312739,3312,1,3,1,1,0,1,1,1,0,0,0,1,0,0,0,0,0,0.9966933727,1,15,1600,93462.58594
cs17770106,777,3312739,3312,1,1,1,0,1,0,0,0,0,0,0,0,1,0,0,1,0,0.640173912,0,0,,0
cs17700348,770,3312739,3312,1,1,1,1,0,0,1,1,0,0,0,1,0,0,0,1,0,0.9966933727,1,15,1666.666626,92462.58594
cs17670477,767,3312739,3312,1,2,1,0,1,0,0,0,0,0,0,0,1,0,0,0,1,0.640173912,1,4,2125,22823.35547
cs17650019,765,3312739,3312,1,2,0,1,0,0,0,1,0,0,0,0,0,1,0,0,1,1,1,4.5,3111.111084,21238.77539
cs17670461,767,3312739,3312,1,2,1,0,1,0,0,0,0,0,0,1,0,0,0,0,1,1.27245903,1,3.5,1857.142822,20907.93555
cs17810201,781,3312739,3312,1,3,1,1,0,0,0,1,0,0,0,0,1,0,0,0,0,1.003737092,1,15,1600,93462.58594
cs17810052,781,3312739,3312,1,3,0,1,0,0,0,1,0,0,0,0,0,1,0,0,0,1,0,0,,0
cs17650074,765,3312739,3312,1,2,1,1,0,0,0,1,0,0,0,1,0,0,0,0,1,0.9966933727,1,7,2142.857178,39815.87109
cs17740029,774,3312739,3312,1,3,1,0,1,0,0,0,0,0,0,0,0,1,0,0,0,1.051559091,1,7.5,1733.333374,45731.29297
cs17700070,770,3312739,3312,1,1,0,1,0,0,1,1,0,0,0,0,0,1,0,1,0,1,0,0,,0
cs17740052,774,3312739,3312,1,3,1,0,1,0,0,0,0,0,0,0,1,0,0,0,0,0.640173912,1,6,2250,33485.03125
cs17820182,782,3312739,3312,1,1,1,1,0,1,0,0,0,0,0,1,0,0,0,1,0,1.003425598,1,15,1600,93462.58594
cs17650128,765,3312739,3312,1,2,1,1,0,0,0,1,0,0,0,1,0,0,0,0,1,0.9966933727,1,4.5,3111.111084,21238.77539
cs17820243,782,3312739,3312,1,1,1,1,0,1,0,0,0,0,0,1,0,0,0,1,0,1.003425598,0,0,,0
cs17740184,774,3312739,3312,1,3,1,0,1,0,0,0,0,0,0,0,1,0,0,0,0,0.640173912,0,0,,0
cs17770123,777,3312739,3312,1,1,1,0,1,0,0,0,0,0,0,0,1,0,0,1,0,0.640173912,0,0,,0
cs17680118,768,3312739,3312,1,1,1,0,1,0,0,0,0,0,0,1,0,0,0,1,0,1.27245903,1,7.5,1666.666626,46231.29297
cs17670013,767,3312739,3312,1,2,1,0,1,0,0,0,0,0,0,0,0,1,0,0,1,0.661996901,1,3.799999952,1710.526367,23257.1875
cs17640056,764,3312739,3312,1,3,0,1,0,1,1,1,0,0,0,0,0,1,0,0,0,1,1,15,1600,93462.58594
cs17810104,781,3312739,3312,1,3,1,1,0,0,0,1,0,0,0,1,0,0,0,0,0,0.9966933727,1,15,1600,93462.58594
cs17670384,767,3312739,3312,1,2,1,0,1,0,0,0,0,0,0,1,0,0,0,0,1,1.27245903,1,5,3000,24154.19531
cs17810148,781,3312739,3312,1,3,1,1,0,0,0,1,0,0,0,0,1,0,0,0,0,1.003737092,1,15,1600,93462.58594
cs17790037,779,3312739,3312,1,2,0,1,0,1,1,1,0,0,0,0,0,1,0,0,1,1,0,0,,0
cs17790324,779,3312739,3312,1,2,1,1,0,1,1,1,0,0,0,1,0,0,0,0,1,0.9966933727,1,15,1600,93462.58594
cs17740023,774,3312739,3312,1,3,0,0,1,0,0,0,0,0,0,0,0,1,0,0,0,1,0,0,,0
cs17640063,764,3312739,3312,1,3,0,1,0,1,1,1,0,0,0,0,0,1,0,0,0,1,0,0,,0
cs17640066,764,3312739,3312,1,3,0,1,0,1,1,1,0,0,0,0,0,1,0,0,0,1,0,0,,0
cs17680102,768,3312739,3312,1,1,1,0,1,0,0,0,0,0,0,0,1,0,0,1,0,0.640173912,0,0,,0
cs17770032,777,3312739,3312,1,1,0,0,1,0,0,0,0,0,0,0,0,1,0,1,0,1,0,0,,0
cs17740008,774,3312739,3312,1,3,1,0,1,0,0,0,0,0,0,0,0,1,0,0,0,1.051559091,0,0,,0
cs17810023,781,3312739,3312,1,3,0,1,0,0,0,1,0,0,0,0,0,1,0,0,0,1,0,0,,0
cs17650138,765,3312739,3312,1,2,1,1,0,0,0,1,0,0,0,0,1,0,0,0,1,1.003737092,1,6,2250,33485.03125
cs17650065,765,3312739,3312,1,2,1,1,0,0,0,1,0,0,0,0,1,0,0,0,1,1.003737092,1,3.5,4000,13407.93555
cs17700231,770,3312739,3312,1,1,1,1,0,0,1,1,0,0,0,0,1,0,0,1,0,1.003737092,1,15,1666.666626,92462.58594
cs19170120,917,3327177,3327,1,2,1,1,0,1,0,1,0,0,0,1,0,0,0,0,1,0.9966933727,0,0,,0
cs19120071,912,3327177,3327,1,3,1,0,1,0,0,0,0,0,0,1,0,0,0,0,0,1.27245903,1,2,2000,11661.67773
cs19140990,914,3327177,3327,1,3,1,1,0,0,0,0,0,0,0,0,1,0,0,0,0,0.9961833954,1,3.75,2600,20611.33594
cs19120096,912,3327177,3327,1,3,1,0,1,0,0,0,0,0,0,1,0,0,0,0,0,1.27245903,1,3,1666.666626,18492.51562
cs19010186,901,3327177,3327,1,2,1,0,1,0,0,0,0,0,0,0,1,0,0,0,1,0.640173912,1,2.5,2200,14077.09766
cs19000264,900,3327177,3327,1,1,1,0,1,0,0,0,0,0,0,0,1,0,0,1,0,0.640173912,1,1.5,2000,8746.257812
cs19010036,901,3327177,3327,1,2,0,0,1,0,0,0,0,0,0,0,0,1,0,0,1,1,0,0,,0
cs19110014,911,3327177,3327,1,1,0,1,0,1,0,1,0,0,0,0,0,1,0,1,0,1,1,2.299999952,1956.521729,13510.92871
cs19040130,904,3327177,3327,1,3,1,1,0,0,1,0,0,0,0,1,0,0,0,0,0,1.003425598,1,10,1600,62308.39062
cs19020084,902,3327177,3327,1,1,0,1,0,0,1,1,0,0,0,0,0,1,0,1,0,1,0,0,,0
cs19190160,919,3327177,3327,1,3,1,0,1,0,0,0,0,0,0,0,1,0,0,0,0,0.640173912,1,5,2000,29154.19531
cs19090257,909,3327177,3327,1,2,1,0,1,0,0,0,0,0,0,1,0,0,0,0,1,1.27245903,1,2.5,2000,14577.09766
cs19000312,900,3327177,3327,1,1,1,0,1,0,0,0,0,0,0,0,1,0,0,1,0,0.640173912,1,5,2000,29154.19531
cs19040104,904,3327177,3327,1,3,1,1,0,0,1,0,0,0,0,0,1,0,0,0,0,0.9961833954,1,10,1600,62308.39062
cs19000210,900,3327177,3327,1,1,1,0,1,0,0,0,0,0,0,1,0,0,0,1,0,1.27245903,1,2,2000,11661.67773
cs19020190,902,3327177,3327,1,1,1,1,0,0,1,1,0,0,0,1,0,0,0,1,0,0.9966933727,0,0,,0
cs19210234,921,3327177,3327,1,2,1,1,0,0,1,0,0,0,0,1,0,0,0,0,1,1.003425598,1,3.75,2000,21865.64648
cs19120009,912,3327177,3327,1,3,0,0,1,0,0,0,0,0,0,0,0,1,0,0,0,1,1,3.200000048,2500,17058.68555
cs19110022,911,3327177,3327,1,1,0,1,0,1,0,1,0,0,0,0,0,1,0,1,0,1,1,4.5,2000,26238.77539
cs19100112,910,3327177,3327,1,1,1,0,1,0,0,0,0,0,0,1,0,0,0,1,0,1.27245903,1,2,2000,11661.67773
cs19020110,902,3327177,3327,1,1,1,1,0,0,1,1,0,0,0,1,0,0,0,1,0,0.9966933727,1,2,1750,12161.67773
cs19140058,914,3327177,3327,1,3,0,1,0,0,0,0,0,0,0,0,0,1,0,0,0,1,1,4,2250,22323.35547
cs19030014,903,3327177,3327,1,1,0,1,0,0,1,0,0,0,0,0,0,1,0,1,0,1,1,1.25,2800,6288.548828
cs19160438,916,3327177,3327,1,2,1,1,0,1,1,1,0,0,0,1,0,0,0,0,1,0.9966933727,1,1.25,2000,7288.548828
cs19190149,919,3327177,3327,1,3,1,0,1,0,0,0,0,0,0,1,0,0,0,0,0,1.27245903,1,5,2000,29154.19531
cs19210020,921,3327177,3327,1,2,0,1,0,0,1,0,0,0,0,0,0,1,0,0,1,1,1,1.25,2000,7288.548828
cs19100036,910,3327177,3327,1,1,1,0,1,0,0,0,0,0,0,0,0,1,0,1,0,1.051559091,1,0.8000000119,2500,4264.671387
cs19170007,917,3327177,3327,1,2,0,1,0,1,0,1,0,0,0,0,0,1,0,0,1,1,1,2.5,1800,15077.09766
cs19110247,911,3327177,3327,1,1,1,1,0,1,0,1,0,0,0,1,0,0,0,1,0,0.9966933727,1,1.839999914,2445.652344,9908.743164
cs18990025,899,3327177,3327,1,1,0,1,0,1,0,0,0,0,0,0,0,1,0,1,0,1,1,1.25,1600,7788.548828
cs18990227,899,3327177,3327,1,1,1,1,0,1,0,0,0,0,0,1,0,0,0,1,0,1.003425598,1,1.25,2200,7038.548828
cs19100064,910,3327177,3327,1,1,1,0,1,0,0,0,0,0,0,1,0,0,0,1,0,1.27245903,1,1,2500,5330.838867
cs19170033,917,3327177,3327,1,2,0,1,0,1,0,1,0,0,0,0,0,1,0,0,1,1,1,2.5,1800,15077.09766
cs19100066,910,3327177,3327,1,1,1,0,1,0,0,0,0,0,0,0,1,0,0,1,0,0.640173912,1,2,2000,11661.67773
cs19130302,913,3327177,3327,1,3,1,1,0,1,0,1,0,0,0,1,0,0,0,0,0,0.9966933727,1,1.600000024,2500,8529.342773
cs19040113,904,3327177,3327,1,3,1,1,0,0,1,0,0,0,0,1,0,0,0,0,0,1.003425598,1,10,1600,62308.39062
cs19020092,902,3327177,3327,1,1,0,1,0,0,1,1,0,0,0,0,0,1,0,1,0,1,1,1.5,2000,8746.257812
cs19040050,904,3327177,3327,1,3,1,1,0,0,1,0,0,0,0,0,0,1,0,0,0,0.9567061067,1,10,1600,62308.39062
cs19100061,910,3327177,3327,1,1,1,0,1,0,0,0,0,0,0,1,0,0,0,1,0,1.27245903,1,1.600000024,2500,8529.342773
cs19100024,910,3327177,3327,1,1,0,0,1,0,0,0,0,0,0,0,0,1,0,1,0,1,1,1,2000,5830.838867
cs19190028,919,3327177,3327,1,3,0,0,1,0,0,0,0,0,0,0,0,1,0,0,0,1,1,2.5,2000,14577.09766
cs19120064,912,3327177,3327,1,3,1,0,1,0,0,0,0,0,0,1,0,0,0,0,0,1.27245903,1,2,2000,11661.67773
cs19040036,904,3327177,3327,1,3,1,1,0,0,1,0,0,0,0,0,0,1,0,0,0,0.9567061067,1,10,1600,62308.39062
cs19100166,910,3327177,3327,1,1,1,0,1,0,0,0,0,0,0,0,1,0,0,1,0,0.640173912,1,2,2000,11661.67773
cs19090010,909,3327177,3327,1,2,0,0,1,0,0,0,0,0,0,0,0,1,0,0,1,1,1,2,2500,10661.67773
cs19110214,911,3327177,3327,1,1,1,1,0,1,0,1,0,0,0,1,0,0,0,1,0,0.9966933727,1,4.5,2000,26238.77539
cs19160269,916,3327177,3327,1,2,1,1,0,1,1,1,0,0,0,1,0,0,0,0,1,0.9966933727,1,1.25,2200,7038.548828
cs19010058,901,3327177,3327,1,2,0,0,1,0,0,0,0,0,0,0,0,1,0,0,1,1,0,0,,0
cs19210211,921,3327177,3327,1,2,1,1,0,0,1,0,0,0,0,0,1,0,0,0,1,0.9961833954,1,2.5,2000,14577.09766
cs19020163,902,3327177,3327,1,1,1,1,0,0,1,1,0,0,0,0,1,0,0,1,0,1.003737092,0,0,,0
cs19040056,904,3327177,3327,1,3,1,1,0,0,1,0,0,0,0,0,0,1,0,0,0,0.9567061067,1,10,1600,62308.39062
cs19210052,921,3327177,3327,1,2,0,1,0,0,1,0,0,0,0,0,0,1,0,0,1,1,1,1,2500,5330.838867
cs19120127,912,3327177,3327,1,3,1,0,1,0,0,0,0,0,0,0,1,0,0,0,0,0.640173912,1,2,2500,10661.67773
cs19030093,903,3327177,3327,1,1,1,1,0,0,1,0,0,0,0,1,0,0,0,1,0,1.003425598,1,3,2333.333252,16492.51562
cs19090005,909,3327177,3327,1,2,0,0,1,0,0,0,0,0,0,0,0,1,0,0,1,1,1,3,2333.333252,16492.51562
cs19160032,916,3327177,3327,1,2,0,1,0,1,1,1,0,0,0,0,0,1,0,0,1,1,1,7.5,1000,51231.29297
cs19190025,919,3327177,3327,1,3,0,0,1,0,0,0,0,0,0,0,0,1,0,0,0,1,1,2.5,2000,14577.09766
cs19210145,921,3327177,3327,1,2,1,1,0,0,1,0,0,0,0,1,0,0,0,0,1,1.003425598,1,3,1666.666626,18492.51562
cs19130497,913,3327177,3327,1,3,1,1,0,1,0,1,0,0,0,1,0,0,0,0,0,0.9966933727,1,2.5,2000,14577.09766
cs19190266,919,3327177,3327,1,3,1,0,1,0,0,0,0,0,0,1,0,0,0,0,0,1.27245903,1,2.5,2000,14577.09766
cs19190003,919,3327177,3327,1,3,0,0,1,0,0,0,0,0,0,0,0,1,0,0,0,1,1,2.5,2000,14577.09766
cs19030164,903,3327177,3327,1,1,1,1,0,0,1,0,0,0,0,1,0,0,0,1,0,1.003425598,1,1.25,2800,6288.548828
cs19170123,917,3327177,3327,1,2,1,1,0,1,0,1,0,0,0,1,0,0,0,0,1,0.9966933727,1,2.5,2000,14577.09766
cs19100026,910,3327177,3327,1,1,0,0,1,0,0,0,0,0,0,0,0,1,0,1,0,1,1,1,2000,5830.838867
cs19130045,913,3327177,3327,1,3,0,1,0,1,0,1,0,0,0,0,0,1,0,0,0,1,1,2.5,2000,14577.09766
cs19110224,911,3327177,3327,1,1,1,1,0,1,0,1,0,0,0,1,0,0,0,1,0,0.9966933727,1,2.299999952,1956.521729,13510.92871
cs19160376,916,3327177,3327,1,2,1,1,0,1,1,1,0,0,0,1,0,0,0,0,1,0.9966933727,0,0,,0
cs19000067,900,3327177,3327,1,1,0,0,1,0,0,0,0,0,0,0,0,1,0,1,0,1,1,1,2000,5830.838867
cs19030062,903,3327177,3327,1,1,1,1,0,0,1,0,0,0,0,1,0,0,0,1,0,1.003425598,1,3.5,2000,20407.93555
cs19030339,903,3327177,3327,1,1,1,1,0,0,1,0,0,0,0,0,1,0,0,1,0,0.9961833954,0,0,,0
cs19090290,909,3327177,3327,1,2,1,0,1,0,0,0,0,0,0,0,1,0,0,0,1,0.640173912,1,2.5,2000,14577.09766
cs19160039,916,3327177,3327,1,2,0,1,0,1,1,1,0,0,0,0,0,1,0,0,1,1,0,0,,0
cs19020005,902,3327177,3327,1,1,0,1,0,0,1,1,0,0,0,0,0,1,0,1,0,1,1,1.5,2333.333252,8246.257812
cs19010289,901,3327177,3327,1,2,1,0,1,0,0,0,0,0,0,0,1,0,0,0,1,0.640173912,1,2.5,2000,14577.09766
cs19120145,912,3327177,3327,1,3,1,0,1,0,0,0,0,0,0,0,1,0,0,0,0,0.640173912,1,4,2000,23323.35547
cs19190110,919,3327177,3327,1,3,1,0,1,0,0,0,0,0,0,1,0,0,0,0,0,1.27245903,1,2.5,2000,14577.09766
cs19010240,901,3327177,3327,1,2,1,0,1,0,0,0,0,0,0,1,0,0,0,0,1,1.27245903,1,2.5,2400,13577.09766
cs19140177,914,3327177,3327,1,3,1,1,0,0,0,0,0,0,0,0,1,0,0,0,0,0.9961833954,1,5,2000,29154.19531
cs19120026,912,3327177,3327,1,3,0,0,1,0,0,0,0,0,0,0,0,1,0,0,0,1,1,2,2000,11661.67773
cs19000333,900,3327177,3327,1,1,1,0,1,0,0,0,0,0,0,1,0,0,0,1,0,1.27245903,1,1,2000,5830.838867
cs18990036,899,3327177,3327,1,1,0,1,0,1,0,0,0,0,0,0,0,1,0,1,0,1,1,1.25,2000,7288.548828
cs19210251,921,3327177,3327,1,2,1,1,0,0,1,0,0,0,0,1,0,0,0,0,1,1.003425598,1,2.5,2000,14577.09766
cs19010140,901,3327177,3327,1,2,1,0,1,0,0,0,0,0,0,1,0,0,0,0,1,1.27245903,1,2.5,2000,14577.09766
cs19090276,909,3327177,3327,1,2,1,0,1,0,0,0,0,0,0,1,0,0,0,0,1,1.27245903,1,2.5,2000,14577.09766
cs19040163,904,3327177,3327,1,3,1,1,0,0,1,0,0,0,0,0,1,0,0,0,0,0.9961833954,1,12.5,1600,77885.48438
cs19140061,914,3327177,3327,1,3,0,1,0,0,0,0,0,0,0,0,0,1,0,0,0,1,1,5,1600,31154.19531
cs19090285,909,3327177,3327,1,2,1,0,1,0,0,0,0,0,0,0,1,0,0,0,1,0.640173912,1,2.5,2000,14577.09766
cs19030140,903,3327177,3327,1,1,1,1,0,0,1,0,0,0,0,0,1,0,0,1,0,0.9961833954,1,5,2476.19043,27154.19336
cs19130476,913,3327177,3327,1,3,1,1,0,1,0,1,0,0,0,1,0,0,0,0,0,0.9966933727,1,2,2000,11661.67773
cs19020131,902,3327177,3327,1,1,1,1,0,0,1,1,0,0,0,1,0,0,0,1,0,0.9966933727,0,0,,0
cs19190173,919,3327177,3327,1,3,1,0,1,0,0,0,0,0,0,0,1,0,0,0,0,0.640173912,1,2.5,2000,14577.09766
cs19000141,900,3327177,3327,1,1,1,0,1,0,0,0,0,0,0,1,0,0,0,1,0,1.27245903,1,2,2000,11661.67773
cs19210276,921,3327177,3327,1,2,1,1,0,0,1,0,0,0,0,0,1,0,0,0,1,0.9961833954,1,1.25,2000,7288.548828
cs19030010,903,3327177,3327,1,1,1,1,0,0,1,0,0,0,0,0,0,1,0,1,0,1.005813479,1,2,2500,10661.67773
cs19130030,913,3327177,3327,1,3,0,1,0,1,0,1,0,0,0,0,0,1,0,0,0,1,0,0,,0
cs19090121,909,3327177,3327,1,2,1,0,1,0,0,0,0,0,0,1,0,0,0,0,1,1.27245903,1,5,2000,29154.19531
cs19000046,900,3327177,3327,1,1,1,0,1,0,0,0,0,0,0,0,0,1,0,1,0,0.661996901,1,2,2000,11661.67773
cs19140003,914,3327177,3327,1,3,0,1,0,0,0,0,0,0,0,0,0,1,0,0,0,1,1,5,1800,30154.19531
cs19210035,921,3327177,3327,1,2,0,1,0,0,1,0,0,0,0,0,0,1,0,0,1,1,1,5,2000,29154.19531
cs19000068,900,3327177,3327,1,1,0,0,1,0,0,0,0,0,0,0,0,1,0,1,0,1,1,1.600000024,2500,8529.342773
cs19140384,914,3327177,3327,1,3,1,1,0,0,0,0,0,0,0,1,0,0,0,0,0,1.003425598,1,8,3000,38646.71094
cs19010060,901,3327177,3327,1,2,1,0,1,0,0,0,0,0,0,1,0,0,0,0,1,1.27245903,1,2.5,2000,14577.09766
cs18990081,899,3327177,3327,1,1,1,1,0,1,0,0,0,0,0,1,0,0,0,1,0,1.003425598,1,1.25,2200,7038.548828
cs19110024,911,3327177,3327,1,1,0,1,0,1,0,1,0,0,0,0,0,1,0,1,0,1,1,2.299999952,1956.521729,13510.92871
cs19020167,902,3327177,3327,1,1,1,1,0,0,1,1,0,0,0,0,1,0,0,1,0,1.003737092,0,0,,0
cs19140334,914,3327177,3327,1,3,1,1,0,0,0,0,0,0,0,1,0,0,0,0,0,1.003425598,1,2.5,2300,13827.09766
cs19030013,903,3327177,3327,1,1,0,1,0,0,1,0,0,0,0,0,0,1,0,1,0,1,1,5,2200,28154.19531
cs18990027,899,3327177,3327,1,1,0,1,0,1,0,0,0,0,0,0,0,1,0,1,0,1,1,1.25,2000,7288.548828
cs19090034,909,3327177,3327,1,2,0,0,1,0,0,0,0,0,0,0,0,1,0,0,1,1,1,5,2000,29154.19531
cs18990102,899,3327177,3327,1,1,1,1,0,1,0,0,0,0,0,1,0,0,0,1,0,1.003425598,1,1,2000,5830.838867
cs19170008,917,3327177,3327,1,2,0,1,0,1,0,1,0,0,0,0,0,1,0,0,1,1,1,2.5,1800,15077.09766
cs19170070,917,3327177,3327,1,2,1,1,0,1,0,1,0,0,0,1,0,0,0,0,1,0.9966933727,1,2.5,2000,14577.09766
cs19010021,901,3327177,3327,1,2,0,0,1,0,0,0,0,0,0,0,0,1,0,0,1,1,1,5,2400,27154.19531
cs19140753,914,3327177,3327,1,3,1,1,0,0,0,0,0,0,0,1,0,0,0,0,0,1.003425598,1,5,2200,28154.19531
cs19120025,912,3327177,3327,1,3,0,0,1,0,0,0,0,0,0,0,0,1,0,0,0,1,1,6,2750,30485.0332
cs19040093,904,3327177,3327,1,3,1,1,0,0,1,0,0,0,0,1,0,0,0,0,0,1.003425598,1,10,1600,62308.39062
cs18840253,884,3327222,3327,1,2,1,1,0,1,1,0,0,0,0,1,0,0,0,0,1,1.003425598,1,5.199999809,2307.692383,28720.36133
cs18800024,880,3327222,3327,1,2,0,0,1,0,0,0,0,0,0,0,0,1,0,0,1,1,1,1.600000024,2187.5,9029.342773
cs18830029,883,3327222,3327,1,3,0,0,1,0,0,0,0,0,0,0,0,1,0,0,0,1,1,3,2333.333252,16492.51562
cs18870165,887,3327222,3327,1,1,1,1,0,1,1,0,0,0,0,1,0,0,0,1,0,1.003425598,1,2,2000,11661.67773
cs18920421,892,3327222,3327,1,2,1,1,0,0,1,1,0,0,0,1,0,0,0,0,1,0.9966933727,1,6,1750,36485.03125
cs18890322,889,3327222,3327,1,3,1,1,0,1,1,0,0,0,0,1,0,0,0,0,0,1.003425598,0,0,,0
cs18900306,890,3327222,3327,1,3,1,1,0,0,0,0,0,0,0,0,1,0,0,0,0,0.9961833954,0,0,,0
cs18800154,880,3327222,3327,1,2,1,0,1,0,0,0,0,0,0,1,0,0,0,0,1,1.27245903,1,3.200000048,2187.5,18058.68555
cs18730119,873,3327222,3327,1,1,1,0,1,0,0,0,0,0,0,1,0,0,0,1,0,1.27245903,1,7,1928.571411,41315.87109
cs18840068,884,3327222,3327,1,2,0,1,0,1,1,0,0,0,0,0,0,1,0,0,1,1,0,0,,0
cs18900136,890,3327222,3327,1,3,1,1,0,0,0,0,0,0,0,1,0,0,0,0,0,1.003425598,0,0,,0
cs18810041,881,3327222,3327,1,3,0,1,0,0,1,0,0,0,0,0,0,1,0,0,0,1,1,4,2500,21323.35547
cs18930104,893,3327222,3327,1,1,1,1,0,0,0,1,0,0,0,1,0,0,0,1,0,0.9966933727,1,2,2750,10161.67773
cs18900342,890,3327222,3327,1,3,1,1,0,0,0,0,0,0,0,1,0,0,0,0,0,1.003425598,0,0,,0
cs18930223,893,3327222,3327,1,1,1,1,0,0,0,1,0,0,0,1,0,0,0,1,0,0.9966933727,1,1.700000048,3235.293945,7812.42627
cs18790030,879,3327222,3327,1,2,0,1,0,1,0,1,0,0,0,0,0,1,0,0,1,1,0,0,,0
cs18830239,883,3327222,3327,1,3,1,0,1,0,0,0,0,0,0,0,1,0,0,0,0,0.640173912,1,2.559999943,3906.25,10046.94727
cs18760119,876,3327222,3327,1,3,1,0,1,0,0,0,0,0,0,1,0,0,0,0,0,1.27245903,1,2.5,2000,14577.09766
cs18920427,892,3327222,3327,1,2,1,1,0,0,1,1,0,0,0,1,0,0,0,0,1,0.9966933727,1,5,2500,26654.19531
cs18760180,876,3327222,3327,1,3,1,0,1,0,0,0,0,0,0,1,0,0,0,0,0,1.27245903,1,5,2000,29154.19531
cs18750085,875,3327222,3327,1,2,0,1,0,0,0,1,0,0,0,0,0,1,0,0,1,1,1,7.5,2000,43731.29297
cs18740037,874,3327222,3327,1,1,0,1,0,0,0,0,0,0,0,0,0,1,0,1,0,1,1,2,2500,10661.67773
cs18740200,874,3327222,3327,1,1,1,1,0,0,0,0,0,0,0,0,1,0,0,1,0,0.9961833954,1,4,2500,21323.35547
cs18890541,889,3327222,3327,1,3,1,1,0,1,1,0,0,0,0,1,0,0,0,0,0,1.003425598,1,3.799999952,2026.315796,22057.1875
cs18810012,881,3327222,3327,1,3,0,1,0,0,1,0,0,0,0,0,0,1,0,0,0,1,1,4,2000,23323.35547
cs18840187,884,3327222,3327,1,2,1,1,0,1,1,0,0,0,0,1,0,0,0,0,1,1.003425598,1,5,1600,31154.19531
cs18760023,876,3327222,3327,1,3,0,0,1,0,0,0,0,0,0,0,0,1,0,0,0,1,1,2.5,2000,14577.09766
cs18980101,898,3327222,3327,1,1,1,0,1,0,0,0,0,0,0,0,1,0,0,1,0,0.640173912,1,5,2500,26654.19531
cs18940300,894,3327222,3327,1,2,1,0,1,0,0,0,0,0,0,1,0,0,0,0,1,1.27245903,1,7.5,2000,43731.29297
cs18940390,894,3327222,3327,1,2,1,0,1,0,0,0,0,0,0,0,1,0,0,0,1,0.640173912,1,3,2500,15992.5166
cs18930040,893,3327222,3327,1,1,0,1,0,0,0,1,0,0,0,0,0,1,0,1,0,1,1,3.799999952,1447.368408,24257.1875
cs18830448,883,3327222,3327,1,3,1,0,1,0,0,0,0,0,0,0,1,0,0,0,0,0.640173912,1,7,2142.857178,39815.87109
cs18980022,898,3327222,3327,1,1,0,0,1,0,0,0,0,0,0,0,0,1,0,1,0,1,0,0,,0
cs18980058,898,3327222,3327,1,1,0,0,1,0,0,0,0,0,0,0,0,1,0,1,0,1,0,0,,0
cs18980094,898,3327222,3327,1,1,1,0,1,0,0,0,0,0,0,1,0,0,0,1,0,1.27245903,1,5,2400,27154.19531
cs18810204,881,3327222,3327,1,3,1,1,0,0,1,0,0,0,0,1,0,0,0,0,0,1.003425598,1,4,1900,23723.35547
cs18980066,898,3327222,3327,1,1,1,0,1,0,0,0,0,0,0,1,0,0,0,1,0,1.27245903,1,5,2400,27154.19531
cs18760171,876,3327222,3327,1,3,1,0,1,0,0,0,0,0,0,0,1,0,0,0,0,0.640173912,1,2.5,2000,14577.09766
cs18830003,883,3327222,3327,1,3,0,0,1,0,0,0,0,0,0,0,0,1,0,0,0,1,1,3.5,2000,20407.93555
cs18790237,879,3327222,3327,1,2,1,1,0,1,0,1,0,0,0,1,0,0,0,0,1,0.9966933727,1,4,2000,23323.35547
cs18890528,889,3327222,3327,1,3,1,1,0,1,1,0,0,0,0,1,0,0,0,0,0,1.003425598,1,5,1540,31454.19531
cs18900036,890,3327222,3327,1,3,1,1,0,0,0,0,0,0,0,0,0,1,0,0,0,0.9567061067,0,0,,0
cs18800259,880,3327222,3327,1,2,1,0,1,0,0,0,0,0,0,1,0,0,0,0,1,1.27245903,1,3.200000048,2187.5,18058.68555
cs18750239,875,3327222,3327,1,2,1,1,0,0,0,1,0,0,0,0,1,0,0,0,1,1.003737092,1,15,2000,87462.58594
cs18740296,874,3327222,3327,1,1,1,1,0,0,0,0,0,0,0,1,0,0,0,1,0,1.003425598,1,4,2500,21323.35547
cs18870032,887,3327222,3327,1,1,0,1,0,1,1,0,0,0,0,0,0,1,0,1,0,1,0,0,,0
cs18780257,878,3327222,3327,1,3,1,1,0,1,1,0,0,0,0,1,0,0,0,0,0,1.003425598,1,4.800000191,1874.999878,28588.02734
cs18780008,878,3327222,3327,1,3,0,1,0,1,1,0,0,0,0,0,0,1,0,0,0,1,1,3.200000048,2187.5,18058.68555
cs18930070,893,3327222,3327,1,1,1,1,0,0,0,1,0,0,0,0,0,1,0,1,0,1.045999765,1,2.5,2200,14077.09766
cs18800029,880,3327222,3327,1,2,0,0,1,0,0,0,0,0,0,0,0,1,0,0,1,1,1,1.600000024,2187.5,9029.342773
cs18920002,892,3327222,3327,1,2,0,1,0,0,1,1,0,0,0,0,0,1,0,0,1,1,0,0,,0
cs18940451,894,3327222,3327,1,2,1,0,1,0,0,0,0,0,0,0,1,0,0,0,1,0.640173912,1,6,2500,31985.0332
cs18900028,890,3327222,3327,1,3,0,1,0,0,0,0,0,0,0,0,0,1,0,0,0,1,0,0,,0
cs18750067,875,3327222,3327,1,2,1,1,0,0,0,1,0,0,0,0,0,1,0,0,1,1.045999765,1,7,1857.142822,41815.87109
cs18780184,878,3327222,3327,1,3,1,1,0,1,1,0,0,0,0,1,0,0,0,0,0,1.003425598,1,4,2250,22323.35547
cs18800217,880,3327222,3327,1,2,1,0,1,0,0,0,0,0,0,1,0,0,0,0,1,1.27245903,1,3.200000048,2500,17058.68555
cs18740008,874,3327222,3327,1,1,0,1,0,0,0,0,0,0,0,0,0,1,0,1,0,1,1,2,2500,10661.67773
cs18800296,880,3327222,3327,1,2,1,0,1,0,0,0,0,0,0,0,1,0,0,0,1,0.640173912,1,1.600000024,2812.5,8029.342285
cs18930230,893,3327222,3327,1,1,1,1,0,0,0,1,0,0,0,0,1,0,0,1,0,1.003737092,1,2,2750,10161.67773
cs18760147,876,3327222,3327,1,3,1,0,1,0,0,0,0,0,0,0,1,0,0,0,0,0.640173912,1,2.5,2000,14577.09766
cs18900354,890,3327222,3327,1,3,1,1,0,0,0,0,0,0,0,0,1,0,0,0,0,0.9961833954,0,0,,0
cs18810297,881,3327222,3327,1,3,1,1,0,0,1,0,0,0,0,1,0,0,0,0,0,1.003425598,1,5,1520,31554.19531
cs18980051,898,3327222,3327,1,1,0,0,1,0,0,0,0,0,0,0,0,1,0,1,0,1,1,5,2200,28154.19531
cs18750207,875,3327222,3327,1,2,1,1,0,0,0,1,0,0,0,1,0,0,0,0,1,0.9966933727,1,7.5,1666.666626,46231.29297
cs18940454,894,3327222,3327,1,2,1,0,1,0,0,0,0,0,0,1,0,0,0,0,1,1.27245903,1,1.5,2000,8746.257812
cs18940015,894,3327222,3327,1,2,0,0,1,0,0,0,0,0,0,0,0,1,0,0,1,1,0,0,,0
cs18760157,876,3327222,3327,1,3,1,0,1,0,0,0,0,0,0,1,0,0,0,0,0,1.27245903,1,10,2000,58308.39062
cs18870059,887,3327222,3327,1,1,1,1,0,1,1,0,0,0,0,1,0,0,0,1,0,1.003425598,1,2,2000,11661.67773
cs18750280,875,3327222,3327,1,2,1,1,0,0,0,1,0,0,0,1,0,0,0,0,1,0.9966933727,1,7,1785.714233,42315.87109
cs18890017,889,3327222,3327,1,3,1,1,0,1,1,0,0,0,0,0,0,1,0,0,0,1.005813479,1,3.200000048,2406.25,17358.68555
cs18980059,898,3327222,3327,1,1,1,0,1,0,0,0,0,0,0,0,1,0,0,1,0,0.640173912,0,0,,0
cs18780126,878,3327222,3327,1,3,1,1,0,1,1,0,0,0,0,1,0,0,0,0,0,1.003425598,1,3.200000048,2031.25,18558.68555
cs18730095,873,3327222,3327,1,1,1,0,1,0,0,0,0,0,0,1,0,0,0,1,0,1.27245903,0,0,,0
cs18900120,890,3327222,3327,1,3,1,1,0,0,0,0,0,0,0,1,0,0,0,0,0,1.003425598,0,0,,0
cs18810287,881,3327222,3327,1,3,1,1,0,0,1,0,0,0,0,0,1,0,0,0,0,0.9961833954,1,4,2000,23323.35547
cs18830225,883,3327222,3327,1,3,1,0,1,0,0,0,0,0,0,1,0,0,0,0,0,1.27245903,0,0,,0
cs18740114,874,3327222,3327,1,1,1,1,0,0,0,0,0,0,0,0,1,0,0,1,0,0.9961833954,1,4,2500,21323.35547
cs18790046,879,3327222,3327,1,2,0,1,0,1,0,1,0,0,0,0,0,1,0,0,1,1,1,4,2000,23323.35547
cs18790205,879,3327222,3327,1,2,1,1,0,1,0,1,0,0,0,1,0,0,0,0,1,0.9966933727,1,4,2000,23323.35547
cs18870009,887,3327222,3327,1,1,0,1,0,1,1,0,0,0,0,0,0,1,0,1,0,1,1,2,1600,12461.67773
cs18920079,892,3327222,3327,1,2,0,1,0,0,1,1,0,0,0,0,0,1,0,0,1,1,1,6,1750,36485.03125
cs18730013,873,3327222,3327,1,1,0,0,1,0,0,0,0,0,0,0,0,1,0,1,0,1,1,6.5,2230.769287,36400.45312
cs18750324,875,3327222,3327,1,2,1,1,0,0,0,1,0,0,0,0,1,0,0,0,1,1.003737092,1,7.5,1666.666626,46231.29297
cs18740078,874,3327222,3327,1,1,1,1,0,0,0,0,0,0,0,1,0,0,0,1,0,1.003425598,1,2,2500,10661.67773
cs18920110,892,3327222,3327,1,2,1,1,0,0,1,1,0,0,0,1,0,0,0,0,1,0.9966933727,1,10,1800,60308.39062
cs18920281,892,3327222,3327,1,2,1,1,0,0,1,1,0,0,0,0,1,0,0,0,1,1.003737092,1,6,1750,36485.03125
cs18780017,878,3327222,3327,1,3,0,1,0,1,1,0,0,0,0,0,0,1,0,0,0,1,1,3.200000048,2187.5,18058.68555
cs18870025,887,3327222,3327,1,1,0,1,0,1,1,0,0,0,0,0,0,1,0,1,0,1,1,2,2250,11161.67773
cs18940179,894,3327222,3327,1,2,1,0,1,0,0,0,0,0,0,1,0,0,0,0,1,1.27245903,1,4,2000,23323.35547
cs18740122,874,3327222,3327,1,1,1,1,0,0,0,0,0,0,0,1,0,0,0,1,0,1.003425598,1,6,2500,31985.0332
cs18940011,894,3327222,3327,1,2,0,0,1,0,0,0,0,0,0,0,0,1,0,0,1,1,0,0,,0
cs18790048,879,3327222,3327,1,2,0,1,0,1,0,1,0,0,0,0,0,1,0,0,1,1,1,5,1700,30654.19531
cs18830286,883,3327222,3327,1,3,1,0,1,0,0,0,0,0,0,1,0,0,0,0,0,1.27245903,1,3.5,2285.714355,19407.93555
cs18780007,878,3327222,3327,1,3,0,1,0,1,1,0,0,0,0,0,0,1,0,0,0,1,1,3.200000048,2500,17058.68555
cs18730006,873,3327222,3327,1,1,0,0,1,0,0,0,0,0,0,0,0,1,0,1,0,1,1,4,2125,22823.35547
cs18730023,873,3327222,3327,1,1,0,0,1,0,0,0,0,0,0,0,0,1,0,1,0,1,1,4,1875,23823.35547
cs18800026,880,3327222,3327,1,2,0,0,1,0,0,0,0,0,0,0,0,1,0,0,1,1,1,1.600000024,2187.5,9029.342773
cs18890042,889,3327222,3327,1,3,0,1,0,1,1,0,0,0,0,0,0,1,0,0,0,1,1,5,1600,31154.19531
cs18900039,890,3327222,3327,1,3,0,1,0,0,0,0,0,0,0,0,0,1,0,0,0,1,0,0,,0
cs18740028,874,3327222,3327,1,1,1,1,0,0,0,0,0,0,0,0,0,1,0,1,0,1.005813479,1,4,2500,21323.35547
cs18730130,873,3327222,3327,1,1,1,0,1,0,0,0,0,0,0,1,0,0,0,1,0,1.27245903,1,7,2142.857178,39815.87109
cs18930109,893,3327222,3327,1,1,1,1,0,0,0,1,0,0,0,1,0,0,0,1,0,0.9966933727,1,4,1375,25823.35547
cs18790227,879,3327222,3327,1,2,1,1,0,1,0,1,0,0,0,1,0,0,0,0,1,0.9966933727,1,8,2000,46646.71094
cs18930016,893,3327222,3327,1,1,1,1,0,0,0,1,0,0,0,0,0,1,0,1,0,1.045999765,1,4,1350,25923.35547
cs18760016,876,3327222,3327,1,3,0,0,1,0,0,0,0,0,0,0,0,1,0,0,0,1,1,2.5,2000,14577.09766
cs18730148,873,3327222,3327,1,1,1,0,1,0,0,0,0,0,0,0,1,0,0,1,0,0.640173912,1,7,1928.571411,41315.87109
cs18920076,892,3327222,3327,1,2,0,1,0,0,1,1,0,0,0,0,0,1,0,0,1,1,0,0,,0
cs18750124,875,3327222,3327,1,2,1,1,0,0,0,1,0,0,0,1,0,0,0,0,1,0.9966933727,1,7.5,2000,43731.29297
cs18760026,876,3327222,3327,1,3,0,0,1,0,0,0,0,0,0,0,0,1,0,0,0,1,1,2.5,2000,14577.09766
cs18800081,880,3327222,3327,1,2,1,0,1,0,0,0,0,0,0,0,1,0,0,0,1,0.640173912,1,1.600000024,2500,8529.342773
cs18810247,881,3327222,3327,1,3,1,1,0,0,1,0,0,0,0,1,0,0,0,0,0,1.003425598,1,4,2000,23323.35547
cs18750056,875,3327222,3327,1,2,0,1,0,0,0,1,0,0,0,0,0,1,0,0,1,1,1,7.5,2000,43731.29297
cs18930311,893,3327222,3327,1,1,1,1,0,0,0,1,0,0,0,0,1,0,0,1,0,1.003737092,1,3,1833.333374,17992.51562
cs18830381,883,3327222,3327,1,3,1,0,1,0,0,0,0,0,0,1,0,0,0,0,0,1.27245903,1,5.599999905,2678.571533,28852.69727
cs18890013,889,3327222,3327,1,3,0,1,0,1,1,0,0,0,0,0,0,1,0,0,0,1,0,0,,0
cs18840179,884,3327222,3327,1,2,1,1,0,1,1,0,0,0,0,1,0,0,0,0,1,1.003425598,1,5,2000,29154.19531
cs18730136,873,3327222,3327,1,1,1,0,1,0,0,0,0,0,0,0,1,0,0,1,0,0.640173912,1,7.5,1733.333374,45731.29297
cs18980107,898,3327222,3327,1,1,1,0,1,0,0,0,0,0,0,1,0,0,0,1,0,1.27245903,0,0,,0
cs18920359,892,3327222,3327,1,2,1,1,0,0,1,1,0,0,0,0,1,0,0,0,1,1.003737092,1,5,2500,26654.19531
cs18840030,884,3327222,3327,1,2,0,1,0,1,1,0,0,0,0,0,0,1,0,0,1,1,1,1.5,2666.666748,7746.258301
cs18840092,884,3327222,3327,1,2,0,1,0,1,1,0,0,0,0,0,0,1,0,0,1,1,1,1.600000024,3125,7529.342285
cs18870103,887,3327222,3327,1,1,1,1,0,1,1,0,0,0,0,1,0,0,0,1,0,1.003425598,1,2,2250,11161.67773
cs18940013,894,3327222,3327,1,2,0,0,1,0,0,0,0,0,0,0,0,1,0,0,1,1,0,0,,0
cs18810009,881,3327222,3327,1,3,0,1,0,0,1,0,0,0,0,0,0,1,0,0,0,1,1,4,1900,23723.35547
cs18810118,881,3327222,3327,1,3,1,1,0,0,1,0,0,0,0,0,1,0,0,0,0,0.9961833954,1,4,2250,22323.35547
cs18830004,883,3327222,3327,1,3,0,0,1,0,0,0,0,0,0,0,0,1,0,0,0,1,1,3.5,2142.857178,19907.93555
cs19450055,945,3327281,3327,1,1,1,1,0,0,0,1,0,0,0,1,0,0,0,1,0,0.9966933727,1,5,2100,28654.19531
cs19580168,958,3327281,3327,1,2,1,1,0,0,0,1,0,0,0,0,1,0,0,0,1,1.003737092,1,2,2000,11661.67773
cs19730044,973,3327281,3327,1,1,1,1,0,0,1,0,0,0,0,1,0,0,0,1,0,1.003425598,1,12,1666.666626,73970.0625
cs19620311,962,3327281,3327,1,1,1,1,0,1,1,1,0,0,0,1,0,0,0,1,0,0.9966933727,1,2,4500,6661.677734
cs19610240,961,3327281,3327,1,1,1,0,1,0,0,0,0,0,0,0,1,0,0,1,0,0.640173912,1,3.5,2285.714355,19407.93555
cs19480111,948,3327281,3327,1,2,1,1,0,0,1,1,0,0,0,0,1,0,0,0,1,1.003737092,1,3,1833.333374,17992.51562
cs19580147,958,3327281,3327,1,2,1,1,0,0,0,1,0,0,0,1,0,0,0,0,1,0.9966933727,1,2,2000,11661.67773
cs19610024,961,3327281,3327,1,1,0,0,1,0,0,0,0,0,0,0,0,1,0,1,0,1,0,0,,0
cs19620072,962,3327281,3327,1,1,1,1,0,1,1,1,0,0,0,1,0,0,0,1,0,0.9966933727,1,3.200000048,2187.5,18058.68555
cs19690299,969,3327281,3327,1,1,1,0,1,0,0,0,0,0,0,1,0,0,0,1,0,1.27245903,1,6,2000,34985.03125
cs19470735,947,3327281,3327,1,3,1,1,0,1,0,1,0,0,0,1,0,0,0,0,0,0.9966933727,1,6,2000,34985.03125
cs19490069,949,3327281,3327,1,1,0,1,0,1,0,0,0,0,0,0,0,1,0,1,0,1,1,3.5,2000,20407.93555
cs19730020,973,3327281,3327,1,1,0,1,0,0,1,0,0,0,0,0,0,1,0,1,0,1,1,6,2166.666748,33985.03125
cs19590186,959,3327281,3327,1,2,1,0,1,0,0,0,0,0,0,1,0,0,0,0,1,1.27245903,1,7,2285.714355,38815.87109
cs19590202,959,3327281,3327,1,2,1,0,1,0,0,0,0,0,0,1,0,0,0,0,1,1.27245903,1,7,2357.142822,38315.87109
cs19610022,961,3327281,3327,1,1,0,0,1,0,0,0,0,0,0,0,0,1,0,1,0,1,1,4,2250,22323.35547
cs19650027,965,3327281,3327,1,3,1,1,0,0,0,1,0,0,0,0,0,1,0,0,0,0.9944144487,1,10,1850,59808.39062
cs19590032,959,3327281,3327,1,2,1,0,1,0,0,0,0,0,0,0,1,0,0,0,1,0.640173912,1,7.5,2000,43731.29297
cs19610140,961,3327281,3327,1,1,1,0,1,0,0,0,0,0,0,1,0,0,0,1,0,1.27245903,1,4,2000,23323.35547
cs19520022,952,3327281,3327,1,2,0,1,0,1,0,0,0,0,0,0,0,1,0,0,1,1,1,3.5,2142.857178,19907.93555
cs19540058,954,3327281,3327,1,3,0,0,1,0,0,0,0,0,0,0,0,1,0,0,0,1,1,2.400000095,2083.333252,13794.01367
cs19590014,959,3327281,3327,1,2,0,0,1,0,0,0,0,0,0,0,0,1,0,0,1,1,1,5,2200,28154.19531
cs19590222,959,3327281,3327,1,2,1,0,1,0,0,0,0,0,0,0,1,0,0,0,1,0.640173912,1,7.5,2133.333252,42731.29297
cs19570136,957,3327281,3327,1,2,1,0,1,0,0,0,0,0,0,1,0,0,0,0,1,1.27245903,1,5,3000,24154.19531
cs19560021,956,3327281,3327,1,3,0,1,0,0,1,1,0,0,0,0,0,1,0,0,0,1,0,0,,0
cs19730092,973,3327281,3327,1,1,1,1,0,0,1,0,0,0,0,1,0,0,0,1,0,1.003425598,1,6,2500,31985.0332
cs19690128,969,3327281,3327,1,1,1,0,1,0,0,0,0,0,0,0,1,0,0,1,0,0.640173912,1,6,1833.333374,35985.03125
cs19500020,950,3327281,3327,1,3,0,0,1,0,0,0,0,0,0,0,0,1,0,0,0,1,1,2.5,2000,14577.09766
cs19480151,948,3327281,3327,1,2,1,1,0,0,1,1,0,0,0,1,0,0,0,0,1,0.9966933727,1,7.5,2400,40731.29297
cs19600242,960,3327281,3327,1,2,1,1,0,1,0,0,0,0,0,1,0,0,0,0,1,1.003425598,1,8,2125,45646.71094
cs19570188,957,3327281,3327,1,2,1,0,1,0,0,0,0,0,0,0,1,0,0,0,1,0.640173912,1,8,2000,46646.71094
cs19690396,969,3327281,3327,1,1,1,0,1,0,0,0,0,0,0,1,0,0,0,1,0,1.27245903,1,6,1833.333374,35985.03125
cs19480275,948,3327281,3327,1,2,1,1,0,0,1,1,0,0,0,0,1,0,0,0,1,1.003737092,1,6,1833.333374,35985.03125
cs19560071,956,3327281,3327,1,3,0,1,0,0,1,1,0,0,0,0,0,1,0,0,0,1,0,0,,0
cs19540339,954,3327281,3327,1,3,1,0,1,0,0,0,0,0,0,1,0,0,0,0,0,1.27245903,1,3,2000,17492.51562
cs19490622,949,3327281,3327,1,1,1,1,0,1,0,0,0,0,0,1,0,0,0,1,0,1.003425598,1,3,2000,17492.51562
cs19540224,954,3327281,3327,1,3,1,0,1,0,0,0,0,0,0,0,1,0,0,0,0,0.640173912,1,5,2000,29154.19531
cs19610026,961,3327281,3327,1,1,0,0,1,0,0,0,0,0,0,0,0,1,0,1,0,1,1,4,2500,21323.35547
cs19730356,973,3327281,3327,1,1,1,1,0,0,1,0,0,0,0,0,1,0,0,1,0,0.9961833954,1,6,1433.333374,38385.03125
cs19520522,952,3327281,3327,1,2,1,1,0,1,0,0,0,0,0,1,0,0,0,0,1,1.003425598,1,7,2000,40815.87109
cs19540413,954,3327281,3327,1,3,1,0,1,0,0,0,0,0,0,0,1,0,0,0,0,0.640173912,1,12,2041.666626,69470.0625
cs19520389,952,3327281,3327,1,2,1,1,0,1,0,0,0,0,0,1,0,0,0,0,1,1.003425598,1,3.5,2285.714355,19407.93555
cs19570140,957,3327281,3327,1,2,1,0,1,0,0,0,0,0,0,1,0,0,0,0,1,1.27245903,1,5,2200,28154.19531
cs19650199,965,3327281,3327,1,3,1,1,0,0,0,1,0,0,0,1,0,0,0,0,0,0.9966933727,1,10,2000,58308.39062
cs19450060,945,3327281,3327,1,1,1,1,0,0,0,1,0,0,0,1,0,0,0,1,0,0.9966933727,1,5,2000,29154.19531
cs19500437,950,3327281,3327,1,3,1,0,1,0,0,0,0,0,0,1,0,0,0,0,0,1.27245903,1,2.5,2000,14577.09766
cs19650189,965,3327281,3327,1,3,1,1,0,0,0,1,0,0,0,0,1,0,0,0,0,1.003737092,0,0,,0
cs19620220,962,3327281,3327,1,1,1,1,0,1,1,1,0,0,0,1,0,0,0,1,0,0.9966933727,1,5.599999905,2500,29852.69727
cs19710215,971,3327281,3327,1,3,1,1,0,1,0,1,0,0,0,1,0,0,0,0,0,0.9966933727,1,7.5,2000,43731.29297
cs19450213,945,3327281,3327,1,1,1,1,0,0,0,1,0,0,0,0,1,0,0,1,0,1.003737092,1,5,2100,28654.19531
cs19580116,958,3327281,3327,1,2,1,1,0,0,0,1,0,0,0,1,0,0,0,0,1,0.9966933727,1,4,2000,23323.35547
cs19490479,949,3327281,3327,1,1,1,1,0,1,0,0,0,0,0,1,0,0,0,1,0,1.003425598,1,7,2000,40815.87109
cs19490357,949,3327281,3327,1,1,1,1,0,1,0,0,0,0,0,1,0,0,0,1,0,1.003425598,1,10,2250,55808.39062
cs19650275,965,3327281,3327,1,3,1,1,0,0,0,1,0,0,0,1,0,0,0,0,0,0.9966933727,1,12,2000,69970.0625
cs19730022,973,3327281,3327,1,1,0,1,0,0,1,0,0,0,0,0,0,1,0,1,0,1,1,5,1600,31154.19531
cs19560115,956,3327281,3327,1,3,1,1,0,0,1,1,0,0,0,1,0,0,0,0,0,0.9966933727,1,5,1800,30154.19531
cs19600171,960,3327281,3327,1,2,1,1,0,1,0,0,0,0,0,1,0,0,0,0,1,1.003425598,1,8,1750,48646.71094
cs19650008,965,3327281,3327,1,3,0,1,0,0,0,1,0,0,0,0,0,1,0,0,0,1,1,9,2000,52477.55078
cs19500311,950,3327281,3327,1,3,1,0,1,0,0,0,0,0,0,0,1,0,0,0,0,0.640173912,1,2.5,2000,14577.09766
cs19470022,947,3327281,3327,1,3,1,1,0,1,0,1,0,0,0,0,0,1,0,0,0,0.9944144487,1,5,2000,29154.19531
cs19470310,947,3327281,3327,1,3,1,1,0,1,0,1,0,0,0,1,0,0,0,0,0,0.9966933727,1,5,2000,29154.19531
cs19480003,948,3327281,3327,1,2,1,1,0,0,1,1,0,0,0,0,0,1,0,0,1,1.045999765,0,0,,0
cs19560120,956,3327281,3327,1,3,1,1,0,0,1,1,0,0,0,1,0,0,0,0,0,0.9966933727,1,5,2000,29154.19531
cs19730011,973,3327281,3327,1,1,0,1,0,0,1,0,0,0,0,0,0,1,0,1,0,1,1,6,2433.333252,32385.0332
cs19610297,961,3327281,3327,1,1,1,0,1,0,0,0,0,0,0,1,0,0,0,1,0,1.27245903,1,3,2666.666748,15492.5166
cs19470086,947,3327281,3327,1,3,0,1,0,1,0,1,0,0,0,0,0,1,0,0,0,1,1,5,2000,29154.19531
cs19620011,962,3327281,3327,1,1,0,1,0,1,1,1,0,0,0,0,0,1,0,1,0,1,1,3.200000048,2187.5,18058.68555
cs19690035,969,3327281,3327,1,1,0,0,1,0,0,0,0,0,0,0,0,1,0,1,0,1,1,8,1875,47646.71094
cs19620001,962,3327281,3327,1,1,0,1,0,1,1,1,0,0,0,0,0,1,0,1,0,1,1,3.200000048,2187.5,18058.68555
cs19450009,945,3327281,3327,1,1,1,1,0,0,0,1,0,0,0,0,0,1,0,1,0,1.045999765,1,5,2100,28654.19531
cs19490009,949,3327281,3327,1,1,0,1,0,1,0,0,0,0,0,0,0,1,0,1,0,1,0,0,,0
cs19600046,960,3327281,3327,1,2,0,1,0,1,0,0,0,0,0,0,0,1,0,0,1,1,1,8,2125,45646.71094
cs19450398,945,3327281,3327,1,1,1,1,0,0,0,1,0,0,0,1,0,0,0,1,0,0.9966933727,1,5,2100,28654.19531
cs19500090,950,3327281,3327,1,3,1,0,1,0,0,0,0,0,0,0,1,0,0,0,0,0.640173912,1,2.5,2000,14577.09766
cs19500039,950,3327281,3327,1,3,0,0,1,0,0,0,0,0,0,0,0,1,0,0,0,1,1,5,2000,29154.19531
cs19520153,952,3327281,3327,1,2,1,1,0,1,0,0,0,0,0,1,0,0,0,0,1,1.003425598,1,3.200000048,2500,17058.68555
cs19450384,945,3327281,3327,1,1,1,1,0,0,0,1,0,0,0,0,1,0,0,1,0,1.003737092,1,5,2100,28654.19531
cs19710163,971,3327281,3327,1,3,1,1,0,1,0,1,0,0,0,1,0,0,0,0,0,0.9966933727,1,7,2071.428467,40315.87109
cs19580002,958,3327281,3327,1,2,0,1,0,0,0,1,0,0,0,0,0,1,0,0,1,1,1,2,2000,11661.67773
cs19480017,948,3327281,3327,1,2,0,1,0,0,1,1,0,0,0,0,0,1,0,0,1,1,0,0,,0
cs19570176,957,3327281,3327,1,2,1,0,1,0,0,0,0,0,0,0,1,0,0,0,1,0.640173912,1,13,2230.769287,72800.90625
cs19540153,954,3327281,3327,1,3,1,0,1,0,0,0,0,0,0,1,0,0,0,0,0,1.27245903,1,3,4000,11492.5166
cs19580028,958,3327281,3327,1,2,0,1,0,0,0,1,0,0,0,0,0,1,0,0,1,1,1,2,2000,11661.67773
cs19570096,957,3327281,3327,1,2,1,0,1,0,0,0,0,0,0,1,0,0,0,0,1,1.27245903,1,8,2000,46646.71094
cs19540377,954,3327281,3327,1,3,1,0,1,0,0,0,0,0,0,1,0,0,0,0,0,1.27245903,1,3,2000,17492.51562
cs19650293,965,3327281,3327,1,3,1,1,0,0,0,1,0,0,0,0,1,0,0,0,0,1.003737092,1,8,2375,43646.71094
cs19590005,959,3327281,3327,1,2,0,0,1,0,0,0,0,0,0,0,0,1,0,0,1,1,1,5,2200,28154.19531
cs19480005,948,3327281,3327,1,2,0,1,0,0,1,1,0,0,0,0,0,1,0,0,1,1,1,3.5,1600,21807.93555
cs19590007,959,3327281,3327,1,2,1,0,1,0,0,0,0,0,0,0,0,1,0,0,1,1.051559091,1,15,2133.333252,85462.58594
cs19470440,947,3327281,3327,1,3,1,1,0,1,0,1,0,0,0,1,0,0,0,0,0,0.9966933727,1,15,2000,87462.58594
cs19610157,961,3327281,3327,1,1,1,0,1,0,0,0,0,0,0,0,1,0,0,1,0,0.640173912,1,4,2125,22823.35547
cs19620019,962,3327281,3327,1,1,0,1,0,1,1,1,0,0,0,0,0,1,0,1,0,1,0,0,,0
cs19590185,959,3327281,3327,1,2,1,0,1,0,0,0,0,0,0,1,0,0,0,0,1,1.27245903,1,7.5,2133.333252,42731.29297
cs19560050,956,3327281,3327,1,3,0,1,0,0,1,1,0,0,0,0,0,1,0,0,0,1,1,5,1800,30154.19531
cs19520005,952,3327281,3327,1,2,0,1,0,1,0,0,0,0,0,0,0,1,0,0,1,1,1,3.5,2142.857178,19907.93555
cs19520013,952,3327281,3327,1,2,0,1,0,1,0,0,0,0,0,0,0,1,0,0,1,1,1,10,1900,59308.39062
cs19580021,958,3327281,3327,1,2,0,1,0,0,0,1,0,0,0,0,0,1,0,0,1,1,1,4,2000,23323.35547
cs19650013,965,3327281,3327,1,3,1,1,0,0,0,1,0,0,0,0,0,1,0,0,0,1.045999765,1,5,1000,34154.19531
cs19570024,957,3327281,3327,1,2,0,0,1,0,0,0,0,0,0,0,0,1,0,0,1,1,1,5,1600,31154.19531
cs19600206,960,3327281,3327,1,2,1,1,0,1,0,0,0,0,0,1,0,0,0,0,1,1.003425598,1,3.5,2000,20407.93555
cs19500407,950,3327281,3327,1,3,1,0,1,0,0,0,0,0,0,1,0,0,0,0,0,1.27245903,1,2.5,2000,14577.09766
cs19600007,960,3327281,3327,1,2,0,1,0,1,0,0,0,0,0,0,0,1,0,0,1,1,1,4,2125,22823.35547
cs19480239,948,3327281,3327,1,2,1,1,0,0,1,1,0,0,0,1,0,0,0,0,1,0.9966933727,1,3,1833.333374,17992.51562
cs19560106,956,3327281,3327,1,3,1,1,0,0,1,1,0,0,0,1,0,0,0,0,0,0.9966933727,1,4.5,2000,26238.77539
cs19560186,956,3327281,3327,1,3,1,1,0,0,1,1,0,0,0,0,1,0,0,0,0,1.003737092,1,5,2000,29154.19531
cs19540025,954,3327281,3327,1,3,0,0,1,0,0,0,0,0,0,0,0,1,0,0,0,1,1,3,2000,17492.51562
cs19650112,965,3327281,3327,1,3,1,1,0,0,0,1,0,0,0,1,0,0,0,0,0,0.9966933727,1,4,2125,22823.35547
cs19580056,958,3327281,3327,1,2,1,1,0,0,0,1,0,0,0,0,1,0,0,0,1,1.003737092,1,3,2000,17492.51562
cs19730179,973,3327281,3327,1,1,1,1,0,0,1,0,0,0,0,0,1,0,0,1,0,0.9961833954,0,0,,0
cs19690049,969,3327281,3327,1,1,0,0,1,0,0,0,0,0,0,0,0,1,0,1,0,1,1,7,1785.714233,42315.87109
cs19500036,950,3327281,3327,1,3,0,0,1,0,0,0,0,0,0,0,0,1,0,0,0,1,1,2.5,2000,14577.09766
cs19690056,969,3327281,3327,1,1,0,0,1,0,0,0,0,0,0,0,0,1,0,1,0,1,1,6,1833.333374,35985.03125
cs19690422,969,3327281,3327,1,1,1,0,1,0,0,0,0,0,0,0,1,0,0,1,0,0.640173912,1,6,1833.333374,35985.03125
cs19710027,971,3327281,3327,1,3,0,1,0,1,0,1,0,0,0,0,0,1,0,0,0,1,1,10,2000,58308.39062
cs19570012,957,3327281,3327,1,2,1,0,1,0,0,0,0,0,0,0,0,1,0,0,1,0.661996901,1,10,2000,58308.39062
cs19690357,969,3327281,3327,1,1,1,0,1,0,0,0,0,0,0,1,0,0,0,1,0,1.27245903,1,6,1833.333374,35985.03125
cs19570058,957,3327281,3327,1,2,0,0,1,0,0,0,0,0,0,0,0,1,0,0,1,1,1,5,2000,29154.19531
cs19710036,971,3327281,3327,1,3,0,1,0,1,0,1,0,0,0,0,0,1,0,0,0,1,1,2.5,2000,14577.09766
cs19710064,971,3327281,3327,1,3,0,1,0,1,0,1,0,0,0,0,0,1,0,0,0,1,1,10,2000,58308.39062
cs19450026,945,3327281,3327,1,1,0,1,0,0,0,1,0,0,0,0,0,1,0,1,0,1,1,5,2100,28654.19531
cs19500295,950,3327281,3327,1,3,1,0,1,0,0,0,0,0,0,1,0,0,0,0,0,1.27245903,1,4.5,2222.222168,25238.77539
cs19710403,971,3327281,3327,1,3,1,1,0,1,0,1,0,0,0,1,0,0,0,0,0,0.9966933727,0,0,,0
cs19610084,961,3327281,3327,1,1,1,0,1,0,0,0,0,0,0,1,0,0,0,1,0,1.27245903,0,0,,0
cs19540043,954,3327281,3327,1,3,0,0,1,0,0,0,0,0,0,0,0,1,0,0,0,1,1,2.700000048,2222.222168,15143.26562
cs19560179,956,3327281,3327,1,3,1,1,0,0,1,1,0,0,0,0,1,0,0,0,0,1.003737092,1,5,2000,29154.19531
cs19580125,958,3327281,3327,1,2,1,1,0,0,0,1,0,0,0,1,0,0,0,0,1,0.9966933727,1,3,2000,17492.51562
cs19730056,973,3327281,3327,1,1,1,1,0,0,1,0,0,0,0,1,0,0,0,1,0,1.003425598,1,6,2166.666748,33985.03125
cs19480240,948,3327281,3327,1,2,1,1,0,0,1,1,0,0,0,1,0,0,0,0,1,0.9966933727,1,6,2750,30485.0332
cs19450021,945,3327281,3327,1,1,0,1,0,0,0,1,0,0,0,0,0,1,0,1,0,1,1,5,2000,29154.19531
cs18551216,855,3327535,3327,1,2,1,1,0,0,1,1,0,0,0,0,1,0,0,0,1,1.003737092,1,7,1857.142822,41815.87109
cs18710022,871,3327535,3327,1,1,1,0,1,0,0,0,0,0,0,0,0,1,0,1,0,1.051559091,1,5,2240,27954.19531
cs18580012,858,3327535,3327,1,2,1,1,0,0,1,1,0,0,0,0,0,1,0,0,1,0.9944144487,0,0,,0
cs18530092,853,3327535,3327,1,1,1,1,0,0,1,1,0,0,0,0,1,0,0,1,0,1.003737092,1,9,1777.777832,54477.55078
cs18570343,857,3327535,3327,1,3,1,0,1,0,0,0,0,0,0,1,0,0,0,0,0,1.27245903,0,0,,0
cs18590027,859,3327535,3327,1,3,1,1,0,0,1,0,0,0,0,0,0,1,0,0,0,1.005813479,0,0,,0
cs18530693,853,3327535,3327,1,1,1,1,0,0,1,1,0,0,0,1,0,0,0,1,0,0.9966933727,1,18,1777.777832,108955.1016
cs18580274,858,3327535,3327,1,2,1,1,0,0,1,1,0,0,0,1,0,0,0,0,1,0.9966933727,0,0,,0
cs18700012,870,3327535,3327,1,2,0,0,1,0,0,0,0,0,0,0,0,1,0,0,1,1,0,0,,0
cs18550022,855,3327535,3327,1,2,1,1,0,0,1,1,0,0,0,0,0,1,0,0,1,1.045999765,1,7,2071.428467,40315.87109
cs18580009,858,3327535,3327,1,2,1,1,0,0,1,1,0,0,0,0,0,1,0,0,1,1.045999765,0,0,,0
cs18710028,871,3327535,3327,1,1,0,0,1,0,0,0,0,0,0,0,0,1,0,1,0,1,1,5,2500,26654.19531
cs18490008,849,3327535,3327,1,3,1,1,0,1,0,0,0,0,0,0,0,1,0,0,0,1.005813479,1,5,1960,29354.19531
cs18550704,855,3327535,3327,1,2,1,1,0,0,1,1,0,0,0,1,0,0,0,0,1,0.9966933727,0,0,,0
cs18530024,853,3327535,3327,1,1,0,1,0,0,1,1,0,0,0,0,0,1,0,1,0,1,1,8,2000,46646.71094
cs18520004,852,3327535,3327,1,2,1,1,0,1,1,0,0,0,0,0,0,1,0,0,1,1.005813479,1,5,2100,28654.19531
cs18580003,858,3327535,3327,1,2,1,1,0,0,1,1,0,0,0,0,0,1,0,0,1,0.9944144487,0,0,,0
cs18570061,857,3327535,3327,1,3,1,0,1,0,0,0,0,0,0,0,0,1,0,0,0,1.051559091,0,0,,0
cs18550385,855,3327535,3327,1,2,1,1,0,0,1,1,0,0,0,1,0,0,0,0,1,0.9966933727,0,0,,0
cs18580238,858,3327535,3327,1,2,1,1,0,0,1,1,0,0,0,1,0,0,0,0,1,0.9966933727,0,0,,0
cs18490092,849,3327535,3327,1,3,1,1,0,1,0,0,0,0,0,1,0,0,0,0,0,1.003425598,1,4.5,2000,26238.77539
cs18531487,853,3327535,3327,1,1,1,1,0,0,1,1,0,0,0,1,0,0,0,1,0,0.9966933727,1,8.5,1882.352905,50562.12891
cs18510007,851,3327535,3327,1,1,1,1,0,1,1,0,0,0,0,0,0,1,0,1,0,1.005813479,1,18,2111.111084,102955.1016
cs18700304,870,3327535,3327,1,2,1,0,1,0,0,0,0,0,0,1,0,0,0,0,1,1.27245903,0,0,,0
cs18550049,855,3327535,3327,1,2,1,1,0,0,1,1,0,0,0,0,0,1,0,0,1,0.9944144487,1,5,2900,24654.19531
cs18550439,855,3327535,3327,1,2,1,1,0,0,1,1,0,0,0,0,1,0,0,0,1,1.003737092,0,0,,0
cs18570026,857,3327535,3327,1,3,1,0,1,0,0,0,0,0,0,0,0,1,0,0,0,0.661996901,0,0,,0
cs18580594,858,3327535,3327,1,2,1,1,0,0,1,1,0,0,0,0,1,0,0,0,1,1.003737092,0,0,,0
cs18570751,857,3327535,3327,1,3,1,0,1,0,0,0,0,0,0,1,0,0,0,0,0,1.27245903,1,7,2071.428467,40315.87109
cs18710560,871,3327535,3327,1,1,1,0,1,0,0,0,0,0,0,1,0,0,0,1,0,1.27245903,1,5,1900,29654.19531
cs18590734,859,3327535,3327,1,3,1,1,0,0,1,0,0,0,0,0,1,0,0,0,0,0.9961833954,1,14.19999981,2007.042236,82697.91406
cs18700018,870,3327535,3327,1,2,1,0,1,0,0,0,0,0,0,0,0,1,0,0,1,0.661996901,0,0,,0
cs18530043,853,3327535,3327,1,1,0,1,0,0,1,1,0,0,0,0,0,1,0,1,0,1,1,9,1777.777832,54477.55078
cs18530431,853,3327535,3327,1,1,1,1,0,0,1,1,0,0,0,1,0,0,0,1,0,0.9966933727,1,18,1777.777832,108955.1016
cs18710018,871,3327535,3327,1,1,0,0,1,0,0,0,0,0,0,0,0,1,0,1,0,1,0,0,,0
cs18490254,849,3327535,3327,1,3,1,1,0,1,0,0,0,0,0,1,0,0,0,0,0,1.003425598,1,7.5,1800,45231.29297
cs18700973,870,3327535,3327,1,2,1,0,1,0,0,0,0,0,0,0,1,0,0,0,1,0.640173912,1,3,3333.333252,13492.5166
cs18520312,852,3327535,3327,1,2,1,1,0,1,1,0,0,0,0,1,0,0,0,0,1,1.003425598,1,5,2100,28654.19531
cs18510013,851,3327535,3327,1,1,0,1,0,1,1,0,0,0,0,0,0,1,0,1,0,1,1,18,2111.111084,102955.1016
cs18710263,871,3327535,3327,1,1,1,0,1,0,0,0,0,0,0,0,1,0,0,1,0,0.640173912,1,3.5,1857.142822,20907.93555
cs18510170,851,3327535,3327,1,1,1,1,0,1,1,0,0,0,0,1,0,0,0,1,0,1.003425598,1,9,2000,52477.55078
cs18570069,857,3327535,3327,1,3,0,0,1,0,0,0,0,0,0,0,0,1,0,0,0,1,0,0,,0
cs18570216,857,3327535,3327,1,3,1,0,1,0,0,0,0,0,0,0,1,0,0,0,0,0.640173912,0,0,,0
cs18550035,855,3327535,3327,1,2,1,1,0,0,1,1,0,0,0,0,0,1,0,0,1,0.9944144487,1,7,2071.428467,40315.87109
cs18510627,851,3327535,3327,1,1,1,1,0,1,1,0,0,0,0,1,0,0,0,1,0,1.003425598,1,8.399999619,2380.952393,45779.04297
cs18590149,859,3327535,3327,1,3,1,1,0,0,1,0,0,0,0,1,0,0,0,0,0,1.003425598,0,0,,0
cs18700959,870,3327535,3327,1,2,1,0,1,0,0,0,0,0,0,1,0,0,0,0,1,1.27245903,1,5,2000,29154.19531
cs18570130,857,3327535,3327,1,3,1,0,1,0,0,0,0,0,0,1,0,0,0,0,0,1.27245903,0,0,,0
cs18550915,855,3327535,3327,1,2,1,1,0,0,1,1,0,0,0,1,0,0,0,0,1,0.9966933727,1,7,2071.428467,40315.87109
cs18591523,859,3327535,3327,1,3,1,1,0,0,1,0,0,0,0,1,0,0,0,0,0,1.003425598,0,0,,0
cs18520225,852,3327535,3327,1,2,1,1,0,1,1,0,0,0,0,1,0,0,0,0,1,1.003425598,1,5,2100,28654.19531
cs18530042,853,3327535,3327,1,1,0,1,0,0,1,1,0,0,0,0,0,1,0,1,0,1,1,9,1777.777832,54477.55078
cs18580261,858,3327535,3327,1,2,1,1,0,0,1,1,0,0,0,0,1,0,0,0,1,1.003737092,0,0,,0
cs18590015,859,3327535,3327,1,3,1,1,0,0,1,0,0,0,0,0,0,1,0,0,0,0.9567061067,0,0,,0
cs18520152,852,3327535,3327,1,2,1,1,0,1,1,0,0,0,0,1,0,0,0,0,1,1.003425598,1,5,2100,28654.19531
cs18490010,849,3327535,3327,1,3,0,1,0,1,0,0,0,0,0,0,0,1,0,0,0,1,1,5,1900,29654.19531
cs18711209,871,3327535,3327,1,1,1,0,1,0,0,0,0,0,0,1,0,0,0,1,0,1.27245903,1,6,2216.666748,33685.03125
cs18590781,859,3327535,3327,1,3,1,1,0,0,1,0,0,0,0,0,1,0,0,0,0,0.9961833954,0,0,,0
cs18531468,853,3327535,3327,1,1,1,1,0,0,1,1,0,0,0,0,1,0,0,1,0,1.003737092,1,17,1882.352905,101124.2578
cs18720233,872,3327535,3327,1,1,1,1,0,1,1,1,0,0,0,1,0,0,0,1,0,0.9966933727,1,5,2000,29154.19531
cs18700948,870,3327535,3327,1,2,1,0,1,0,0,0,0,0,0,1,0,0,0,0,1,1.27245903,0,0,,0
cs18580251,858,3327535,3327,1,2,1,1,0,0,1,1,0,0,0,1,0,0,0,0,1,0.9966933727,0,0,,0
cs18570986,857,3327535,3327,1,3,1,0,1,0,0,0,0,0,0,0,1,0,0,0,0,0.640173912,0,0,,0
cs18710273,871,3327535,3327,1,1,1,0,1,0,0,0,0,0,0,1,0,0,0,1,0,1.27245903,1,5,2100,28654.19531
cs18720247,872,3327535,3327,1,1,1,1,0,1,1,1,0,0,0,1,0,0,0,1,0,0.9966933727,1,5,2000,29154.19531
cs18591528,859,3327535,3327,1,3,1,1,0,0,1,0,0,0,0,1,0,0,0,0,0,1.003425598,0,0,,0
cs18590007,859,3327535,3327,1,3,0,1,0,0,1,0,0,0,0,0,0,1,0,0,0,1,0,0,,0
cs18700047,870,3327535,3327,1,2,0,0,1,0,0,0,0,0,0,0,0,1,0,0,1,1,1,5,2000,29154.19531
cs18491446,849,3327535,3327,1,3,1,1,0,1,0,0,0,0,0,1,0,0,0,0,0,1.003425598,1,4.5,2000,26238.77539
cs18710109,871,3327535,3327,1,1,1,0,1,0,0,0,0,0,0,0,1,0,0,1,0,0.640173912,1,7,1714.285767,42815.87109
cs18720170,872,3327535,3327,1,1,1,1,0,1,1,1,0,0,0,1,0,0,0,1,0,0.9966933727,1,5,2000,29154.19531
cs18700376,870,3327535,3327,1,2,1,0,1,0,0,0,0,0,0,0,1,0,0,0,1,0.640173912,1,5,2000,29154.19531
cs18520024,852,3327535,3327,1,2,1,1,0,1,1,0,0,0,0,0,0,1,0,0,1,1.005813479,1,5,2100,28654.19531
cs18510880,851,3327535,3327,1,1,1,1,0,1,1,0,0,0,0,1,0,0,0,1,0,1.003425598,1,27,2000,157432.6562
cs18490015,849,3327535,3327,1,3,1,1,0,1,0,0,0,0,0,0,0,1,0,0,0,1.005813479,1,5,1940,29454.19531
cs19240331,924,3327556,3327,1,3,1,1,0,0,1,1,0,0,0,1,0,0,0,0,0,0.9966933727,1,3,2333.333252,16492.51562
cs19340029,934,3327556,3327,1,2,0,1,0,0,0,0,0,0,0,0,0,1,0,0,1,1,1,6,1600,37385.03125
cs19350361,935,3327556,3327,1,3,1,0,1,0,0,0,0,0,0,1,0,0,0,0,0,1.27245903,1,5,1800,30154.19531
cs19300162,930,3327556,3327,1,3,1,1,0,0,0,1,0,0,0,1,0,0,0,0,0,0.9966933727,1,2,2000,11661.67773
cs19220010,922,3327556,3327,1,2,0,1,0,1,0,1,0,0,0,0,0,1,0,0,1,1,1,5,2200,28154.19531
cs19340196,934,3327556,3327,1,2,1,1,0,0,0,0,0,0,0,1,0,0,0,0,1,1.003425598,1,3,4000,11492.5166
cs19220064,922,3327556,3327,1,2,0,1,0,1,0,1,0,0,0,0,0,1,0,0,1,1,1,10,1800,60308.39062
cs19420371,942,3327556,3327,1,3,1,0,1,0,0,0,0,0,0,0,1,0,0,0,0,0.640173912,1,5,1900,29654.19531
cs19310061,931,3327556,3327,1,2,1,1,0,1,1,1,0,0,0,1,0,0,0,0,1,0.9966933727,1,6,2166.666748,33985.03125
cs19440034,944,3327556,3327,1,1,0,0,1,0,0,0,0,0,0,0,0,1,0,1,0,1,1,10,2000,58308.39062
cs19250227,925,3327556,3327,1,3,1,1,0,1,1,1,0,0,0,1,0,0,0,0,0,0.9966933727,1,3,2333.333252,16492.51562
cs19440109,944,3327556,3327,1,1,1,0,1,0,0,0,0,0,0,1,0,0,0,1,0,1.27245903,1,6,2000,34985.03125
cs19350144,935,3327556,3327,1,3,1,0,1,0,0,0,0,0,0,1,0,0,0,0,0,1.27245903,0,0,,0
cs19300051,930,3327556,3327,1,3,1,1,0,0,0,1,0,0,0,0,1,0,0,0,0,1.003737092,1,2.5,2000,14577.09766
cs19390078,939,3327556,3327,1,1,1,1,0,1,1,0,0,0,0,1,0,0,0,1,0,1.003425598,1,3.5,2000,20407.93555
cs19270044,927,3327556,3327,1,2,0,0,1,0,0,0,0,0,0,0,0,1,0,0,1,1,1,2.5,2200,14077.09766
cs19230052,923,3327556,3327,1,1,0,1,0,0,0,0,0,0,0,0,0,1,0,1,0,1,1,2,2500,10661.67773
cs19230016,923,3327556,3327,1,1,0,1,0,0,0,0,0,0,0,0,0,1,0,1,0,1,1,2,2500,10661.67773
cs19320002,932,3327556,3327,1,1,1,1,0,0,1,1,0,0,0,0,0,1,0,1,0,1.045999765,1,7.5,1666.666626,46231.29297
cs19330086,933,3327556,3327,1,3,1,1,0,1,1,0,0,0,0,1,0,0,0,0,0,1.003425598,1,6,2000,34985.03125
cs19240239,924,3327556,3327,1,3,1,1,0,0,1,1,0,0,0,1,0,0,0,0,0,0.9966933727,1,4,1875,23823.35547
cs19330234,933,3327556,3327,1,3,1,1,0,1,1,0,0,0,0,1,0,0,0,0,0,1.003425598,1,3,2000,17492.51562
cs19430413,943,3327556,3327,1,2,1,0,1,0,0,0,0,0,0,1,0,0,0,0,1,1.27245903,1,15,1666.666626,92462.58594
cs19350017,935,3327556,3327,1,3,1,0,1,0,0,0,0,0,0,0,0,1,0,0,0,0.661996901,0,0,,0
cs19310150,931,3327556,3327,1,2,1,1,0,1,1,1,0,0,0,1,0,0,0,0,1,0.9966933727,1,6,2166.666748,33985.03125
cs19270135,927,3327556,3327,1,2,1,0,1,0,0,0,0,0,0,0,1,0,0,0,1,0.640173912,1,2.5,2200,14077.09766
cs19230419,923,3327556,3327,1,1,1,1,0,0,0,0,0,0,0,0,1,0,0,1,0,0.9961833954,1,2,2500,10661.67773
cs19430197,943,3327556,3327,1,2,1,0,1,0,0,0,0,0,0,0,1,0,0,0,1,0.640173912,1,7.5,1866.666626,44731.29297
cs19230337,923,3327556,3327,1,1,1,1,0,0,0,0,0,0,0,1,0,0,0,1,0,1.003425598,0,0,,0
cs19430002,943,3327556,3327,1,2,0,0,1,0,0,0,0,0,0,0,0,1,0,0,1,1,1,5,1700,30654.19531
cs19430012,943,3327556,3327,1,2,0,0,1,0,0,0,0,0,0,0,0,1,0,0,1,1,1,6,1666.666626,36985.03125
cs19320087,932,3327556,3327,1,1,1,1,0,0,1,1,0,0,0,0,1,0,0,1,0,1.003737092,1,5,1700,30654.19531
cs19270317,927,3327556,3327,1,2,1,0,1,0,0,0,0,0,0,1,0,0,0,0,1,1.27245903,1,2,2750,10161.67773
cs19320046,932,3327556,3327,1,1,1,1,0,0,1,1,0,0,0,1,0,0,0,1,0,0.9966933727,1,10,1850,59808.39062
cs19310011,931,3327556,3327,1,2,0,1,0,1,1,1,0,0,0,0,0,1,0,0,1,1,1,5.5,2090.90918,31569.61328
cs19350026,935,3327556,3327,1,3,0,0,1,0,0,0,0,0,0,0,0,1,0,0,0,1,0,0,,0
cs19430130,943,3327556,3327,1,2,1,0,1,0,0,0,0,0,0,1,0,0,0,0,1,1.27245903,1,5,1800,30154.19531
cs19340013,934,3327556,3327,1,2,0,1,0,0,0,0,0,0,0,0,0,1,0,0,1,1,0,0,,0
cs19320019,932,3327556,3327,1,1,0,1,0,0,1,1,0,0,0,0,0,1,0,1,0,1,1,5,1800,30154.19531
cs19270026,927,3327556,3327,1,2,0,0,1,0,0,0,0,0,0,0,0,1,0,0,1,1,0,0,,0
cs19390227,939,3327556,3327,1,1,1,1,0,1,1,0,0,0,0,1,0,0,0,1,0,1.003425598,1,4,1875,23823.35547
cs19420132,942,3327556,3327,1,3,0,0,1,0,0,0,0,0,0,0,0,1,0,0,0,1,1,2.5,2000,14577.09766
cs19230402,923,3327556,3327,1,1,1,1,0,0,0,0,0,0,0,1,0,0,0,1,0,1.003425598,1,2.5,4000,9577.097656
cs19410003,941,3327556,3327,1,1,0,1,0,1,0,1,0,0,0,0,0,1,0,1,0,1,0,0,,0
cs19420049,942,3327556,3327,1,3,1,0,1,0,0,0,0,0,0,0,0,1,0,0,0,0.661996901,1,6.5,2153.846191,36900.45312
cs19420005,942,3327556,3327,1,3,0,0,1,0,0,0,0,0,0,0,0,1,0,0,0,1,1,5,2000,29154.19531
cs19250058,925,3327556,3327,1,3,0,1,0,1,1,1,0,0,0,0,0,1,0,0,0,1,1,6,2333.333252,32985.03125
cs19440299,944,3327556,3327,1,1,1,0,1,0,0,0,0,0,0,0,1,0,0,1,0,0.640173912,1,6,2000,34985.03125
cs19330022,933,3327556,3327,1,3,0,1,0,1,1,0,0,0,0,0,0,1,0,0,0,1,1,3,2333.333252,16492.51562
cs19240033,924,3327556,3327,1,3,1,1,0,0,1,1,0,0,0,0,0,1,0,0,0,0.9944144487,1,3,2500,15992.5166
cs19220170,922,3327556,3327,1,2,1,1,0,1,0,1,0,0,0,1,0,0,0,0,1,0.9966933727,1,5,1800,30154.19531
cs19330254,933,3327556,3327,1,3,1,1,0,1,1,0,0,0,0,1,0,0,0,0,0,1.003425598,1,5,2400,27154.19531
cs19250158,925,3327556,3327,1,3,1,1,0,1,1,1,0,0,0,1,0,0,0,0,0,0.9966933727,1,6,2333.333252,32985.03125
cs19440015,944,3327556,3327,1,1,0,0,1,0,0,0,0,0,0,0,0,1,0,1,0,1,1,2.5,2000,14577.09766
cs19390025,939,3327556,3327,1,1,0,1,0,1,1,0,0,0,0,0,0,1,0,1,0,1,0,0,,0
cs19350020,935,3327556,3327,1,3,0,0,1,0,0,0,0,0,0,0,0,1,0,0,0,1,1,5,1800,30154.19531
cs19390009,939,3327556,3327,1,1,0,1,0,1,1,0,0,0,0,0,0,1,0,1,0,1,1,6,1833.333374,35985.03125
cs19320059,932,3327556,3327,1,1,1,1,0,0,1,1,0,0,0,1,0,0,0,1,0,0.9966933727,1,7.5,1666.666626,46231.29297
cs19350064,935,3327556,3327,1,3,1,0,1,0,0,0,0,0,0,0,1,0,0,0,0,0.640173912,1,5,2000,29154.19531
cs19240010,924,3327556,3327,1,3,1,1,0,0,1,1,0,0,0,0,0,1,0,0,0,0.9944144487,1,4,1875,23823.35547
cs19410073,941,3327556,3327,1,1,1,1,0,1,0,1,0,0,0,1,0,0,0,1,0,0.9966933727,1,3,2666.666748,15492.5166
cs19250242,925,3327556,3327,1,3,1,1,0,1,1,1,0,0,0,1,0,0,0,0,0,0.9966933727,0,0,,0
cs19410009,941,3327556,3327,1,1,1,1,0,1,0,1,0,0,0,0,0,1,0,1,0,0.9944144487,1,4,2250,22323.35547
cs19440308,944,3327556,3327,1,1,1,0,1,0,0,0,0,0,0,1,0,0,0,1,0,1.27245903,1,5,2000,29154.19531
cs19320181,932,3327556,3327,1,1,1,1,0,0,1,1,0,0,0,0,1,0,0,1,0,1.003737092,1,5,1700,30654.19531
cs19300040,930,3327556,3327,1,3,0,1,0,0,0,1,0,0,0,0,0,1,0,0,0,1,1,2.5,2000,14577.09766
cs19330034,933,3327556,3327,1,3,0,1,0,1,1,0,0,0,0,0,0,1,0,0,0,1,1,2.5,2400,13577.09766
cs19300003,930,3327556,3327,1,3,0,1,0,0,0,1,0,0,0,0,0,1,0,0,0,1,1,2.5,2000,14577.09766
cs19240002,924,3327556,3327,1,3,0,1,0,0,1,1,0,0,0,0,0,1,0,0,0,1,1,4,1875,23823.35547
cs19350305,935,3327556,3327,1,3,1,0,1,0,0,0,0,0,0,0,1,0,0,0,0,0.640173912,1,5,1800,30154.19531
cs19220081,922,3327556,3327,1,2,0,1,0,1,0,1,0,0,0,0,0,1,0,0,1,1,1,5,1800,30154.19531
cs19230185,923,3327556,3327,1,1,1,1,0,0,0,0,0,0,0,1,0,0,0,1,0,1.003425598,1,2.5,2000,14577.09766
cs19250144,925,3327556,3327,1,3,0,1,0,1,1,1,0,0,0,0,0,1,0,0,0,1,1,3,2333.333252,16492.51562
cs19310035,931,3327556,3327,1,2,0,1,0,1,1,1,0,0,0,0,0,1,0,0,1,1,1,3,2000,17492.51562
cs19240595,924,3327556,3327,1,3,1,1,0,0,1,1,0,0,0,1,0,0,0,0,0,0.9966933727,1,3,2333.333252,16492.51562
cs19350246,935,3327556,3327,1,3,1,0,1,0,0,0,0,0,0,1,0,0,0,0,0,1.27245903,1,10,1800,60308.39062
cs19320006,932,3327556,3327,1,1,0,1,0,0,1,1,0,0,0,0,0,1,0,1,0,1,1,5,1800,30154.19531
cs19410140,941,3327556,3327,1,1,1,1,0,1,0,1,0,0,0,1,0,0,0,1,0,0.9966933727,1,3.5,2285.714355,19407.93555
cs19420469,942,3327556,3327,1,3,1,0,1,0,0,0,0,0,0,0,1,0,0,0,0,0.640173912,1,5,1900,29654.19531
cs19410075,941,3327556,3327,1,1,1,1,0,1,0,1,0,0,0,1,0,0,0,1,0,0.9966933727,1,3,2666.666748,15492.5166
cs19240360,924,3327556,3327,1,3,1,1,0,0,1,1,0,0,0,0,1,0,0,0,0,1.003737092,1,3,2500,15992.5166
cs19220193,922,3327556,3327,1,2,1,1,0,1,0,1,0,0,0,1,0,0,0,0,1,0.9966933727,1,5,1800,30154.19531
cs19300021,930,3327556,3327,1,3,0,1,0,0,0,1,0,0,0,0,0,1,0,0,0,1,0,0,,0
cs19310136,931,3327556,3327,1,2,1,1,0,1,1,1,0,0,0,1,0,0,0,0,1,0.9966933727,1,3,2000,17492.51562
cs19270063,927,3327556,3327,1,2,0,0,1,0,0,0,0,0,0,0,0,1,0,0,1,1,1,2.5,2200,14077.09766
cs19430303,943,3327556,3327,1,2,1,0,1,0,0,0,0,0,0,1,0,0,0,0,1,1.27245903,1,5,2000,29154.19531
cs19340088,934,3327556,3327,1,2,1,1,0,0,0,0,0,0,0,1,0,0,0,0,1,1.003425598,1,3,2000,17492.51562
cs19300158,930,3327556,3327,1,3,1,1,0,0,0,1,0,0,0,1,0,0,0,0,0,0.9966933727,1,2.5,2000,14577.09766
cs19270248,927,3327556,3327,1,2,1,0,1,0,0,0,0,0,0,1,0,0,0,0,1,1.27245903,1,2.5,2200,14077.09766
cs19320266,932,3327556,3327,1,1,1,1,0,0,1,1,0,0,0,1,0,0,0,1,0,0.9966933727,1,10,1600,62308.39062
cs19300127,930,3327556,3327,1,3,1,1,0,0,0,1,0,0,0,0,1,0,0,0,0,1.003737092,1,2,2500,10661.67773
cs19340024,934,3327556,3327,1,2,1,1,0,0,0,0,0,0,0,0,0,1,0,0,1,0.9567061067,1,6,1833.333374,35985.03125
cs19440446,944,3327556,3327,1,1,1,0,1,0,0,0,0,0,0,0,1,0,0,1,0,0.640173912,1,7,2000,40815.87109
cs19310005,931,3327556,3327,1,2,0,1,0,1,1,1,0,0,0,0,0,1,0,0,1,1,1,6,2000,34985.03125
cs19240615,924,3327556,3327,1,3,1,1,0,0,1,1,0,0,0,0,1,0,0,0,0,1.003737092,1,3,2500,15992.5166
cs19270299,927,3327556,3327,1,2,1,0,1,0,0,0,0,0,0,1,0,0,0,0,1,1.27245903,1,5,2400,27154.19531
cs19430025,943,3327556,3327,1,2,1,0,1,0,0,0,0,0,0,0,0,1,0,0,1,1.051559091,1,5,1800,30154.19531
cs19250068,925,3327556,3327,1,3,0,1,0,1,1,1,0,0,0,0,0,1,0,0,0,1,1,3,2333.333252,16492.51562
cs19410034,941,3327556,3327,1,1,1,1,0,1,0,1,0,0,0,0,0,1,0,1,0,0.9944144487,1,3,2666.666748,15492.5166
cs19330055,933,3327556,3327,1,3,0,1,0,1,1,0,0,0,0,0,0,1,0,0,0,1,1,6,2000,34985.03125
cs19440065,944,3327556,3327,1,1,1,0,1,0,0,0,0,0,0,1,0,0,0,1,0,1.27245903,1,9.5,2105.263184,54392.96875
cs19340195,934,3327556,3327,1,2,1,1,0,0,0,0,0,0,0,0,1,0,0,0,1,0.9961833954,1,6,1800,36185.03125
cs19390047,939,3327556,3327,1,1,0,1,0,1,1,0,0,0,0,0,0,1,0,1,0,1,1,3,1833.333374,17992.51562
cs19420423,942,3327556,3327,1,3,1,0,1,0,0,0,0,0,0,1,0,0,0,0,0,1.27245903,1,5,1800,30154.19531
cs19390340,939,3327556,3327,1,1,1,1,0,1,1,0,0,0,0,1,0,0,0,1,0,1.003425598,1,4,2000,23323.35547
cs19440017,944,3327556,3327,1,1,1,0,1,0,0,0,0,0,0,0,0,1,0,1,0,0.661996901,1,7,2000,40815.87109
cs19220266,922,3327556,3327,1,2,1,1,0,1,0,1,0,0,0,1,0,0,0,0,1,0.9966933727,1,5,1800,30154.19531
cs19300072,930,3327556,3327,1,3,1,1,0,0,0,1,0,0,0,1,0,0,0,0,0,0.9966933727,1,2,2000,11661.67773
cs19340063,934,3327556,3327,1,2,1,1,0,0,0,0,0,0,0,1,0,0,0,0,1,1.003425598,1,3,2000,17492.51562
cs19270108,927,3327556,3327,1,2,1,0,1,0,0,0,0,0,0,0,1,0,0,0,1,0.640173912,1,2,2750,10161.67773
cs19230196,923,3327556,3327,1,1,1,1,0,0,0,0,0,0,0,0,1,0,0,1,0,0.9961833954,1,2,2500,10661.67773
cs19420412,942,3327556,3327,1,3,1,0,1,0,0,0,0,0,0,1,0,0,0,0,0,1.27245903,1,5,2000,29154.19531
cs19340131,934,3327556,3327,1,2,1,1,0,0,0,0,0,0,0,0,1,0,0,0,1,0.9961833954,1,6,1800,36185.03125
cs19230049,923,3327556,3327,1,1,1,1,0,0,0,0,0,0,0,0,0,1,0,1,0,0.9567061067,1,2,1250,13161.67773
cs19420318,942,3327556,3327,1,3,1,0,1,0,0,0,0,0,0,1,0,0,0,0,0,1.27245903,1,5,1800,30154.19531
cs19430421,943,3327556,3327,1,2,1,0,1,0,0,0,0,0,0,0,1,0,0,0,1,0.640173912,1,5,1800,30154.19531
cs19840007,984,3327739,3327,1,2,0,1,0,0,0,0,0,0,0,0,0,1,0,0,1,1,1,5,1700,30654.19531
cs19830038,983,3327739,3327,1,1,0,1,0,0,0,0,0,0,0,0,0,1,0,1,0,1,1,2.5,2000,14577.09766
cs19940284,994,3327739,3327,1,2,1,0,1,0,0,0,0,0,0,0,1,0,0,0,1,0.640173912,0,0,,0
cs19830397,983,3327739,3327,1,1,1,1,0,0,0,0,0,0,0,0,1,0,0,1,0,0.9961833954,1,3,2000,17492.51562
cs19810071,981,3327739,3327,1,1,1,0,1,0,0,0,0,0,0,1,0,0,0,1,0,1.27245903,1,2.5,1800,15077.09766
cs19920036,992,3327739,3327,1,1,0,0,1,0,0,0,0,0,0,0,0,1,0,1,0,1,1,3,2000,17492.51562
cs19990618,999,3327739,3327,1,1,1,1,0,1,0,1,0,0,0,1,0,0,0,1,0,0.9966933727,1,7,1714.285767,42815.87109
cs19880480,988,3327739,3327,1,2,1,1,0,0,0,0,0,0,0,1,0,0,0,0,1,1.003425598,0,0,,0
cs19790017,979,3327739,3327,1,3,0,1,0,0,0,1,0,0,0,0,0,1,0,0,0,1,1,2.5,2000,14577.09766
cs19990584,999,3327739,3327,1,1,1,1,0,1,0,1,0,0,0,1,0,0,0,1,0,0.9966933727,0,0,,0
cs19820096,982,3327739,3327,1,3,1,0,1,0,0,0,0,0,0,0,1,0,0,0,0,0.640173912,1,5,2000,29154.19531
cs19890404,989,3327739,3327,1,1,1,1,0,0,0,0,0,0,0,1,0,0,0,1,0,1.003425598,1,7.5,2133.333252,42731.29297
cs19830364,983,3327739,3327,1,1,1,1,0,0,0,0,0,0,0,1,0,0,0,1,0,1.003425598,1,5,2400,27154.19531
cs19820023,982,3327739,3327,1,3,0,0,1,0,0,0,0,0,0,0,0,1,0,0,0,1,1,5,2000,29154.19531
cs19830127,983,3327739,3327,1,1,1,1,0,0,0,0,0,0,0,0,1,0,0,1,0,0.9961833954,1,2.5,2000,14577.09766
cs19800382,980,3327739,3327,1,3,1,1,0,0,1,0,0,0,0,1,0,0,0,0,0,1.003425598,1,4.5,2000,26238.77539
cs19920149,992,3327739,3327,1,1,1,0,1,0,0,0,0,0,0,1,0,0,0,1,0,1.27245903,0,0,,0
cs19970002,997,3327739,3327,1,2,1,0,1,0,0,0,0,0,0,0,0,1,0,0,1,1.051559091,1,5.599999905,2321.428711,30852.69727
cs19780362,978,3327739,3327,1,2,1,1,0,1,1,0,0,0,0,1,0,0,0,0,1,1.003425598,1,3,2500,15992.5166
cs19970609,997,3327739,3327,1,2,1,0,1,0,0,0,0,0,0,1,0,0,0,0,1,1.27245903,1,7.5,1666.666626,46231.29297
cs19870228,987,3327739,3327,1,3,1,1,0,1,0,0,0,0,0,1,0,0,0,0,0,1.003425598,0,0,,0
cs19840227,984,3327739,3327,1,2,1,1,0,0,0,0,0,0,0,1,0,0,0,0,1,1.003425598,1,5,2000,29154.19531
cs19930504,993,3327739,3327,1,1,1,1,0,1,1,1,0,0,0,1,0,0,0,1,0,0.9966933727,1,10,2600,52308.39062
cs19940438,994,3327739,3327,1,2,1,0,1,0,0,0,0,0,0,1,0,0,0,0,1,1.27245903,1,7,2142.857178,39815.87109
cs19990043,999,3327739,3327,1,1,0,1,0,1,0,1,0,0,0,0,0,1,0,1,0,1,0,0,,0
cs19940022,994,3327739,3327,1,2,0,0,1,0,0,0,0,0,0,0,0,1,0,0,1,1,1,6,2083.333252,34485.03125
cs19840232,984,3327739,3327,1,2,1,1,0,0,0,0,0,0,0,0,1,0,0,0,1,0.9961833954,1,5,1800,30154.19531
cs19850237,985,3327739,3327,1,3,1,1,0,1,1,1,0,0,0,1,0,0,0,0,0,0.9966933727,0,0,,0
cs19920147,992,3327739,3327,1,1,1,0,1,0,0,0,0,0,0,1,0,0,0,1,0,1.27245903,1,3,1833.333374,17992.51562
cs19930114,993,3327739,3327,1,1,1,1,0,1,1,1,0,0,0,1,0,0,0,1,0,0.9966933727,1,5,2400,27154.19531
cs19880470,988,3327739,3327,1,2,1,1,0,0,0,0,0,0,0,1,0,0,0,0,1,1.003425598,0,0,,0
cs19870025,987,3327739,3327,1,3,0,1,0,1,0,0,0,0,0,0,0,1,0,0,0,1,0,0,,0
cs19820322,982,3327739,3327,1,3,1,0,1,0,0,0,0,0,0,0,1,0,0,0,0,0.640173912,1,5,2000,29154.19531
cs19810004,981,3327739,3327,1,1,0,0,1,0,0,0,0,0,0,0,0,1,0,1,0,1,1,2.5,1800,15077.09766
cs19760611,976,3327739,3327,1,3,1,0,1,0,0,0,0,0,0,0,1,0,0,0,0,0.640173912,0,0,,0
cs19770080,977,3327739,3327,1,2,1,1,0,1,0,0,0,0,0,1,0,0,0,0,1,1.003425598,1,4,2500,21323.35547
cs19880012,988,3327739,3327,1,2,0,1,0,0,0,0,0,0,0,0,0,1,0,0,1,1,1,5,2300,27654.19531
cs19880040,988,3327739,3327,1,2,0,1,0,0,0,0,0,0,0,0,0,1,0,0,1,1,0,0,,0
cs19790242,979,3327739,3327,1,3,1,1,0,0,0,1,0,0,0,1,0,0,0,0,0,0.9966933727,1,2.5,2000,14577.09766
cs19770009,977,3327739,3327,1,2,0,1,0,1,0,0,0,0,0,0,0,1,0,0,1,1,0,0,,0
cs19850101,985,3327739,3327,1,3,1,1,0,1,1,1,0,0,0,1,0,0,0,0,0,0.9966933727,0,0,,0
cs19810034,981,3327739,3327,1,1,0,0,1,0,0,0,0,0,0,0,0,1,0,1,0,1,1,2.5,2000,14577.09766
cs19800295,980,3327739,3327,1,3,1,1,0,0,1,0,0,0,0,1,0,0,0,0,0,1.003425598,1,4,2250,22323.35547
cs19940531,994,3327739,3327,1,2,1,0,1,0,0,0,0,0,0,1,0,0,0,0,1,1.27245903,0,0,,0
cs19940501,994,3327739,3327,1,2,1,0,1,0,0,0,0,0,0,1,0,0,0,0,1,1.27245903,1,10,2200,56308.39062
cs19780047,978,3327739,3327,1,2,0,1,0,1,1,0,0,0,0,0,0,1,0,0,1,1,0,0,,0
cs19820473,982,3327739,3327,1,3,1,0,1,0,0,0,0,0,0,1,0,0,0,0,0,1.27245903,1,5,2000,29154.19531
cs19890180,989,3327739,3327,1,1,1,1,0,0,0,0,0,0,0,1,0,0,0,1,0,1.003425598,1,10,2100,57308.39062
cs19820047,982,3327739,3327,1,3,0,0,1,0,0,0,0,0,0,0,0,1,0,0,0,1,1,5,2000,29154.19531
cs19870008,987,3327739,3327,1,3,0,1,0,1,0,0,0,0,0,0,0,1,0,0,0,1,0,0,,0
cs19780029,978,3327739,3327,1,2,0,1,0,1,1,0,0,0,0,0,0,1,0,0,1,1,1,3.5,2000,20407.93555
cs19880393,988,3327739,3327,1,2,1,1,0,0,0,0,0,0,0,1,0,0,0,0,1,1.003425598,1,5,2200,28154.19531
cs19770225,977,3327739,3327,1,2,1,1,0,1,0,0,0,0,0,1,0,0,0,0,1,1.003425598,0,0,,0
cs19870115,987,3327739,3327,1,3,1,1,0,1,0,0,0,0,0,1,0,0,0,0,0,1.003425598,1,4.5,2111.111084,25738.77539
cs19890007,989,3327739,3327,1,1,0,1,0,0,0,0,0,0,0,0,0,1,0,1,0,1,0,0,,0
cs19970001,997,3327739,3327,1,2,1,0,1,0,0,0,0,0,0,0,0,1,0,0,1,1.051559091,1,7.5,1600,46731.29297
cs19940083,994,3327739,3327,1,2,0,0,1,0,0,0,0,0,0,0,0,1,0,0,1,1,1,12,2000,69970.0625
cs19840102,984,3327739,3327,1,2,1,1,0,0,0,0,0,0,0,1,0,0,0,0,1,1.003425598,1,4,2000,23323.35547
cs19760025,976,3327739,3327,1,3,0,0,1,0,0,0,0,0,0,0,0,1,0,0,0,1,1,5,1700,30654.19531
cs19970021,997,3327739,3327,1,2,0,0,1,0,0,0,0,0,0,0,0,1,0,0,1,1,1,9.199999809,2010.869629,53543.71484
cs19780233,978,3327739,3327,1,2,1,1,0,1,1,0,0,0,0,1,0,0,0,0,1,1.003425598,0,0,,0
cs19940880,994,3327739,3327,1,2,1,0,1,0,0,0,0,0,0,0,1,0,0,0,1,0.640173912,0,0,,0
cs19790038,979,3327739,3327,1,3,1,1,0,0,0,1,0,0,0,0,0,1,0,0,0,1.045999765,1,5,2000,29154.19531
cs19760465,976,3327739,3327,1,3,1,0,1,0,0,0,0,0,0,1,0,0,0,0,0,1.27245903,0,0,,0
cs19820479,982,3327739,3327,1,3,1,0,1,0,0,0,0,0,0,1,0,0,0,0,0,1.27245903,1,10,2000,58308.39062
cs19840019,984,3327739,3327,1,2,0,1,0,0,0,0,0,0,0,0,0,1,0,0,1,1,0,0,,0
cs19760045,976,3327739,3327,1,3,0,0,1,0,0,0,0,0,0,0,0,1,0,0,0,1,0,0,,0
cs19970354,997,3327739,3327,1,2,1,0,1,0,0,0,0,0,0,1,0,0,0,0,1,1.27245903,1,3.200000048,2031.25,18558.68555
cs19790220,979,3327739,3327,1,3,1,1,0,0,0,1,0,0,0,0,1,0,0,0,0,1.003737092,1,5,2200,28154.19531
cs19970706,997,3327739,3327,1,2,1,0,1,0,0,0,0,0,0,1,0,0,0,0,1,1.27245903,1,11.5,1608.695679,71554.64844
cs19770182,977,3327739,3327,1,2,1,1,0,1,0,0,0,0,0,1,0,0,0,0,1,1.003425598,1,4,2250,22323.35547
cs19830378,983,3327739,3327,1,1,1,1,0,0,0,0,0,0,0,1,0,0,0,1,0,1.003425598,1,2.5,2000,14577.09766
cs19930226,993,3327739,3327,1,1,1,1,0,1,1,1,0,0,0,1,0,0,0,1,0,0.9966933727,1,20,2200,112616.7812
cs19840021,984,3327739,3327,1,2,0,1,0,0,0,0,0,0,0,0,0,1,0,0,1,1,0,0,,0
cs19880017,988,3327739,3327,1,2,0,1,0,0,0,0,0,0,0,0,0,1,0,0,1,1,1,5,2000,29154.19531
cs19760029,976,3327739,3327,1,3,0,0,1,0,0,0,0,0,0,0,0,1,0,0,0,1,1,5,1900,29654.19531
cs19830033,983,3327739,3327,1,1,0,1,0,0,0,0,0,0,0,0,0,1,0,1,0,1,1,7.5,2000,43731.29297
cs19890110,989,3327739,3327,1,1,1,1,0,0,0,0,0,0,0,0,1,0,0,1,0,0.9961833954,0,0,,0
cs19940065,994,3327739,3327,1,2,0,0,1,0,0,0,0,0,0,0,0,1,0,0,1,1,1,7,2285.714355,38815.87109
cs19850023,985,3327739,3327,1,3,0,1,0,1,1,1,0,0,0,0,0,1,0,0,0,1,1,7.5,2000,43731.29297
cs19890327,989,3327739,3327,1,1,1,1,0,0,0,0,0,0,0,1,0,0,0,1,0,1.003425598,1,7.5,2000,43731.29297
cs19920212,992,3327739,3327,1,1,1,0,1,0,0,0,0,0,0,1,0,0,0,1,0,1.27245903,1,3,2000,17492.51562
cs19820030,982,3327739,3327,1,3,0,0,1,0,0,0,0,0,0,0,0,1,0,0,0,1,1,5,2000,29154.19531
cs19890033,989,3327739,3327,1,1,0,1,0,0,0,0,0,0,0,0,0,1,0,1,0,1,1,7.5,2133.333252,42731.29297
cs19830048,983,3327739,3327,1,1,0,1,0,0,0,0,0,0,0,0,0,1,0,1,0,1,1,5,2000,29154.19531
cs19800104,980,3327739,3327,1,3,1,1,0,0,1,0,0,0,0,0,1,0,0,0,0,0.9961833954,1,4.5,2000,26238.77539
cs19810197,981,3327739,3327,1,1,1,0,1,0,0,0,0,0,0,0,1,0,0,1,0,0.640173912,1,2.5,1800,15077.09766
cs19800065,980,3327739,3327,1,3,0,1,0,0,1,0,0,0,0,0,0,1,0,0,0,1,1,5,1900,29654.19531
cs19970399,997,3327739,3327,1,2,1,0,1,0,0,0,0,0,0,0,1,0,0,0,1,0.640173912,1,6,2083.333252,34485.03125
cs19810079,981,3327739,3327,1,1,1,0,1,0,0,0,0,0,0,1,0,0,0,1,0,1.27245903,1,2.5,2000,14577.09766
cs19870171,987,3327739,3327,1,3,1,1,0,1,0,0,0,0,0,1,0,0,0,0,0,1.003425598,1,4,2375,21823.35547
cs19930035,993,3327739,3327,1,1,0,1,0,1,1,1,0,0,0,0,0,1,0,1,0,1,1,10,2100,57308.39062
cs19850214,985,3327739,3327,1,3,1,1,0,1,1,1,0,0,0,1,0,0,0,0,0,0.9966933727,0,0,,0
cs19760596,976,3327739,3327,1,3,1,0,1,0,0,0,0,0,0,1,0,0,0,0,0,1.27245903,1,5,1700,30654.19531
cs19870003,987,3327739,3327,1,3,0,1,0,1,0,0,0,0,0,0,0,1,0,0,0,1,0,0,,0
cs19790066,979,3327739,3327,1,3,1,1,0,0,0,1,0,0,0,0,1,0,0,0,0,1.003737092,1,5,2000,29154.19531
cs19790169,979,3327739,3327,1,3,1,1,0,0,0,1,0,0,0,1,0,0,0,0,0,0.9966933727,1,2.5,2000,14577.09766
cs19790031,979,3327739,3327,1,3,0,1,0,0,0,1,0,0,0,0,0,1,0,0,0,1,1,2.5,2400,13577.09766
cs19920072,992,3327739,3327,1,1,1,0,1,0,0,0,0,0,0,0,1,0,0,1,0,0.640173912,1,3,3500,12992.5166
cs19920030,992,3327739,3327,1,1,0,0,1,0,0,0,0,0,0,0,0,1,0,1,0,1,1,3,1500,18992.51562
cs19920380,992,3327739,3327,1,1,1,0,1,0,0,0,0,0,0,0,1,0,0,1,0,0.640173912,1,3,1833.333374,17992.51562
cs19890293,989,3327739,3327,1,1,1,1,0,0,0,0,0,0,0,0,1,0,0,1,0,0.9961833954,1,9,2000,52477.55078
cs19780240,978,3327739,3327,1,2,1,1,0,1,1,0,0,0,0,1,0,0,0,0,1,1.003425598,0,0,,0
cs19830206,983,3327739,3327,1,1,1,1,0,0,0,0,0,0,0,1,0,0,0,1,0,1.003425598,1,8,2000,46646.71094
cs19880280,988,3327739,3327,1,2,1,1,0,0,0,0,0,0,0,0,1,0,0,0,1,0.9961833954,0,0,,0
cs19800005,980,3327739,3327,1,3,0,1,0,0,1,0,0,0,0,0,0,1,0,0,0,1,1,4.5,2111.111084,25738.77539
cs19790108,979,3327739,3327,1,3,1,1,0,0,0,1,0,0,0,1,0,0,0,0,0,0.9966933727,1,5,2000,29154.19531
cs19780044,978,3327739,3327,1,2,0,1,0,1,1,0,0,0,0,0,0,1,0,0,1,1,1,7,2142.857178,39815.87109
cs19760049,976,3327739,3327,1,3,1,0,1,0,0,0,0,0,0,0,1,0,0,0,0,0.640173912,0,0,,0
cs19890023,989,3327739,3327,1,1,1,1,0,0,0,0,0,0,0,0,0,1,0,1,0,1.005813479,1,7.5,2133.333252,42731.29297
cs19760065,976,3327739,3327,1,3,1,0,1,0,0,0,0,0,0,1,0,0,0,0,0,1.27245903,1,5,1800,30154.19531
cs19840245,984,3327739,3327,1,2,1,1,0,0,0,0,0,0,0,0,1,0,0,0,1,0.9961833954,0,0,,0
cs19800209,980,3327739,3327,1,3,1,1,0,0,1,0,0,0,0,1,0,0,0,0,0,1.003425598,1,4.5,2111.111084,25738.77539
cs19770018,977,3327739,3327,1,2,0,1,0,1,0,0,0,0,0,0,0,1,0,0,1,1,1,3,2333.333252,16492.51562
cs19810247,981,3327739,3327,1,1,1,0,1,0,0,0,0,0,0,1,0,0,0,1,0,1.27245903,1,2.5,2400,13577.09766
cs19770024,977,3327739,3327,1,2,1,1,0,1,0,0,0,0,0,0,0,1,0,0,1,1.005813479,1,4,2250,22323.35547
cs19920010,992,3327739,3327,1,1,0,0,1,0,0,0,0,0,0,0,0,1,0,1,0,1,0,0,,0
cs19800139,980,3327739,3327,1,3,1,1,0,0,1,0,0,0,0,0,1,0,0,0,0,0.9961833954,1,4.300000191,2209.302246,24172.60938
cs19840094,984,3327739,3327,1,2,1,1,0,0,0,0,0,0,0,1,0,0,0,0,1,1.003425598,1,5,1800,30154.19531
cs19970112,997,3327739,3327,1,2,1,0,1,0,0,0,0,0,0,0,1,0,0,0,1,0.640173912,1,3.200000048,2031.25,18558.68555
cs19820323,982,3327739,3327,1,3,1,0,1,0,0,0,0,0,0,1,0,0,0,0,0,1.27245903,1,5,2000,29154.19531
cs19880193,988,3327739,3327,1,2,1,1,0,0,0,0,0,0,0,0,1,0,0,0,1,0.9961833954,0,0,,0
cs19990056,999,3327739,3327,1,1,1,1,0,1,0,1,0,0,0,0,0,1,0,1,0,0.9944144487,0,0,,0
cs19810017,981,3327739,3327,1,1,0,0,1,0,0,0,0,0,0,0,0,1,0,1,0,1,1,2.5,2000,14577.09766
cs19850019,985,3327739,3327,1,3,0,1,0,1,1,1,0,0,0,0,0,1,0,0,0,1,1,6,1666.666626,36985.03125
cs19810207,981,3327739,3327,1,1,1,0,1,0,0,0,0,0,0,0,1,0,0,1,0,0.640173912,1,2.5,2400,13577.09766
cs19990193,999,3327739,3327,1,1,1,1,0,1,0,1,0,0,0,1,0,0,0,1,0,0.9966933727,1,6.5,1846.153809,38900.45312
cs19800060,980,3327739,3327,1,3,0,1,0,0,1,0,0,0,0,0,0,1,0,0,0,1,1,3.200000048,2031.25,18558.68555
