dane_code,department,dept_capital,notary_offices,telecom_offices,post_offices,health_centers,health_posts,schools,libraries,fire_stations,jails,public_instrument_offices,tax_offices,municipal_employees,primary_enrollment,secondary_enrollment,infant_mortality,aqueduct_coverage,sewage_coverage,electricity_coverage,vaccination_coverage,not_poor_1993,not_poor_2005,life_quality_index,tax_per_capita_2002,crown_employees_1794,crown_employees_nonmilitary_1794,colonial_state_index,colonial_city,royal_road_distance,literacy_1918,schooling_1918,vaccination_1918
5001,Antioquia,1,31,69,73,27,34,518,47,14,50,11,31,6604,1.24773,0.975528,13.0746,97.946,94.831,99.5924,0.404849,83.9165,87.83,82,137918,19,19,4,0,7.9954,0.598485,0.124201,0.573573
5002,Antioquia,0,1,3,1,0,0,6,1,1,1,1,1,76,1.09343,0.341068,28.8026,63.611,41.2914,89.2985,0.351527,56.3898,60.22,53,16168.9,0,0,0,0,11.6261,0.412556,0.0682835,0.268609
5004,Antioquia,0,0,3,3,1,1,2,1,0,1,0,0,24,0.896921,0.44991,142.857,33.9192,29.7012,72.4077,0.333422,54.4352,65.46,51,10238.1,0,0,0,0,13.6846,,,
5021,Antioquia,0,0,1,1,0,0,3,1,0,1,0,0,23,0.921879,0.437249,25.463,49.6926,46.8238,74.8975,0.280247,43.5436,60.86,47,15724,0,0,0,0,26.3906,0.475091,0.126157,0.405671
5030,Antioquia,0,1,1,1,0,0,4,1,0,1,0,1,568,1.27948,0.779612,22.0954,96.2607,89.6595,95.822,0.396131,68.3356,67.93,61,30418.9,0,0,0,0,16.4271,0.347361,0.0734057,0.220771
5031,Antioquia,0,1,1,1,0,0,3,1,1,1,1,0,46,1.25393,0.54192,21.7102,64.5868,53.2884,66.8634,0.560501,46.2082,54.75,51,39923.7,0,0,0,0,14.379,0.341596,0.0469223,0.209931
5034,Antioquia,0,1,1,1,0,0,7,1,1,1,1,1,63,1.34083,0.543437,17.4641,70.0013,52.3298,93.7425,0.503389,63.1764,63.53,54,43369.1,0,0,1,0,21.9877,0.364535,0.0763022,0.338164
5036,Antioquia,0,0,1,1,1,0,2,1,0,1,1,0,25,0.812921,0.391044,20.0072,88.0682,55.8441,93.0195,0.589914,61.7741,66.03,50,45581.2,0,0,0,0,8.68212,0.314971,0.067282,0.294146
5038,Antioquia,0,1,1,1,0,0,3,1,0,1,0,0,35,0.997941,0.198606,22.5393,50.3126,23.3014,92.4135,0.51087,40.4188,50.84,46,22595.5,0,0,0,0,10.5805,0.339862,0.0813105,0.223126
5040,Antioquia,0,1,1,1,0,0,2,1,0,1,0,0,12,1.3244,0.284399,25.0878,38.7677,25.8023,51.6902,0.503717,31.9402,51.93,44,9637.13,0,0,0,0,32.9029,0.378933,0.06698,0.261163
5042,Antioquia,0,1,1,1,0,1,7,1,0,1,1,1,63,0.829862,0.394206,8.6552,75.8423,50.7288,79.5221,0.51618,45.4418,59.2,52,45953.9,10,10,3,1,16.516,0.256102,0.0570111,0.178044
5044,Antioquia,0,0,1,1,0,0,2,1,0,1,0,0,11,1.11893,0.22282,19.0195,43.6704,23.0712,83.3708,0.589627,29.853,48.65,40,7434.46,0,0,1,0,16.1041,0.222329,0.0421595,0.0785563
5045,Antioquia,0,1,1,1,1,1,45,1,0,1,0,0,53,1.26195,0.868685,13.6049,80.1418,56.4129,86.718,0.648489,48.6202,72.66,60,41434.3,0,0,0,0,134.378,,,
5051,Antioquia,0,1,1,1,1,0,5,1,0,1,1,0,26,2.11923,0.782115,32.4419,53.0251,28.4808,43.7516,0.923376,20.4141,37.86,43,21488.2,0,0,1,0,77.2391,,,
5055,Antioquia,0,1,2,1,0,0,3,1,0,1,0,0,9,1.01063,0.193782,30.387,33.8664,20.6961,76.4346,0.559129,40.1018,59.13,44,7003.75,0,0,0,0,1.39756,,,
5059,Antioquia,0,1,1,1,0,0,4,1,0,1,0,0,12,0.996056,0.481072,24.1023,68.7059,48.549,93.6471,0.349556,55.009,60.17,48,25609.2,0,0,0,0,1.05277,0.179612,0.0408654,0.131472
5079,Antioquia,0,1,1,1,1,0,4,1,0,1,0,1,59,1.35129,0.761847,22.0967,73.1765,55.8676,97.8088,0.392868,66.3186,70.36,59,49993.8,0,0,0,0,9.50215,0.371974,0.0681858,0.349585
5086,Antioquia,0,0,1,1,0,0,3,1,0,1,0,0,11,1.45704,0.720761,23.3466,40.2111,33.3973,86.6603,0.538523,64.8606,64.95,49,19121.6,0,0,1,0,0.0411433,0.412815,0.16697,0.346084
5088,Antioquia,0,,,,,,,,,,,,212,1.07029,0.89779,16.6034,96.9388,93.8622,99.4589,0.379535,83.6997,80.97,75,40867.3,0,0,1,0,4.3696,0.499916,0.115833,0.428822
5091,Antioquia,0,1,1,1,0,0,3,1,1,1,0,1,72,1.30825,0.344462,19.4324,54.218,29.4113,67.3485,0.513674,58.7808,62.75,57,18787.1,0,0,0,0,31.8039,,,
5093,Antioquia,0,1,1,1,0,0,2,1,0,1,0,1,12,1.29,0.283112,28.1429,55.7272,38.092,91.7702,0.534008,42.8024,54.67,44,16841,0,0,0,0,5.38875,0.227281,0.0790395,0.0575288
5101,Antioquia,0,1,1,1,0,0,9,1,1,1,1,1,41,1.33644,0.68342,10.5088,77.6318,75.7161,95.7489,0.488029,60.3504,63.83,59,43321.7,0,0,0,0,33.5354,0.366942,0.0501013,0.143058
5107,Antioquia,0,0,1,1,0,0,2,1,0,0,0,0,6,0.989782,0.151738,34.0983,24.7788,14.0231,33.1518,0.554878,26.8815,51.07,38,6545.32,0,0,0,0,6.58298,,,
5113,Antioquia,0,1,1,1,0,0,3,1,0,1,0,0,6,1.19698,0.253307,34.1217,71.4286,23.3083,56.4662,0.433171,31.4405,39.7,42,3122.95,0,0,1,0,13.348,0.308082,0.0782262,0.36655
5120,Antioquia,0,0,1,1,0,0,3,1,0,1,0,1,62,1.87609,0.640774,47.6504,50.5451,28.823,70.1985,0.707284,27.929,41.19,47,18664.3,3,3,1,1,14.5378,0.222933,0.022335,0.207107
5125,Antioquia,0,0,1,1,0,0,2,1,0,1,0,0,7,1.21773,0.261551,36.5771,24.9366,20.7101,54.9451,0.635746,26.0925,42.15,39,10189.1,0,0,1,0,12.4327,0.525408,0.036081,0.119096
5129,Antioquia,0,1,1,1,1,1,24,1,1,1,0,1,81,1.23817,0.978291,15.543,95.0789,89.5393,99.0398,0.334244,81.7526,76.99,71,38024.8,0,0,0,0,15.0295,0.46096,0.122975,0.329183
5134,Antioquia,0,0,1,1,0,0,3,1,0,1,0,0,14,1.27376,0.211781,23.3263,35.722,21.5517,58.7285,0.529884,35.7363,0,42,11736.6,0,0,0,0,21.7261,0.269181,0.0516605,0.100656
5138,Antioquia,0,1,1,1,0,0,3,1,0,1,1,1,15,1.01821,0.407678,27.2499,57.3015,34.6519,76.9168,0.477022,38.8988,48.91,47,6601.22,1,1,1,0,24.098,0.254296,0.0260763,0.0731857
5142,Antioquia,0,0,1,1,0,0,3,1,1,1,0,1,7,1.44062,0.59543,29.8423,70.937,62.2987,81.3324,0.394125,50.5436,64.07,53,22491.5,0,0,0,0,6.42361,,,
5145,Antioquia,0,1,1,1,0,0,3,0,0,1,0,0,41,1.02984,0.455432,48.1928,64.5601,55.886,96.6543,0.497502,63.4761,67.47,51,14909.9,0,0,0,0,5.92587,0.410428,0.0773862,0.226138
5147,Antioquia,0,0,2,2,1,0,4,1,0,1,0,0,24,1.07194,0.536061,29.2946,60.3295,56.2013,79.6306,0.708834,42.0875,56.74,50,28634.1,0,0,0,0,129.921,,,
5148,Antioquia,0,1,3,1,1,0,3,1,1,1,1,1,59,0.973274,0.603764,23.7018,78.9125,51.7837,89.1542,0.282225,64.6096,72.3,59,28245.9,0,0,0,0,0.257882,0.306388,0.0153787,0.103902
5150,Antioquia,0,1,1,1,0,0,5,1,0,1,0,0,12,2.05811,0.889148,35.0616,86.2643,75.9625,96.5661,0.355608,72.0452,72.58,63,43324.6,0,0,0,0,5.10853,0.39855,0.0893461,0.201029
5154,Antioquia,0,1,1,1,0,1,14,1,1,1,0,1,104,1.52644,0.920517,16.8685,88.2296,55.6611,89.6062,0.600231,50.5006,53.62,60,52614.1,0,0,0,0,47.4615,,,
5172,Antioquia,0,1,1,1,0,0,17,1,0,1,0,0,23,1.38952,0.626,36.849,53.9228,56.0849,75.6473,0.512488,41.8215,60,56,19784.5,0,0,0,0,124.914,0.0213603,0.0101713,0.0208779
5190,Antioquia,0,1,1,1,0,0,3,1,0,1,0,1,9,1.19635,0.869026,26.1788,81.6628,68.9146,93.903,0.648717,65.3376,68.25,61,37289.8,0,0,0,0,16.7328,,,
5197,Antioquia,0,1,1,1,0,0,3,1,0,1,0,0,48,1.17755,0.308476,18.5775,33.5186,16.8477,72.7962,0.274087,37.9245,58.46,47,8155.23,0,0,0,0,15.0195,0.31701,0.0589686,0.222421
5206,Antioquia,0,0,1,1,0,0,3,1,0,1,0,1,57,1.01844,0.336477,36.5365,32.9187,27.1144,90.5473,0.2288,48.2934,66.05,50,22132.8,0,0,1,0,17.5871,0.46963,0.113713,0.271445
5209,Antioquia,0,1,1,1,0,0,5,1,0,1,0,1,17,1.23081,0.28815,19.6747,56.9379,49.5671,91.8377,0.536716,50.3551,60.78,47,25462.5,0,0,0,0,10.8585,0.284715,0.053565,0.266114
5212,Antioquia,0,1,2,1,0,1,36,1,1,1,1,1,119,1.34365,1,32.6809,88.2932,83.2129,99.1767,0.374655,79.1031,80.34,70,88018.5,0,0,2,0,1.09652,0.499105,0.114369,0.378762
5234,Antioquia,0,1,0,1,1,0,8,1,0,1,1,1,62,1.1405,0.306431,39.7736,53.9401,39.0783,61.0599,0.424164,27.1373,43.51,49,9210.2,0,0,0,0,48.49,0.0965013,0.0270963,0.0599292
5237,Antioquia,0,1,1,1,0,0,6,1,0,1,0,0,14,1.32871,0.757988,24.2118,69.9754,64.356,98.1132,0.592571,76.0197,71.28,63,50569,0,0,0,0,2.37278,0.490783,0.0873526,0.110575
5240,Antioquia,0,1,1,1,0,1,3,1,0,1,0,1,13,1.15632,0.493191,11.1044,85.8104,37.8951,87.2562,0.488028,51.7556,57.48,43,16098.6,0,0,0,0,13.3196,0.220753,0.0410356,0.139992
5250,Antioquia,0,0,1,1,0,0,16,1,0,1,0,0,28,1.33831,0.519726,40.295,75.2913,30.4314,73.2813,0.443532,36.2192,55.25,49,22661.3,0,0,0,0,0.405255,,,
5264,Antioquia,0,1,1,1,0,0,5,1,0,1,0,1,24,1.27268,0.569872,27.4972,46.0489,40.8764,97.2701,0.66814,76.6242,74.72,54,62634.8,0,0,0,0,9.63692,0.550178,0.149562,0.264914
5266,Antioquia,0,,,,,,,,,,,,180,1.13271,1,8.73002,96.5112,93.2882,99.5848,0.21458,90.8457,84.64,79,232827,0,0,1,0,13.6408,0.57624,0.146443,0.731902
5282,Antioquia,0,1,2,1,1,5,6,1,1,1,1,1,91,1.29875,0.790537,18.4749,84.4956,76.2209,96.3532,0.610842,68.3885,69.7,57,52561.9,0,0,0,0,18.8695,0.352777,0.0894745,0.209233
5284,Antioquia,0,1,1,1,0,0,5,1,0,1,1,1,25,1.25892,0.499133,29.4026,59.6763,44.2122,73.3648,0.444511,45.5578,55.11,47,22394.6,0,0,0,0,24.5239,0.281874,0.0692496,0.220598
5306,Antioquia,0,0,1,1,1,0,2,1,0,1,0,1,6,0.936115,0.450973,18.5185,78.129,43.9949,90.7712,0.345232,46.1425,52.62,42,15079.9,0,0,0,0,20.0717,0.26018,0.0629406,0.11279
5308,Antioquia,0,1,2,1,1,1,14,1,1,1,1,1,175,1.33386,0.953731,32.6821,84.8915,69.1152,98.4474,0.340976,77.7199,76.57,71,146015,0,0,0,0,5.04051,0.3574,0.0890896,0.231145
5310,Antioquia,0,1,1,1,0,0,3,1,0,1,0,0,12,1.26631,0.735028,17.6669,74.9743,64.1829,94.8099,0.500546,58.6083,54.46,54,52480.8,0,0,1,0,4.74903,0.409772,0.0781695,0.256588
5313,Antioquia,0,1,1,1,0,0,5,1,0,1,0,0,65,0.976973,0.556711,21.0104,71.5141,40.4619,89.9059,0.473024,53.967,66.98,51,10081,0,0,0,0,18.2819,0.524118,0.0838982,0.221268
5315,Antioquia,0,0,1,1,0,0,3,1,0,1,0,0,3,1.16698,0.325555,30.0105,40.2279,37.9492,93.4268,0.517215,40.1039,51.78,41,16625.7,0,0,0,0,5.37286,,,
5318,Antioquia,0,0,1,1,0,1,4,1,1,1,0,1,37,1.2552,0.821917,27.1506,69.2984,51.8727,90.3112,0.415154,64.083,72.26,58,86642.3,0,0,1,0,1.43167,0.38671,0.0943192,0.282186
5321,Antioquia,0,0,1,1,1,0,3,1,0,1,0,0,11,1.05755,0.689413,25.1226,85.0246,69.8036,94.4353,0.223229,73.449,75.1,62,43749.2,0,0,0,0,24.0186,0.546928,0.0796424,0.217391
5347,Antioquia,0,0,1,1,0,0,4,1,0,1,0,0,57,1.25743,0.505868,64.6498,94.3205,60.4462,92.4273,0.313964,55.0151,59.73,55,23250.3,0,0,0,0,1.48618,0.29946,0.0779979,0.108596
5353,Antioquia,0,0,1,1,0,0,2,1,1,1,0,0,26,1.70116,0.797518,35.746,74.5781,76.2658,93.9873,0.58755,58.3471,65.74,54,39744.2,0,0,0,0,32.2236,,,
5360,Antioquia,0,,,,,,,,,,,,147,0.937151,0.824125,8.02223,98.2571,96.4498,99.7698,0.358954,87.7017,90.76,77,104071,0,0,1,0,10.3341,0.456149,0.10689,0.421157
5361,Antioquia,0,1,1,0,0,0,5,1,0,1,1,1,42,0.926227,0.232207,31.7225,41.4266,25.3625,36.9225,0.453623,24.6149,45.56,44,3741.03,0,0,0,0,15.7711,0.2761,0.0430742,0.197596
5364,Antioquia,0,1,1,1,0,0,6,1,1,1,0,0,13,1.28997,0.730797,17.817,78.4202,49.9832,94.4874,0.336268,64.5201,67.75,56,17932.5,0,0,0,0,12.7012,0.389989,0.0931144,0.224788
5368,Antioquia,0,1,1,1,1,1,8,1,1,1,1,1,35,1.07159,0.705504,21.3279,84.6562,71.8796,96.1936,0.259207,70.2032,66.36,57,38140.3,0,0,0,0,20.8423,0.418407,0.0704523,0.445775
5376,Antioquia,0,1,3,2,1,0,21,1,1,1,1,1,330,0.984766,0.763202,24.138,80.8234,71.4166,97.8786,0.438532,79.5476,78.25,71,72668.4,0,0,0,0,1.17071,0.430849,0.14851,0.625438
5380,Antioquia,0,1,1,1,1,1,21,1,0,1,0,1,117,1.21293,0.854093,45.0892,95.0327,92.1212,99.3107,0.224424,81.4184,78.34,71,72878.8,1,1,0,0,11.2518,0.430004,0.0834395,0.270701
5400,Antioquia,0,0,3,1,0,0,3,0,0,0,0,1,19,1.1679,0.520207,26.5374,71.5226,84.6178,95.7707,0.472542,71.5457,71.57,55,42388.3,0,0,0,0,6.18356,0.492686,0.113046,0.435719
5411,Antioquia,0,1,1,1,1,0,3,1,0,1,0,0,12,1.35101,0.516817,23.9809,64.9159,37.0219,94.4416,0.502857,58.5304,58.77,46,13007.7,0,0,0,0,6.91786,0.297314,0.0771792,0.276634
5425,Antioquia,0,1,2,1,0,2,3,1,1,1,0,1,10,1.2265,0.592386,30.8052,57.1348,40.3271,76.9882,0.426118,51.5175,58.58,46,31236.5,0,0,0,0,1.97243,,,
5440,Antioquia,0,1,1,1,1,1,12,1,1,1,1,1,80,1.30565,0.808611,23.5734,84.4504,58.2726,93.8306,0.469406,70.6076,75.64,64,54466.6,2,2,2,0,3.64185,0.382207,0.0816551,0.243425
5467,Antioquia,0,0,1,1,0,0,3,1,0,1,0,0,21,1.15622,0.225799,27.616,51.0591,31.1037,90.7469,0.445715,54.9721,60.03,50,46858,0,0,1,0,4.89924,0.389214,0.0769072,0.286804
5475,Antioquia,0,0,2,1,2,1,2,1,0,0,0,0,5,2.09929,0.554181,44.5472,0.217865,0,18.5185,0.628128,0.08643,13.17,40,4785.94,0,0,0,0,81.6364,0.114547,0.0374833,0.0589023
5480,Antioquia,0,0,1,1,1,0,2,1,0,1,0,0,4,1.65537,0.420373,44.6465,43.3204,35.576,61.5682,0.450812,30.4033,45.3,42,11040.5,0,0,0,0,76.5497,0.132723,0.0456522,0.123913
5483,Antioquia,0,1,3,1,0,0,4,0,0,1,0,1,15,1.09032,0.167385,38.082,38.9008,25.7316,77.873,0.594873,49.9669,59.89,47,4054.98,0,0,0,0,12.1913,0.438259,0.0916749,0.208788
5490,Antioquia,0,0,2,2,1,0,4,1,1,1,1,0,19,1.95919,0.510843,63.7211,40.4771,5.77145,34.3017,0.803483,16.7266,32.24,38,12037.8,0,0,0,0,138.374,,,
5495,Antioquia,0,0,2,2,0,0,2,1,0,1,0,0,18,,1,45.1097,62.6362,5.3451,83.8609,0.790681,33.1247,39.9,47,8270.4,0,0,0,0,50.0555,,,
5501,Antioquia,0,0,1,1,0,1,2,0,0,0,0,0,13,1.69817,0.654408,63.2441,93.9286,43.3929,91.6071,0.560629,48.3307,53.37,47,16413.5,0,0,1,0,10.164,,,
5541,Antioquia,0,1,1,2,1,0,2,1,1,1,0,1,68,1.13602,0.676682,24.3483,75.9621,47.1568,98.1907,0.334652,67.0745,70.47,57,48407.6,1,1,1,0,18.387,0.561508,0.145952,0.486317
5543,Antioquia,0,0,1,2,0,0,2,1,0,1,0,0,18,1.22518,0.161882,20.4601,48.1224,18.1502,46.3839,0.322286,18.7743,35.51,39,2734.65,0,0,0,0,14.7552,0.201364,0.0432081,0.298786
5576,Antioquia,0,1,1,1,0,0,3,1,0,1,0,0,10,1.07954,0.467782,27.367,57.8696,53.5241,92.8988,0.422874,61.1942,63.98,53,22776.4,0,0,0,0,25.8595,0.381246,0.0942623,0.364398
5579,Antioquia,0,1,1,1,0,0,17,1,1,1,1,1,22,1.43323,0.879505,18.9979,89.9081,74.2221,87.9574,0.581515,57.5943,61.53,58,63031.3,0,0,0,0,27.5485,0.312441,0.0350982,0.248238
5585,Antioquia,0,0,1,1,0,0,3,0,0,1,0,1,125,1.70775,0.835216,15.8424,76.461,67.1429,80.1623,0.56698,50.5261,62.18,59,149345,1,1,2,0,9.43616,,,
5591,Antioquia,0,0,1,1,0,0,2,1,0,1,0,0,14,1.41784,0.721429,21.005,84.8665,68.7156,84.7817,0.602719,53.8033,60.34,52,59201.5,0,0,0,0,42.8247,,,
5604,Antioquia,0,1,1,1,0,0,3,1,0,1,0,0,11,,,,65.5724,38.624,76.306,0.618843,46.6579,52.45,49,156754,5,5,3,1,6.81928,0.327227,0.0479826,0.245147
5607,Antioquia,0,1,3,1,1,1,5,1,0,1,0,1,59,1.49917,0.717825,23.9666,67.7069,58.6499,95.0475,0.307238,74.0574,77.79,60,122337,0,0,1,0,7.44539,0.766667,0.129875,0.831671
5615,Antioquia,0,2,2,1,1,1,35,1,1,2,1,1,838,1.26679,1,6.14615,90.8723,67.2266,97.7332,0.573368,82.4292,82.69,75,224603,8,8,4,1,1.4732,0.505896,0.111792,0.416603
5628,Antioquia,0,0,1,1,0,1,2,1,0,1,0,1,15,1.3628,0.365574,36.37,63.1861,14.324,59.237,0.545257,37.4543,45.72,45,8999.12,1,1,1,0,1.28496,0.194107,0.0399306,0.0943287
5631,Antioquia,0,0,2,1,1,0,24,1,1,1,0,0,32,1.56768,1,43.3333,97.8487,93.5911,99.5788,0.319393,89.2123,83.16,75,173748,0,0,0,0,11.8788,,,
5642,Antioquia,0,1,1,1,0,0,4,1,1,1,0,1,18,1.28006,0.338102,29.3729,61.7639,72.2175,90.6734,0.527884,53.9336,61.42,49,26726.2,0,0,0,0,20.5098,0.263339,0.0389798,0.429933
5647,Antioquia,0,1,1,1,0,0,3,1,0,1,0,1,9,1.02878,0.380213,20.7054,44.6256,26.6908,74.9396,0.583417,45.0968,56.76,42,6855.4,2,2,2,0,9.88031,0.330073,0.0843313,0.238856
5649,Antioquia,0,1,1,2,0,0,4,0,1,1,0,0,57,1.05314,0.368654,27.2863,61.7813,46.7193,92.221,0.133943,46.3955,64.07,55,57447.5,0,0,0,0,39.8623,0.408028,0.0778612,0.225375
5652,Antioquia,0,0,2,1,1,0,1,0,0,1,0,0,9,0.96153,0.190979,31.7496,36.7362,19.77,45.8663,0.217864,23.4277,50.59,39,1876.16,0,0,0,0,18.5825,0.412481,0.0895031,0.320779
5656,Antioquia,0,1,1,1,0,0,3,0,0,1,0,0,18,1.46527,0.771377,21.6189,80.7202,53.8286,91.0665,0.471833,60.3138,59.6,50,57093,0,0,1,0,15.5132,0.270761,0.0380503,0.16022
5658,Antioquia,0,0,1,1,0,0,3,1,0,1,0,0,7,1.01976,1,37.5439,68.8923,61.0015,88.3156,0.707143,69.8207,68.48,58,27516.4,0,0,0,0,14.7294,,,
5659,Antioquia,0,0,1,3,1,0,4,1,0,0,0,0,16,1.17427,0.46607,39.2195,25.2294,3.99738,29.7838,0.8421,10.7261,34.4,38,6898.57,0,0,0,0,91.7166,,,
5660,Antioquia,0,0,1,1,0,0,3,1,1,1,0,0,24,0.999011,0.344291,17.8829,54.5386,39.3098,66.5041,0.304875,41.7526,61.12,46,6750.2,0,0,0,0,33.2091,0.412635,0.0498645,0.622764
5664,Antioquia,0,1,1,1,0,1,6,1,0,1,0,1,67,1.17149,0.748283,18.8705,58.4763,41.0585,94.2134,0.468717,69.4229,71.17,57,35131.5,0,0,1,0,2.89694,0.216327,0.107548,0.100259
5665,Antioquia,0,0,1,2,0,2,4,1,0,0,0,0,38,1.34927,0.548877,27.1105,34.2647,20.9559,32.0588,0.423054,15.6339,36.11,43,6567.7,0,0,0,0,127.203,,,
5667,Antioquia,0,1,1,2,0,0,3,1,0,1,0,0,27,1.00066,0.360494,16.336,45.6387,39.2234,91.812,0.360162,42.2197,59.26,46,14389.8,0,0,1,0,38.6064,0.274348,0.03815,0.0948524
5670,Antioquia,0,1,1,1,0,0,3,1,1,1,0,1,20,1.25327,0.684568,26.2454,60.1896,51.5271,68.6151,0.492282,46.1705,55.88,46,12342.4,0,0,0,0,26.0899,0.405773,0.0934858,0.262755
5674,Antioquia,0,1,1,1,1,0,6,1,1,1,0,1,42,1.05193,0.425546,29.3158,35.2609,26.5227,80.8533,0.442245,43.7277,64.07,48,10207.6,0,0,1,0,9.17915,0.300907,0.106684,0.117965
5679,Antioquia,0,1,1,1,0,0,5,1,0,1,1,0,18,1.23181,0.679965,13.5357,93.3017,78.1363,93.924,0.454673,63.002,65.28,56,27790.2,0,0,0,0,6.02318,0.357071,0.0729109,0.302457
5686,Antioquia,0,1,1,1,1,1,10,1,0,1,1,1,53,1.63212,0.757603,26.2058,59.6378,42.1732,89.1132,0.747364,71.2187,70.49,56,55376.8,2,2,3,0,16.3949,0.254634,0.0596259,0.109993
5690,Antioquia,0,1,2,1,0,0,4,1,0,1,1,1,12,1.37343,0.770516,15.1199,49.4414,42.1261,80.3604,0.391061,57.5947,64.93,47,25765.9,0,0,1,0,16.1842,0.349733,0.0828132,0.321015
5697,Antioquia,0,1,3,1,1,0,8,1,1,1,0,1,66,1.08099,0.602351,21.1643,87.238,76.1602,95.0037,0.5032,68.2786,71.32,63,21757.9,0,0,0,0,9.73226,0.612255,0.145828,0.591395
5736,Antioquia,0,1,1,1,0,0,9,1,0,1,1,1,19,1.17343,0.664296,23.4724,55.9295,46.7147,84.5833,0.484973,47.1638,58.68,55,28524.6,0,0,0,0,3.20119,0.449794,0.0578431,0.424265
5756,Antioquia,0,1,3,1,0,1,12,1,1,1,1,1,87,1.16628,0.481267,34.1181,62.2967,47.1955,82.7746,0.325202,65.0676,60.05,59,23598.8,0,0,1,0,16.7166,0.345341,0.0828749,0.212942
5761,Antioquia,0,1,1,1,0,0,6,1,0,1,1,1,11,1.72672,0.893742,19.7143,79.5541,35.2124,93.1426,0.509959,58.5269,60.29,53,36216.4,1,1,1,0,14.2045,0.321715,0.087495,0.280321
5789,Antioquia,0,1,1,1,0,0,6,1,1,1,1,1,18,1.31428,0.735598,14.5731,73.8271,56.1413,94.7022,0.441968,66.4314,65.76,55,43775.1,0,0,1,0,6.48238,0.487495,0.0982562,0.39046
5790,Antioquia,0,0,2,1,1,3,4,1,0,1,0,0,93,1.27475,0.363902,87.2142,59.0168,42.435,64.3403,0.688054,29.606,45.4,49,7509.41,0,0,0,0,18.7872,,,
5792,Antioquia,0,1,1,1,0,0,2,1,0,1,0,1,54,1.23181,0.504236,31.7513,65.0897,53.1811,92.0065,0.580762,53.6814,56.49,55,32017.9,0,0,0,0,28.8722,,,
5809,Antioquia,0,1,1,1,0,0,3,1,0,1,1,1,8,1.29389,0.605467,32.1024,83.2975,68.0585,95.48,0.321122,59.2359,66.22,52,40765.8,0,0,1,0,10.9085,0.299402,0.051246,0.170376
5819,Antioquia,0,0,1,1,1,0,2,1,0,1,0,0,7,0.665323,0.134294,12.1998,49.0053,14.2573,59.3501,0.25313,29.996,49.53,43,2060.49,0,0,0,0,0.55854,0.273901,0.036246,0.198706
5837,Antioquia,0,1,1,1,1,1,16,1,1,1,1,1,225,1.61962,0.664084,36.3784,43.4074,18.4959,64.8822,0.447346,29.8824,42.62,51,23543.6,0,0,0,0,155.186,0.162732,0.0310492,0.149893
5842,Antioquia,0,0,1,1,1,0,2,1,0,1,0,0,21,1.2077,0.262045,31.2548,38.8475,23.5932,52.2034,0.441563,24.4637,42.41,40,10346.6,0,0,0,0,36.8786,,,
5847,Antioquia,0,1,0,1,0,1,9,1,1,1,1,1,83,1.09712,0.409277,27.4085,54.8086,45.5675,63.9843,0.399939,41.1994,62.86,54,16676.3,0,0,0,0,5.85408,0.297972,0.0688055,0.161502
5854,Antioquia,0,1,1,1,0,0,3,1,0,1,0,0,7,1.58778,0.366679,39.0086,43.0253,24.891,56.408,0.896509,34.8102,51.51,47,24814.1,0,0,0,0,16.4525,0.253294,0.0299039,0.166099
5856,Antioquia,0,1,1,1,0,0,3,1,1,1,0,1,45,1.31683,0.557432,41.1594,78.9444,73.0556,93.6667,0.358046,59.4915,67.34,55,85846.5,0,0,0,0,4.48022,0.361847,0.0733367,0.318235
5858,Antioquia,0,0,1,1,0,0,1,1,0,1,0,0,12,0.915288,0.391722,37.7817,58.8688,43.0935,70.4117,0.43175,39.2662,53.67,47,9763.71,0,0,0,0,10.9889,,,
5861,Antioquia,0,1,1,1,0,0,3,1,0,1,0,1,38,1.40926,0.688463,14.7891,86.0052,71.8252,94.0392,0.471284,63.6644,66.34,55,42234.5,0,0,0,0,23.0313,0.242672,0.0618709,0.229634
5873,Antioquia,0,0,2,2,0,0,2,1,0,1,0,0,19,1.37102,0.510372,63.8774,7.00152,0.152207,0.608828,0.33057,5.29819,41.05,40,27351.9,1,1,0,0,54.8412,,,
5885,Antioquia,0,1,1,1,0,0,2,1,0,0,0,0,10,1.10833,0.375235,26.7348,45.6846,36.2751,54.3154,0.378584,38.8501,55.06,43,12495.7,0,0,0,0,0.18937,,,
5887,Antioquia,0,2,1,1,0,0,23,1,1,1,1,1,86,1.36428,0.739587,13.0728,81.2566,66.7324,89.3307,0.762823,60.0212,66.19,61,38698,0,0,1,0,14.5084,0.393468,0.0814431,0.232658
5890,Antioquia,0,1,1,1,0,0,5,1,0,1,1,0,18,2.07477,0.597031,14.7639,57.3333,17.2121,74.1212,0.98639,56.4602,59.29,51,22874.6,6,6,4,0,19.8856,0.379572,0.0490937,0.265186
5893,Antioquia,0,0,2,1,0,0,2,1,0,1,0,0,44,1.4846,0.584012,18.2749,50.9645,37.665,68.0203,0.526841,29.3581,46.91,48,43229.6,0,0,0,0,55.5242,,,
5895,Antioquia,0,1,1,1,0,0,7,1,0,1,0,0,77,1.30213,0.505502,34.2064,52.1935,36.6704,62.6097,0.326367,31.1392,47.93,51,41376.7,4,4,2,1,8.28457,0.31021,0.0378619,0.332962
8001,Atlantico,1,20,44,47,17,22,332,30,9,32,7,20,2056,0.987796,0.842937,18.589,96.9232,78.3622,97.7087,0.497188,72.2421,82.31,80,64655,2,2,1,0,2.84592,0.530049,0.101018,0.56897
8078,Atlantico,0,1,2,1,1,1,19,1,1,1,1,1,184,1.0851,1,23.1331,91.4219,9.21386,91.8121,0.528823,68.9445,67.48,69,15872.7,0,0,1,0,5.94276,0.385221,0.0641682,0.426325
8137,Atlantico,0,1,1,1,1,1,13,1,0,0,1,1,138,1.16694,0.652825,25.4762,86.23,10.6973,80.9703,0.438884,37.8792,45.14,61,3613.55,0,0,1,0,4.60244,0.329025,0.0664103,0.142308
8141,Atlantico,0,1,1,1,1,2,5,1,0,0,1,0,164,0.956944,0.485657,28.4152,88.8643,6.639,87.767,0.610551,24.144,35.78,51,1468.07,0,0,1,0,0.384929,,,
8296,Atlantico,0,1,1,1,1,1,11,1,0,0,1,1,48,1.29541,0.932612,49.9238,91.9813,2.03284,96.0622,0.572262,64.8907,60.62,64,54850.8,0,0,1,0,7.17439,0.273182,0.055026,0.307192
8372,Atlantico,0,1,1,2,1,0,3,1,0,0,0,1,9,1.12164,0.830045,24.7166,88.6868,1.98718,82.8935,0.416324,60.8949,63.23,50,38683.2,0,0,1,0,5.6241,0.243257,0.104743,0.258893
8421,Atlantico,0,0,1,1,1,1,6,1,0,0,0,1,41,1.31783,0.741676,42.9327,94.7088,1.68658,92.919,0.487843,47.6804,55.48,49,8638.49,0,0,1,0,10.8348,,,
8433,Atlantico,0,,,,,,,,,,,,151,0.847872,0.561695,72.8105,89.229,78.5555,95.7996,0.513413,64.1091,62.28,67,60968.8,0,0,1,0,2.83503,0.227698,0.0488263,0.226291
8436,Atlantico,0,1,1,2,1,1,15,1,1,0,1,1,45,1.37374,0.985436,40.6209,79.9476,1.80328,80.9549,0.574889,30.7743,48.4,54,13880.3,0,0,1,0,4.61094,0.268817,0.0599854,0.221653
8520,Atlantico,0,0,1,1,1,1,10,1,1,0,0,1,107,1.05904,0.936291,54.4242,95.5713,0.817757,86.0942,0.513619,46.3161,62.26,61,2208.69,0,0,0,0,0.791571,0.188679,0.0222425,0.0240707
8549,Atlantico,0,1,1,2,1,1,3,1,0,0,1,1,10,0.797045,0.304889,47.9167,44.224,71.7678,72.9983,0.462842,55.9119,51.82,50,19066.7,0,0,1,0,1.68167,0.255696,0.0779456,0.290635
8558,Atlantico,0,1,1,2,1,1,12,1,1,0,1,1,101,1.11216,0.573365,30.3573,78.3476,1.67273,89.313,0.559987,58.9206,64.97,64,7267.29,0,0,0,0,4.03874,0.288791,0.0601399,0.368298
8560,Atlantico,0,1,1,1,1,1,10,1,1,0,0,0,32,1.2771,0.598507,28.4895,93.1,7.32159,89.1286,0.692008,47.3185,55.72,49,15796.1,0,0,1,0,1.97503,,,
8573,Atlantico,0,0,1,2,0,0,10,1,0,0,0,0,53,1.26604,1,19.3151,98.4192,33.8458,96.0729,0.394435,64.495,69.26,62,66013.4,0,0,0,0,6.07644,0.365334,0.0679957,0.358847
8606,Atlantico,0,0,1,2,1,1,7,1,0,0,0,1,36,1.16897,0.689415,23.1708,95.082,19.1188,88.4058,0.582185,38.8714,53.67,50,2692,0,0,0,0,7.76853,0.228681,0.0823265,0.117449
8634,Atlantico,0,0,1,1,1,0,19,1,0,1,0,1,54,0.883337,0.602564,35.4677,97.43,30.2185,93.9427,0.650817,57.342,60.06,63,8333.81,2,2,1,0,3.37501,0.168965,0.0394181,0.100892
8638,Atlantico,0,2,2,1,3,1,47,1,1,1,1,1,220,0.946872,0.71441,19.7263,90.9233,49.4796,92.9786,0.468948,63.8181,67.65,66,9032.67,1,1,1,0,11.8969,,,
8675,Atlantico,0,0,1,2,1,0,5,0,1,0,1,1,48,1.04544,0.434417,19.1322,92.05,8.48485,87.0293,0.397566,32.3342,45.86,53,13755.4,0,0,0,0,3.94525,,,
8685,Atlantico,0,1,2,1,1,1,26,1,1,1,1,1,48,0.909735,1,21.1114,98.1414,6.15489,91.9719,0.457923,51.9877,66.12,62,17022.2,1,1,1,0,3.28261,0.312024,0.0377608,0.473667
8758,Atlantico,0,,,,,,,,,,,,599,0.956338,0.771761,30.0451,97.32,92.192,97.267,0.503749,76.9908,75.95,81,13963.3,1,1,1,0,3.78615,0.346969,0.0720893,0.73326
8770,Atlantico,0,1,1,2,1,1,6,1,0,0,0,1,66,0.982477,0.63002,14.1387,87.1,3.1617,85.7592,0.444,38.5838,50.6,55,14353.7,0,0,0,0,4.99537,0.281967,0.0718301,0.104934
8832,Atlantico,0,0,1,2,0,1,5,1,0,1,1,1,22,0.805002,0.422996,35.5843,78.5861,19.0393,81.0345,0.410645,58.0837,58.14,52,47159.3,0,0,1,0,4.58065,0.225743,0.0573984,0.383526
8849,Atlantico,0,0,1,2,1,1,6,1,1,0,1,1,20,0.931191,0.552024,32.8093,88.8263,7.82241,85.1319,0.466985,49.88,56.69,56,24377.4,0,0,1,0,0.248064,0.25983,0.0566802,0.390182
11001,Cundinamarca,1,98,219,233,85,108,1650,150,44,158,35,99,24551,1.03528,0.840801,16.4426,97.7271,90.8257,96.0116,0.469179,82.719,95.84,84,173508,715,464,4,1,3.06115,0.593939,0.119324,0.708516
13001,Bolivar,1,12,27,29,11,13,205,19,5,20,4,12,1013,1.0917,0.851379,23.9371,91.3091,63.0081,95.3432,0.483295,66.925,76.84,76,88389,3844,3795,2,1,9.5576,0.249582,0.0473512,0.124538
13006,Bolivar,0,1,1,1,0,0,2,1,0,0,0,1,31,1.74476,0.402639,28.6007,20.1467,1.46669,17.8448,0.242372,10.8376,29.19,37,7.19124,0,0,1,0,67.0774,,,
13052,Bolivar,0,1,1,1,0,4,15,1,0,1,1,1,54,1.27482,0.769236,44.7815,89.6958,4.42181,92.9251,0.501708,38.9281,49.25,55,17762.4,0,0,1,0,15.1976,0.310911,0.0902765,0.274726
13074,Bolivar,0,0,1,1,1,0,2,1,0,0,0,1,27,1.80717,0.482097,38.0234,34.988,7.2503,56.7389,0.355188,20.6042,35.46,42,12446.3,3,3,1,0,6.04552,0.093985,0.0729323,0.338346
13140,Bolivar,0,1,2,1,1,0,12,1,0,1,0,1,74,1.59609,0.821374,29.9695,45.3192,0.454201,86.8029,0.329908,36.803,38.01,48,8788.84,6,6,1,0,1.82262,0.483945,0.0811123,0.182896
13212,Bolivar,0,1,1,2,1,0,3,1,0,0,0,1,24,1.1896,0.445498,149.767,61.0163,0.155159,41.699,0.542423,16.0119,39.84,42,2246.12,1,1,0,0,1.10199,0.142172,0.0856458,0.223022
13244,Bolivar,0,1,1,1,0,0,37,1,0,1,1,1,60,1.3362,0.586887,30.4651,39.3653,4.18234,71.384,0.457507,27.3466,16.54,52,5761.38,0,0,1,0,21.6238,0.202344,0.0743484,0.0653099
13248,Bolivar,0,1,2,2,1,0,3,1,0,0,0,1,21,1.12175,0.53644,54.054,55.9006,2.27743,62.3879,0.268017,25.7583,46.89,42,2958.85,0,0,0,0,3.01383,0.334923,0.103695,0.502582
13433,Bolivar,0,1,1,2,1,0,6,1,0,1,1,1,93,1.54325,0.688162,53.8855,71.7339,0.51174,85.1595,0.499198,33.06,52.44,48,14584.7,2,2,1,0,0.0842677,0.124245,0.245729,0.0862813
13440,Bolivar,0,0,1,1,1,0,5,0,0,0,0,0,14,2.11691,0.636194,7.75194,11.4499,0.0677507,65.9214,0.787218,15.2377,33.97,38,8711.23,0,0,0,0,1.76417,0.0738041,0.103189,0.248519
13442,Bolivar,0,1,1,2,1,0,8,1,0,0,0,1,34,1.08055,0.440021,61.1644,20.0636,4.40642,73.1072,0.52237,29.5385,46.02,43,6104.52,1,1,1,0,2.05906,,,
13468,Bolivar,0,1,1,1,1,3,25,1,1,1,1,1,46,1.27135,0.576422,26.4663,68.9588,41.1622,71.7191,0.446048,47.6977,56.74,56,5372.03,50,50,2,1,3.64889,0.272821,0.111953,0.0929057
13473,Bolivar,0,1,1,1,1,0,3,1,0,1,0,1,26,1.33417,0.371185,45.7861,23.1833,2.49458,36.7408,0.285277,13.8888,44.2,40,4454.83,1,1,0,0,18.2565,,,
13549,Bolivar,0,1,1,2,0,0,3,1,0,1,0,1,21,1.36943,0.559917,54.1526,36.873,6.70586,44.7915,0.2814,15.9745,28.95,40,13319.5,0,0,0,0,30.9441,,,
13600,Bolivar,0,0,1,1,1,0,4,1,0,0,0,1,20,0.725502,0.136909,39.0237,23.015,0.23015,36.8239,0.214637,9.95663,31,38,263.856,0,0,1,0,22.5128,,,
13647,Bolivar,0,1,1,2,1,1,11,1,0,1,0,1,43,1.06463,0.722322,60.303,89.2149,6.62173,82.95,0.513386,34.4255,50.96,50,4418.54,0,0,1,0,1.30741,0.0754158,0.0829346,0.0936432
13650,Bolivar,0,0,1,1,1,0,4,1,0,0,0,1,15,1.54072,0.60112,25.248,31.6719,0.189274,48.8328,0.554757,16.1073,40.2,40,1809.66,0,0,0,0,2.83515,0.129188,0.087863,0.151899
13657,Bolivar,0,1,1,1,1,0,22,1,1,1,1,1,106,1.2405,0.662401,46.4704,56.1413,0.688406,82.2464,0.484127,38.2874,42.13,57,7336.59,0,0,1,0,14.3922,,,
13667,Bolivar,0,1,1,1,1,0,4,1,0,0,0,0,23,1.16828,0.624314,22.8716,34.1505,2.43019,62.6732,0.454587,19.2304,40.39,41,1067.06,0,0,0,0,3.84184,0.0730787,0.116219,0.179632
13670,Bolivar,0,0,1,0,1,0,7,1,0,1,0,0,24,1.11783,0.349384,60.237,36.2,20.8785,51.4157,0.440259,22.9287,41.92,43,17682,2,2,1,0,30.9927,,,
13673,Bolivar,0,0,1,1,0,0,6,1,0,0,0,0,39,1.02416,0.558482,242.258,8.14371,1.3473,81.8264,0.374756,30.0349,51.67,44,17793.5,0,0,1,0,2.51234,0.27934,0.0858802,0.510697
13683,Bolivar,0,0,1,2,1,0,6,1,0,1,1,1,27,1.37777,0.763292,93.0083,0.757166,0.0540833,83.8291,0.590182,5.27578,18.32,49,21102.2,0,0,2,0,5.71406,0.230964,0.0587678,0.367457
13688,Bolivar,0,0,1,1,1,0,4,1,0,0,0,1,60,1.40625,0.414398,19.5325,22.772,17.1296,22.338,0.473347,22.1653,50.57,44,25811.8,1,1,2,0,18.6543,,,
13744,Bolivar,0,1,1,1,0,0,4,1,0,0,0,1,23,1.19056,0.285641,20.707,28.2881,0.549283,23.8328,0.232505,19.53,44,39,7439.55,4,4,2,1,7.0761,0.150956,0.0860251,0.334212
13760,Bolivar,0,0,1,2,1,0,6,1,0,1,0,0,11,1.3341,0.944522,44.5662,90.1455,1.36086,89.6293,0.65709,42.6787,52.62,53,526.11,0,0,0,0,0.368877,0.154851,0.119403,0.246269
13780,Bolivar,0,0,1,1,1,0,5,1,0,1,0,1,15,0.890806,0.460098,16.3934,54.0667,5.7962,66.3758,0.305481,25.6715,42.52,43,198.061,0,0,0,0,6.74378,,,
13836,Bolivar,0,1,2,2,3,1,42,1,1,1,1,1,224,1.38355,0.998753,82.7799,85.1345,4.66491,95.786,0.501414,56.7116,56.58,68,44345.3,0,0,1,0,15.9854,0.282231,0.0620038,0.482798
13838,Bolivar,0,0,2,2,1,1,5,1,0,1,1,1,79,1.291,0.840954,34.6216,8.39315,0.331309,91.9934,0.626087,14.6607,45.47,54,18521.5,0,0,1,0,21.3461,0.0785318,0.0273154,0.0490824
13873,Bolivar,0,0,1,2,0,1,6,1,1,1,1,0,35,1.40499,0.777038,100.84,38.0669,13.4677,83.1883,0.686014,22.1808,23.92,48,1818.01,0,0,1,0,4.21496,0.278098,0.0774938,0.422644
13894,Bolivar,0,1,1,1,1,0,9,1,0,1,0,1,10,1.20983,0.64212,21.4502,82.8782,2.88865,75.7353,0.341276,32.8479,47.64,51,5706.99,0,0,0,0,10.5533,0.11584,0.0910437,0.15248
15001,Boyaca,1,2,3,3,2,2,26,3,1,3,1,2,494,1.1616,1,12.6995,96.0968,88.8555,95.988,0.639813,80.606,82.96,81,72303.7,43,43,4,1,2.01398,0.582286,0.343914,0.755805
15022,Boyaca,0,0,1,1,1,0,2,0,0,1,0,0,6,0.526448,0.526131,111.111,19.9688,9.04836,79.5632,0.0990739,53.1315,56.68,40,6234.09,0,0,0,0,47.7894,0.116191,0.0274227,0.342087
15047,Boyaca,0,1,1,1,0,0,5,1,0,1,0,1,16,1.15181,0.461617,26.3213,40.6999,18.1317,73.8771,0.41328,46.9995,57.24,47,17620.7,0,0,0,0,38.7007,,,
15051,Boyaca,0,0,1,2,1,1,3,0,1,1,1,0,7,1.43754,0.583239,35.2444,36.2887,24.3299,84.8454,0.619455,59.3662,60.75,42,62122.6,0,0,0,0,3.13297,0.157434,0.0154799,0.167183
15087,Boyaca,0,1,1,1,1,0,3,1,1,1,0,1,21,0.546114,0.405433,800,60.7413,26.836,80.5079,0.224058,58.0074,62.9,50,18547.1,0,0,0,0,0.482764,0.238862,0.0545215,0.418124
15090,Boyaca,0,0,1,1,0,1,3,0,0,1,0,0,6,1.03683,1,500,6.85841,0.221239,76.1062,0.299964,35.1047,57.88,41,21442.1,0,0,0,0,41.7558,0.107703,0.0275862,0.208123
15092,Boyaca,0,0,1,1,0,1,2,0,0,1,0,0,7,0.991138,0.616603,100,20.1201,5.25526,62.012,0.299933,42.9225,41.94,37,3142.42,0,0,0,0,13.3665,0.173651,0.0533001,0.265255
15097,Boyaca,0,1,1,1,1,0,5,1,0,1,1,0,10,0.652728,0.397271,70.0679,68.5714,23.2208,79.1688,0.1294,48.6653,53.12,42,3312.57,0,0,0,0,3.75752,0.205607,0.0346446,0.069848
15104,Boyaca,0,0,1,1,0,1,2,0,0,1,0,0,16,1.07238,0.421961,92.775,50.4545,9.77273,74.5455,0.438185,46.2069,50.09,38,121599,0,0,0,0,5.81977,0.231581,0.06906,0.188512
15106,Boyaca,0,0,1,1,0,1,2,0,0,1,0,0,8,1.38182,0.488989,52.6316,69.5122,14.2857,73.3449,0.387812,45.9412,57.85,44,10623.5,0,0,0,0,9.14436,0.319387,0.201787,0.300291
15109,Boyaca,0,0,1,1,0,1,2,0,0,1,0,1,7,1.44987,0.504492,43.1512,34.4799,7.63423,71.5604,0.437831,41.6173,54.96,38,14861.9,0,0,0,0,15.873,,,
15114,Boyaca,0,0,1,1,0,1,1,0,0,1,0,0,6,1.12022,0.489451,,32.2581,23.871,69.0323,0.815369,50,48.03,43,8762.71,0,0,0,0,11.6482,0.278261,0.0624013,0.174566
15131,Boyaca,0,0,1,2,0,1,2,0,1,1,1,0,11,0.785564,0.370389,,69.8859,13.4328,78.8411,0.187872,56.328,60.22,44,16365.5,0,0,0,0,10.2459,0.192185,0.0381014,0.204714
15135,Boyaca,0,1,1,1,0,1,2,0,0,1,0,0,12,1.27231,0.388042,500,20.7645,13.2231,39.9793,0.80217,44.1559,55.95,39,115979,0,0,0,0,60.0336,0.287698,0.120584,0.353821
15162,Boyaca,0,0,1,1,0,1,3,1,0,1,0,0,11,0.79315,0.625172,121.429,62.3771,24.1287,92.1358,0.272287,66.1977,65.98,45,7168.21,1,1,1,0,2.63189,0.530585,0.0649228,0.748024
15172,Boyaca,0,0,1,1,1,0,2,0,0,0,0,1,9,1.43135,0.678494,130.252,75.293,26.0742,86.2305,0.3851,68.683,58.21,49,23408.5,0,0,0,0,32.0357,,,
15176,Boyaca,0,2,2,1,1,1,55,1,1,1,1,1,78,1.35553,1,16.2518,85.6981,70.8995,93.0477,0.61153,71.831,74.32,64,55845.6,1,1,2,0,8.09808,0.426337,0.0393743,0.462492
15180,Boyaca,0,1,1,1,1,0,4,1,0,1,0,1,10,0.949059,0.423249,66.6667,67.2767,22.1816,83.8214,0.287326,40.8666,40.02,41,9856.36,0,0,1,0,16.6582,0.276534,0.200263,0.143644
15183,Boyaca,0,1,1,1,0,1,2,1,0,1,0,0,14,0.889837,0.322044,38.9648,22.0464,11.4627,50.3516,0.278088,30.3366,28.78,38,3353.19,1,1,1,0,21.573,0.300435,0.041352,0.061219
15185,Boyaca,0,0,1,1,0,1,2,0,0,1,0,0,15,1.23222,0.353501,131.046,21.3916,11.399,64.6188,0.401145,37.8486,52.69,39,9996.82,0,0,1,0,16.3952,,,
15187,Boyaca,0,1,1,1,0,1,6,0,0,1,1,0,13,0.808954,0.44117,181.818,14.6747,3.63086,80.938,0.248207,56.765,50.97,38,4830.63,1,1,0,0,6.78519,0.186,0.0970874,0.260922
15189,Boyaca,0,0,1,1,0,1,3,1,0,1,0,0,13,1.13704,0.412239,72.8218,48.069,15.8587,81.0189,0.319055,56.6728,64.19,44,9471.33,0,0,0,0,14.6257,0.213945,0.063163,0.465043
15204,Boyaca,0,0,1,1,0,1,2,2,1,1,1,1,16,0.95769,0.4002,67.6103,53.6771,8.29596,87.13,0.242894,61.7096,55.6,45,25755.2,0,0,0,0,1.00661,0.121625,0.0173687,0.0768616
15212,Boyaca,0,0,1,1,0,1,2,1,0,1,0,1,9,1.05488,0.213072,24.3902,13.9514,9.991,54.9055,0.453698,41.0276,52.97,36,6258.08,0,0,0,0,22.5443,0.278238,0.112523,0.341808
15215,Boyaca,0,0,1,1,0,1,3,0,0,1,1,1,7,0.993597,0.746715,1000,73.1826,49.1115,80.937,0.202994,60.5103,64.05,49,17305.4,0,0,0,0,14.8992,0.287768,0.0832222,0.453188
15218,Boyaca,0,0,1,1,0,0,3,1,0,1,0,1,9,0.974802,0.449307,100.961,34.126,9.98811,60.4043,0.2844,26.6928,30.35,36,3198.98,0,0,0,0,8.94995,0.0793413,0.0195011,0.0417234
15223,Boyaca,0,1,1,1,0,1,2,1,0,1,0,1,7,0.893457,0.373269,54.0247,44.4314,24.619,33.8804,0.430667,21.5892,47.98,50,36453,0,0,0,0,53.0005,,,
15224,Boyaca,0,0,1,1,0,1,1,0,0,1,0,0,6,0.918187,0.390922,79.6537,30.039,20.2861,92.9779,0.256347,50.8807,57.09,45,23429,0,0,1,0,7.90697,0.194719,0.0753053,0.363636
15226,Boyaca,0,0,1,1,0,1,1,0,0,1,0,0,8,1.04488,0.546016,166.667,36.4017,7.74059,73.431,0.448819,65.3763,53.81,42,10143.8,0,0,0,0,28.6061,0.267159,0.0584518,0.373223
15232,Boyaca,0,0,1,1,1,0,4,1,1,1,1,3,8,0.715965,0.225001,,21.84,1.44,63.92,0.376157,39.8884,50.88,35,4760.89,0,0,0,0,8.58483,0.0922242,0.0352748,0.397867
15236,Boyaca,0,,,,,,,,,,,,13,0.755494,0.222435,,26.8382,23.8971,84.5588,0.204087,53.6625,59.84,47,6377.22,0,0,0,0,53.8742,,,
15238,Boyaca,0,,,,,,,,,,,,245,1.00319,0.733863,11.7377,93.1182,71.3791,94.289,0.613662,83.4236,81.31,75,48467.6,1,1,0,0,1.65676,0.231324,0.0533541,0.636297
15244,Boyaca,0,1,1,1,1,0,3,0,0,1,0,0,7,0.97421,0.461619,15.4557,45.3137,35.7196,82.6568,0.399987,41.9997,51.33,42,12124.9,1,1,2,0,0.276906,0.522657,0.163975,0.63362
15248,Boyaca,0,0,1,1,0,1,2,1,0,1,0,0,4,0.930822,0.606592,,64.1741,30.3571,78.7946,0.343849,53.4971,48.65,44,9017.66,0,0,0,0,9.28316,0.224594,0.0305304,0.0393273
15272,Boyaca,0,0,1,1,1,0,2,1,0,1,0,0,6,1.09017,0.716693,666.667,65.566,33.221,82.5472,0.198733,66.0481,64.23,47,10608.5,0,0,0,0,18.4814,0.173524,0.0470799,0.317134
15276,Boyaca,0,0,1,1,0,1,2,1,1,1,1,1,14,0.863931,0.485407,,69.847,24.8425,84.5185,0.259506,53.4676,53.86,49,4295.98,0,0,0,0,6.66402,0.268346,0.0602521,0.544113
15293,Boyaca,0,0,1,1,0,1,2,1,0,1,0,0,11,1.1079,0.50879,171.429,39.7098,10.4222,51.3193,0.3576,44.6207,45.65,37,13573.7,0,0,0,0,7.07681,0.136201,0.0199317,0.214408
15296,Boyaca,0,0,1,1,0,0,8,1,1,0,1,1,10,0.896234,0.428517,136.402,73.3757,20.4802,72.8814,0.250969,53.0048,55.92,45,6147.57,1,1,0,0,20.0138,0.185887,0.0376968,0.4971
15299,Boyaca,0,1,1,1,0,1,2,0,0,1,0,1,15,1.16182,0.946831,6.07834,67.4454,53.7925,88.5012,0.454022,73.261,68.72,54,27355.2,0,0,1,0,40.6158,0.201282,0.0550354,0.264565
15317,Boyaca,0,0,1,1,0,0,6,1,0,1,1,1,6,0.941877,0.397588,196.429,64.9924,28.1583,82.8006,0.346257,55.4939,43.31,46,6665.24,0,0,1,0,7.05068,0.274788,0.0491657,0.297219
15322,Boyaca,0,1,1,1,1,0,4,1,1,1,0,0,47,1.31258,0.942053,3.9901,82.7435,57.7108,92.9227,0.596674,74.7011,68.04,59,48449.8,0,0,1,0,37.0244,0.210869,0.120604,0.0809864
15325,Boyaca,0,1,1,1,0,0,2,1,0,0,0,1,19,0.324798,0.204152,24.3902,65.8285,10.7584,80.9563,0.0796519,67.6092,51.92,45,4438.62,0,0,0,0,37.7644,,,
15332,Boyaca,0,0,1,1,1,0,2,1,0,1,0,0,10,0.569461,0.290744,21.461,54.214,26.6587,68.9779,0.31619,38.9179,39.46,42,3823.61,0,0,0,0,3.4028,0.240433,0.131042,0.0624885
15362,Boyaca,0,0,1,1,1,0,2,0,0,1,0,0,15,1.43307,1,333.333,75.7143,43.8095,77.6191,0.17939,69.8767,67.07,50,55283.8,0,0,0,0,24.5535,0.250416,0.0776601,0.26122
15367,Boyaca,0,0,1,1,0,1,2,0,0,1,0,0,14,1.263,0.369074,52.139,56.0528,17.5559,79.2886,0.454362,53.316,58.17,44,23334.6,0,0,0,0,11.7281,,,
15368,Boyaca,0,0,1,1,1,0,2,0,0,1,0,1,4,1.1515,0.238725,46.5779,34.2692,10.3221,35.8381,0.408289,30.1194,36,36,1917.06,0,0,0,0,21.393,0.190274,0.0356137,0.372702
15377,Boyaca,0,1,1,1,0,1,2,0,0,1,0,1,3,1.08707,0.275627,41.6667,22.5092,15.2214,21.4022,0.329658,18.8201,38.06,34,3890.01,0,0,1,0,56.3144,0.13193,0.0356277,0.413718
15380,Boyaca,0,0,1,1,0,1,2,0,1,0,1,0,12,0.865894,0.313823,1000,48.6512,20.5202,82.948,0.182971,65.419,66.7,48,13861.3,0,0,0,0,34.8419,0.270703,0.0650485,0.415922
15401,Boyaca,0,0,1,1,1,0,3,1,0,1,0,0,8,1.59556,0.558863,52.6316,28.125,0,41.875,0.179221,28.976,55.26,37,2051.94,0,0,0,0,13.0994,,,
15403,Boyaca,0,0,1,1,0,1,5,1,0,1,0,0,13,0.712764,0.452314,32.4453,36.4198,22.9938,86.1111,0.185882,49.4986,50.37,43,6047.05,0,0,1,0,5.41071,0.43299,0.0682612,0.190433
15407,Boyaca,0,1,1,1,1,1,3,1,1,1,0,0,31,1.45536,1,13.0826,78.75,50.3125,85.9375,0.51767,63.5074,68.13,59,62879.3,17,17,3,0,11.4673,0.73161,0.0948783,0.56703
15425,Boyaca,0,1,1,1,0,1,5,0,0,1,0,0,13,1.39689,0.890272,55.3161,16.843,15.1676,89.8589,0.465975,55.8682,58.77,40,35909.4,0,0,0,0,53.5392,0.141412,0.0328011,0.20184
15442,Boyaca,0,1,1,1,0,3,3,1,0,1,1,1,7,1.20173,0.130723,42.735,11.4835,8.8144,45.4997,0.650673,23.643,52.37,36,0,0,0,1,0,17.2243,0.123832,0.131213,0.287005
15455,Boyaca,0,1,1,1,0,1,2,0,0,1,0,0,22,1.35133,0.875609,6.32026,62.8164,44.4547,85.4579,0.705524,65.2843,66.65,48,168854,0,0,1,0,42.9532,0.186678,0.0498539,0.411317
15464,Boyaca,0,0,1,1,1,0,3,1,1,1,0,0,5,1.05117,0.643186,311.765,64.8041,31.7852,72.4238,0.447623,50.321,52.94,40,5623.64,0,0,0,0,24.2093,0.195948,0.0426679,0.356389
15466,Boyaca,0,0,0,1,5,5,5,1,1,1,1,1,4,1.30746,0.971541,78.1499,81.6444,56.7878,86.5201,0.504891,70.5363,63.86,50,5913.57,0,0,0,0,22.9332,0.210444,0.040759,0.386859
15469,Boyaca,0,2,1,1,1,1,3,0,1,1,0,1,84,1.23969,0.723294,11.4801,60.8412,35.3638,85.6901,0.436126,58.5702,63.16,56,14100.8,0,0,1,0,0.202696,,,
15476,Boyaca,0,0,1,1,1,0,5,1,1,1,0,0,7,1.53122,0.799563,166.667,34.4221,5.90452,84.4221,0.615235,58.3759,49.75,39,7674.74,0,0,0,0,1.75703,0.230656,0.0503117,0.155833
15480,Boyaca,0,0,1,1,1,2,3,1,0,1,0,1,13,1.11769,0.449593,13.5511,69.4128,29.3127,72.0528,0.259177,50.9055,54.37,48,10981.8,4,4,2,1,14.4642,0.0960243,0.12163,0.303615
15491,Boyaca,0,0,1,1,0,1,3,0,0,1,0,0,20,1.44452,1,1000,93.9254,66.4851,95.6012,0.292112,85.6001,76.41,60,215872,0,0,0,0,13.2187,0.271358,0.0508777,0.437667
15494,Boyaca,0,0,1,1,0,1,2,1,1,1,1,0,9,1.19759,0.45866,227.778,58.6555,16.7227,86.0504,0.393465,60.4272,65.35,46,13710.3,0,0,1,0,9.15299,0.15648,0.0356972,0.414231
15500,Boyaca,0,1,1,1,1,4,4,1,1,1,0,0,23,1.37679,1,305.555,21.8349,4.22018,84.7707,0.312232,60.5652,54.36,39,31268.3,0,0,0,0,2.34642,0.222913,0.0482121,0.0972278
15507,Boyaca,0,0,1,1,0,1,2,0,0,1,0,0,10,1.70635,0.35588,28.4306,34.3199,23.5629,40.5805,0.482444,39.1563,51.15,45,133488,1,1,1,0,0.694243,,,
15511,Boyaca,0,0,1,1,0,1,9,1,0,1,1,0,7,0.589291,0.288431,271.429,27.6879,11.1323,77.1646,0.2104,50.742,63,42,17435.5,0,0,0,0,33.396,0.209367,0.355507,0.571356
15514,Boyaca,0,0,1,1,0,0,10,1,0,1,0,1,10,1.10387,0.323293,66.6667,50.7804,27.9917,63.4755,0.32705,51.9376,61.85,48,124316,0,0,0,0,57.5212,,,
15516,Boyaca,0,1,1,1,0,1,11,0,0,1,0,0,93,1.19673,0.934054,19.473,69.6526,38.7153,91.4136,0.567492,75.5889,71.93,57,60135.6,1,1,1,0,2.91962,0.279612,0.0632911,0.505767
15518,Boyaca,0,0,1,1,0,1,2,0,0,0,0,0,5,0.528355,0.164785,520,51.3916,21.67,52.2863,0.144611,48.9371,52.37,45,9406.42,0,0,0,0,70.4239,0.0944882,0.0271817,0.284692
15522,Boyaca,0,0,1,2,1,0,3,1,0,1,1,1,7,0.946755,0.676998,1000,42.0346,23.4165,83.3013,0.308814,45.277,53.07,43,6718.82,0,0,0,0,3.77005,0.408281,0.0583145,0.383747
15531,Boyaca,0,1,1,1,0,1,1,0,0,1,0,0,13,1.39189,0.459126,31.3005,29.3955,20.4659,32.0577,0.808068,40.7942,44.26,42,12418.1,0,0,1,0,9.13875,0.317047,0.0712542,0.370156
15533,Boyaca,0,0,2,2,1,0,7,1,1,1,0,1,4,1.51895,0.149355,58.8235,26.3265,0.204082,3.46939,0.265515,8.89831,27.82,29,2069.41,1,1,1,0,65.7124,0.24751,0.127388,0.174992
15537,Boyaca,0,1,2,1,1,0,3,1,0,1,1,1,11,1.0526,0.989224,49.0431,63.3855,46.6816,87.6212,0.394312,67.7542,66.39,53,13712.9,0,0,0,0,16.1006,0.192741,0.0453619,0.127676
15542,Boyaca,0,1,1,1,1,0,1,0,0,1,0,0,9,0.636762,0.259887,171.84,47.3118,27.2849,74.0591,0.2473,50.9726,49.88,46,9083.32,0,0,0,0,28.1074,0.355752,0.0573916,0.412976
15550,Boyaca,0,0,2,0,0,1,17,1,1,1,1,1,8,1.34283,0.162762,111.111,12.7273,2.72727,7.27273,0.274353,15.4584,29.73,32,9875.26,0,0,0,0,54.55,0.207113,0.0362595,0
15572,Boyaca,0,1,1,1,0,1,2,0,0,1,0,1,33,1.61828,1,23.4941,79.8752,67.0613,85.9862,0.558528,60.7164,54.78,58,159667,0,0,0,0,31.5861,,,
15580,Boyaca,0,0,1,2,0,0,4,1,0,1,1,1,7,0.835881,0.334534,84.0863,72.0048,20.0888,55.5063,0.256562,41.8323,51.11,45,2234.72,0,0,0,0,14.0479,,,
15599,Boyaca,0,2,1,1,1,1,2,1,1,0,1,1,16,0.813755,0.419692,13.8465,61.4452,24.662,73.986,0.525165,49.1108,58.49,48,36478.6,0,0,1,0,12.0015,0.201996,0.0346603,0.28331
15600,Boyaca,0,0,1,1,1,1,3,0,1,1,0,0,12,0.57218,0.203901,28.6988,21.3097,8.10521,57.8637,0.17509,35.0794,45.78,38,9067.82,0,0,1,0,13.9213,0.134059,0.0204848,0.222602
15621,Boyaca,0,0,1,1,1,0,3,1,0,1,0,1,4,1.07589,0.448343,226.19,30.6045,13.602,70.1511,0.281782,47.8689,58.29,42,8373.69,0,0,0,0,25.8047,0.206393,0.0633491,0.469036
15632,Boyaca,0,1,1,1,0,1,2,1,0,1,1,0,28,1.36546,0.694149,16.7411,17.3279,7.01933,73.4147,0.417497,39.3463,50.81,41,20823.8,0,0,0,0,7.01471,0.419197,0.0955587,0.467531
15638,Boyaca,0,0,1,1,0,0,4,1,0,1,0,1,7,0.83147,0.543846,,49.5822,30.2228,79.5265,0.312916,55.6171,53.93,43,14210,1,1,0,0,15.3381,,,
15646,Boyaca,0,0,1,1,1,1,2,1,0,1,0,0,10,1.41937,0.567189,21.8893,38.4935,25.5098,91.3025,0.613664,59.6949,63.14,43,36351.2,0,0,1,0,5.36822,0.207259,0.04389,0.624163
15660,Boyaca,0,0,1,1,1,0,2,1,0,1,0,1,6,1.22247,0.634266,127.778,28.3784,22.0077,67.7606,0.4088,46.9937,63.28,45,8861.38,0,0,0,0,45.9755,,,
15664,Boyaca,0,0,1,1,1,0,2,1,0,1,0,0,24,1.17673,0.421544,305.555,87.4262,20.2532,86.8354,0.331817,58.2948,55.17,45,6659.75,0,0,1,0,5.37796,0.114968,0.01641,0.222923
15667,Boyaca,0,0,1,1,1,0,3,1,0,1,0,1,7,1.11824,0.417007,15.0981,42.3913,31.7775,40.7928,0.422311,47.066,60.47,41,31434.5,0,0,0,0,75.9875,,,
15673,Boyaca,0,0,1,1,0,1,2,1,0,1,0,0,23,0.970413,0.607533,90.6272,49.7627,18.7797,73.6271,0.259749,42.955,47.92,44,5205.43,0,0,1,0,3.57157,0.189121,0.163051,0.295513
15676,Boyaca,0,1,1,1,1,1,3,0,1,1,0,1,11,1.10333,0.797453,333.333,22.6579,9.47712,89.9782,0.12081,64.7619,62.56,47,151113,0,0,1,0,5.95445,,,
15681,Boyaca,0,0,1,2,1,0,2,1,0,1,0,1,10,1.23363,0.218934,134.921,24.3553,20.3916,44.9857,0.223061,48.6357,52.69,42,2097.6,0,0,0,0,3.50162,,,
15686,Boyaca,0,0,1,1,1,0,6,1,0,1,0,1,6,1.24723,0.805344,101.191,64.5533,23.1268,82.3487,0.6914,59.1262,57.54,45,35885.4,0,0,2,0,13.5328,0.124925,0.0341344,0.224467
15690,Boyaca,0,0,1,1,0,0,3,1,1,1,1,1,15,1.39295,0.669619,23.2558,61.1913,45.8484,81.6787,0.354881,52.8693,61.27,50,63836.3,0,0,1,0,65.1923,,,
15693,Boyaca,0,,,,,,,,,,,,85,1.041,0.707378,20.9835,79.2944,52.8349,91.4322,0.276869,70.3403,72.92,58,33296.3,0,0,0,0,0.858949,0.257623,0.0874689,0.469544
15696,Boyaca,0,0,1,1,0,0,2,0,0,1,0,0,6,0.975701,0.551472,63.4783,42.5605,19.6078,83.045,0.379167,52.9698,58.19,46,149391,0,0,0,0,7.2008,0.163014,0.0352027,0.230881
15720,Boyaca,0,1,1,1,0,1,2,0,0,1,0,0,6,0.853763,0.635612,26.4943,31.3705,14.561,61.0278,0.328524,42.7785,45.6,41,6498.44,1,1,1,0,11.6863,0.259678,0.0440444,0
15723,Boyaca,0,0,1,1,0,1,2,0,0,1,0,0,7,0.662625,0.54394,,23.0769,15.8654,76.9231,0.282286,60.0111,53.86,46,2992.63,0,0,0,0,13.9853,0.263962,0.0617816,0.228448
15740,Boyaca,0,0,1,1,0,0,3,1,0,1,1,0,9,1.16099,0.656306,86.8652,19.6091,13.8762,81.1726,0.334021,49.4166,49.2,39,15952.5,0,0,1,0,13.0585,0.413583,0.0547337,0.325629
15753,Boyaca,0,1,1,1,1,0,3,0,0,1,0,0,23,0.598728,0.403438,8.77889,46.8423,36.9903,78.9968,0.228967,45.9954,59.29,50,5855.07,1,1,2,0,1.84138,0.284667,0.218371,0.352223
15755,Boyaca,0,0,1,1,0,0,4,1,0,1,1,1,4,0.639466,0.097833,35.9591,25.781,6.28218,34.6378,0.413832,29.9084,37.65,35,1311.46,0,0,1,0,24.0346,0.183619,0.0529736,0.448238
15757,Boyaca,0,1,1,1,1,0,2,1,0,1,0,1,12,0.956629,0.867029,24.4622,75.0137,43.4117,79.1689,0.371236,61.2333,64.86,49,6448.28,0,0,0,0,20.8406,0.230175,0.0457017,0.257051
15759,Boyaca,0,,,,,,,,,,,,231,0.943039,0.736198,6.69409,90.9206,78.0366,91.2635,0.349562,79.2644,78.57,75,41264.1,3,3,3,0,17.9569,0.360854,0.073886,0.0330733
15761,Boyaca,0,1,1,1,0,1,2,0,0,1,0,1,7,0.797727,0.593393,250,56.239,20.2988,90.1582,0.213287,56.4023,57.1,46,6211.73,0,0,1,0,41.8114,0.216296,0.0656147,0.66591
15762,Boyaca,0,1,1,1,1,0,5,1,1,1,0,0,7,1.64394,0.708924,95.2381,21.0227,14.5833,80.4924,0.463403,51.6007,53.7,39,11650.7,0,0,0,0,7.20061,0.198928,0.0506706,0.196721
15763,Boyaca,0,0,1,1,0,1,2,0,0,1,0,1,12,0.935318,0.370442,301.587,68.9526,14.3392,74.9377,0.340785,63.4639,56.06,47,18609.9,0,0,0,0,1.07657,0.268989,0.115738,0.241767
15764,Boyaca,0,0,1,1,1,0,2,0,0,0,0,0,21,1.08369,0.433394,97.8495,32.7496,7.70578,84.7636,0.382198,45.6515,53.74,42,8800,0,0,0,0,6.13766,0.134692,0.0218182,0.403636
15774,Boyaca,0,0,1,1,0,1,2,0,0,1,0,1,8,0.870695,0.460008,76.9231,30.8532,19.5436,57.2421,0.226828,39.005,50.05,43,4736.17,0,0,0,0,5.45276,0.229563,0.205254,0.228263
15776,Boyaca,0,1,1,1,0,1,2,1,1,1,0,1,14,0.904805,0.391095,90.8665,16.5145,8.14307,80.2892,0.34755,39.9754,58.7,40,19074,0,0,1,0,10.7285,0.331548,0.0740229,0.644098
15778,Boyaca,0,1,1,1,1,0,3,0,1,1,0,1,11,1.09042,0.50266,307.407,46.7883,17.2086,83.981,0.150486,60.9825,48.3,42,14981.8,0,0,1,0,37.9378,0.129662,0.0237448,0.447432
15790,Boyaca,0,0,1,1,0,0,2,1,0,1,0,0,7,1.16295,0.514107,101.415,84.0871,25.5444,78.3082,0.429135,58.2221,54.51,42,2157.04,0,0,1,0,16.1613,0.201822,0.0578279,0.213505
15798,Boyaca,0,1,1,1,1,1,5,1,1,1,1,1,18,1.11689,0.551205,34.4874,56.2741,20.8622,89.7613,0.18478,70.2374,65.77,49,27991.9,2,2,2,0,38.0397,0.853497,0.106898,0.654076
15804,Boyaca,0,2,1,1,1,1,6,1,1,1,0,0,14,1.11901,0.517423,34.3302,61.155,14.1255,81.6784,0.432612,49.7538,54.1,42,15591.6,0,0,1,0,16.1507,0.207503,0.0317873,0.323636
15806,Boyaca,0,0,1,1,0,1,2,0,0,1,0,1,20,1.33008,0.918569,1000,87.8538,39.4236,88.7802,0.319,77.8252,73.86,56,115483,0,0,0,0,10.7991,0.232877,0.0655391,0.506225
15808,Boyaca,0,1,1,1,0,2,2,0,0,0,0,1,6,1.48592,0.547314,,23.5585,12.6853,70.6754,0.411,41.174,51.97,42,17472.3,0,0,0,0,10.2373,0.117735,0.0122549,0.0398693
15810,Boyaca,0,0,1,1,1,0,3,1,0,1,0,1,6,1.00755,0.392276,288.889,46.8421,16.8421,71.3684,0.346,33.7471,42.86,40,2353.38,0,0,0,0,4.14334,,,
15814,Boyaca,0,1,1,1,0,1,2,0,0,1,0,0,12,0.829649,0.574207,24.7933,37.7189,26.2631,82.1411,0.345441,56.1353,55.55,44,23372.3,0,0,1,0,15.9049,,,
15816,Boyaca,0,0,1,2,0,1,2,0,0,1,0,0,27,1.24841,0.453107,79.7414,22.6257,12.0112,85.3817,0.557028,45.3594,56,43,8182.35,0,0,0,0,6.91882,0.0917722,0.0204258,0.523015
15820,Boyaca,0,0,1,1,0,1,2,1,0,1,0,0,7,1.15392,0.764787,375,65.6999,31.9042,87.8941,0.353923,65.0485,64.55,45,9356.49,0,0,0,0,20.4918,0.29394,0.0947656,0.461512
15822,Boyaca,0,0,1,1,0,1,2,0,0,1,0,0,8,1.19408,0.380297,148.413,23.6863,9.62005,67.1787,0.452224,50.6457,45.36,38,4583.86,0,0,0,0,29.9435,0.123768,0.0169899,0
15832,Boyaca,0,0,1,1,0,0,2,1,0,1,0,0,8,1.78328,0.982467,404.762,24.8366,18.6274,42.1569,0.904,41.1321,67.36,71,9942.15,0,0,0,0,5.13765,,,
15835,Boyaca,0,1,1,1,0,1,4,1,0,1,0,1,9,0.714974,0.584742,7.95006,74.3676,17.6644,84.1906,0.393241,61.1886,61.96,42,13949.9,1,1,1,0,10.6362,,,
15837,Boyaca,0,0,1,1,1,1,2,0,1,1,0,0,9,1.35135,0.854901,285.714,43.8223,21.1808,87.888,0.294186,61.7569,61.83,42,90857.1,0,0,1,0,6.55642,0.705412,0.526507,0.470286
15839,Boyaca,0,0,1,1,0,1,3,0,0,1,0,0,6,1.05889,0.653211,750,32,11.2727,74.7273,0.421151,39.2984,53.32,40,7121.91,0,0,0,0,3.09811,0.257542,0.0521739,0.316388
15842,Boyaca,0,0,1,1,1,1,4,1,0,1,1,1,9,1.19357,0.629694,13.6944,33.8634,7.99813,85.0327,0.343286,41.396,52.64,39,15194.9,0,0,1,0,22.8451,0.159738,0.0371662,0.287828
15861,Boyaca,0,1,1,1,0,1,2,0,1,1,1,0,26,1.41098,0.817722,32.1838,66.7964,14.051,90.6183,0.593977,61.7961,65.55,48,70536.1,0,0,1,0,4.83417,0.164436,0.0396128,0.558749
15879,Boyaca,0,0,1,1,0,1,3,1,0,1,0,0,7,0.999173,0.423696,39.4345,47.2527,8.9011,73.6264,0.440543,61.3593,55.98,40,13964.7,0,0,1,0,12.9858,0.127405,0.0449489,0.102157
15897,Boyaca,0,1,1,1,,,,,,,,,9,1.1889,0.586233,61.4624,22.2741,12.9284,71.4174,0.258107,48.1455,55.92,43,91144.2,0,0,0,0,33.9455,0.130286,0.0376721,0.0720966
17001,Caldas,1,6,13,14,5,7,101,9,3,10,2,6,2683,1.1381,0.880489,12.3855,97.7765,93.1889,96.7117,0.463128,84.4249,85.03,80,89407.8,0,0,0,0,31.4793,0.56788,0.0879106,0.659908
17013,Caldas,0,1,1,1,0,0,9,1,1,1,1,1,35,0.518575,0.261872,20.5515,61.1268,38.5493,86.4648,0.197754,60.4059,70.79,48,7991.21,0,0,0,0,20.5571,0.471573,0.0997439,0.394033
17042,Caldas,0,1,1,1,1,1,15,1,1,1,1,1,30,1.05996,0.513759,31.8549,74.3257,68.9935,94.8177,0.312179,72.604,72.92,58,22055.5,3,3,2,1,15.0114,0.45639,0.106896,0.434368
17050,Caldas,0,1,1,1,0,0,5,1,1,1,0,0,30,1.08252,0.471759,24.2842,82.1856,73.982,93.3234,0.356779,69.8277,69.69,54,16724.6,0,0,0,0,38.1111,0.523873,0.14307,0.424044
17088,Caldas,0,1,1,1,1,1,4,1,1,1,0,1,29,1.20104,0.468197,57.2693,69.5442,53.2069,94.5542,0.429897,59.8443,65.22,49,21541,0,0,0,0,3.91203,0.341172,0.0837976,0.330399
17174,Caldas,0,1,1,1,1,1,20,1,1,1,0,1,46,0.8089,0.562184,27.5972,95.8059,92.2395,97.1209,0.299929,73.2541,73.1,68,42012.3,0,0,0,0,15.3974,,,
17272,Caldas,0,1,1,1,0,0,3,1,1,1,0,0,28,1.04862,0.500669,13.7647,76.8954,65.8642,92.9213,0.381567,67.3456,67.44,50,13970.2,0,0,0,0,30.395,0.487509,0.119276,0.403454
17380,Caldas,0,1,1,1,0,3,22,0,1,1,1,1,96,1.1099,0.812415,15.557,95.7425,92.2923,94.2796,0.530007,69.1611,68.93,66,60012.6,0,0,1,0,11.1001,,,
17388,Caldas,0,0,1,1,0,0,3,1,1,0,0,0,29,0.740673,0.424851,21.3033,70.0787,35.4331,89.5215,0.432551,59.5396,66.22,46,6515.28,0,0,0,0,24.3229,,,
17433,Caldas,0,1,1,1,0,0,8,0,1,1,1,1,43,0.708133,0.323893,31.086,62.1121,43.8778,94.1544,0.279194,62.1087,66.62,52,11086.5,0,0,0,0,23.6303,0.368181,0.0769011,0.293208
17442,Caldas,0,1,1,1,0,0,3,1,1,1,0,0,23,1.32334,0.66429,14.7022,84.7446,75.9972,93.492,0.509884,61.3841,58.01,50,4649.72,0,0,1,0,14.5209,0.349219,0.0896577,0.289807
17444,Caldas,0,1,2,1,0,0,8,1,1,1,0,1,24,1.23338,0.595834,17.2241,52.2835,35.6229,91.8159,0.425096,62.6667,67.1,47,13205.2,0,0,0,0,11.4143,,,
17446,Caldas,0,1,1,1,0,0,3,1,1,1,0,1,5,1.02378,0.444749,51.6279,62.0382,51.9745,69.0446,0.546385,65.1944,68.57,45,22789.3,0,0,0,0,33.6813,0.437556,0.0780749,0.389091
17486,Caldas,0,1,1,1,1,1,5,1,1,1,1,0,137,1.27512,0.585673,31.5296,85.1452,73.5764,93.3378,0.357544,69.0385,69.47,63,23944.7,0,0,0,0,34.5565,0.490554,0.121107,0.536135
17513,Caldas,0,1,1,1,0,0,6,1,1,1,1,1,31,1.06237,0.594673,11.4382,76.8829,61.5958,94.084,0.238017,67.6945,69.12,52,11278.8,0,0,0,0,24.6197,0.423781,0.0782412,0.229765
17524,Caldas,0,1,1,1,1,0,4,1,1,1,0,1,22,1.21097,0.679823,27.6733,89.731,74.8166,93.2763,0.303077,63.4029,68.15,54,27803.3,0,0,0,0,15.4476,0.407469,0.0742817,0.344604
17541,Caldas,0,1,1,1,0,0,11,1,1,1,1,1,178,1.40172,0.574142,22.873,54.4631,43.1159,90.1867,0.490008,63.4432,70.4,50,14308.6,0,0,0,0,20.0471,0.450979,0.102188,0.244457
17614,Caldas,0,1,2,1,0,1,9,1,1,1,1,1,43,1.22806,0.704241,32.1277,79.6438,69.6816,88.7426,0.612068,31.9681,70.23,68,33483.4,0,0,0,0,9.55841,0.375559,0.102622,0.492933
17616,Caldas,0,1,1,1,0,1,3,1,1,1,1,0,17,0.986113,0.421776,21.5499,65.4503,66.6274,95.2619,0.440595,67.0483,67.39,48,16332.3,0,0,0,0,18.7972,,,
17653,Caldas,0,1,1,1,0,0,12,1,1,1,1,1,111,1.02648,0.55605,16.5825,83.7853,76.5476,91.3222,0.330637,70.5263,73.62,59,21037.3,0,0,0,0,29.3889,0.491321,0.105628,0.461133
17662,Caldas,0,1,1,1,0,0,3,1,1,1,0,1,18,1.13527,0.341452,26.3697,42.6302,26.3916,58.4682,0.209318,43.7014,61.07,45,11723.1,0,0,0,0,1.21447,,,
17777,Caldas,0,1,1,1,0,4,6,1,1,1,0,1,48,1.43004,0.804596,25.8861,84.7909,63.3415,93.9387,0.577851,63.6736,69.79,61,18202.9,8,8,4,0,12.3734,0.414332,0.118505,0.306964
17867,Caldas,0,1,1,1,0,0,4,1,1,0,0,1,12,1.39915,0.538558,17.8768,68.0394,41.9875,72.5157,0.330735,53.7131,63.34,48,58833.9,0,0,0,0,3.88178,0.33632,0.0495317,0.303018
17873,Caldas,0,1,1,1,0,0,17,1,1,0,0,0,45,1.16031,0.829242,53.1094,91.6607,84.8753,94.5688,0.314766,80.7353,78.66,66,44896.3,0,0,0,0,29.4568,,,
17877,Caldas,0,1,1,1,0,0,10,1,1,1,0,1,29,1.04784,0.655363,18.8296,91.85,83.824,94.8559,0.395679,68.9821,69.78,63,25698.3,0,0,0,0,8.53934,,,
18001,Caqueta,1,1,1,1,1,0,40,1,1,1,1,1,141,1.22998,0.761853,29.1544,81.6693,73.8398,84.0672,0.45294,63.7677,67.16,66,51225.8,0,0,0,0,76.289,0.211025,0.0338181,0.15049
18029,Caqueta,0,0,1,1,1,0,2,1,0,1,0,0,7,0.850162,0.208071,32.0777,34.136,21.2465,36.4023,0.36073,42.5953,58.97,47,4114.61,0,0,0,0,102.181,,,
18094,Caqueta,0,1,1,1,0,0,3,1,0,1,0,1,6,1.64596,0.647921,46.9363,57.1585,37.2463,43.1706,0.850841,45.6025,52.17,47,19999.4,0,0,0,0,92.1666,,,
18150,Caqueta,0,0,1,1,0,0,4,0,0,0,0,0,15,1.88739,0.242349,115.848,9.29472,3.15273,17.1649,0.452757,23.984,49.32,38,48381.9,0,0,0,0,150.562,,,
18205,Caqueta,0,0,1,1,1,0,3,0,0,0,0,0,12,1.26693,0.326212,69.3882,39.2013,30.5307,45.5596,0.446541,32.898,52.58,45,40865.3,0,0,0,0,130.054,,,
18247,Caqueta,0,0,0,1,0,0,9,0,1,1,0,1,36,1.30508,0.57092,26.4442,70.012,46.9558,79.6317,0.399171,59.3319,58.83,54,30946.5,0,0,0,0,90.9059,,,
18256,Caqueta,0,0,1,0,1,0,4,1,1,1,0,1,15,1.37249,0.492309,44.7138,51.9447,41.4866,39.0665,0.45674,45.042,51.66,48,20057.5,0,0,0,0,96.6003,,,
18410,Caqueta,0,0,1,1,1,0,2,1,0,1,0,0,19,1.20053,0.197273,104.643,24.9168,16.5104,24.1306,0.416347,28.24,42,38,5317.56,0,0,0,0,97.3863,,,
18460,Caqueta,0,0,1,2,1,0,2,0,0,1,0,0,18,1.21632,0.251486,72.29,7.94083,2.17984,7.04554,0.328135,20.8734,45.66,41,14487.7,0,0,0,0,113.776,,,
18479,Caqueta,0,0,1,1,1,0,2,1,0,0,0,0,5,1.33438,0.399011,40.2047,39.3464,32.1569,44.0523,0.318543,50.157,53.73,43,17495,0,0,0,0,86.55,,,
18592,Caqueta,0,0,0,1,1,0,6,0,1,1,0,0,58,1.57896,0.446229,61.8426,25.4981,7.78829,26.5848,0.309122,25.22,53.15,46,18622.7,0,0,0,0,81.4969,,,
18610,Caqueta,0,0,1,1,0,1,2,0,0,0,0,0,13,1.62245,0.726557,24.8386,43.6156,36.4302,30.6636,0.469001,35.1235,50.35,46,17008.1,0,0,0,0,102.38,,,
18753,Caqueta,0,1,1,1,0,0,4,0,0,1,0,1,18,1.33036,0.309402,43.4891,14.5101,8.79886,5.80046,0.43493,18.5139,52.2,43,32540.6,0,0,2,0,101.512,,,
18860,Caqueta,0,0,1,1,1,0,3,1,0,1,0,0,13,1.09856,0.210185,40.4337,31.1705,18.035,16.8697,0.150659,37.0032,53.06,41,12547.8,0,0,0,0,118.366,,,
19001,Cauca,1,2,1,1,14,9,212,1,1,1,1,1,1053,1.20525,0.892303,11.7974,94.2492,82.6724,94.2653,0.404228,77.8309,79.42,78,52776.1,266,182,4,1,1.41389,0.476335,0.156925,0.495167
19022,Cauca,0,1,1,1,1,0,6,1,0,1,0,0,12,1.34604,0.385357,123.522,38.6507,12.1139,17.4813,0.291542,23.0934,21.46,38,1588.56,7,7,2,1,10.9313,0.174379,0.0458341,0.0385971
19050,Cauca,0,0,1,1,1,0,4,1,0,1,0,0,11,1.0527,0.146206,25.7703,20.6907,7.90292,8.743,0.326571,16.3512,0,35,1620.71,0,0,0,0,36.0491,,,
19075,Cauca,0,0,1,1,1,0,4,1,0,0,0,0,8,1.10173,0.203927,31.3577,55.9832,24.5039,36.5003,0.452186,38.3379,43.95,41,6616.7,0,0,0,0,21.6492,,,
19100,Cauca,0,1,1,1,0,0,8,1,0,1,1,1,22,1.02009,0.249103,30.6537,37.0467,25.6369,39.8941,0.414112,33.2336,43.08,41,2607.28,0,0,1,0,11.2831,0.260223,0.0349396,0.205364
19110,Cauca,0,1,1,1,1,0,4,1,0,1,0,1,22,1.88824,0.688026,36.1855,54.9794,20.1923,56.6621,0.588576,38.9292,48.14,43,30677.7,0,0,0,0,2.21966,0.176064,0.025983,0.165079
19130,Cauca,0,,1,1,1,0,5,1,0,1,0,0,17,1.43011,0.210911,21.8269,22.0669,8.82297,34.4039,0.504557,33.4,42.59,40,4546.34,0,0,0,0,3.5678,0.143212,0.0235495,0.152875
19137,Cauca,0,1,1,1,0,0,3,1,0,1,0,0,25,1.34357,0.893558,58.7503,62.4799,11.9403,46.1768,0.447032,19.0912,40.24,47,5002.66,0,0,0,0,14.9159,0.139033,0.0227132,0.185878
19142,Cauca,0,1,1,1,0,0,7,1,0,1,1,1,29,1.51713,0.498179,45.2336,63.0266,30.9013,73.1839,0.188599,49.1522,61.96,50,57547.1,3,3,2,1,22.3531,0.226324,0.0512393,0.161721
19212,Cauca,0,1,1,1,0,2,12,1,1,1,0,0,20,1.63983,0.576891,40.2177,64.5933,45.9862,73.2589,0.516178,39.1896,53.08,54,14163,0,0,0,0,34.8912,0.143616,0.0198332,0.106153
19256,Cauca,0,1,1,1,0,0,3,1,0,1,0,1,42,1.24434,0.323543,45.7905,45.4072,8.84667,44.1607,0.316082,32.5279,47.97,42,6612.91,0,0,0,0,16.7642,0.22279,0.0521451,0.254657
19290,Cauca,0,,,,,,,,,,,,24,0.420122,0.127308,39.5402,55.5188,17.1082,23.5099,0.2734,42.2591,59.36,39,3945.45,0,0,0,0,0.668958,,,
19318,Cauca,0,1,1,1,0,1,11,1,0,1,1,1,117,1.85239,0.619206,31.2807,33.4821,25.3677,49.0021,0.11377,31.901,23.49,52,4098.15,0,0,0,0,97.2105,0.0702614,0.0181509,0.061921
19355,Cauca,0,1,1,1,0,0,3,1,0,1,0,0,14,2.11051,0.656842,38.8331,46.5549,17.1588,33.4397,0.486662,23.4113,39.6,40,2407.96,0,0,0,0,21.23,0.0891742,0.0222524,0.694921
19364,Cauca,0,,1,1,1,0,2,1,0,1,0,0,8,1.8703,0.213909,130.573,22.9665,9.09091,14.2857,0.40569,0,36.97,,3288.5,0,0,0,0,32.6598,0.223712,0.0202716,0.305088
19392,Cauca,0,0,1,1,1,0,4,1,0,1,0,0,30,1.50753,0.458119,43.605,33.0435,16.2802,60.7246,0.406741,29.6808,49.09,42,9505.22,0,0,0,0,9.89952,0.153167,0.0192077,0.183073
19397,Cauca,0,1,1,1,1,0,3,1,0,1,0,0,24,1.10617,0.422153,35.8183,14.1023,9.79133,35.2671,0.352096,20.6128,39.37,39,2837.84,0,0,0,0,11.1073,0.183382,0.036416,0.156013
19418,Cauca,0,1,1,1,1,0,3,1,0,1,0,1,13,1.58104,0.21002,53.2526,19.1781,14.5548,20.0685,0.260175,35.8017,55.19,38,26.9353,3,3,3,0,67.7956,,,
19450,Cauca,0,1,1,1,0,0,5,1,0,1,0,1,41,1.42982,0.44433,24.9644,45.6353,19.1985,41.4725,0.505234,37.6039,40.97,43,9424.81,0,0,1,0,9.20731,0.237424,0.0497565,0.341187
19455,Cauca,0,1,1,1,1,0,12,1,1,1,0,1,32,1.50425,0.971024,40.6469,85.1709,66.2041,89.7456,0.54596,59.999,55.81,58,75055.2,0,0,0,0,34.9092,0.276389,0.0493718,0.317831
19473,Cauca,0,0,1,1,1,0,2,1,0,1,0,1,21,1.21496,0.218131,19.0044,5.61623,6.08424,40.6396,0.385451,21.514,43.77,42,6210.94,0,0,0,0,0.75545,0.205661,0.0324154,0.130522
19513,Cauca,0,0,1,2,1,0,6,1,0,0,0,1,21,1.13921,0.685329,46.1211,41.3959,28.8809,87.3646,0.383158,53.9719,69.79,49,33562.2,0,0,0,0,27.3164,,,
19517,Cauca,0,,1,1,0,0,4,1,0,1,0,0,14,1.4588,0.779579,31.4946,48.8548,20.4387,21.7974,0.519183,12.8761,41.77,48,5176.3,1,1,0,0,34.6491,0.140914,0.0381867,0.0385067
19532,Cauca,0,1,1,1,0,0,8,1,1,1,1,1,23,1.38932,0.557845,21.879,43.1827,32.6695,54.0023,0.399985,43.0393,58.93,45,39378.4,0,0,1,0,3.7073,0.198712,0.0401196,0.16158
19548,Cauca,0,1,1,1,0,0,7,1,1,1,0,0,29,1.30602,0.644902,48.4365,56.8351,33.6319,70.7827,0.376061,52.487,61.88,48,14825.6,0,0,0,0,8.75562,,,
19573,Cauca,0,1,2,1,1,1,34,1,1,1,1,1,173,1.15287,0.825872,54.9431,87.0624,62.1187,92.2765,0.391558,68.289,75.95,71,28967.6,0,0,0,0,16.8985,0.308447,0.0686954,0.262428
19585,Cauca,0,,1,1,1,0,4,1,0,1,0,0,20,1.13044,0.468712,48.1462,2.80032,13.5958,43.4659,0.302872,10.3645,54.67,45,6903,0,0,0,0,10.8914,0.214266,0.051262,0.270362
19622,Cauca,0,0,1,1,1,0,4,1,0,1,0,0,13,1.06603,0.626146,38.7357,64.131,13.9547,61.3098,0.355298,37.1005,42.11,43,21531.3,0,0,0,0,4.76345,0.215475,0.0145406,0.122274
19693,Cauca,0,1,1,1,1,0,3,1,0,1,0,0,6,1.66277,0.32843,36.2533,66.118,16.3451,32.4064,0.503217,26.7487,35,35,12971.1,0,0,0,0,1.3814,0.219843,0.039572,0.190794
19698,Cauca,0,1,1,1,0,7,26,1,1,1,1,1,147,1.61447,0.816156,16.1199,78.0133,47.0337,83.0126,0.407775,61.7988,66.66,58,34503.3,7,7,4,0,14.9599,0.295771,0.0710682,0.309587
19701,Cauca,0,0,1,2,1,0,2,1,0,0,0,0,8,1.58598,0.326812,17.2362,20.0933,3.00975,0.635863,0.0819354,23.1724,32.62,35,350.935,0,0,0,0,27.4486,0.299663,0.119391,0.10657
19743,Cauca,0,1,1,1,0,0,7,1,0,1,1,0,15,1.34825,0.453279,82.3699,44.8814,22.4214,55.909,0.364267,19.9716,55.74,57,8558.48,0,0,0,0,18.5118,0.148938,0.0353341,0.273549
19760,Cauca,0,,1,1,1,0,2,1,0,1,0,0,16,1.48144,0.464777,76.1538,58.3253,8.22846,53.5334,0.409612,32.8414,49.1,42,8316.76,0,0,0,0,12.8505,,,
19780,Cauca,0,,,,0,0,11,1,1,1,0,0,16,1.06997,0.385797,54.8649,44.3785,20.6525,46.6163,0.30571,29.7713,46.45,44,23439.3,0,0,0,0,8.23105,,,
19807,Cauca,0,1,1,1,1,0,5,1,1,1,0,1,20,1.31133,0.669032,56.8678,85.3225,26.2176,80.5397,0.366624,60.3772,57.48,48,20666,0,0,0,0,0.124823,0.235796,0.0462058,0.164056
19809,Cauca,0,0,1,2,1,0,2,0,0,1,0,0,17,1.35291,0.318251,43.5072,12.8069,1.03237,17.4386,0.0767378,22.1843,37.49,40,1533.94,0,0,0,0,107.623,0.0568812,0.0094123,0.0408632
19821,Cauca,0,0,1,2,1,0,3,1,0,1,0,0,14,1.36376,0.228028,54.2301,35.9835,12.5752,26.3858,0.409596,0.11446,44.42,43,11812.2,0,0,0,0,38.456,0.0685701,0.0164921,0.0920437
19824,Cauca,0,,1,1,,,,,,,,,10,1.29116,0.254827,72.491,44.4606,11.6594,27.3827,0.572853,14.3402,45.26,41,4463.21,0,0,0,0,7.32406,0.155486,0.0250746,0.208955
20001,Cesar,1,2,1,1,0,9,81,1,1,1,1,1,491,1.22464,0.919303,17.833,86.2705,64.0927,85.147,0.511326,57.2664,70.31,70,36694.7,18,18,3,1,6.10867,0.162961,0.0228663,0.0245601
20011,Cesar,0,1,1,1,1,1,36,1,1,1,1,1,85,1.12029,0.567958,16.6573,79.9748,47.2435,83.7369,0.548864,48.0055,64.75,57,19422.7,0,0,0,0,8.99806,0.14759,0.0291452,0.0504877
20013,Cesar,0,1,1,1,2,0,36,0,0,1,0,1,103,1.20654,0.499681,29.0609,78.4483,26.986,77.8263,0.443923,43.5031,54.3,56,18810.2,0,0,0,0,52.7233,,,
20032,Cesar,0,0,1,2,1,0,6,1,0,0,0,1,21,1.39328,0.463475,15.0351,52.9599,9.33651,56.4164,0.714817,23.762,39.5,44,6601.95,0,0,0,0,52.0443,,,
20045,Cesar,0,0,1,2,1,0,8,1,0,0,0,1,25,1.50753,0.487316,23.9248,63.2133,25.2934,63.8608,0.3732,28.8364,50.15,47,8756.59,1,1,2,0,89.4242,,,
20060,Cesar,0,0,1,2,1,0,11,1,0,0,0,0,26,1.11333,0.609199,42.083,86.5857,19.6221,88.2051,0.593848,35.9088,55.87,53,16144.6,0,0,0,0,84.5731,,,
20175,Cesar,0,1,1,1,0,0,9,1,0,1,1,1,32,1.17955,0.423535,24.6908,46.0921,13.8783,56.1259,0.603351,27.1604,44.23,43,19713.5,0,0,0,0,38.2503,0.186407,0.0520932,0.0397241
20178,Cesar,0,1,1,1,0,0,11,1,0,1,1,1,99,1.0194,0.483207,15.4477,70.5125,21.4579,68.9778,0.334733,31.6439,53.26,53,8851.06,1,1,1,0,54.772,0.146336,0.0451684,0.0194368
20228,Cesar,0,0,1,1,1,0,12,1,0,0,0,0,42,1.20589,0.448743,24.1175,70.0366,26.5082,68.0439,0.34049,31.2723,53.78,50,16015.8,0,0,0,0,43.0522,,,
20238,Cesar,0,0,1,1,0,0,17,1,0,0,0,1,36,1.15671,0.607798,23.518,71.8535,3.40961,75.4005,0.325871,38.9706,55.01,49,7660.77,0,0,0,0,65.6441,,,
20250,Cesar,0,0,1,1,1,0,3,1,0,0,0,0,23,0.929283,0.332296,34.506,38.7829,1.00828,61.9013,0.601563,24.253,44.35,42,5037.9,0,0,0,0,81.439,,,
20295,Cesar,0,1,1,1,0,0,6,1,0,1,0,0,21,1.41685,0.612526,21.4051,67.2338,4.66699,87.5547,0.583145,40.4542,49.48,49,52176.2,2,2,1,0,5.62163,,,
20310,Cesar,0,1,1,1,1,0,2,1,0,0,0,0,36,0.25396,0.079692,90.9091,41.8409,24.3088,80.8833,0.129835,39.7228,43.52,45,398.812,0,0,0,0,4.83446,0.247505,0.0471967,0.0617675
20383,Cesar,0,1,1,1,0,0,5,1,0,1,0,0,30,1.22937,0.29759,20.2456,41.8294,6.83594,51.4974,0.406614,33.6659,51.23,44,29379.3,0,0,1,0,21.9048,0.205882,0.0630402,0.0503305
20400,Cesar,0,0,1,2,1,0,10,1,0,0,0,0,45,0.924182,0.443252,27.4308,73.4667,5.1975,70.0624,0.522789,28.1877,50.19,51,20177.5,0,0,0,0,88.3349,,,
20443,Cesar,0,0,1,2,0,0,6,1,0,0,0,0,21,1.14899,0.480329,23.2257,78.1553,28.6408,73.9806,0.412971,35.4745,50.71,51,5731.3,0,0,0,0,12.0417,,,
20517,Cesar,0,0,1,1,0,0,11,1,0,1,0,0,34,1.57085,0.617328,26.1652,66.1697,50.0765,66.2462,0.540416,37.5095,55.32,48,17676.1,0,0,0,0,19.8767,,,
20550,Cesar,0,0,1,1,0,0,9,1,0,0,0,0,19,1.02786,0.454699,24.0073,62.2869,0.426136,62.2514,0.467893,31.4963,50.69,44,19902,0,0,0,0,25.1513,,,
20614,Cesar,0,1,1,1,1,0,7,1,0,0,1,0,24,1.27904,0.344115,32.1409,54.6724,34.083,64.3273,0.408711,34.7337,56.34,49,14596.8,1,1,1,0,2.95968,0.367924,0.0267416,0.0724081
20621,Cesar,0,1,1,1,1,0,14,1,0,1,0,0,42,1.17646,0.421077,26.9644,68.6021,40.3137,66.0704,0.365632,40.8912,55.59,50,6056.68,0,0,0,0,13.3751,,,
20710,Cesar,0,0,1,0,0,0,9,0,0,1,0,1,28,1.37332,0.656561,26.5955,74.1304,65.4171,78.6896,0.534609,55.1094,60.41,56,47138.6,0,0,0,0,5.23223,,,
20750,Cesar,0,0,1,2,1,0,6,1,0,1,0,0,57,1.20589,0.524585,29.4392,76.5008,49.1424,80.6175,0.562553,41.5112,59.68,50,19571.5,0,0,0,0,19.3585,,,
20770,Cesar,0,0,1,1,1,0,5,0,0,0,0,0,22,1.33578,0.408756,30.4301,52.2153,34.5295,69.0589,0.540252,39.3691,53.11,50,12625.2,0,0,0,0,22.5107,,,
20787,Cesar,0,1,1,1,0,0,4,1,0,1,0,0,37,1.73809,0.777991,40.583,36.4825,0.632645,53.6482,0.549008,30.4557,44.76,42,13481.8,1,1,2,1,4.80179,0.12754,0.0197317,0.0631413
23001,Cordoba,1,3,8,9,3,4,54,5,2,6,2,3,906,1.37353,0.938438,19.4116,69.1918,23.2674,84.1252,0.643898,50.2768,63.5,71,52072.3,0,0,1,0,58.0786,0.159876,0.0616297,0.0292677
23068,Cordoba,0,1,1,1,0,0,16,1,0,1,1,1,28,1.4282,0.438397,37.2099,25.8786,13.6662,45.2212,0.542821,25.4361,46.45,41,3710.55,3,3,2,1,81.0711,0.13217,0.031853,0.0507534
23079,Cordoba,0,0,1,2,1,0,6,1,0,1,0,1,26,1.9887,0.609051,24.8146,35.8965,0.734009,60.5033,1.3094,28.3347,44.66,41,13489.6,0,0,0,0,84.1304,,,
23090,Cordoba,0,0,1,2,1,0,4,1,0,0,0,1,27,2.32157,0.645987,26.7647,23.5734,0.140318,23.0122,0.755849,9.35836,24.05,35,15572.7,0,0,0,0,70.7013,,,
23162,Cordoba,0,1,1,1,1,6,39,0,1,1,1,1,64,1.32927,0.975616,14.3464,87.6053,23.198,86.3169,0.621893,44.6682,55.65,53,30170.2,0,0,1,0,44.0125,0.342564,0.0853333,0.173231
23168,Cordoba,0,0,1,1,1,1,6,1,0,1,1,1,34,1.49223,0.766781,49.2114,27.9641,0.0944733,62.3524,0.794573,30.3441,45.02,43,21064.7,0,0,0,0,18.9871,0.119577,0.0556363,0.171061
23182,Cordoba,0,1,1,1,0,1,16,1,1,1,1,1,64,1.61561,0.798119,26.1973,62.8653,16.5693,68.4726,0.42621,37.4144,51.49,50,24740.8,0,0,1,0,24.1596,0.174488,0.048522,0.0987969
23189,Cordoba,0,1,2,1,0,1,22,1,1,1,0,0,67,2.15751,0.906743,43.6253,62.1449,16.2074,64.9574,0.565836,37.767,45.58,50,23351.9,0,0,1,0,47.2501,,,
23417,Cordoba,0,1,2,1,0,1,26,1,1,1,1,1,110,1.33655,0.75159,15.5724,58.0053,13.7798,61.2432,0.514669,29.3974,45.49,49,8884.53,2,2,1,0,5.21075,0.18657,0.0620897,0.118166
23419,Cordoba,0,0,1,1,1,0,4,1,0,1,0,1,17,2.46386,0.587956,41.955,16.397,0.269687,22.1683,0.655172,12.2974,24.65,36,6355.08,0,0,0,0,67.4234,,,
23464,Cordoba,0,1,1,1,1,1,10,1,1,1,0,1,35,2.05112,1,41.0823,76.4959,0.239349,73.2408,0.754709,26.5715,44.13,49,13286.5,0,0,1,0,7.72442,,,
23466,Cordoba,0,1,1,1,0,0,22,1,0,1,0,1,49,1.94941,0.876656,64.3072,51.5094,27.8606,72.3064,1.40068,38.7343,58.56,49,39945.4,0,0,0,0,56.5735,,,
23500,Cordoba,0,0,1,1,1,0,7,1,0,1,0,0,22,1.91635,0.639346,33.1662,31.2048,0.963855,30.9337,0.700223,17.9351,31.22,40,1744.32,0,0,0,0,23.1966,,,
23555,Cordoba,0,1,1,1,0,0,32,1,0,1,0,1,52,1.47548,0.88443,20.2029,46.5091,35.1117,70.4801,0.665145,39.4131,49.62,55,27579.4,0,0,0,0,99.675,,,
23570,Cordoba,0,0,1,2,1,1,13,1,0,1,1,1,47,1.53731,0.39529,35.6749,32.8063,3.60672,43.1324,0.754347,25.5728,44.96,45,13153.3,0,0,1,0,90.2183,,,
23574,Cordoba,0,0,1,2,1,0,5,0,0,0,0,1,29,,0.860145,44.5572,24.6542,0.34585,28.4585,0.92032,13.4656,25.4,40,11387,0,0,0,0,52.2093,,,
23580,Cordoba,0,0,1,2,1,0,7,1,0,0,0,0,27,2.49887,0.468625,55.4596,38.5993,2.01471,53.2459,0.825694,22.8895,46.58,43,28328,0,0,0,0,63.4794,,,
23586,Cordoba,0,1,1,1,1,4,7,1,1,1,0,1,43,1.55718,0.741527,30.748,54.9302,0.0450248,56.281,0.49079,21.7261,41.96,45,15735.8,0,0,1,0,6.6234,,,
23660,Cordoba,0,1,1,1,1,10,27,1,1,1,1,1,65,1.01254,0.557855,15.8097,45.1534,30.7071,68.7246,0.486256,33.8467,52.26,50,22719.5,0,0,1,0,43.7304,0.16673,0.0884572,0.126179
23670,Cordoba,0,1,1,1,1,4,12,1,1,1,0,1,76,1.8787,0.566374,46.5264,18.8099,3.4546,30.2312,0.90734,7.68533,22.83,37,2746.49,0,0,1,0,25.5416,0.005618,0.0021608,0
23672,Cordoba,0,0,1,1,1,0,6,1,0,1,0,1,14,1.89766,0.974063,29.3251,32.3864,0.478469,56.3397,0.831739,16.662,41.68,42,45364,0,0,1,0,8.8403,,,
23675,Cordoba,0,1,1,1,1,0,6,0,0,1,0,1,40,1.65861,0.831196,35.2227,35.648,0.274377,47.9105,0.728369,18.952,38.85,43,7329.34,0,0,1,0,1.5988,,,
23678,Cordoba,0,0,1,1,1,0,5,1,0,0,0,1,37,2.09221,0.595953,72.7104,30.758,0.146327,41.8203,0.395326,21.0284,41.51,40,15713.7,0,0,1,0,54.9607,0.204857,0.117564,0.248504
23686,Cordoba,0,1,1,1,1,0,15,1,1,1,0,1,38,1.71391,0.981063,37.4493,41.5029,0.0517063,57.6698,0.569872,26.8884,46.39,42,18056.7,0,0,1,0,36.209,0.102992,0.011995,0.169999
23807,Cordoba,0,1,1,1,0,0,23,0,0,0,0,1,31,2.19618,0.675854,35.5533,37.7402,9.42982,36.0171,0.637046,21.5122,36.8,41,8064.87,0,0,0,0,110.872,,,
23855,Cordoba,0,0,1,2,0,0,7,1,0,0,0,1,242,1.89479,0.79383,32.5509,37.9574,0.406601,45.946,0.860387,20.3256,33.88,44,7398.48,0,0,0,0,119.461,,,
25001,Cundinamarca,0,1,2,1,1,1,8,1,1,1,1,1,7,1.17563,0.876261,52.24,88.3103,73.6451,92.8445,0.5136,71.3508,71.4,58,27328.4,0,0,1,0,14.2701,,,
25019,Cundinamarca,0,0,1,1,1,1,5,1,1,1,0,0,112,,,,65.2976,35.5406,89.6899,0.3645,68.2362,68.22,60,69028.3,0,0,0,0,31.9724,0.296092,0.109015,0.631551
25035,Cundinamarca,0,0,1,1,1,1,4,1,1,1,1,0,47,1.53107,0.600987,86.9565,76.9192,48.1444,87.4936,0.252259,60.4402,64.02,57,111760,0,0,1,0,1.51489,0.143711,0.0248893,0.278668
25040,Cundinamarca,0,1,1,1,1,0,5,1,1,1,0,0,25,1.27713,0.765948,19.0424,60.9132,35.557,79.5661,0.555625,60.5966,67.14,51,32246.3,0,0,1,0,20.7119,0.350954,0.0600051,0.350115
25053,Cundinamarca,0,0,1,1,0,0,3,1,1,1,1,1,47,0.687067,0.423065,8.78129,70.0998,19.6975,79.3692,0.211344,59.4308,66.75,51,14328.8,0,0,0,0,32.4851,0.235575,0.0503935,0.431589
25086,Cundinamarca,0,0,1,2,0,1,1,0,0,1,0,0,4,2.09314,1,1000,64.9596,16.442,65.4986,0.293333,51.7178,60.14,39,39162.3,0,0,1,0,12.2237,0.133187,0.0429769,0.157233
25095,Cundinamarca,0,0,1,1,0,1,2,0,0,1,0,0,21,1.49871,0.505646,1000,42.8181,22.8454,81.2585,0.207309,46.6894,62.34,47,16647.2,0,0,2,0,29.9403,0.218787,0.0188034,0.137702
25099,Cundinamarca,0,0,2,2,0,1,8,1,1,1,0,0,11,1.39234,0.744454,583.333,61.3511,52.9347,89.8117,0.734387,65.0475,70.64,56,112729,0,0,0,0,14.2424,0.29591,0.0798122,0.525822
25120,Cundinamarca,0,0,1,1,1,0,4,1,0,1,0,0,13,1.24451,0.667442,96.9963,45.671,20.4546,77.8139,0.465983,54.983,56.56,48,21770.9,0,0,0,0,38.4289,,,
25123,Cundinamarca,0,0,1,1,1,0,4,1,0,1,0,1,21,1.04711,0.688501,29.9736,78.5015,32.0274,84.6719,0.325265,64.0205,70.63,55,26122.3,0,0,0,0,16.5333,,,
25126,Cundinamarca,0,1,1,1,0,1,10,1,1,1,0,0,72,1.28568,0.971927,76.9487,91.0863,81.5228,87.7994,0.494026,75.9194,77.28,66,94388.7,0,0,0,0,0.658175,0.363816,0.0677073,0.584634
25148,Cundinamarca,0,0,1,1,1,0,2,1,0,1,0,1,19,0.967615,0.373199,25.1986,52.9353,11.3631,60.0655,0.209422,38.9234,52.1,42,14145.2,0,0,2,0,11.5856,0.198152,0.0545328,0.193701
25151,Cundinamarca,0,1,1,1,0,0,7,0,0,1,1,1,50,0.950824,0.874954,4.14532,38.4952,28.3796,89.6972,0.613897,61.0407,63.66,56,39984.5,2,2,1,0,33.4162,0.400631,0.062354,0.53842
25154,Cundinamarca,0,0,1,1,0,0,3,0,0,1,0,0,24,1.00967,0.329946,24.2021,50.5864,19.4563,81.1301,0.590595,53.2466,54.91,44,20723,0,0,0,0,6.52682,0.140387,0.031516,0.470439
25168,Cundinamarca,0,0,1,1,0,1,4,0,0,1,0,0,12,1.10481,0.590899,73.9538,73.5883,19.5811,65.7559,0.342914,52.4222,55.91,46,5569.26,0,0,1,0,22.7383,0.172552,0,0
25175,Cundinamarca,0,1,2,1,2,1,43,1,1,1,1,1,165,1.74505,1,14.0488,97.8596,82.8208,95.6517,0.522348,83.1041,82.88,73,163606,0,0,0,0,0.545158,0.35068,0.0572462,0.539922
25178,Cundinamarca,0,0,1,1,0,1,7,1,0,1,0,1,13,1.20564,0.667347,,49.7024,23.5714,81.5476,0.463962,53.3281,63.65,47,40050.4,0,0,0,0,24.3513,0.22722,0.0364384,0.468557
25181,Cundinamarca,0,0,1,1,1,0,5,1,0,1,0,0,16,1.16599,0.841007,402.116,55.0904,26.6637,85.1036,0.366556,67.83,67.69,52,33010,0,0,0,0,25.7978,0.347012,0.0631402,0.410972
25183,Cundinamarca,0,1,1,1,1,0,8,1,1,1,1,1,53,1.5705,0.677682,16.3862,59.0268,32.1227,86.2835,0.702616,62.86,56.45,51,53097.2,1,1,1,0,9.13564,0.183331,0.0333168,0.536242
25200,Cundinamarca,0,0,1,1,0,1,3,1,0,1,0,0,9,1.26077,0.676371,158.905,90.8555,39.6018,91.3717,0.3084,76.4196,76.82,55,110023,0,0,0,0,5.43925,0.299125,0.0252252,0.508108
25214,Cundinamarca,0,0,1,1,1,0,9,0,0,1,1,1,33,2.85712,1,166.667,70.8974,46.5385,93.6752,0.552221,78.3969,76.15,62,281708,0,0,0,0,5.66444,0.355002,0.061828,0.46595
25224,Cundinamarca,0,0,1,1,1,1,5,1,1,1,0,0,10,0.904347,0.499914,375,54.8607,16.3468,94.613,0.353383,63.8166,59.33,48,17985.5,0,0,0,0,3.68499,0.212839,0.0960777,0.589342
25245,Cundinamarca,0,1,1,1,0,0,3,1,0,1,0,0,17,1.14181,0.917888,28.5974,80.6144,42.2405,91.6314,0.415386,67.2178,68.68,54,56446.8,0,0,0,0,1.00352,0.131361,0.0202244,0.219468
25258,Cundinamarca,0,0,1,1,0,1,2,0,0,1,0,0,12,1.37078,0.598692,750,14.9506,7.54584,56.347,0.342886,28.2499,52,36,3041.31,0,0,0,0,33.5305,0.151519,0.0299065,0.0794393
25269,Cundinamarca,0,2,2,1,1,1,30,1,1,1,1,1,323,,,,93.0478,85.78,94.5717,0.724789,78.3352,78.85,79,80666.3,0,0,1,0,21.9112,0.451542,0.0774017,0.433676
25279,Cundinamarca,0,1,1,1,0,0,2,1,0,1,0,1,19,0.676381,0.340553,12.8069,53.7111,20.5099,79.4901,0.303654,64.564,63.64,45,21011.3,0,0,0,0,31.1894,0.290607,0.0717235,0.276342
25281,Cundinamarca,0,0,1,1,1,0,4,1,0,1,0,0,5,1.2559,0.471852,147.643,38.9111,24.0192,76.4612,0.54642,45.995,55.25,40,8816.49,0,0,0,0,39.7709,0.272594,0.100508,0.377275
25286,Cundinamarca,0,1,2,1,1,1,41,1,1,1,1,1,172,,,,82.4382,82.2792,96.3074,0.730199,73.8472,78.66,69,112742,0,0,0,0,9.27505,0.389567,0.0866276,0.681552
25288,Cundinamarca,0,0,1,1,0,1,2,0,1,1,1,0,6,1.21904,0.795771,,44.2105,13.7799,90.7177,0.540222,67.2804,68.57,42,39467.4,0,0,0,0,3.50565,0.21282,0.0314502,0.501456
25290,Cundinamarca,0,1,1,1,0,2,38,1,1,1,1,1,329,1.16621,0.836787,8.59333,92.6245,69.4619,90.0473,0.552549,72.7639,76.62,73,52400,1,1,2,0,26.6262,0.241513,0.0460636,0.474653
25293,Cundinamarca,0,0,1,1,1,0,5,1,0,1,0,1,12,1.36531,0.803932,51.282,35.9854,23.5037,41.3139,0.532015,58.7221,60.33,47,37387.5,0,0,0,0,58.1392,0.151086,0.0144039,0.153846
25295,Cundinamarca,0,0,1,1,1,1,5,0,1,1,0,0,14,1.63498,0.883955,750,76.0765,46.1244,89.0909,0.8338,70.9883,69.03,56,94404.9,0,0,0,0,7.93184,0.340671,0.0631841,0.3199
25297,Cundinamarca,0,1,1,1,0,1,6,1,0,1,1,1,23,1.45366,0.93204,11.4275,42.638,24.0286,75.9714,0.594977,59.1756,61.11,47,33884.7,0,0,1,0,39.5883,0.250412,0.0814706,0.421838
25299,Cundinamarca,0,0,1,1,1,0,3,0,0,1,0,0,7,1.60625,0.736026,,13.9381,10.8407,75.4425,0.501477,58.0468,64.73,42,28834.7,0,0,0,0,46.2106,0.220255,0.0270535,0.135072
25307,Cundinamarca,0,,,,,,,,,,,,305,1.03965,0.807439,9.02309,98.1973,92.1644,96.8874,0.497426,75.0363,73.84,78,55154.1,0,0,0,0,1.98733,0.414432,0.129958,0.434909
25317,Cundinamarca,0,0,1,1,0,2,4,1,1,1,1,0,21,1.03493,0.713396,24.2996,45.6413,22.6837,87.9507,0.44098,63.004,61.18,46,27620.5,0,0,0,0,3.96479,0.181592,0.0630786,0.377059
25320,Cundinamarca,0,1,1,1,1,0,15,1,1,1,1,1,30,1.17617,0.689046,14.0803,56.2333,50.4018,80.1978,0.359943,65.5572,65.77,57,35921.6,7,7,4,0,22.8133,0.209684,0.0321879,0.366146
25322,Cundinamarca,0,0,1,1,1,0,5,1,0,1,0,0,12,1.29496,1,49.2027,66.4854,36.8759,92.0415,0.48343,72.3158,71.58,51,44580.9,0,0,0,0,17.779,0.316954,0.0550215,0.591316
25324,Cundinamarca,0,0,1,1,0,1,1,1,0,1,0,1,17,1.64162,1,,70.2857,19.4286,72.1905,0.370805,39.1928,52.89,50,5725.21,0,0,0,0,5.79907,0.298116,0.0510949,0.163625
25326,Cundinamarca,0,1,1,1,1,0,4,0,1,1,0,1,77,1.10108,0.61489,16.6667,56.25,25.5,92.4167,0.631633,69.2077,69.02,56,53642.7,1,1,2,0,15.3023,0.290029,0.0628137,0.309456
25328,Cundinamarca,0,0,1,1,0,1,4,0,1,1,1,0,3,1.38448,0.741828,500,51.5385,20.8791,82.967,0.419088,56.8449,64.36,47,45084.1,0,0,2,0,33.1828,0.236894,0.344442,0
25335,Cundinamarca,0,0,1,1,0,1,4,0,0,0,0,0,3,1.15761,0.471148,333.333,30,16.7368,46.1053,0.360997,42.2,62.31,44,6912.81,0,0,0,0,58.2508,,,
25339,Cundinamarca,0,0,1,1,1,0,3,1,0,1,0,1,8,1.35268,0.666476,400,32.0442,34.5304,63.8122,0.609933,34.9969,53.25,47,7272.14,0,0,0,0,45.2419,0.291815,0.0785831,0.291938
25368,Cundinamarca,0,0,1,2,0,1,3,0,0,1,0,0,5,1.22947,0.550201,,55.3247,27.2727,58.7013,0.418902,34.9091,48.86,43,6808.69,0,0,0,0,5.30106,0.183198,0.0349288,0.332794
25372,Cundinamarca,0,1,1,1,1,0,5,0,0,0,0,1,9,0.916417,0.486738,305.556,31.4411,10.393,83.6681,0.447187,62.4646,59.89,45,5724.12,0,0,0,0,39.8206,0.212592,0.105199,0.309271
25377,Cundinamarca,0,0,1,1,1,0,6,1,0,1,0,0,50,1.29148,0.873329,69.8747,80.6604,39.8585,94.4969,0.3578,78.9157,76.67,62,90853,0,0,0,0,11.1969,0.204291,0.0197957,0.155172
25386,Cundinamarca,0,1,2,1,1,1,9,1,1,1,1,1,66,1.24029,0.898658,7.58554,74.6776,42.8418,87.8977,0.585012,61.2952,70.14,57,51124.3,0,0,1,0,7.37951,0.251908,0.0454711,0.411158
25394,Cundinamarca,0,1,1,1,0,0,6,1,0,1,1,1,25,0.743322,0.533596,24.6656,39.4815,26.9666,75.5066,0.242648,42.9938,56.88,49,20366.1,2,2,3,1,17.17,0.160625,0.0345306,0.227365
25398,Cundinamarca,0,0,1,1,1,0,3,0,0,0,0,1,9,1.23419,0.439131,74.1647,14.2857,12.013,51.8182,0.308954,35.2896,39.51,38,0,0,0,2,0,30.8526,0.146032,0.0200887,0.0990086
25402,Cundinamarca,0,1,1,1,0,0,0,1,0,1,0,0,26,1.30081,0.66248,4.25153,67.5653,22.6047,84.8611,0.493509,63.5754,67.2,50,66982.4,0,0,2,0,34.6351,0.157407,0.0279673,0.165395
25407,Cundinamarca,0,0,1,2,1,1,2,1,1,1,0,1,15,1.24515,0.540941,250,34.4909,19.1289,88.5815,0.334631,62.4657,61.59,48,30441.6,0,0,1,0,0.450625,0.150377,0.0410167,0.448203
25426,Cundinamarca,0,1,1,1,1,0,2,0,0,1,0,1,11,1.11397,0.544358,139.216,27.9148,12.5,74.7197,0.4388,51.203,54.93,43,24659.1,0,0,0,0,20.0194,0.269009,0.124115,0.147343
25430,Cundinamarca,0,2,2,1,1,1,45,1,1,1,1,1,143,,,,83.0021,77.0227,93.7012,0.573383,72.9641,78.48,68,80906.7,0,0,0,0,11.391,0.392449,0.0649523,0.571935
25436,Cundinamarca,0,1,1,1,1,0,4,1,0,1,0,1,9,0.889627,0.370357,500,36.5332,12.6166,82.5562,0.16005,62.8155,56.39,42,14781,0,0,1,0,30.6457,0.165858,0.03754,0.0369156
25438,Cundinamarca,0,1,1,1,0,0,2,0,0,1,0,0,8,1.10529,0.420563,15.7241,45.839,30.0591,28.3311,0.572144,38.4223,57.24,46,52010.2,1,1,0,0,82.9133,0.154429,0.0270666,0.182516
25473,Cundinamarca,0,1,1,2,1,1,20,0,1,1,0,0,29,1.82182,1,59.0566,53.9576,70.0027,93.0239,0.461527,59.7104,78.94,65,0,0,0,0,0,8.51259,0.37307,0.06914,0.578752
25483,Cundinamarca,0,0,1,1,0,1,3,1,0,1,0,1,21,1.59529,1,500,67.7419,13.8958,79.6526,0.674371,45.1252,56.07,51,15554.6,0,0,0,0,0.711169,0.252846,0.0586026,0.238167
25486,Cundinamarca,0,0,1,1,1,0,7,1,1,1,0,0,11,1.17625,0.772651,44.093,57.7816,38.6179,87.108,0.748658,65.003,72.85,54,60083,1,1,1,0,1.37336,0.357903,0.0783436,0.598396
25488,Cundinamarca,0,0,1,1,1,1,2,1,1,1,0,1,6,1.5619,1,42.6212,55.9557,38.5965,87.9963,0.223077,57.3722,68.03,51,209468,0,0,1,0,20.4842,0.144647,0.02359,0.27359
25489,Cundinamarca,0,0,1,1,1,0,2,0,0,1,0,0,6,1.55666,1,1000,32.797,21.0396,51.2376,0.27505,36.3689,65,42,13672.5,0,0,0,0,38.0185,0.236536,0.0124404,0.0537321
25491,Cundinamarca,0,0,1,1,1,0,7,0,0,1,0,1,11,0.62869,0.585216,62.0301,20.3373,15.5258,77.5794,0.290615,40.5903,58.88,46,8915.13,0,0,2,0,41.6902,0.196233,0.0208832,0.135088
25513,Cundinamarca,0,1,1,1,1,1,8,0,1,1,1,1,45,1.1759,0.718243,8.12602,53.4215,34.5062,82.3095,0.613512,64.1366,70.07,53,29164.9,0,0,1,0,24.7852,0.31525,0.054194,0.45535
25518,Cundinamarca,0,0,1,1,0,1,2,1,0,1,0,0,13,1.23532,0.505244,40.0641,20,12.0301,52.1805,0.663754,35.0025,46.28,40,18330.6,0,0,0,0,31.055,0.123625,0.00702,0.242892
25524,Cundinamarca,0,1,1,1,0,1,2,1,0,1,1,0,10,1.11281,0.494123,166.667,64.1075,23.5125,83.6852,0.22237,58.2348,58.64,46,27810.1,0,0,0,0,34.6155,0.269483,0.0400933,0.299752
25530,Cundinamarca,0,0,1,1,1,0,3,0,0,1,0,0,7,1.27157,0.482409,37.1528,49.1228,34.37,38.5168,0.438667,40.8553,55.12,43,53162.4,0,0,0,0,102.217,,,
25535,Cundinamarca,0,0,1,1,1,1,5,1,1,1,0,1,18,1.24237,1,128.233,42.6555,20.7005,81.0768,0.604553,63.0318,67.76,46,27290.4,0,0,1,0,32.1242,0.244267,0.0521839,0.317701
25572,Cundinamarca,0,0,1,1,0,0,16,1,1,1,0,1,11,1.60141,1,24.9946,72.4524,65.0373,78.7904,0.393071,61.6185,64.78,56,91038.2,0,0,0,0,9.55993,,,
25580,Cundinamarca,0,0,1,2,0,1,3,1,0,1,0,0,3,1.47144,0.673147,500,34.8601,7.12468,55.9796,0.260273,42.2195,58.3,42,5372.23,0,0,1,0,18.113,0.140218,0,0
25592,Cundinamarca,0,0,1,1,0,1,3,1,0,1,0,0,6,1.00318,0.687496,,31.9716,18.8277,78.4192,0.413841,44.6893,54.47,44,8808.26,0,0,2,0,32.5141,0.116874,0.0164818,0.0640254
25594,Cundinamarca,0,0,1,1,1,0,5,0,0,1,0,0,12,1.05512,0.985091,666.667,37.8957,32.0298,74.7672,0.395065,46.7066,54.77,43,2740.66,0,0,0,0,45.4507,0.292906,0.0631933,0.296355
25596,Cundinamarca,0,0,1,2,1,1,4,1,1,1,0,0,15,0.851712,0.469518,46.8672,49.5133,16.5044,75.9204,0.269835,44.7206,57.28,46,5182.82,0,0,0,0,20.9223,0.146137,0.0300865,0.323304
25599,Cundinamarca,0,0,1,1,1,0,3,0,0,1,0,0,14,1.25233,0.691153,185.897,55.7464,38.6256,81.7536,0.381659,49.773,62.41,53,28050.2,0,0,0,0,1.64653,,,
25612,Cundinamarca,0,0,1,2,1,1,2,0,1,1,0,1,26,1.33642,0.56633,500,55.5004,35.4839,87.4276,0.565333,49.1491,57.41,49,227888,0,0,0,0,3.33826,0.124956,0.0319574,0.273802
25645,Cundinamarca,0,0,1,1,0,1,3,1,0,1,0,1,13,,,,79.2035,25.6235,93.6042,0.2852,68.6265,66.39,52,37347,0,0,0,0,1.67993,0.20567,0.0245044,0.275948
25649,Cundinamarca,0,0,2,1,1,0,6,1,0,1,0,0,12,0.607594,0.303943,17.2462,32.2683,18.7851,71.4888,0.181897,57.4959,65.63,44,9066.55,0,0,0,0,41.8638,,,
25653,Cundinamarca,0,0,1,1,0,1,2,0,0,1,0,0,5,1.62875,0.627602,71.7949,22.2417,11.7338,75.5692,0.459437,47.1526,56.22,42,12354.9,0,0,0,0,24.8067,0.210401,0.0447585,0.203769
25658,Cundinamarca,0,0,1,1,1,0,5,1,0,1,0,1,7,1.34733,0.743164,,75.0524,45.8421,87.1419,0.582475,68.3763,69.42,51,33925.2,0,0,0,0,28.9545,0.204384,0.0245145,0.340019
25662,Cundinamarca,0,1,1,1,0,0,3,0,1,1,0,0,23,1.34059,0.765494,9.71392,73.3718,42.3743,74.9794,0.446789,61.187,59.85,46,17666.5,0,0,1,0,22.2796,0.194346,0.0532787,0.288729
25718,Cundinamarca,0,0,1,1,0,1,4,1,1,1,0,0,22,1.44856,0.671592,10.356,42.8503,38.806,88.156,0.434491,60.6588,67.23,49,42548.3,0,0,2,0,40.391,0.18617,0.0298103,0.324149
25736,Cundinamarca,0,1,1,1,1,1,4,0,1,1,1,1,11,2.29404,1,12.0137,100,97.7477,98.6487,0.800059,82.42,73.36,72,99010.6,0,0,0,0,8.94034,0.41118,0.0983362,0.533648
25740,Cundinamarca,0,0,1,1,0,1,6,0,0,1,0,0,28,1.43468,0.853625,40.8876,90.0176,69.7014,92.2131,0.35687,72.8114,73.17,65,107632,0,0,0,0,14.7945,,,
25743,Cundinamarca,0,0,1,1,1,0,4,1,0,1,0,0,27,1.12554,0.539286,336.58,43.1695,23.4114,87.1109,0.381541,60.0991,67.48,51,34989.6,0,0,0,0,20.4693,,,
25745,Cundinamarca,0,1,1,1,1,1,6,0,0,1,1,1,9,1.39185,0.791428,194.953,86.5741,41.8982,93.3449,0.596921,71.571,70.54,52,40268.7,0,0,0,0,6.46343,0.231478,0.0568405,0.435123
25754,Cundinamarca,0,,,,,,,,,,,,1350,,,,87.4688,80.2227,95.8052,0.498246,72.3353,84.4,78,46326.3,0,0,0,0,5.93956,0.268486,0.0475574,0.439124
25758,Cundinamarca,0,1,1,1,0,1,9,1,0,1,1,1,68,1.36806,0.97697,20.5661,91.8338,60.554,91.213,0.574583,80.6326,81.06,63,245238,0,0,0,0,9.62119,0.336049,0.103957,0.396819
25769,Cundinamarca,0,0,1,2,1,1,11,1,0,1,1,1,19,,,,64.2266,38.415,93.0617,0.549,72.3852,75.98,55,81152.5,0,0,1,0,15.004,,,
25772,Cundinamarca,0,0,1,1,0,1,4,0,0,1,0,1,10,1.21441,0.617792,52.6205,79.4353,29.5529,86.0706,0.866145,69.9495,68.38,50,26454,0,0,0,0,3.69124,0.272199,0.054812,0.497982
25777,Cundinamarca,0,0,1,1,1,0,2,1,0,1,0,0,11,1.18972,0.429642,130.342,36.3924,20.9652,76.6614,0.392486,64.0577,61.05,43,17737.1,0,0,0,0,26.9862,0.211433,0.0365985,0.208558
25779,Cundinamarca,0,0,1,1,0,1,4,0,1,1,1,0,9,1.26587,0.435625,642.857,62.4486,19.7206,85.2917,0.585134,59.4368,63.29,41,42077.8,0,0,0,0,0.437855,0.200543,0.0314279,0.404464
25781,Cundinamarca,0,0,1,1,0,1,2,1,1,1,1,0,8,1.26776,0.643725,,66.1539,36.0947,86.0355,0.324467,54.3179,64,47,14819,0,0,0,0,0.735075,0.229336,0.0386297,0.587828
25785,Cundinamarca,0,0,2,1,0,1,7,1,1,1,0,1,26,1.46066,0.973423,19.8741,84.002,34.6706,94.9975,0.569229,78.6048,77.59,58,55619.6,0,0,0,0,6.59813,0.349406,0.0859351,0.492736
25793,Cundinamarca,0,0,1,1,0,1,3,0,0,1,0,0,5,1.43366,0.628592,1000,32.3358,10.9489,82.8467,0.385451,55.4335,66.5,45,60526.2,0,0,0,0,6.00642,0.222322,0.0658006,0.471336
25797,Cundinamarca,0,0,1,1,1,0,2,0,0,1,0,0,4,1.41431,0.749558,,61.0892,17.8374,88.9503,0.264547,61.2099,67.88,47,53258.9,0,0,1,0,7.29712,0.659074,0.028364,0.383481
25799,Cundinamarca,0,1,1,1,1,1,17,1,0,1,0,1,50,,,,81.7495,23.7722,92.9672,0.522506,79.6235,73.83,58,156686,0,0,1,0,10.9812,0.330614,0.0660793,0.295521
25805,Cundinamarca,0,0,1,1,0,1,2,0,0,1,0,0,11,0.935872,0.574885,,67.0907,19.3384,82.9517,0.20281,56.0088,56.76,47,16096.7,0,0,0,0,23.6065,0.197817,0.0391639,0.28592
25807,Cundinamarca,0,0,1,1,0,1,4,0,1,1,1,0,6,0.768412,0.626333,600,37.4879,13.7198,76.9082,0.223242,52.5073,59.95,43,12302.2,0,0,1,0,31.3459,0.347878,0.154521,0.570525
25815,Cundinamarca,0,1,1,1,0,0,14,0,1,1,1,0,23,1.20144,0.823506,20.4841,80.9981,54.6187,87.5697,0.476782,58.4876,60.21,56,47455.5,5,5,3,1,7.60725,0.22673,0.0498536,0.316018
25817,Cundinamarca,0,0,1,1,1,1,5,1,1,1,0,1,28,1.90474,1,642.857,88.5625,32.5768,86.1148,0.909114,71.7935,69.99,56,222539,0,0,0,0,7.16319,0.34493,0.045433,0.430667
25823,Cundinamarca,0,0,1,1,0,1,2,0,0,0,0,1,21,1.14303,0.409878,77.6515,32.2344,6.65446,47.7411,0.2734,38.5095,42.42,41,2109.28,0,0,0,0,25.1302,,,
25839,Cundinamarca,0,0,1,1,1,0,4,1,0,1,0,1,13,1.23072,0.623309,78.5675,28.3835,16.391,63.4586,0.28006,50.5575,50.53,45,21129,0,0,0,0,52.7661,0.193745,0.0269369,0.132951
25841,Cundinamarca,0,0,1,1,0,1,3,0,0,1,0,0,13,1.1798,0.660658,500,19.3671,12.9747,83.6709,0.401548,47.0925,61.69,45,13681.6,0,0,0,0,27.9365,0.201453,0.0700891,0.519828
25843,Cundinamarca,0,2,2,1,1,1,27,1,1,1,1,1,85,0.923031,0.577089,9.94642,82.6939,36.5552,90.7295,0.68806,67.2236,73.16,55,33864.6,3,3,3,0,3.2723,0.304225,0.0677441,0.775089
25845,Cundinamarca,0,0,1,1,1,0,5,0,1,1,1,0,10,1.18109,0.615298,193.694,63.2902,35.6436,85.9101,0.404224,62.8323,65.86,52,47823.9,0,0,0,0,29.152,0.329027,0.0621905,0.14795
25851,Cundinamarca,0,0,1,1,1,0,5,1,0,1,0,1,4,1.18813,0.704333,140.487,55.6413,43.2015,79.6529,0.300976,41.9041,57.3,50,14878.9,0,0,0,0,26.0421,0.191181,0.0277473,0.193407
25862,Cundinamarca,0,0,1,1,0,0,4,0,0,1,0,1,13,0.825926,0.331799,28.7779,22.2181,9.44735,57.5803,0.225796,39.2413,53.86,39,4854.13,0,0,2,0,40.5337,0.208755,0.0653391,0.364188
25867,Cundinamarca,0,0,1,1,0,1,3,1,0,1,0,0,10,1.09874,0.659853,555.556,40.481,20.4409,83.9679,0.438,60.7283,63.14,45,28963.7,0,0,0,0,27.6691,0.22638,0.0486185,0.205183
25871,Cundinamarca,0,0,1,1,0,1,3,1,0,1,0,0,5,1.21947,0.767376,100,28.3859,21.8924,69.9443,0.387043,52.8381,57.05,42,30157.7,0,0,0,0,37.429,,,
25873,Cundinamarca,0,0,1,1,0,1,5,0,1,1,1,1,16,1.34266,0.867913,,62.1068,28.6028,82.4799,0.710815,68.5225,68.09,51,48181,0,0,1,0,14.2604,0.210584,0.0506967,0.697895
25875,Cundinamarca,0,1,1,1,1,1,18,1,1,1,0,1,111,1.04906,0.574769,11.0032,68.001,49.9879,83.8679,0.409708,57.1706,72.92,60,36093.8,1,1,2,0,36.3373,0.177804,0.0242953,0.265068
25878,Cundinamarca,0,1,1,1,0,0,7,0,0,1,0,1,20,1.03403,0.656061,31.1293,55.8449,25.8726,87.0914,0.468713,51.5971,61.54,51,12548.4,0,0,1,0,12.0777,0.131303,0.0155628,0.340813
25885,Cundinamarca,0,0,1,1,1,0,3,0,0,1,0,1,14,1.57302,0.380524,31.5812,25.4719,10.7624,33.9544,0.515529,26.8899,41.27,40,5168.51,0,0,1,0,11.5828,0.124922,0.0168139,0.0990311
25898,Cundinamarca,0,0,1,1,0,1,3,1,0,1,0,0,7,,,,84.9385,50.5123,86.6803,0.310878,69.99,63.43,52,34705.8,0,0,0,0,17.5568,0.316916,0.0791319,0.407679
25899,Cundinamarca,0,1,1,1,0,3,49,1,1,1,1,1,189,1.21656,0.896806,8.166,95.3157,85.6162,96.9627,0.640851,80.6096,79.66,71,62465,116,116,4,0,2.95495,0.417768,0.0658233,0.48635
27001,Choco,1,1,1,1,3,2,48,1,1,1,1,1,313,1.5829,1,31.6738,24.9739,20.7821,69.7237,0.629157,19.0529,20.49,61,22815.8,1,1,1,0,33.9453,0.272573,0.0339374,0.399401
27006,Choco,0,0,1,1,0,2,3,1,0,0,0,0,5,1.27779,0.460932,44.1644,59.61,2.08914,22.6555,0.569634,31.3653,51.53,42,4051.62,0,0,0,0,173.08,0.0878307,0.027204,0.0246851
27025,Choco,0,0,1,1,1,0,1,0,0,1,0,1,19,1.79342,0.260229,168.478,2.98314,0.0648508,0.35668,0.582882,0.84556,13.02,35,16026.7,0,0,0,0,39.467,,,
27073,Choco,0,0,1,1,1,0,4,0,0,0,0,0,16,1.21284,0.350711,229.548,50.813,5.23374,18.5976,0.246077,32.3657,25.56,45,39337.8,0,0,0,0,3.79714,0.111362,0.0268721,0.164457
27075,Choco,0,1,1,1,0,0,3,0,0,1,0,0,15,2.05826,0.977811,85.974,84.6639,0.490196,3.22129,0.66989,58.7782,64.91,48,31017.4,1,1,0,0,98.8354,,,
27077,Choco,0,0,1,2,1,0,2,0,0,1,0,1,18,1.94491,0.260423,120.741,21.5691,0.157439,10.1286,0.621689,18.0279,32.66,38,23803.5,1,1,1,0,88.5111,,,
27099,Choco,0,0,1,1,1,0,2,0,0,0,0,0,10,1.60525,0.273048,337.037,10.0118,0.117786,1.88457,0.186061,16.9473,14.14,39,17524.6,0,0,0,0,53.4391,,,
27205,Choco,0,0,1,1,0,0,14,0,0,1,0,1,15,1.55286,0.85115,41.3583,15.7992,3.72652,52.2636,0.672136,11.6629,45.86,48,18833.5,2,2,2,0,23.8104,0.249946,0.042448,0.417474
27245,Choco,0,0,1,1,0,0,6,1,0,1,0,1,8,1.76764,0.663539,52.8723,87.5177,62.695,73.9716,0.495247,53.4731,63.04,50,22453.8,5,5,3,0,33.2643,0.454443,0.119398,0.36393
27250,Choco,0,,,,,,,,,,,,7,,,,42.0943,19.0171,59.067,0.54253,9.31277,23.56,30,29388.6,0,0,0,0,45.1404,,,
27361,Choco,0,1,1,1,0,0,22,1,1,1,0,1,102,2.01212,1,77.8482,15.1725,3.27314,55.1274,0.469643,19.4482,22.1,49,12541.8,0,0,0,0,20.4231,0.274899,0.0373374,0.402602
27372,Choco,0,0,1,2,1,0,2,1,0,0,0,0,5,0.725969,0.437144,333.333,53.9007,0.283688,38.5816,0.309005,32.7747,23.79,46,4369.03,0,0,0,0,165.263,,,
27413,Choco,0,0,1,1,1,0,4,1,0,1,0,0,6,1.91173,0.367286,50.8715,9.41029,1.69385,34.8808,0.560217,6.69196,40.3,35,10701.6,1,1,0,0,12.5177,,,
27491,Choco,0,1,1,1,1,0,3,0,0,1,0,1,9,1.66162,0.414429,214.286,12.1161,0.725851,17.0296,0.445698,44.454,41.81,38,58.0846,6,6,4,0,25.9879,0.194327,0.0342553,0.291702
27495,Choco,0,1,1,2,1,0,2,1,0,0,1,0,9,,,,76.085,1.84672,7.47922,0.4032,40.2627,57.65,44,23872.5,0,0,0,0,77.9434,,,
27615,Choco,0,0,1,1,1,0,3,1,0,0,0,0,90,1.69715,0.275025,69.0484,0.152091,0.0380228,1.78707,0.465486,5.18189,12.68,33,38281.2,0,0,1,0,139.175,0.194377,0.0448196,0.0628638
27660,Choco,0,0,1,1,1,0,2,1,1,1,0,0,12,1.32767,0.84363,40.5496,29.3427,24.5696,36.3067,0.721005,27.8198,57.9,43,2356.44,0,0,1,0,7.03318,,,
27745,Choco,0,0,2,2,0,0,1,0,0,0,0,0,9,2.41165,0.260133,83.9161,10.4784,0,2.05011,0.708502,3.92632,52.88,32,35919.8,1,1,1,0,53.0992,,,
27787,Choco,0,0,1,1,1,0,7,0,1,0,0,0,58,1.87112,0.852925,93.6589,12.9718,4.62384,59.885,0.526364,15.954,23.17,46,6704.79,2,2,2,0,13.3338,0.18289,0.02731,0.102868
27800,Choco,0,0,3,1,1,0,2,0,0,1,0,1,14,1.40755,0.40697,84.7222,51.8972,29.2091,66.3772,0.309667,25.3424,46.16,41,2446.5,0,0,0,0,186.972,,,
41001,Huila,1,5,11,11,4,5,80,7,2,8,2,5,436,1.08256,0.76801,17.0967,96.2459,85.6555,93.9112,0.445945,73.8376,79.39,77,54588.4,18,18,4,1,2.89393,0.384872,0.0332738,0.40409
41006,Huila,0,0,1,1,1,0,4,1,0,1,0,0,15,1.46891,0.191029,19.3606,65.471,28.7898,55.9576,0.655655,43.25,41.9,44,16751.9,0,0,0,0,49.8245,0.239606,0.0214022,0.440344
41013,Huila,0,1,1,1,0,0,3,1,0,1,0,0,15,1.26164,0.504205,30.7431,80.4511,48.6671,76.0082,0.434222,47.4623,55.08,46,13377.4,0,0,0,0,8.08588,0.26053,0.0550924,0.21004
41016,Huila,0,0,1,1,0,0,6,1,0,0,1,0,22,1.45902,0.814173,14.397,82.037,65.8796,85.6018,0.614043,51.7206,56,54,43798.4,0,0,2,0,9.86816,0.22112,0.0279459,0.191243
41020,Huila,0,0,1,1,0,0,7,1,0,1,0,0,11,1.30573,0.493731,34.7556,67.6947,49.3446,77.5893,0.642629,46.9751,50.74,48,23442.8,0,0,0,0,31.2892,,,
41026,Huila,0,0,1,1,1,0,3,1,0,1,0,0,11,1.77332,0.836721,67.7778,79.0576,72.7749,80.2792,0.6588,67.139,68.42,55,101126,0,0,1,0,23.4491,0.448418,0.0706098,0.450252
41078,Huila,0,0,1,1,0,0,5,1,0,1,0,1,28,1.31884,0.436644,16.6592,68.462,47.242,69.8897,0.599021,47.053,0,47,10962,0,0,0,0,12.0663,0.361216,0.0272909,0.126914
41132,Huila,0,0,1,1,0,5,15,1,0,1,0,0,61,1.29794,0.732625,23.1591,88.415,69.6489,86.5503,0.5346,57.2323,67.41,60,50614.9,0,0,1,0,19.1573,0.203023,0.0439762,0.0961979
41206,Huila,0,0,1,1,0,0,8,1,0,1,0,1,15,1.38848,0.24313,58.8394,63.7311,25.2736,42.4179,0.533349,39.3532,43.23,43,5456.19,0,0,1,0,27.0966,0.224741,0.0358131,0.152076
41244,Huila,0,0,1,1,1,0,4,1,0,1,0,0,16,1.69615,1,40.4762,83.612,26.2542,75.9197,0.7813,60.0554,60.73,45,16789.9,0,0,0,0,27.7333,0.27724,0.0603309,0.294794
41298,Huila,0,1,1,1,0,0,25,1,1,1,1,1,63,1.49433,0.776825,14.1471,84.4969,58.3478,87.3913,0.841252,61.7743,63.1,58,32891.2,0,0,1,0,22.8609,0.220564,0.0399011,0.599284
41306,Huila,0,0,1,1,0,0,7,1,0,1,0,0,27,1.67117,0.763216,22.4593,88.9249,61.4867,90.8456,0.703669,60.6233,63.95,54,18052.9,1,1,1,0,16.2727,0.250033,0.075276,0.194175
41319,Huila,0,0,1,1,0,0,4,0,0,1,0,0,14,1.47846,0.407152,19.7773,70.5707,34.54,75.8944,0.580805,51.6192,57.3,45,11092.9,0,0,0,0,28.5261,0.373037,0.04427,0.27414
41349,Huila,0,0,1,1,1,0,5,1,0,1,0,0,5,1.56548,0.584163,38.3537,89.3915,70.9704,81.4145,0.600014,51.8236,61.7,51,33761.2,0,0,2,0,15.3913,0.303314,0.0318045,0.124874
41357,Huila,0,0,1,1,0,0,5,1,0,1,0,0,12,1.44519,0.68071,21.1954,62.9278,46.8314,68.0608,0.541057,45.8138,55.83,46,24316.8,0,0,1,0,5.65099,0.332324,0.0353179,0.295661
41359,Huila,0,0,1,1,1,1,3,1,0,1,0,1,25,1.36383,0.31662,38.7785,65.4746,16.9701,65.7672,0.597127,42.5057,53.37,43,5418.19,0,0,0,0,47.9019,,,
41378,Huila,0,0,1,1,1,0,2,1,0,1,0,0,5,1.263,0.447941,9.9034,54.9032,26.9831,54.9032,0.940336,43.9536,55.33,46,11466.3,0,0,0,0,9.96769,,,
41396,Huila,0,1,1,1,1,0,16,1,0,0,1,1,68,1.54194,0.653703,17.3877,69.0116,49.1986,70.837,0.751445,48.1712,55.82,57,26824.5,0,0,2,1,11.2055,0.246317,0.053148,0.205397
41483,Huila,0,0,1,1,1,0,5,1,0,0,0,0,7,1.19677,0.376721,12.1136,41.6342,28.7938,52.4319,0.594832,33.2029,57.72,44,9781.33,0,0,0,0,17.3765,,,
41503,Huila,0,0,1,2,1,0,3,1,0,1,0,0,12,1.33342,0.298986,17.697,72.2384,30.4506,69.5494,0.716867,44.4252,52.69,46,5877.9,0,0,0,0,28.3458,,,
41518,Huila,0,0,1,1,1,0,3,1,0,0,0,0,12,1.26034,0.366626,45,66.0569,44.4106,71.748,0.584946,51.8221,55.56,44,18290.2,0,0,1,0,8.37188,0.245012,0.0486524,0.138257
41524,Huila,0,0,1,1,0,0,7,1,0,1,0,0,36,1.31877,0.757943,36.5731,80.9573,64.6982,83.6889,0.536763,61.9943,63.84,53,54722.4,0,0,2,0,6.07372,0.310243,0.0300347,0.198437
41530,Huila,0,0,1,1,0,1,3,0,0,0,0,0,13,1.29265,0.456611,26.2514,37.2689,15.0071,51.5647,0.601713,41.3784,55.07,40,5727.64,0,0,0,0,64.6421,,,
41548,Huila,0,0,1,1,1,0,4,1,0,1,0,0,36,1.27684,0.466663,24.7781,58.4093,36.2209,78.8247,0.600733,43.0707,55.15,49,11369,0,0,1,0,5.12151,0.309518,0.022937,0.502241
41551,Huila,0,1,1,1,1,0,38,1,1,1,1,1,137,1.6027,0.637101,15.4179,78.2481,59.4731,82.3098,0.729692,60.0033,62.72,57,35766,0,0,0,0,47.0024,0.22352,0.0129616,0.239384
41615,Huila,0,0,1,1,1,0,6,1,0,1,0,0,17,1.43091,0.815839,13.2814,89.6895,47.2595,86.4316,0.550644,58.0907,61.69,55,47570.9,0,0,0,0,11.5615,,,
41660,Huila,0,0,1,1,1,0,3,1,0,1,0,0,9,1.21655,0.246513,22.3678,74.183,24.3137,53.7255,0.929057,44.259,50.56,44,4112.48,0,0,0,0,33.4868,,,
41668,Huila,0,1,1,1,0,0,12,0,0,1,0,1,22,1.54005,0.484594,31.6849,66.6588,30.8513,58.1693,0.593225,41.5485,57.43,49,9249.35,0,0,0,0,50.8136,0.357927,0.0705201,0.217983
41676,Huila,0,0,1,1,1,0,4,1,0,1,0,0,6,1.23298,0.475572,22.1929,38.3929,28.4439,77.0408,0.61337,48.4517,57.98,41,7108.53,0,0,0,0,20.2538,,,
41770,Huila,0,0,1,1,0,0,5,1,0,1,0,0,12,1.9927,0.513411,14.3266,48.7726,28.0362,53.553,0.625273,40.8078,54.35,46,18028.8,0,0,1,0,32.1155,0.217676,0.0560928,0.152953
41791,Huila,0,0,1,1,0,5,6,1,0,1,0,0,22,1.51399,0.446872,25.7384,85.1011,50.3508,81.1391,0.690783,58.7702,59.15,45,10527.3,0,0,0,0,16.9438,,,
41797,Huila,0,0,1,1,0,0,6,1,0,1,0,0,5,1.29055,0.754904,22.6429,82.8251,65.588,79.8382,0.622432,54.8413,64.47,52,16245.9,0,0,2,0,6.28914,0.188198,0.0348884,0.184809
41799,Huila,0,0,1,1,1,0,4,1,0,1,0,1,9,1.19762,0.386517,198.112,81.1696,37.8168,81.0526,0.4378,48.1518,51.76,43,11643.8,0,0,0,0,7.0374,0.119553,0.0452215,0.206701
41801,Huila,0,0,1,1,1,0,4,1,0,1,0,0,8,1.21557,0.606303,13.207,63.7795,56.1918,86.1847,0.5612,54.0557,59.73,51,12099.8,0,0,0,0,4.94209,0.193613,0.0375249,0.138124
41807,Huila,0,1,1,1,0,0,8,1,0,1,0,1,44,1.13649,0.443541,23.0129,88.0285,57.3203,77.5898,0.633803,59.4822,62.52,54,18503.3,0,0,1,0,31.9027,0.240116,0.0625787,0.244271
41872,Huila,0,0,1,1,1,0,4,1,0,1,0,0,8,1.3777,0.606069,36.3587,72.529,31.561,76.21,0.368807,50.1232,54,44,14779.4,0,0,1,0,7.27956,0.153447,0.0432246,0.285498
41885,Huila,0,0,1,1,1,0,7,1,0,1,0,0,22,1.45477,1,33.24,92.1827,85.2167,93.2662,0.510246,59.4796,70.42,59,91143,0,0,2,0,4.40386,0.193845,0.0289389,0.108176
44001,Guajira,1,1,1,1,0,3,67,1,1,1,1,1,710,1.73643,1,27.6303,68.7178,43.0745,86.3413,1.13891,42.3255,59.57,65,13258.6,14,14,2,1,4.1914,0.339983,0.0889911,0.187081
44078,Guajira,0,1,1,2,0,0,9,0,0,1,0,1,126,1.31093,0.708086,184.256,91.8668,43.7472,90.3262,0.620247,55.7276,54.67,57,65118.6,2,2,2,0,25.3073,0.270256,0.0490842,0.100122
44110,Guajira,0,,,,,,,,,,,,15,1.57753,0.794634,25.5952,89.1046,53.8296,86.192,0.770184,39.81,60.56,55,24008.9,0,0,0,0,16.5987,,,
44279,Guajira,0,1,1,1,0,2,22,1,0,1,0,1,101,1.64728,1,47.8374,85.1097,55.4067,87.6141,0.608602,50.3845,62.2,59,8320.13,2,2,2,0,27.2543,0.244666,0.0435923,0.3294
44430,Guajira,0,1,1,1,0,4,33,1,1,1,0,1,116,1.3293,0.735041,30.4338,61.0752,27.9941,88.4296,0.43625,42.0429,41.72,62,21928.2,0,0,0,0,48.3723,0,0,0
44560,Guajira,0,0,1,2,1,0,6,0,0,1,0,1,30,1.18599,0.396394,39.3002,10.9507,5.58992,16.4719,0.781302,0,23.11,,5014.05,0,0,0,0,52.4529,,,
44650,Guajira,0,1,1,1,0,0,20,1,1,1,1,1,77,1.55355,0.947042,12.5976,82.9838,37.5524,83.1844,0.573911,50.6671,63.7,63,5893.54,1,1,2,0,15.0036,0.244351,0.0567376,0.231794
44847,Guajira,0,1,1,1,1,0,5,0,0,1,0,0,504,1.53516,0.188587,65.5734,5.25394,3.12146,6.24292,0.541485,0.57107,13.91,80,6309.01,0,0,0,0,69.0538,,,
44855,Guajira,0,0,1,1,1,0,9,1,0,0,0,0,22,1.16463,0.918251,18.0729,78.4643,58.1284,74.2651,0.638329,40.1489,57.13,54,21720,0,0,0,0,6.50382,,,
44874,Guajira,0,1,1,1,0,2,23,0,0,1,0,1,51,1.30147,0.913819,20.7043,88.901,64.9619,87.3776,0.505587,50.363,65.63,59,5498.97,0,0,1,0,11.9085,0.152364,0.0205699,0.0115116
47001,Magdalena,1,2,1,1,10,12,131,1,1,1,1,1,812,1.14568,0.874023,17.9526,86.86,68.5656,93.7457,0.414881,65.2378,73.95,77,46877.9,57,56,3,1,5.34879,0.762767,0.177827,0.320787
47053,Magdalena,0,1,1,1,1,0,16,0,0,1,0,1,34,1.46689,0.829072,167.932,67.5029,2.85467,79.9452,0.59209,38.5001,49.7,53,0,0,0,0,0,14.1873,0.239848,0.0509987,0.0335742
47058,Magdalena,0,1,1,1,0,1,10,0,0,0,0,1,52,1.24717,0.617444,93.9827,18.7715,4.38144,64.39,0.510023,23.8162,46.78,49,7155.38,0,0,0,0,60.1375,,,
47161,Magdalena,0,1,1,2,1,1,17,1,0,0,1,1,44,0.903327,0.385994,20,44.6952,0.269451,91.546,0.51455,30.3802,46.27,44,2876.31,0,0,2,0,6.24309,0.221807,0.0394314,0.0634625
47170,Magdalena,0,0,1,2,1,0,6,1,0,0,0,0,18,1.0198,0.364453,16.7467,11.8094,2.73695,58.1348,0.528562,24.3137,37.75,45,5151.98,0,0,1,0,15.0713,,,
47189,Magdalena,0,1,1,1,0,2,35,1,0,1,1,0,200,1.25203,0.670902,30.9924,70.6397,39.9302,85.2229,0.540395,47.2767,62.22,57,11822.3,1,1,2,0,19.2001,0.431625,0.121013,0.565849
47245,Magdalena,0,1,1,1,0,2,25,1,1,1,1,1,69,1.32829,0.533143,17.1241,47.5497,28.6815,80.9753,0.560651,35.8026,46.35,56,5196.12,0,0,1,0,5.23379,0.268146,0.0649909,0.120995
47258,Magdalena,0,1,1,2,1,0,4,1,0,1,0,1,25,1.166,0.40011,46.5967,29.8296,0.852273,55.8847,0.491676,34.3176,44.37,43,1635.02,1,1,1,0,8.26292,0.17572,0.0311475,0.0480094
47288,Magdalena,0,1,1,1,0,2,29,1,0,0,1,1,83,1.47125,0.924255,56.6482,56.6444,39.8009,87.1268,0.522389,48.1736,62.19,57,12680.8,0,0,1,0,19.0607,,,
47318,Magdalena,0,1,1,1,0,0,8,1,1,1,1,1,19,1.67282,0.747214,12.6992,34.6416,0.540387,56.7406,0.49807,33.4923,43.16,46,4802.63,1,1,1,0,5.1037,0.417621,0.0556146,0.106447
47541,Magdalena,0,1,1,1,1,0,3,1,0,0,0,0,51,2.02246,0.83238,18.8026,44.0911,0.284765,64.9264,0.5659,26.6567,39.42,44,3372.17,0,0,0,0,2.28464,0.304416,0.0262894,0.041312
47551,Magdalena,0,1,1,1,0,0,12,1,0,1,0,1,31,1.1558,0.474824,12.08,42.7217,5.26241,65.8933,0.406977,37.6,55.28,49,7620.52,0,0,0,0,9.57962,0.131601,0.050468,0.0168838
47555,Magdalena,0,1,1,1,2,0,32,0,0,0,1,1,360,1.62034,0.615424,71.9009,55.6922,20.2586,69.7262,0.352028,29.2927,46.91,56,8754.03,0,0,1,0,16.0107,,,
47570,Magdalena,0,0,1,1,0,1,4,1,0,0,0,0,26,1.42794,0.505721,82.7586,58.7764,2.23629,84.4304,0.529695,28.7592,48.24,46,13278.2,1,1,1,0,22.3068,0.116995,0.0340841,0.0255133
47605,Magdalena,0,1,1,1,1,0,6,1,0,0,0,1,20,0.704034,0.230027,41.6667,39.5752,0.838457,41.867,0.481271,27.1427,45.48,43,755.137,1.5,1.5,2,0,1.06939,0.239228,0.0643354,0.0282448
47675,Magdalena,0,1,1,2,1,0,5,1,0,0,0,1,13,1.06726,0.573303,26.6757,28.7751,0.324044,81.3999,0.455645,14.906,52.49,48,3944.17,0,0,0,0,6.35709,0.385647,0.0400268,0.0943649
47692,Magdalena,0,1,1,1,1,0,5,1,0,0,0,0,36,1.52031,0.636893,14.4776,25.2601,0.249688,33.0836,0.434174,21.3637,40.35,43,6449.1,0,0,0,0,2.58378,,,
47703,Magdalena,0,1,1,1,1,0,4,1,0,0,0,0,18,1.38493,0.413838,14.6768,17.4704,2.68775,39.7628,0.501184,15.6273,36.27,41,849.929,0,0,0,0,10.0119,0.177289,0.0493633,0.0497122
47707,Magdalena,0,1,1,1,0,0,11,1,0,1,0,1,45,1.64281,0.634786,11.868,67.0072,7.10471,67.1233,0.503089,26.7529,43.51,47,4632.13,0,0,0,0,4.87936,0.342527,0.0667734,0.146037
47798,Magdalena,0,1,1,1,1,0,3,0,0,0,0,1,32,1.24552,0.368077,27.6556,28.5912,1.59225,52.1288,0.56503,18.0022,39.84,43,22813.9,2,2,2,1,10.2758,0.157175,0.030135,0.0619576
50001,Meta,1,3,9,9,3,4,57,6,2,6,2,3,676,1.17495,0.83569,13.1669,84.7615,85.175,92.0529,0.490819,74.6873,80.23,76,65645.1,0,0,0,0,79.2978,0.609375,0.0644003,0.407728
50006,Meta,0,1,1,1,0,0,32,0,1,1,1,1,84,1.45991,0.939061,14.0779,85.3323,66.4606,84.204,0.511785,65.9397,71.36,62,61122.4,0,0,0,0,82.3512,,,
50110,Meta,0,,,,,,,,,,,,5,1.40715,0.66146,201.923,62.2129,28.3925,32.3591,0.961026,44.7021,53.79,46,66486.2,0,0,0,0,110.273,,,
50124,Meta,0,0,1,1,1,0,2,1,0,1,0,0,6,1.28035,0.500906,35.2273,40.3134,1.28205,44.1596,0.453785,43.1767,56,42,31925.7,0,0,0,0,144.837,,,
50150,Meta,0,0,1,1,1,0,2,1,1,1,0,0,37,1.74893,0.753867,24.662,49.6296,42.2222,66.0494,0.776481,55.9667,68.58,48,94151.4,0,0,0,0,102.175,,,
50223,Meta,0,0,1,1,1,0,2,1,0,1,0,1,26,1.6043,0.464337,42.9189,64.8492,50.8121,64.7332,0.324342,50.4524,62.83,50,32709.2,0,0,0,0,99.0312,,,
50226,Meta,0,0,1,1,0,0,5,1,1,1,0,0,24,1.18085,0.797886,32.3884,76.4747,64.6419,77.1419,0.80694,65.2615,68.73,57,47783.5,0,0,0,0,81.5342,,,
50245,Meta,0,0,1,1,1,1,3,0,0,0,0,1,10,1.11943,0.586266,64.5161,86.3216,28.4658,15.8965,0.402589,73.6192,69.81,46,71498.5,0,0,0,0,55.947,0.278008,0.0757261,0.0684647
50251,Meta,0,0,1,1,1,0,3,1,0,1,0,0,10,1.02778,0.184785,24.2656,51.3527,27.2545,25.5511,0.369111,33.3789,58.65,44,7070.03,0,0,0,0,122.795,,,
50270,Meta,0,,,,,,,,,,,,11,1.50501,0.803088,17.8571,65.2174,35.2843,57.8595,0.653634,51.2368,58.02,46,10457.8,0,0,0,0,104.916,,,
50287,Meta,0,0,1,1,1,0,2,1,0,1,0,0,13,2.4102,0.670892,15.4661,39.1995,38.7287,58.505,0.451172,54.285,54.91,47,48121.6,0,0,0,0,141.765,,,
50313,Meta,0,1,1,1,0,1,21,1,1,0,0,1,60,1.39196,0.958573,12.4004,46.6301,67.7646,77.3406,0.626444,63.7089,66.34,62,40597.2,0,0,0,0,129.834,,,
50318,Meta,0,0,1,1,0,0,5,1,1,1,0,1,19,1.4725,0.749677,21.2766,84.2172,57.8914,84.7853,0.71521,70.5578,70.58,57,85581.4,0,0,0,0,93.0631,,,
50325,Meta,0,,,,,,,,,,,,4,1.49418,0.138816,34.577,30.6365,4.87805,16.1808,0.366588,17.864,0,40,1341.87,0,0,0,0,292.269,,,
50330,Meta,0,0,1,1,0,0,5,0,0,0,0,0,30,1.18209,0.183175,24.4979,41.0601,22.6661,21.7168,0.404897,25.5834,0,41,4786.6,0,0,0,0,102.993,,,
50350,Meta,0,0,1,1,0,0,4,1,0,0,0,0,5,1.40495,0.160181,55.7059,13.4201,10.5658,11.0165,0.616127,19.6182,0,37,11800.7,0,0,0,0,179.849,,,
50370,Meta,0,,,,,,,,,,,,26,1.14858,0.147453,19.3829,11.9431,7.2401,8.04456,0.596685,8.39971,55.65,34,1379.04,0,0,0,0,78.5457,,,
50400,Meta,0,0,1,1,1,0,4,1,0,1,0,0,33,0.947813,0.243885,14.9312,56.2623,23.6665,15.0929,0.277218,45.3688,55.61,48,7649.18,0,0,0,0,99.4856,,,
50450,Meta,0,,,,,,,,,,,,15,1.27265,0.150043,45.5343,53.5374,29.6025,66.9958,0.178735,10.964,0,39,13223.7,0,0,0,0,265.904,,,
50568,Meta,0,0,1,1,0,0,3,1,0,1,0,0,35,1.40952,0.255213,25.2431,32.0678,18.2455,25.5437,0.487593,26.6591,42.46,52,20476.9,0,0,0,0,194.336,,,
50573,Meta,0,1,1,1,0,7,26,1,1,1,1,1,50,1.35665,0.600884,26.4354,72.1697,52.5478,65.46,0.422976,53.1609,67.19,57,59571.3,0,0,0,0,141.567,,,
50577,Meta,0,0,1,1,0,0,4,1,0,1,0,1,4,1.22717,0.200466,38.1846,8.56713,0.250501,33.8677,0.440622,32.0823,46.16,45,91836.3,0,0,0,0,172.699,,,
50590,Meta,0,0,1,1,1,0,2,0,0,0,0,0,11,1.01315,0.113555,43.712,20.1255,18.674,17.7717,0.473632,17.3845,0,37,4705.34,0,0,0,0,206.558,,,
50606,Meta,0,0,1,1,0,0,6,0,0,1,0,1,57,1.31707,0.808815,12.5398,69.6259,55.8603,72.5187,0.366705,64.3746,72.46,61,49476,0,0,0,0,75.0455,0.255223,0.0214568,0.232637
50680,Meta,0,0,1,2,1,0,2,1,0,1,0,1,5,2.70755,0.961522,25.8598,71.4286,73.8722,66.7293,0.842886,53.322,54.97,49,422178,0,0,0,0,141.864,,,
50683,Meta,0,0,1,1,1,0,3,1,0,1,0,1,14,1.33371,0.338617,27.5875,36.6268,19.4112,25.0998,0.47837,35.6672,54.8,46,17546.1,1,1,1,0,120.717,,,
50686,Meta,0,0,1,1,0,1,2,1,0,0,0,0,3,1.45273,0.618302,,54.8611,20.8333,29.8611,0.482834,75.2831,63.05,43,2508.57,0,0,0,0,52.7534,,,
50689,Meta,0,1,1,1,0,1,14,1,1,1,1,1,62,1.30145,0.706269,25.4428,78.2668,73.0236,73.0236,0.487907,65.7561,67.13,61,53403.8,0,0,1,1,114.441,0.287221,0.0617246,0.477978
50711,Meta,0,0,1,1,0,0,5,1,1,0,0,0,5,1.68679,0.197481,37.0862,29.0504,19.5266,26.3736,0.388543,21.5549,52.96,39,0,0,0,0,0,143.328,,,
52001,Narino,1,2,3,3,2,2,26,3,1,3,1,2,864,1.0875,0.819337,13.9717,94.0327,80.1651,95.1417,0.429405,73.4043,78.35,75,46527.1,4,4,1,1,3.3237,0.452376,0.102945,0.583158
52019,Narino,0,1,1,1,1,0,6,1,0,0,0,0,69,1.14789,0.38164,20.2083,9.95116,0.793651,57.9365,0.14856,14.3784,54.47,42,1425.32,0,0,0,0,2.19332,0.280466,0.0371803,0.52574
52022,Narino,0,0,1,1,0,1,4,1,1,0,1,0,26,0.944297,0.811368,89.2857,34.188,26.7806,80.8405,0.329772,42.0272,57.11,51,7739.4,0,0,0,0,6.44498,0.470372,0.17941,0.644678
52036,Narino,0,0,1,1,0,1,4,0,0,1,0,0,32,0.54539,0.260998,15.046,55.9406,28.9191,78.9604,0.146073,23.8174,53.86,44,1479.81,0,0,0,0,11.6914,0.402635,0.214514,0.750685
52051,Narino,0,0,1,1,1,0,2,1,0,0,0,0,33,1.87325,0.607083,19.536,67.8756,14.8532,74.9568,0.422771,40.0643,28.34,42,1472.22,0,0,0,0,4.19582,0.231074,0.028962,0.750675
52079,Narino,0,1,1,1,0,6,10,0,1,0,1,1,26,1.67532,0.360013,16.6061,4.12786,0.251699,2.74352,0.409615,11.57,36.45,39,8607.49,6,6,2,0,2.7116,0.311315,0.0491498,0.210688
52083,Narino,0,0,1,2,0,1,4,0,0,0,0,0,16,2.27207,1,71.25,64.2424,3.15151,78.1818,0.398493,48.8312,64.35,46,2930.43,1,1,0,0,6.49721,,,
52110,Narino,0,0,1,1,1,0,4,0,0,0,0,0,22,1.28584,0.500292,23.4733,49.774,30.565,51.2994,0.374142,42.5468,47.36,42,12555.6,0,0,0,0,3.28967,0.326351,0.0382944,0.333065
52203,Narino,0,0,1,1,0,1,3,0,0,1,0,1,12,1.57337,0.368112,16.835,50.8376,16.7526,84.2784,0.446538,34.2934,48.55,38,1437.44,0,0,0,0,3.40491,,,
52207,Narino,0,0,1,2,1,0,2,0,1,1,1,0,49,0.880554,0.357558,30.4914,84.7332,27.8162,78.9032,0.382272,48.5081,48.36,44,2383.73,0,0,0,0,3.99607,0.141577,0.0494746,0.786996
52210,Narino,0,0,1,2,1,0,4,0,0,0,0,0,13,1.22134,0.286779,53.8462,76.5828,16.7048,79.0999,0.412301,59.8807,42.39,46,2637.99,0,0,1,0,7.31136,0.42723,0.140979,0.694545
52215,Narino,0,0,1,1,0,1,5,1,0,0,0,0,13,1.395,0.530555,28.8676,41.7837,10.6641,70.4744,0.297652,24.7765,38.06,45,2722.04,0,0,0,0,12.6916,0.275786,0.0842278,0.675909
52224,Narino,0,0,1,2,0,1,3,0,0,0,0,0,18,2.259,0.398498,8.26446,35.2985,17.6866,82.3134,0.387099,32.5259,49.41,50,2051.24,0,0,1,0,6.6984,0.348504,0.0659341,0.778141
52227,Narino,0,1,1,1,1,0,4,1,0,1,0,0,14,1.41043,0.586928,6.72502,51.4486,22.2046,57.7863,0.479186,16.3936,59.76,60,5753.75,0,0,1,0,14.8112,0.241502,0.0288522,0.721179
52233,Narino,0,0,1,1,0,1,2,1,0,0,0,0,9,1.61318,0.276361,25.646,34.0641,1.09612,14.3339,0.650634,25.2387,0,35,536.963,0,0,0,0,53.8376,,,
52240,Narino,0,,,,,,,,,,,,15,0.932932,0.270806,28.2854,65.6425,33.9665,60.838,0.289154,41.4074,58.8,49,32115.1,0,0,0,0,14.4455,,,
52250,Narino,0,1,1,2,0,0,5,0,1,0,0,1,13,2.38231,0.533327,175.808,49.4163,24.5481,63.7642,0.72301,23.0217,29.63,38,4450.36,0,0,0,0,83.9779,,,
52256,Narino,0,0,1,1,1,0,2,0,0,1,0,0,9,0.755078,0.099795,11.6279,0.204221,0,15.6569,0.508872,0.30103,28.98,29,198.385,0,0,0,0,28.0485,0.244973,0.0199166,0.362899
52258,Narino,0,0,1,1,1,0,3,0,0,0,0,0,13,1.34122,0.246871,15.1862,63.1602,23.2135,41.5446,0.513375,29.1816,49.89,38,2584.79,0,0,0,0,0.955605,0.27293,0.0371747,0.512215
52260,Narino,0,1,1,1,1,0,4,1,0,1,0,1,25,0.736793,0.283994,21.6666,49.8199,19.2554,51.241,0.193835,26.1327,54.66,43,11764.7,0,0,0,0,23.3315,0.319507,0.0615878,0.860923
52287,Narino,0,0,1,1,0,1,3,0,0,0,0,0,18,0.542879,0.407463,26.9002,57.3279,15.9109,43.3198,0.435796,54.9,43.27,40,7638.32,0,0,0,0,16.104,0.387888,0.121106,0.793068
52317,Narino,0,0,1,1,1,0,5,1,0,0,0,0,23,0.706556,0.377097,19.4131,59.492,17.5936,73.262,0.286331,24.2187,60.09,49,8645.75,0,0,0,0,12.8973,0.264512,0.0714636,0.820605
52320,Narino,0,0,1,1,1,0,5,0,0,0,0,1,24,0.610097,0.18932,15.1119,61.4296,21.6505,71.3398,0.206318,21.0798,51.75,41,2752.22,0,0,0,0,1.85695,0.354558,0.0821534,0.755544
52323,Narino,0,0,1,1,1,1,5,1,0,0,1,0,26,1.10056,0.927931,15.3846,91.8234,41.0466,85.9362,0.447222,65.2477,52.56,48,43951.2,0,0,0,0,5.31473,0.511841,0.132568,0.726553
52352,Narino,0,1,1,1,0,1,4,1,0,0,1,1,31,1.2184,0.738637,79.0123,67.8489,22.4364,67.4634,0.468642,45.8413,45.89,43,16595.5,0,0,0,0,10.217,0.299196,0.0782551,0.759574
52354,Narino,0,0,1,1,0,1,2,0,0,0,0,0,11,0.845702,0.360791,78.125,51.9359,16.8224,78.3044,0.259844,36.1564,50.57,39,1687.69,0,0,0,0,8.25093,0.232988,0.0583133,0.802892
52356,Narino,0,2,1,1,1,1,38,0,1,1,1,1,233,1.31384,0.907078,15.3387,79.4334,63.5096,84.0985,0.60298,63.246,69.78,69,28355.9,0,0,0,0,2.71501,0.345083,0.0746251,0.833343
52378,Narino,0,1,1,1,0,0,5,1,0,1,1,0,18,1.23274,0.768775,34.1933,58.9132,43.605,72.0013,0.302907,58.6205,37.91,47,5763.64,0,0,0,0,9.78718,0.265759,0.0751778,0.622941
52381,Narino,0,0,1,1,0,1,3,0,0,0,0,0,16,0.625316,0.247387,33.6086,4.7858,7.10151,66.4994,0.208049,19.5792,53.79,39,1369.53,0,0,0,0,11.7507,0.349828,0.0644194,0.843165
52390,Narino,0,,,,,,,,,,,,10,0.752896,0.281472,38.3513,0.43956,0,23.0769,0.620498,29.2,18.73,36,1976.6,0,0,0,0,75.7541,,,
52399,Narino,0,1,2,1,1,0,9,1,1,1,1,1,74,0.83352,0.404803,10.9386,63.127,25.6492,80.7898,0.260478,58.4185,62.25,52,8268.87,0,0,0,0,6.21415,0.222588,0.070097,0.810728
52405,Narino,0,0,1,1,1,0,3,0,0,0,0,0,9,1.11665,0.20384,39.4328,36.7015,13.9373,23.0546,0.45529,18.6458,41.72,35,5153.59,0,0,0,0,26.8141,,,
52411,Narino,0,1,1,1,1,0,4,0,0,1,0,0,14,0.936222,0.232982,57.7236,65.191,17.7517,63.9323,0.204125,20.5537,52.06,37,1207.46,0,0,0,0,20.9758,0.177534,0.0843095,0.633653
52418,Narino,0,1,1,1,1,0,3,1,0,1,0,1,8,1.02905,0.338491,13.4095,28.7829,24.068,35.4715,0.271371,17.2419,39.51,38,5021.54,0,0,0,0,35.8806,0.242101,0,0.624342
52427,Narino,0,0,2,1,0,1,2,1,0,1,0,0,9,1.78374,0.168598,33.9912,8.72905,3.63129,9.7067,0.830627,3.44515,28.43,31,14766.5,0,0,0,0,10.1318,0.0916399,0.0162328,0.050536
52435,Narino,0,0,1,1,0,1,3,0,0,0,0,0,15,0.877713,0.269818,29.2947,43.728,15.7679,68.5815,0.214035,47.5938,53.94,48,5456.46,0,0,0,0,1.88879,0.30739,0.0568027,0.253742
52473,Narino,0,0,1,1,1,0,2,0,0,0,0,1,7,1.24295,0.294192,20,0.0804505,0,10.4586,0.55328,18.8418,26.04,36,1912.42,0,0,0,0,95.1305,0.0641443,0.036891,0.0188679
52490,Narino,0,0,1,2,1,0,6,0,0,0,0,0,15,2.51794,0.336241,26.2647,0.855676,0.0855676,4.13577,0.547365,16.777,43.14,39,5043.62,0,0,0,0,73.6719,,,
52506,Narino,0,0,1,1,0,1,3,1,0,0,0,0,15,0.966033,0.377926,30.2876,75.3384,17.7444,88.1955,0.318846,45.7048,46.81,44,4401.05,0,0,0,0,4.56658,0.330107,0.0899841,0.929094
52520,Narino,0,0,1,1,1,1,3,1,0,0,0,0,6,1.36995,0.382717,115.132,40.6593,1.53846,11.282,0.338318,24.2968,39.32,40,0,0,0,0,0,70.3412,,,
52540,Narino,0,0,1,1,0,1,2,1,0,0,0,0,12,1.38448,0.355558,12.567,36.9916,5.73816,8.07799,0.622674,21.0335,53.36,38,9418.52,0,0,0,0,42.1093,,,
52560,Narino,0,0,1,2,0,1,3,0,0,0,0,0,19,0.56735,0.246428,17.9093,85.3403,15.4014,82.9407,0.216818,35.9946,57.43,43,2624.25,0,0,0,0,9.81664,,,
52565,Narino,0,,,,,,,,,,,,15,0.143597,0.035312,57.0759,1.49137,0.470958,18.7598,0.118039,3.70488,41.47,31,323.196,0,0,0,0,14.4429,,,
52573,Narino,0,1,1,1,0,1,3,1,0,0,0,0,24,0.793791,0.548214,30.7471,73.0263,25.8224,78.0702,0.347892,47.509,53.85,48,19622.9,0,0,0,0,12.7452,0.370724,0.105798,0.879602
52585,Narino,0,1,1,1,1,1,10,0,0,0,0,0,45,0.966259,0.561519,119.231,60.9433,21.8128,69.6143,0.304012,63.2615,59.06,52,6486.82,0,0,0,0,0.380752,0.48409,0.115529,0.776713
52612,Narino,0,1,1,1,1,0,3,1,0,0,0,0,17,1.53211,0.36899,15.9722,41.8605,24.3632,64.0089,0.655505,23.8187,42.25,45,13931.3,0,0,0,0,2.13804,0.231501,0.0659522,0.272053
52621,Narino,0,0,2,1,0,1,3,0,0,0,0,0,12,1.45482,0.151556,515.152,39.0388,11.0461,54.7416,0.328404,9.9517,37.54,31,10720.9,0,0,0,0,14.6466,,,
52678,Narino,0,1,1,1,0,0,11,0,1,1,1,1,42,0.528753,0.195383,13.5394,50.7909,16.5578,55.1589,0.166498,18.2447,48.78,42,4072.6,0,0,0,0,23.3689,0.26451,0.0373986,0.750559
52683,Narino,0,1,1,1,0,1,5,1,0,1,0,1,44,0.846721,0.469394,14.6904,87.7579,44.9243,86.9601,0.2854,43.1609,57.83,54,6219.83,0,0,0,0,12.1112,0.278437,0.0621363,0.739818
52685,Narino,0,,,,,,,,,,,,18,0.331341,0.097105,32.5742,26.007,17.0753,64.7986,0.267605,16.2757,48.85,40,1228.2,0,0,0,0,4.99555,,,
52687,Narino,0,0,1,1,1,0,3,0,0,0,0,1,188,1.32163,0.287543,70.881,45.464,9.48753,64.5776,0.417992,38.0536,50.69,41,9006.3,0,0,1,0,12.781,0.331316,0.0610583,0.688263
52693,Narino,0,1,1,1,0,3,5,1,0,0,0,0,21,0.961153,0.365402,11.2684,36.9925,25.1128,68.6466,0.162555,36.176,60.85,44,2553.23,0,0,1,0,1.0764,0.299325,0.0813266,0.367212
52694,Narino,0,,,,,,,,,,,,17,0.823685,0.102506,63.4921,33.7534,7.11071,68.9469,0.427286,31.5693,48.87,41,2639.83,0,0,0,0,4.00363,,,
52696,Narino,0,0,1,2,0,1,3,0,0,0,0,0,21,1.20052,0.092275,45.3338,1.06334,0.0924642,19.0938,0.27209,20.9728,0,35,23757.3,3,3,2,0,82.0953,,,
52699,Narino,0,0,1,1,1,0,3,0,0,0,0,0,8,0.853396,0.173112,31.1099,60.5898,36.7292,48.5255,0.318858,9.6,40.02,46,128.383,0,0,0,0,14.3623,0.159084,0.0269122,0.703683
52720,Narino,0,0,1,1,0,1,3,0,0,0,0,0,11,0.867552,0.373364,69.2641,83.9529,26.2082,88.29,0.321328,44.14,57.78,47,8768.23,0,0,1,0,0.119095,0.553748,0.0988142,0.886896
52786,Narino,0,1,1,1,1,0,3,1,0,0,0,0,27,1.49684,0.624002,15.6679,61.2797,28.0439,64.0951,0.322118,44.8632,50.89,44,25698.6,0,0,0,0,21.3322,0.23304,0.0596794,0.762269
52788,Narino,0,0,1,1,0,1,3,0,0,0,0,1,24,0.775527,0.254133,128.998,61.2526,12.9757,68.8942,0.243777,53.9308,51.62,42,22684.8,0,0,0,0,10.2829,0.233183,0.0539747,0.776023
52835,Narino,0,1,1,1,0,5,27,0,1,1,0,1,206,1.63479,0.620689,38.0518,40.4631,5.51876,54.0933,0.401819,42.4573,57.66,52,22198.7,2,2,2,0,75.5864,0.159948,0.138911,0.179515
52838,Narino,0,2,1,1,0,0,9,1,1,1,1,1,93,1.15178,0.512843,7.19405,40.2257,32.8911,71.4547,0.495261,46.9515,58.86,50,14911.8,4,4,1,0,1.28401,0.353852,0.087824,0.800246
52885,Narino,0,0,1,1,0,1,4,1,0,0,0,1,13,1.00348,0.5914,22.6197,92.3077,25.7919,83.9043,0.37202,51.6562,42.61,46,14431.9,0,0,0,0,7.88159,0.314637,0.100515,0.543975
54001,Norte de Santander,1,9,20,22,8,10,153,14,4,15,3,9,1306,1.03701,0.757345,19.3734,93.7017,83.0207,92.4246,0.45012,69.1445,79.85,75,21971.6,4,4,2,0,1.08289,0.436959,0.0732452,0.299288
54003,Norte de Santander,0,1,1,1,0,0,6,1,0,1,0,0,33,1.17905,0.229216,46.4577,40.0602,27.4431,48.9625,0.393416,28.2034,51.56,42,3282.25,0,0,0,0,3.31048,,,
54051,Norte de Santander,0,1,1,1,1,0,4,0,0,1,0,0,15,1.23885,0.407982,14.8653,47.9222,23.8296,57.9169,0.382807,39.0983,54.17,44,3969.16,0,0,1,0,0.359207,,,
54099,Norte de Santander,0,0,1,1,1,0,4,1,0,0,0,0,14,1.19448,0.845539,56.5376,72.2696,58.7031,71.3311,0.447765,62.6601,64.72,54,12541.6,0,0,1,0,1.29548,0.192687,0.0262391,0.095724
54109,Norte de Santander,0,1,1,1,1,0,2,1,0,0,0,0,11,1.19557,0.206536,19.2359,31.0827,9.42957,24.6799,0.690018,23.2995,41.67,38,1917.69,0,0,0,0,17.1058,,,
54125,Norte de Santander,0,0,1,1,1,0,2,1,0,0,0,0,17,0.839348,0.36542,66.6667,75.6058,25.0404,81.4216,0.216667,52.8938,47.2,48,6308.13,0,0,1,0,6.37619,0.343209,0.0481928,0.098922
54128,Norte de Santander,0,1,1,1,0,0,4,1,0,1,0,0,20,1.2984,0.440991,35.2165,38.7212,28.0104,51.6715,0.58822,38.3493,50.93,43,13589.7,0,0,0,0,17.6434,0.142641,0.0197328,0.0254882
54172,Norte de Santander,0,1,1,1,0,1,7,1,0,0,1,0,31,1.07037,0.755297,23.5186,74.0226,54.8219,90.5734,0.452569,68.4427,69.07,58,19220,0,0,1,0,6.30508,0.270466,0.0490873,0.156234
54174,Norte de Santander,0,0,1,1,1,0,5,1,0,0,0,1,15,1.227,0.406034,34.8491,50.8179,37.3087,70.7124,0.423102,43.7777,53.43,49,3973.37,0,0,0,0,4.43931,0.277183,0.0591686,0.142311
54206,Norte de Santander,0,1,1,1,0,0,9,1,0,0,1,0,26,0.944405,0.339561,27.2259,78.0172,43.1542,67.14,0.447109,44.1531,54.41,49,8721.29,0,0,0,0,14.5387,0.211854,0.0387429,0.143166
54223,Norte de Santander,0,1,1,1,1,0,4,1,0,0,0,1,13,1.23879,0.426029,20.5822,77.1186,15.0847,54.7458,0.335859,47.6379,47.39,42,6040.08,0,0,1,0,1.39643,0.15508,0.0295986,0.147452
54239,Norte de Santander,0,1,1,1,0,0,3,0,0,0,0,0,6,1.15231,0.56551,18.1818,65.2993,43.3481,84.8115,0.296251,52.8397,59.89,51,4597.57,0,0,0,0,2.5592,0.178538,0.0171801,0.0694609
54245,Norte de Santander,0,1,1,1,0,0,3,1,0,1,0,1,16,0.95341,0.133437,23.9383,45.2047,28.294,40.4243,0.2498,27.4417,41.84,39,6782.4,0,0,0,0,11.5515,0.233345,0.0199678,0.0512077
54250,Norte de Santander,0,,,,,,,,,,,,10,1.19776,0.157791,146.334,31.8671,16.6667,23.4604,0.253263,13.8566,37.16,38,16224.2,0,0,0,0,40.6151,,,
54261,Norte de Santander,0,1,1,1,1,0,6,1,0,1,0,0,24,1.07259,0.478796,33.4859,56.9261,42.1698,71.3594,0.348978,43.9815,57.06,49,24835.3,0,0,0,0,10.3507,,,
54313,Norte de Santander,0,1,1,1,1,0,5,0,0,0,0,1,11,1.25582,0.612462,12.6984,66.5175,43.7733,80.3132,0.354928,57.5933,61.1,50,4219.11,0,0,0,0,4.493,0.222705,0.0506565,0.283263
54344,Norte de Santander,0,0,1,1,0,1,4,1,0,0,0,0,13,1.18146,0.104455,142.857,13.7931,6.59929,15.6362,0.304146,12.5601,30.82,32,739.871,0,0,0,0,19.861,0.493262,0.0725957,0.530346
54347,Norte de Santander,0,0,1,2,0,1,2,1,0,0,0,0,6,0.488412,0.289729,136.364,68.6981,25.2078,76.5928,0.172326,53.5013,55.89,45,3431.78,0,0,0,0,19.6855,0.305488,0.0719921,0.236029
54377,Norte de Santander,0,0,1,2,1,0,2,1,0,0,0,0,10,1.02915,0.405649,52.6316,70.3827,21.5474,54.7421,0.314375,47.9714,57.06,45,3682.78,0,0,0,0,22.17,0.560759,0.0914913,0.510293
54398,Norte de Santander,0,0,1,1,0,1,3,1,0,1,0,0,10,1.37313,0.277229,24.431,26.6268,15.8034,63.9442,0.575246,29.5315,49.17,37,1411.08,1,1,1,0,4.78112,,,
54405,Norte de Santander,0,0,1,2,1,3,36,0,1,1,0,0,81,1.02404,0.750773,22.6443,95.4767,58.3069,94.7791,0.329993,72.4736,73.31,70,23331,0,0,0,0,4.69148,,,
54418,Norte de Santander,0,0,1,1,1,0,3,0,0,1,0,0,12,1.20272,0.491694,33.1967,45.3313,38.8554,81.7771,0.526,50.5495,58.81,48,8102.22,0,0,0,0,7.68723,,,
54480,Norte de Santander,0,0,1,2,0,1,3,0,0,0,0,0,11,0.943389,0.355559,225.49,38.6719,19.2708,78.2552,0.290253,51.1224,56.59,46,12182.4,0,0,0,0,5.0974,0.416223,0.0772641,0.202343
54498,Norte de Santander,0,1,1,1,0,3,39,1,1,1,1,1,365,1.03721,0.603735,17.5238,82.7832,73.5279,86.3612,0.44828,62.4104,68,66,18419.1,11,11,3,0,2.97362,0.310986,0.0537914,0.139453
54518,Norte de Santander,0,1,1,1,0,2,39,1,0,0,1,1,213,0.88113,0.694224,13.3902,89.7816,79.884,87.1653,0.402081,69.2931,77.2,74,20941.4,9,9,3,1,4.54441,0.427443,0.0763708,0.381924
54520,Norte de Santander,0,0,1,1,0,1,3,1,0,0,0,0,10,1.2358,0.522163,72.9167,36.5639,19.9339,60.9031,0.395121,52.6253,55.2,47,5019.98,0,0,0,0,4.22928,0.262972,0.204459,0.454354
54599,Norte de Santander,0,0,1,1,1,0,3,1,0,0,0,0,11,0.738985,0.411638,36.1111,68.4793,40.7373,77.6037,0.23799,53.5656,55.82,51,32006.4,0,0,0,0,20.2032,0.267693,0.0573855,0.102934
54660,Norte de Santander,0,1,1,1,0,0,6,1,0,1,1,0,17,1.05588,0.402109,33.3742,59.3612,33.0712,60.4914,0.349978,45.2941,56.41,48,5000.39,2,2,2,0,0.859041,0.240547,0.0216845,0.0739879
54670,Norte de Santander,0,0,1,1,1,0,2,1,0,1,0,1,12,1.33542,0.126567,266.667,25.578,6.24693,36.0551,0.385764,16.9105,38.18,35,1465.92,0,0,0,0,19.8225,0.133315,0.0139104,0.126224
54673,Norte de Santander,0,0,1,2,0,1,2,0,0,0,0,0,12,1.34689,0.6066,111.111,75.2448,25.8741,86.014,0.293276,50.3162,55.72,46,14755.8,1,1,2,0,8.8662,0.227774,0.0313306,0.0299425
54680,Norte de Santander,0,0,1,1,1,0,2,1,0,0,0,0,10,1.41136,0.433941,55.5556,50.6944,35.4167,62.963,0.397171,42.094,58.44,43,7290.46,0,0,2,0,10.3565,0.317542,0.183858,0.664776
54720,Norte de Santander,0,1,1,1,0,0,6,1,0,1,0,0,29,1.3031,0.357411,17.8019,56.3454,40.8899,47.525,0.582934,36.0667,52.7,49,2649.89,0,0,0,0,23.3687,0.181652,0.008933,0.0781638
54743,Norte de Santander,0,0,1,2,1,0,3,1,0,1,0,0,12,0.894622,0.434808,39.6164,37.709,28.0937,60.5351,0.371022,41.291,58.99,43,4562.47,0,0,1,0,6.14233,0.259495,0.0640533,0.14609
54800,Norte de Santander,0,1,1,1,1,0,2,0,0,1,0,0,13,1.43636,0.14948,112.393,32.7552,15.6095,55.005,0.543408,23.5624,49.36,40,12732,0,0,0,0,15.5877,0.214927,0.0203383,0.0191979
54810,Norte de Santander,0,0,1,1,0,0,12,0,0,0,0,0,49,1.29152,0.364197,42.3966,55.4302,35.9226,56.4854,0.3443,31.429,49.28,47,15626.7,0,0,0,0,43.9006,,,
54820,Norte de Santander,0,0,1,1,0,1,6,1,0,0,0,0,44,1.04803,0.45166,37.2488,58.9886,31.1605,65.6533,0.372417,51.1562,58.32,51,24924.4,0,0,0,0,23.8155,0.208465,0.0436528,0.0858003
54871,Norte de Santander,0,1,1,1,1,0,4,0,0,1,0,1,69,1.60314,0.455856,30.1802,72.9638,33.7104,39.1403,0.547836,44.3426,49.82,49,4656.62,0,0,0,0,2.56021,,,
54874,Norte de Santander,0,1,1,1,1,3,24,1,1,0,0,0,12,1.19628,0.709355,36.2795,85.6507,62.5244,90.5605,0.390953,60.9394,69.2,61,21024.5,0,0,0,0,7.51565,,,
63001,Quindio,1,3,9,9,3,4,56,6,2,6,2,3,592,1.0814,0.82718,15.6121,99.2357,95.0165,97.8396,0.426803,82.0723,82.1,81,75452.5,0,0,0,0,13.7314,0.476234,0.0910606,0.30524
63111,Quindio,0,0,1,1,0,0,3,1,1,1,0,0,8,0.87689,0.621901,38.5135,74.8355,55.5921,97.3684,0.235447,72.6093,67.55,52,19656,0,0,0,0,30.1572,,,
63130,Quindio,0,2,2,1,1,3,35,1,1,1,1,1,127,1.24826,0.736815,27.6287,96.7886,92.7766,96.3926,0.473564,74.9192,77.54,73,41074.9,0,0,0,0,11.3127,0.417456,0.0894005,0.211315
63190,Quindio,0,2,1,1,1,2,12,1,1,1,0,0,25,1.24376,0.759443,19.5082,97.3411,90.0631,95.9892,0.338928,72.4649,74.7,62,33451.6,0,0,0,0,5.21113,0.417662,0.0614996,0.292334
63212,Quindio,0,0,1,1,0,0,3,1,1,1,0,0,25,1.04199,0.566704,27.3211,84.8253,82.6419,92.2489,0.417967,69.2486,67.16,55,15477.3,0,0,0,0,23.4982,,,
63272,Quindio,0,1,2,1,1,1,8,1,1,1,1,0,29,1.20579,0.607266,39.4661,94.23,70.9423,95.4753,0.321319,70.3872,73.19,57,33537.9,0,0,0,0,3.86752,0.442681,0.0995168,0.299486
63302,Quindio,0,1,1,1,0,0,6,1,1,1,0,0,18,1.1683,0.520708,20.9297,66.1824,60.8717,94.3888,0.401634,68.442,68.11,55,50990.3,0,0,0,0,36.572,,,
63401,Quindio,0,1,2,1,1,1,15,1,1,1,0,0,35,1.15237,0.633002,29.4981,96.594,89.5066,91.7606,0.455012,62.5947,69.65,63,39216,0,0,0,0,29.1119,,,
63470,Quindio,0,1,2,1,1,1,14,1,1,1,0,0,45,1.14584,0.606906,36.4675,97.1378,90.5244,95.2889,0.345988,66.3359,71.14,60,40610.5,0,0,0,0,18.5868,0.465696,0.0940171,0.318139
63548,Quindio,0,1,2,1,1,0,5,1,1,1,0,0,18,1.15839,0.806768,32.1513,85.2724,63.8198,93.8131,0.352934,69.7747,68.14,53,28248.6,0,0,0,0,29.2862,,,
63594,Quindio,0,1,1,1,1,0,15,1,1,1,1,0,18,1.14075,0.660099,29.2275,97.8662,90.6529,93.5987,0.279379,65.5513,69.9,59,37438.4,0,0,0,0,16.392,,,
63690,Quindio,0,1,1,1,0,0,3,1,1,1,0,0,10,1.13865,0.63147,27.3395,83.3903,65.4819,86.2611,0.280057,68.6556,69.21,54,48085.3,0,0,0,0,1.94567,0.487313,0.0720416,0.276874
66001,Risaralda,1,6,13,14,5,7,99,9,3,9,2,6,859,1.13795,0.823752,10.2005,96.8956,90.4802,98.0876,0.397997,77.256,83.99,79,74064.9,1,1,0,0,2.80361,0.368638,0.0806954,0.589408
66045,Risaralda,0,1,1,1,0,0,7,1,1,0,1,1,34,1.04804,0.422973,17.6167,70.055,67.9945,92.4794,0.363083,70.9559,69.56,52,18362.5,0,0,0,0,1.44905,0.48731,0.071435,0.278192
66075,Risaralda,0,1,1,1,0,0,3,1,1,1,0,0,28,1.45618,0.406629,20.0823,65.6863,49.9246,94.721,0.450674,65.4594,66.25,47,69588.9,0,0,0,0,3.07534,,,
66088,Risaralda,0,1,1,1,0,0,6,1,1,0,1,1,81,1.0478,0.531131,25.5375,84.6727,77.2,96.2,0.330844,65.0519,69.93,55,21434.6,0,0,0,0,7.42955,0.343747,0.120532,0.360682
66170,Risaralda,0,,,,,,,,,,,,905,1.04802,0.670832,25.9537,95.4526,91.3846,98.4781,0.435285,79.2036,88.61,78,45207.2,0,0,0,0,1.90443,,,
66318,Risaralda,0,1,1,1,0,0,4,1,1,1,0,0,27,1.02082,0.457869,25.4291,70.5617,59.0846,92.5104,0.360131,67.9627,68.44,47,6636.86,0,0,1,0,7.97173,0.387462,0.0738445,0.295052
66383,Risaralda,0,1,1,1,0,0,3,1,1,1,0,1,12,1.10472,0.374935,22.2217,56.8812,52.7192,94.3951,0.325252,59.375,67.72,48,13284.5,0,0,0,0,2.58819,,,
66400,Risaralda,0,1,1,1,0,1,18,1,1,1,1,1,100,1.16771,0.901985,18.6557,98.5693,93.4336,96.0932,0.461635,67.1314,70.43,67,34686.4,0,0,0,0,1.55949,,,
66440,Risaralda,0,1,1,1,0,1,8,1,1,1,1,0,52,1.31746,0.518382,25.6908,85.1843,65.8826,93.8167,0.397312,66.2152,65.71,56,30643.3,0,0,0,0,0.0759968,,,
66456,Risaralda,0,1,1,1,0,0,3,1,1,1,0,1,16,1.26927,0.439294,21.2751,49.585,37.2429,55.2869,0.543897,40.9822,55.03,46,6394.74,0,0,0,0,2.37401,,,
66572,Risaralda,0,1,1,2,0,0,3,1,1,1,0,1,12,1.6824,0.423785,100.992,47.9194,33.6765,61.1755,0.615541,45.2825,53.09,42,6305.01,0,0,0,0,10.4983,0.257549,0.107824,0.228919
66594,Risaralda,0,1,1,1,0,1,6,1,1,1,0,1,45,1.00432,0.365747,27.2458,64.6471,56.7328,85.5353,0.379627,51.5001,64.63,52,7123.34,0,0,0,0,12.7157,0.315804,0.0925659,0.28032
66682,Risaralda,0,1,1,1,0,0,29,1,1,1,1,1,325,1.18433,0.733889,26.6751,88.2046,83.3379,96.9572,0.421195,75.2764,74.89,71,45642.3,0,0,1,0,8.372,0.482919,0.0953468,0.195452
66687,Risaralda,0,1,1,1,1,1,10,1,1,1,1,1,13,1.40435,0.469491,19.772,71.7316,74.9921,93.9854,0.534426,67.223,68.41,53,23339.2,0,0,0,0,1.16756,0.345301,0.10157,0.349882
68001,Santander,1,8,18,19,7,9,135,12,4,13,3,8,753,1.13673,0.959562,10.4257,97.096,92.5761,96.2819,0.398993,82.1426,85.69,82,55898.8,1,1,1,0,0.907201,0.420001,0.111842,0.292588
68013,Santander,0,0,1,1,0,1,3,0,0,0,0,0,8,0.822788,0.291275,,68.3071,9.05512,50.7874,0.237892,40.7364,54.95,38,4181.73,0,0,1,0,2.68678,0.239502,0.059098,0.193468
68020,Santander,0,0,1,1,0,1,2,0,0,0,0,1,6,0.950138,0.466518,49.4624,39.1304,5.51839,36.8729,0.334597,67.2819,58.64,40,41451.6,0,0,0,0,4.12825,,,
68051,Santander,0,0,1,1,0,0,2,1,0,0,0,1,17,1.39057,0.280413,21.1277,49.9616,23.2129,86.7025,0.424933,41.1798,50.8,44,18235.2,0,0,1,0,11.0224,0.172403,0.018258,0.0347201
68077,Santander,0,0,1,1,0,1,11,1,0,0,1,1,67,1.18714,0.82789,14.8952,92.0351,69.3411,92.5329,0.392691,70.533,73.08,64,31444.5,0,0,0,0,4.3453,,,
68079,Santander,0,1,1,1,0,0,6,1,0,0,1,1,10,0.720206,0.392661,18.8679,56.8182,38.3207,86.6162,0.149864,54.0985,63.01,44,10978.6,0,0,1,0,5.40841,0.16542,0.0197622,0.0836155
68081,Santander,0,2,1,1,0,6,173,1,1,1,1,1,327,1.08355,0.877042,12.5052,93.3158,76.3286,94.7686,0.383342,70.5218,77.79,74,258506,0,0,0,0,55.7345,,,
68092,Santander,0,0,1,1,0,0,3,0,0,1,0,1,11,1.09608,0.325629,35.8931,51.4652,28.7546,67.7656,0.215022,54.4181,56.85,42,6242.36,0,0,0,0,20.2977,0.316679,0.050698,0.19471
68101,Santander,0,1,1,2,0,0,4,0,0,1,0,0,22,1.02939,0.18767,25.4836,48.9862,8.83605,49.8373,0.247781,45.8844,50.06,40,17314.3,0,0,0,0,0.41864,0.0855238,0.015619,0.187746
68121,Santander,0,0,1,1,0,1,1,0,0,0,0,0,6,0.874701,0.369412,,94.7368,12.2807,75.4386,0.448939,25.56,53.87,48,14572.4,0,0,0,0,6.46076,0.145001,0.0306489,0.174382
68132,Santander,0,0,1,1,0,1,2,0,0,1,0,0,7,1.07281,0.675488,,65.6716,47.0149,83.5821,0.342857,69.3985,65.36,49,55762.2,0,0,0,0,6.88399,0.333333,0.0654664,0.395527
68147,Santander,0,0,1,1,0,0,5,1,0,1,0,0,20,1.0515,0.578785,7.37937,55.5805,42.6966,73.4831,0.355159,42.9562,53.73,49,7158.17,0,0,1,0,4.0005,0.149572,0.0208027,0.189427
68152,Santander,0,0,1,1,0,1,3,0,0,0,0,1,3,1.03387,0.219381,42.1863,26.9784,11.7806,41.9065,0.403081,26.2516,41.29,34,3692.1,0,0,1,0,5.42724,0.116058,0.013424,0.108411
68160,Santander,0,0,1,1,0,1,1,0,0,1,0,1,11,1.22022,0.173007,95.2381,21.8978,11.1922,62.0438,0.322543,18.9647,52.1,36,3533.01,0,0,1,0,15.2706,0.347176,0.0693522,0.0215947
68162,Santander,0,0,1,1,0,1,3,1,0,0,0,0,8,1.06967,0.442999,17.6901,38.6139,33.0033,75.4125,0.49745,34.9916,53.87,41,4484,0,0,1,0,0.0344443,0.199134,0.0406445,0.205387
68167,Santander,0,1,1,1,0,0,7,1,0,1,1,1,25,1.30614,0.946656,19.9734,76.3506,46.1277,77.5217,0.468896,67.1593,67.92,53,46524.3,1,1,1,0,17.5927,0.184963,0.0449723,0.172624
68169,Santander,0,0,1,1,0,1,3,1,0,0,0,0,10,0.985716,0.304845,44.137,61.0632,24.7126,65.2299,0.332533,54.4359,61.65,45,23197.1,0,0,0,0,1.89105,,,
68176,Santander,0,0,1,1,0,0,3,1,0,0,0,1,13,1.14205,0.267047,41.2802,53.0997,26.6846,64.1509,0.410516,47.0156,56.06,43,10473.2,0,0,1,0,3.66449,0.147194,0.0352234,0.0907789
68179,Santander,0,0,1,1,0,1,3,0,0,1,0,1,8,1.23395,0.285147,32.1184,28.9844,11.0938,71.0156,0.408917,43.0783,58.71,39,18736.4,0,0,1,0,0.76601,0.0765335,0.0071281,0.050272
68190,Santander,0,0,1,1,0,0,4,1,0,1,0,1,31,1.50568,0.42884,31.9292,41.375,32.5143,51.6505,0.505804,41.3728,54.86,50,109382,0,0,0,0,11.8779,,,
68207,Santander,0,1,1,1,0,0,6,0,0,0,1,1,16,0.897057,0.558271,25.0735,47.1616,36.5357,66.9578,0.3725,38.5351,60.72,44,8191.85,0,0,0,0,1.03166,0.18627,0.0325362,0.213112
68209,Santander,0,0,1,1,0,1,1,0,0,1,0,0,16,0.981398,0.477093,87.6984,45.2336,11.9626,65.2336,0.457086,50.927,63.87,41,33890,0,0,1,0,4.62382,0.182359,0.0324675,0.172078
68211,Santander,0,1,1,1,0,0,5,1,0,1,1,1,6,0.892895,0.736464,39.2157,76.865,16.3362,81.0198,0.455425,68.4641,64.13,50,11598.6,0,0,0,0,5.72737,,,
68217,Santander,0,0,1,1,0,1,3,1,0,1,0,0,8,1.22206,0.212514,39.2157,28.8682,13.5387,68.0516,0.42601,49.3659,57,39,6480.81,0,0,0,0,26.4317,,,
68229,Santander,0,0,1,1,0,0,3,0,0,1,0,1,14,1.17034,0.395589,25.0861,71.321,30.1275,86.2109,0.431944,55.6083,59.79,43,7198.41,0,0,0,0,11.8682,0.365951,0.0454319,0.27359
68235,Santander,0,0,1,1,1,0,2,0,0,0,0,0,16,1.57693,0.183202,30.1879,36.1711,8.86634,54.0362,0.618215,29.7646,48.92,38,12807.7,0,0,0,0,37.8331,,,
68245,Santander,0,0,1,1,0,1,2,1,0,0,0,0,14,1.31484,0.517115,35.7143,59.5285,13.9489,41.0609,0.514327,44.2266,57.02,41,16841.9,0,0,0,0,2.63986,,,
68250,Santander,0,,,,,,,,,,,,25,0.876945,0.10694,18.3836,28.8574,7.92327,23.8532,0.549971,27.1558,43.71,37,1331.16,0,0,0,0,8.50897,,,
68255,Santander,0,0,1,1,1,0,3,0,0,1,0,1,45,1.12253,0.436603,14.9825,45.3788,41.3406,64.0716,0.447461,43.9614,55.08,51,8044.55,0,0,0,0,13.8335,,,
68264,Santander,0,0,1,1,0,1,1,0,0,0,0,0,21,1.29762,0.220334,27.7778,29.1016,9.96094,62.3047,0.58069,44.5183,58.65,39,25876.5,0,0,0,0,26.046,0.157041,0.0715981,0.36788
68266,Santander,0,0,1,1,0,1,2,1,0,0,0,1,8,1.10518,0.458438,45.4545,40.2299,17.5862,73.6782,0.494899,30.871,59.13,40,9271.64,0,0,1,0,2.01282,0.139566,0.0392823,0.121246
68271,Santander,0,0,1,1,0,1,3,0,0,0,0,0,11,1.49082,0.450339,14.6561,47.01,11.3787,67.2758,0.663513,38.1385,52.53,40,184752,0,0,0,0,3.56008,,,
68276,Santander,0,,,,,,,,,,,,322,0.972345,0.599164,7.58744,97.1318,93.4523,97.2986,0.328639,83.8306,80.57,76,40588.1,0,0,0,0,6.78027,0.277768,0.0508692,0.479963
68296,Santander,0,1,1,1,0,0,2,0,0,0,0,0,8,1.00601,0.303281,25.641,72.8093,21.3917,67.7835,0.34881,47.0691,57.15,46,9309.26,0,0,0,0,12.3212,0.218646,0.0499317,0.249464
68298,Santander,0,1,1,1,0,1,2,0,0,0,0,1,12,1.32432,0.171964,27.3457,27.6978,13.0396,28.5971,0.421535,39.8927,52.34,38,15946.4,0,0,1,0,23.1847,0.346409,0.0251756,0.951015
68307,Santander,0,1,1,1,0,1,16,1,1,1,1,1,45,0.998274,0.584591,38.4823,87.4235,83.6102,96.1262,0.253291,76.0287,74.67,69,46718,4,4,3,0,6.97889,0.211775,0.0489786,0.216216
68318,Santander,0,1,1,1,0,0,4,1,0,1,0,1,14,1.34009,0.381374,40.8563,44.5682,20.6824,57.0334,0.391842,40.4738,55.41,43,0,0,0,1,0,17.3002,0.239751,0.0852388,0.076309
68320,Santander,0,1,1,1,0,0,4,1,1,0,1,1,26,0.953365,0.590567,15.7725,65.0748,24.3051,73.4854,0.356547,63.5021,61.92,51,11433.4,1,1,2,0,1.73455,0.228662,0.0416432,0.157381
68322,Santander,0,0,1,1,0,1,2,0,0,1,0,1,28,1.35461,0.521986,111.111,81.4969,27.6507,81.289,0.416733,65.8322,68.33,52,41586.2,0,0,0,0,2.69708,0.150811,0.0403332,0.145989
68324,Santander,0,0,1,1,0,1,2,0,0,1,0,1,14,1.12625,0.384719,93.5688,53.5889,12.7243,78.6297,0.314535,66.8046,58.7,44,11738.5,0,0,1,0,7.88259,0.12596,0.0192012,0.250768
68327,Santander,0,0,1,2,0,1,3,1,0,0,0,0,22,0.854635,0.451242,16.2393,45.1064,37.0213,83.8298,0.305196,52.1167,57.02,46,9084.65,0,0,1,0,2.76932,0.229156,0.0608285,0.261667
68344,Santander,0,0,1,1,0,1,2,0,0,0,0,0,6,0.980248,0.326515,125,67.4009,12.5551,65.1982,0.378863,38.98,54.91,41,8424.98,0,0,0,0,12.0949,0.370795,0.024535,0.266324
68368,Santander,0,1,1,1,1,0,3,1,0,1,0,1,28,1.63354,0.649812,,64.1604,21.0526,78.0702,0.476284,54.4662,57.43,45,124067,0,0,1,0,6.28997,0.117432,0.0092193,0.178371
68370,Santander,0,0,1,1,0,1,1,0,0,0,0,1,8,0.633189,0,,60.2804,44.8598,59.8131,0.703748,41.9516,44.88,38,7021.85,0,0,0,0,1.74739,0.145339,0.0272148,0.03011
68377,Santander,0,0,1,1,1,0,3,0,0,1,0,1,17,1.09012,0.353769,16.2594,21.123,14.639,51.2032,0.551653,52.8333,59.18,43,61018.8,0,0,0,0,7.47337,,,
68385,Santander,0,0,1,1,0,0,3,1,0,0,0,0,20,1.09308,0.340381,48.7827,26.7919,11.192,40.2836,0.308428,37.404,51.16,39,14160.3,0,0,0,0,6.3982,,,
68397,Santander,0,0,1,1,0,1,2,0,0,1,0,0,23,0.92236,0.246678,39.4737,65.2677,14.4718,43.4877,0.388235,50.1316,54.88,40,7683.71,0,0,0,0,2.55198,0.107579,0.015044,0.0048254
68406,Santander,0,0,1,1,0,0,5,0,0,1,0,0,37,1.75878,0.611565,23.1484,59.2665,31.327,86.0582,0.512094,63.1925,66.82,51,40336.2,0,0,1,0,4.07072,0.224536,0.0452246,0.233066
68418,Santander,0,0,1,1,0,1,2,0,0,0,0,1,17,1.23175,0.464875,43.3103,52.5343,16.9863,82.2603,0.54186,45.398,53.49,42,23932.8,0,0,0,0,3.08003,0.163376,0.0481471,0.610765
68425,Santander,0,0,1,1,0,1,2,0,0,0,0,0,8,0.950858,0.229254,48.6869,38.7013,7.79221,64.8052,0.330547,39.1966,38.73,39,1684.71,0,0,1,0,7.11697,0.226305,0.0382514,0.0878086
68432,Santander,0,2,1,1,0,0,14,1,0,1,1,1,38,0.841538,0.968139,6.94153,79.3045,73.5086,94.1759,0.346337,74.4557,71.1,66,23250,0,0,0,0,5.50425,0.31752,0.0899483,0.397722
68444,Santander,0,1,1,1,0,1,3,0,0,1,0,1,12,1.24185,0.469107,32.7957,57.0869,27.2514,86.296,0.271374,59.261,63.61,42,7964.62,1,1,1,0,8.43269,0.268176,0.0458554,0.195767
68464,Santander,0,1,1,1,1,0,7,1,0,1,0,1,24,1.31167,0.436163,27.2712,73.1243,33.2275,61.4927,0.503996,51.8686,56.58,49,6753.62,2,2,1,0,25.5363,0.255414,0.0272738,0.314058
68468,Santander,0,0,1,1,1,0,2,0,0,0,0,0,14,0.648643,0.099605,30.3523,57.3539,13.6,58.7077,0.292369,37.1639,51,40,3404.95,0,0,1,0,14.081,0.209796,0.0540136,0.12068
68498,Santander,0,0,1,2,1,0,2,0,0,1,0,1,22,1.12579,0.298966,166.667,73.9766,19.0058,87.4269,0.34727,53.3455,67.27,42,24206.1,0,0,1,0,16.3112,0.106399,0.0289487,0.0799898
68500,Santander,0,1,1,1,0,0,5,1,0,1,0,1,24,1.18667,0.879301,23.8554,64.4986,34.2547,74.7425,0.504153,60.1512,58.06,48,32266.6,1,1,2,0,7.64865,0.186336,0.0439059,0.17738
68502,Santander,0,1,1,1,1,0,3,0,0,0,0,1,15,1.06369,0.216727,12.7831,38.3961,16.6464,38.6391,0.236663,43.303,52.22,39,7975.15,0,0,0,0,12.6053,0.124513,0.0294729,0.19852
68522,Santander,0,0,1,1,0,1,1,0,0,1,0,1,10,1.49463,0.779201,,93.1818,21.9697,71.2121,0.216,39.5992,53.61,46,16089,0,0,0,0,10.1662,0.25014,0.0731435,0.532663
68524,Santander,0,0,1,1,0,1,1,0,0,1,0,0,15,1.19402,0.376204,,63.3484,23.0769,85.5204,0.267565,52.035,64.85,46,15560.6,0,0,0,0,2.69034,0.160845,0.0318618,0.155854
68533,Santander,0,0,1,1,1,1,5,0,0,1,1,0,27,1.23626,0.53481,,73.1579,28.7719,79.1228,0.5676,58.955,68.36,49,88595.6,0,0,1,0,7.22712,0.15553,0.0430351,0.142318
68547,Santander,0,1,1,1,1,0,42,1,0,1,0,1,120,1.24677,0.813725,26.4884,85.4493,80.8977,94.6545,0.362148,76.5153,77.77,67,32416,17,17,2,0,17.3858,0.271023,0.0461889,0.284072
68549,Santander,0,0,1,1,1,1,2,0,1,1,0,1,20,1.39433,0.76813,,68.5624,27.0142,89.0995,0.336174,66.4216,68.42,46,63496.2,0,0,1,0,2.80436,0.220235,0.0531426,0.233521
68572,Santander,0,1,1,1,1,0,7,1,1,1,1,1,33,0.875771,0.929523,13.7841,58.1942,26.0668,86.7656,0.250673,65.8427,58.93,53,59091.6,7,7,3,0,8.93148,0.146998,0.0334714,0.311077
68573,Santander,0,0,1,1,0,1,3,0,0,0,0,0,10,2.07325,0.7079,18.5185,53.3333,33.7566,63.3862,0.695107,37.2572,49.17,42,15488.8,0,0,0,0,15.6032,,,
68575,Santander,0,1,1,1,0,0,14,0,0,1,0,1,27,1.31247,0.616381,32.5439,53.1244,30.6999,73.8037,0.444726,35.9778,56.92,52,17276.4,0,0,1,0,39.21,0.220794,0.0563668,0.135222
68615,Santander,0,1,1,1,0,0,3,0,0,1,0,1,55,0.951368,0.31939,33.6334,41.1146,20.8157,78.926,0.34065,47.114,60.35,47,14375.7,0,0,0,0,11.298,0.197934,0.0292932,0.344274
68655,Santander,0,0,1,1,0,0,9,1,0,1,0,1,326,1.29254,0.553444,56.1587,49.0402,51.2753,71.2069,0.475872,50.6508,64.76,54,28106.3,0,0,0,0,2.46039,,,
68669,Santander,0,1,1,1,0,0,7,1,0,1,1,1,21,1.00653,0.594595,20.9935,51.9084,26.76,70.6955,0.34633,49.163,58.5,48,7624.37,0,0,1,0,16.7868,0.262489,0.048617,0.12433
68673,Santander,0,1,1,1,0,1,2,0,1,0,0,1,33,1.12783,0.408221,29.4118,15.6589,3.41085,88.5271,0.293267,54.7297,58.7,41,12697.5,0,0,1,0,6.66514,0.0780684,0.016499,0.0684105
68679,Santander,0,2,2,1,2,4,39,2,1,1,1,1,124,1.23517,0.913606,4.95165,92.2679,75.2237,94.0017,0.349615,78.6009,80.86,67,64246.9,4,4,3,0,6.40649,0.310953,0.0474305,0.347853
68682,Santander,0,0,1,1,1,0,2,0,0,0,0,1,7,1.1161,0.323205,57.6923,56.9705,21.4477,43.6997,0.3576,42.5136,58.52,42,5219.75,0,0,0,0,23.3337,0.17259,0.0409639,0.0849398
68684,Santander,0,0,1,1,0,0,3,1,0,0,0,1,17,1.24442,0.25554,30.409,41.8395,15.8702,69.5221,0.5056,43.1186,49.31,43,7942.6,5,5,2,0,5.64715,0.196766,0.0615189,0.467417
68686,Santander,0,0,1,1,0,1,2,1,0,0,0,1,14,0.946143,0.512713,57.5309,47.1248,12.3422,69.2847,0.3976,34.9764,44.04,39,2523.09,0,0,0,0,1.31235,0.132577,0.0025701,0.211394
68689,Santander,0,1,1,1,0,0,11,1,1,1,1,1,41,1.41588,0.635765,10.3223,68.8761,44.8621,88.2799,0.545667,60.1002,64.86,51,29675.7,0,0,0,0,27.002,0.239454,0.024307,0.148152
68705,Santander,0,0,1,1,1,0,2,0,0,0,0,1,8,1.26394,0.275286,,30.5376,10.1075,57.6344,0.408,37.0658,53.77,38,14684.8,0,0,0,0,21.9376,,,
68720,Santander,0,0,1,1,0,1,2,0,0,0,0,0,8,0.902086,0.176313,19.8246,16.5971,8.97704,29.1232,0.346889,38.7634,49.09,35,16112.9,0,0,0,0,18.4388,,,
68745,Santander,0,1,1,1,0,0,3,0,0,1,0,0,14,1.20002,0.312638,28.3679,45.6122,16.1324,61.7446,0.442248,40.4576,51.82,41,36660.4,0,0,0,0,9.52682,0.16598,0.0311948,0.135766
68755,Santander,0,2,1,1,1,1,25,1,0,1,1,1,126,1.35719,0.998578,7.07292,91.0409,72.6466,95.369,0.607088,78.5834,76.87,66,54796.4,31,31,4,0,4.24305,0.291059,0.0992391,0.210288
68770,Santander,0,1,1,1,0,0,4,1,0,1,0,1,23,1.09661,0.564411,15.4522,62.0943,37.3864,74.3834,0.389377,56.6487,58.91,51,27592.9,0,0,0,0,13.2581,0.184265,0.0424569,0.223663
68773,Santander,0,0,1,2,0,1,3,0,0,1,0,1,18,1.08537,0.366077,27.7056,45.0346,17.321,64.0647,0.444469,52.1799,52.15,41,2441.42,0,0,0,0,2.59325,0.342638,0.0419439,0.310096
68780,Santander,0,0,1,1,0,1,2,1,0,1,0,0,11,1.0561,0.432911,16.9491,41.0286,24.8,50.9714,0.512783,45.8987,55.92,44,9798.09,0,0,1,0,10.7091,0.240395,0.0564215,0.189901
68820,Santander,0,0,1,1,1,0,2,0,0,1,0,0,10,1.61539,0.407274,66.2393,46.9763,35.2323,95.0044,0.775848,62.3697,67.9,48,14508.7,0,0,1,0,5.71557,0.216709,0.0356041,0.151388
68855,Santander,0,0,1,1,0,0,2,0,0,1,0,1,28,0.622102,0.182976,13.0115,59.5411,18.2367,83.6957,0.204884,60.8481,64.65,46,9490.44,0,0,1,0,8.18812,0.157368,0.0592536,0.128511
68861,Santander,0,2,1,1,0,0,8,0,0,1,1,1,35,0.944666,0.530702,6.5517,47.3062,36.3422,76.9613,0.276332,59.998,61.43,49,22542.3,3,3,3,1,6.69467,0.21501,0.050352,0.339578
68867,Santander,0,0,1,1,0,1,3,0,0,0,0,0,21,0.715609,0.547906,,54.7727,33.1818,92.7273,0.243267,71.9169,69.5,54,3733.62,0,0,0,0,0.554408,,,
68872,Santander,0,0,1,1,1,0,3,0,0,0,0,0,39,0.967957,0.462782,46.3158,78.97,44.4921,89.6996,0.322099,60.3412,58.73,54,15184.1,0,0,0,0,1.61487,,,
68895,Santander,0,1,1,1,0,0,12,1,0,1,1,1,25,1.11923,0.631079,9.16667,84.1899,68.6411,89.7648,0.3783,72.074,72.01,56,22026.6,2,2,1,0,19.5612,0.305023,0.100833,0.536432
70001,Sucre,1,2,1,1,0,2,70,1,1,1,1,1,322,1.16738,0.872186,13.0617,84.7353,73.5643,95.395,0.55476,54.1616,60.84,70,21445,0,0,1,0,5.49996,0.270615,0.113707,0.0825975
70110,Sucre,0,,1,1,0,1,4,0,0,1,0,1,85,1.39402,0.68371,46.5035,76.7655,1.20057,74.1525,0.616743,29.1902,48.85,49,3411.38,0,0,0,0,29.837,,,
70124,Sucre,0,1,1,1,1,0,3,0,0,1,0,1,18,1.80572,0.598724,10.5263,28.9929,0.641437,48.1719,0.276043,19.1211,39.94,39,10329.2,0,0,1,0,64.119,,,
70204,Sucre,0,1,2,1,1,0,4,1,0,0,0,1,23,1.13792,0.784523,49.5169,63.3245,10.1583,72.3615,0.289456,13.6599,28.49,40,50.6639,0,0,1,0,10.6324,0.204715,0.0496278,0.381203
70215,Sucre,0,1,2,1,1,1,36,1,1,1,1,1,122,1.43384,1,13.0123,84.382,50.8913,89.6116,0.363698,48.8727,61.01,58,21690.2,9,9,1,0,6.77723,0.152851,0.0404804,0.100949
70230,Sucre,0,0,1,2,1,0,3,0,0,1,0,1,16,1.40271,0.635478,53.0607,66.9903,33.9806,67.129,0.538366,12.6663,38.97,41,5334.31,0,0,0,0,17.4539,,,
70235,Sucre,0,0,1,1,1,0,7,0,0,0,0,1,34,1.8992,0.799632,28.2909,59.375,12.2997,70.1923,0.535796,37.5,52.8,51,6446.81,0,0,0,0,38.1425,,,
70265,Sucre,0,0,1,1,1,0,5,1,0,0,0,1,28,1.69708,0.36348,24.674,24.9012,7.16403,34.6344,0.367515,16.0777,33.06,46,15434,0,0,0,0,74.5471,,,
70400,Sucre,0,0,1,1,0,1,3,0,0,0,0,1,25,1.54039,0.605579,28.3019,40.1436,0.391645,44.517,0.341987,19.3691,44.55,43,6398.56,0,0,0,0,51.9797,,,
70418,Sucre,0,0,1,1,1,1,5,0,0,0,1,0,48,1.14102,0.573849,11.236,43.5797,0.140489,71.2841,0.43069,21.7471,51.32,45,0,0,0,0,0,11.6358,0.265475,0.0998624,0.289133
70429,Sucre,0,1,1,1,1,0,5,0,0,1,0,0,29,1.58154,0.60945,33.3632,17.3771,0.540019,39.7686,0.330728,10.8043,36.04,36,1638.97,1,1,1,0,74.5008,0.143877,0.060585,0.080119
70473,Sucre,0,0,1,1,1,1,4,1,0,1,0,0,33,1.37908,0.60995,19.0799,68.2071,25.4454,63.7528,0.403522,27.9672,44.52,46,5730.27,0,0,1,0,5.3684,0.158383,0.0636106,0.232295
70508,Sucre,0,1,1,1,1,1,6,1,0,0,1,1,33,1.33328,0.516972,32.1594,64.8088,28.7428,69.9325,0.266298,25.875,50.89,47,3735.45,0,0,1,0,24.4082,0.216324,0.107557,0.146464
70523,Sucre,0,1,1,1,1,1,3,0,0,0,0,1,80,2.42235,0.956341,21.2861,35.9433,1.49142,56.4504,0.524684,13.0673,36.63,50,11865.1,0,0,0,0,7.04022,,,
70670,Sucre,0,1,2,1,1,1,17,1,0,1,0,1,79,1.53824,0.658904,23.3048,59.7106,29.8275,65.3126,0.451801,21.1935,39.25,53,4210.15,0,0,1,0,15.3464,0.10418,0.133312,0.0300823
70678,Sucre,0,0,1,1,1,0,5,0,0,1,0,1,49,1.61788,0.441617,24.316,18.2175,3.16257,45.6874,0.815735,14.3,40.94,42,301.128,1,1,1,0,55.7662,0.0738568,0.0481348,0.05716
70702,Sucre,0,0,1,1,1,1,3,0,0,0,0,1,112,1.0034,0.614439,10.5263,64.7059,14.8529,75.3431,0.477674,31.6239,50.49,52,10191,0,0,0,0,13.2666,,,
70708,Sucre,0,1,1,1,0,0,18,1,0,1,1,1,53,1.26737,0.53728,6.53633,49.2465,1.93124,71.1339,0.679066,32.9408,47.86,51,7520.8,0,0,0,0,76.5467,,,
70713,Sucre,0,1,1,1,0,0,16,1,0,1,0,1,123,1.76222,0.455346,28.57,36.6628,6.05059,70.7531,0.489106,21.1091,43.79,48,4710.32,0,0,1,0,10.1291,0.223478,0.0726935,0.16141
70717,Sucre,0,0,1,2,1,0,12,1,0,1,1,1,47,1.30319,0.864764,27.3566,67.3981,42.6332,82.0968,0.449972,34.9906,48.73,54,22398,0,0,0,0,32.4307,,,
70742,Sucre,0,1,1,1,1,1,12,1,1,1,1,1,164,1.08291,0.501871,29.8545,59.2409,21.88,73.8275,0.542087,33.2712,54.75,49,9864.16,0,0,1,0,24.5691,0.174025,0.0650545,0.0754187
70771,Sucre,0,1,1,1,0,0,5,0,0,1,0,1,56,1.63446,0.425036,525.424,25.2889,6.45819,44.8448,0.478363,12.2607,31.01,46,4102.52,0,0,0,0,58.6526,0.183194,0.0394752,0.0988063
70820,Sucre,0,1,1,1,1,0,13,1,0,1,0,1,235,1.27764,0.679411,48.5433,65.2046,16.8568,85.9559,0.426604,42.6906,58.54,51,23333.3,0,0,1,1,6.93295,0.263267,0.142488,0.205893
70823,Sucre,0,1,1,1,1,1,4,1,1,0,1,1,76,1.18958,0.654368,172.787,72.8155,2.47132,88.526,0.6284,30.5559,50.23,46,9671.4,0,0,1,0,0.599749,0.285161,0.112516,0.229677
73001,Tolima,1,7,15,16,6,7,114,10,3,11,2,7,928,1.31588,0.91851,14.4529,96.3359,88.5456,94.4013,0.561963,78.0325,80.8,79,64646.1,8,8,3,1,1.00047,0.381329,0.147943,0.37921
73024,Tolima,0,0,1,1,0,0,5,1,0,1,0,0,8,1.41698,0.63862,37.037,74.4417,51.6956,79.4872,0.661436,59.5162,54.69,47,9611.29,0,0,2,0,13.3684,0.250755,0.0455635,0.215827
73026,Tolima,0,0,1,1,1,0,4,1,0,1,0,1,17,1.68346,0.697321,23.9386,64.4664,41.9494,64.9599,0.803105,48.4556,54.16,50,87529.4,0,0,0,0,12.4364,,,
73030,Tolima,0,1,1,1,0,1,5,1,1,1,1,1,68,1.59508,0.978907,34.6995,90.4991,74.6242,87.0114,0.693274,61.1588,59.91,61,52404.9,10,10,3,0,10.8749,0.302432,0.0577007,0.277575
73043,Tolima,0,0,1,1,0,0,3,1,0,1,0,0,9,1.3649,0.443299,17.3941,68.3263,22.6165,65.7309,0.796024,48.4067,0,46,9494.83,0,0,0,0,3.2672,0.173126,0.0230751,0
73055,Tolima,0,1,1,1,1,1,7,1,1,1,1,1,33,2.01118,1,21.847,85.3984,68.059,89.9263,0.660369,67.4073,61.37,57,53438.5,0,0,1,0,8.14322,0.361787,0.115378,0.433662
73067,Tolima,0,0,1,1,0,0,4,1,0,1,0,0,14,1.62549,0.191423,16.6072,48.8787,21.3303,28.6952,0.942567,27.8745,41.63,43,5173.15,0,0,2,0,18.7744,0.164533,0.021503,0.0946575
73124,Tolima,0,1,1,1,1,3,4,1,1,1,1,0,26,1.19255,0.592377,24.9022,64.3496,51.9758,86.6455,0.619336,61.4404,65.66,54,31023.6,0,0,0,0,9.53867,0.347925,0.047619,0.320095
73148,Tolima,0,0,1,1,0,0,4,1,0,1,0,0,10,1.38314,0.710451,31.7787,94.2798,64.0248,87.6637,0.643928,65.4187,65.34,56,55893.6,0,0,0,0,10.0704,0.17464,0.0347771,0.12172
73152,Tolima,0,0,1,1,0,0,3,1,0,1,0,0,9,1.51961,0.452488,27.267,37.3362,24.6725,62.8821,0.8144,57.3882,61.45,47,7778.06,0,0,1,0,27.8016,0.495731,0.0584498,0.397713
73168,Tolima,0,1,1,1,0,0,26,1,1,1,1,1,112,2.15061,0.73582,18.806,72.6391,50.0126,60.7655,0.754123,44.3403,58.54,60,19815,1,1,2,0,0.760814,0.192335,0.0355243,0.323265
73200,Tolima,0,0,1,1,0,1,2,1,0,1,0,0,57,2.16589,1,52.8493,43.156,24.208,66.587,0.581624,46.9153,54.7,48,179684,0,0,2,0,9.06132,0.159789,0.0334141,0.0985111
73217,Tolima,0,0,1,1,0,0,3,1,0,1,0,0,28,2.01089,0.65664,35.7883,25.0922,13.8376,28.6593,0.532883,8.43266,38.36,44,3658.71,1,1,2,0,11.7566,0.246658,0.0183554,0.0481698
73226,Tolima,0,0,1,1,0,0,5,1,0,1,0,0,22,1.52331,0.61457,33.5561,61.8023,32.5793,61.9847,0.331241,52.3743,59.4,49,7782.69,0,0,0,0,14.1954,0.155925,0.0268933,0.228675
73236,Tolima,0,0,1,1,0,0,5,1,0,1,0,0,15,1.15925,0.5686,9.71416,77.0861,43.532,66.5342,0.367418,57.3914,54.68,49,6819.21,0,0,2,0,10.02,0.22941,0.0608149,0.15447
73268,Tolima,0,2,2,1,1,1,29,1,1,1,1,1,234,1.13816,0.868426,24.2204,81.1124,72.6782,90.3821,0.554347,66.0786,66.16,68,42659.2,0,0,1,0,8.08959,0.23037,0.0753442,0.215645
73270,Tolima,0,0,1,1,0,0,2,1,0,1,1,0,18,1.15032,0.686504,16.5877,53.6138,27.4986,67.5889,0.395629,50.326,58.15,49,6819.92,107,107,2,0,9.86427,,,
73275,Tolima,0,0,1,2,1,1,17,1,0,1,1,1,70,1.43269,0.936677,57.373,88.843,77.9533,93.0967,0.250826,67.0811,72.55,63,41369.5,0,0,2,0,1.0685,,,
73283,Tolima,0,1,1,1,0,0,10,1,1,1,1,0,78,1.20108,0.512369,17.026,58.971,36.5106,82.058,0.700169,58.9841,65.8,55,14719.5,0,0,1,0,15.5148,0.360708,0.0645866,0.270058
73319,Tolima,0,1,1,1,1,1,26,1,1,1,1,1,76,1.34695,0.786533,29.9834,57.4568,28.1542,84.9589,0.414051,57.1424,66.06,58,50543.5,0,0,2,0,13.0335,0.240792,0.0688878,0.487475
73347,Tolima,0,1,1,1,0,0,3,1,1,1,0,0,12,1.19259,0.39517,23.9412,64.6096,45.6288,64.5629,0.702053,60.2811,68.57,44,32748.7,0,0,0,0,33.3543,,,
73349,Tolima,0,1,2,1,1,2,30,1,1,1,1,1,86,1.26672,1,21.7712,98.2059,89.3971,95.7976,0.425932,77.2765,73.42,69,54976.6,60,60,4,0,15.672,0.551757,0.152455,0.470317
73352,Tolima,0,0,1,1,0,0,3,1,0,1,0,0,15,1.38714,0.908698,36.0204,63.84,29.2,75.04,0.459744,56.945,59.24,45,13755,0,0,0,0,29.8501,0.149101,0.0183282,0.219767
73408,Tolima,0,0,1,1,0,1,10,1,1,1,0,1,78,0.985197,0.679119,24.4906,91.2586,80.5492,88.2151,0.311182,70.7178,66.65,64,20124.5,0,0,1,0,6.78396,0.22293,0.0274882,0.137441
73411,Tolima,0,1,1,1,0,0,23,1,1,0,1,1,70,1.41249,0.80246,12.6884,75.9523,67.3876,91.3001,0.463738,68.1677,64.17,62,18390.1,0,0,0,0,22.0501,0.27377,0.0428745,0.260078
73443,Tolima,0,1,1,1,0,0,17,1,0,1,1,1,52,1.2317,0.655598,31.6754,80.4557,65.654,79.0549,0.544256,64.2589,70.5,61,47408.1,4,4,3,1,0.83392,0.627603,0.0463944,0.225752
73449,Tolima,0,1,1,1,0,0,13,1,0,0,1,1,92,1.10618,0.621832,31.5958,82.871,60.7001,90.4888,0.574588,64.1492,73.46,63,107306,0,0,1,0,19.393,0.170129,0.0540693,0.285042
73461,Tolima,0,0,1,1,1,0,3,1,0,0,0,0,5,0.927476,0.534207,27.0125,43.4783,38.8271,61.3751,0.849106,53.1107,54.39,40,15210.9,0,0,0,0,26.4721,,,
73483,Tolima,0,1,1,1,0,0,9,0,0,1,0,0,63,1.22425,0.761679,33.3005,68.675,38.8173,65.0511,0.506179,40.8183,52.93,55,25394.7,1,1,2,0,6.44273,0.167258,0.0573108,0
73504,Tolima,0,1,1,1,1,0,5,1,0,1,0,0,16,2.11563,0.51793,19.363,57.9344,18.2226,40.0641,0.876439,27.5586,42.03,45,11195.6,0,0,1,0,13.5623,0.0922643,0.0335523,0.235784
73547,Tolima,0,0,1,1,1,0,3,1,0,1,0,0,12,1.50958,1,34.0056,70.1107,22.9705,80.2583,0.312102,52.862,60.49,46,85729.4,0,0,1,0,14.0377,0.19049,0.0395634,0.0818554
73555,Tolima,0,0,1,1,0,0,3,1,0,1,0,0,19,1.26409,0.295947,24.789,49.8894,37.8982,45,0.633268,33.5741,45.77,44,9831.65,0,0,0,0,47.1513,,,
73563,Tolima,0,0,1,2,0,0,3,1,0,1,0,0,21,1.34671,0.699356,21.1939,67.5255,31.3563,80.5056,0.775895,56.6372,59.73,52,32640.8,0,0,2,0,2.27713,0.193072,0.0290038,0.202606
73585,Tolima,0,1,1,1,1,5,16,1,1,1,1,1,84,1.47235,0.86834,15.7003,63.6325,43.3007,84.2408,0.666295,58.2152,66.42,59,44445.7,8,8,3,0,6.31116,0.250865,0.0192737,0.153602
73616,Tolima,0,0,1,1,0,0,3,1,0,1,0,0,13,1.12589,0.224332,15.5181,79.3567,24.4839,19.8272,0.654896,31.4735,42.04,42,1487.7,0,0,0,0,26.7398,,,
73622,Tolima,0,0,1,1,0,0,3,1,0,1,0,0,10,0.924884,0.207842,18.4601,33.7702,25.8288,30.6091,0.904367,53.6782,58.49,47,5876.16,0,0,1,0,13.9871,,,
73624,Tolima,0,1,1,1,0,0,6,1,0,1,0,0,21,1.54684,0.568365,22.9737,58.9397,33.2742,55.7675,0.636029,41.9531,54.28,48,11025.1,0,0,2,0,4.52941,0.168227,0.0414785,0.25826
73671,Tolima,0,0,1,1,0,0,5,1,0,1,0,0,19,1.09034,0.60487,27.6719,48.6515,43.0447,87.5798,0.381629,62.1326,62.53,56,56572,0,0,0,0,6.95068,,,
73675,Tolima,0,0,1,1,0,0,4,1,0,1,0,0,16,1.41298,0.484457,24.4957,61.2336,35.8901,59.8594,0.670824,42.0526,48.69,49,9287.04,0,0,1,0,1.19625,0.264018,0.0291626,0.281379
73678,Tolima,0,1,1,1,1,1,4,1,0,1,1,0,22,1.0709,0.567505,24.3003,56.0549,27.1083,63.8751,0.375505,41.6583,52.05,48,30471.1,2,2,3,0,6.90201,0.140205,0.0722539,0
73686,Tolima,0,0,1,1,0,0,4,1,0,1,0,0,9,1.50501,0.728838,34.1391,51.7321,33.0254,77.2902,0.958887,54.1047,64.91,44,11918.8,0,0,0,0,9.91139,0.356279,0.0776193,0.270433
73770,Tolima,0,0,1,1,1,1,1,1,0,1,1,0,19,1.68813,1,20,63.4232,31.653,65.0645,0.651457,38.6994,48,50,16248,0,0,0,0,0.28779,,,
73854,Tolima,0,0,1,1,0,1,2,1,0,1,0,0,18,1.58658,0.630225,18.6787,49.7835,31.5151,60.0866,0.684809,41.8609,51.26,45,10089.3,0,0,2,0,7.30791,0.130423,0.0293962,0.0900424
73861,Tolima,0,1,1,1,0,0,9,1,1,1,0,0,19,1.13803,0.80035,25.5713,83.727,63.353,83.8911,0.421985,58.1496,59.58,54,54778.6,0,0,0,0,4.66942,0.414745,0.0566392,0.204017
73870,Tolima,0,1,1,1,0,0,4,1,0,1,0,0,19,1.1333,0.29469,26.7166,39.8894,23.7362,75.2765,0.567334,59.1204,65.69,47,6440.95,0,0,0,0,30.6252,,,
73873,Tolima,0,0,1,1,0,0,5,1,0,1,0,0,13,1.22519,0.557793,21.3056,74.3041,34.636,74.8929,0.441837,58.6447,58.56,46,7472.15,0,0,0,0,27.1699,,,
76001,Valle,1,33,73,78,28,36,550,50,15,53,12,33,7307,1.06676,0.770778,13.2921,97.5193,91.3711,98.3002,0.612103,79.3559,88.99,82,99780.6,17,17,4,1,0.55423,0.481652,0.0945415,0.47341
76020,Valle,0,1,1,1,1,1,5,1,1,1,0,0,16,1.1116,0.878017,16.6166,97.064,84.3218,86.788,0.403,62.4497,66.58,61,25382,0,0,0,0,15.5822,,,
76036,Valle,0,1,1,1,0,1,10,0,1,1,0,0,31,0.842133,0.554299,40.9564,93.329,58.6222,92.0863,0.279459,72.6648,72.64,61,37373.2,0,0,0,0,10.0489,,,
76041,Valle,0,1,1,1,0,0,8,1,1,1,0,0,60,0.805943,0.271949,23.3239,84.3651,74.1402,88.4365,0.29414,59.6688,62.93,52,28931.8,0,0,1,0,6.11081,,,
76054,Valle,0,1,1,1,0,4,6,1,1,1,0,0,9,1.50496,0.417592,21.4057,76.4023,71.0509,90.0709,0.4986,68.69,64.79,51,24650.5,0,0,0,0,14.972,,,
76100,Valle,0,1,1,1,0,0,4,1,1,1,0,0,18,1.24451,0.568267,55.2934,73.3897,47.0251,76.9651,0.63188,64.0483,63.63,49,33534.1,0,0,0,0,1.90221,0.470982,0.130735,0.44907
76109,Valle,0,1,1,1,0,5,175,1,1,1,1,1,1239,1.18694,0.651792,31.1605,86.794,50.9636,89.7005,0.679646,63.9629,67.53,64,48862.1,5,5,2,0,2.63361,0.209349,0.0471281,0.129716
76111,Valle,0,,,,,,,,,,,,420,1.10972,0.846818,12.7388,95.3523,87.4801,95.7056,0.342944,78.7048,88.44,78,81361.3,12,12,4,1,10.9323,0.529617,0.110316,0.520242
76113,Valle,0,1,1,1,0,0,12,1,1,1,0,0,34,1.2066,0.967501,39.7714,87.0918,68.8363,91.8913,0.551632,70.9398,70.57,57,104457,0,0,1,0,8.40716,0.295037,0.0611711,0.436212
76122,Valle,0,1,1,1,0,7,21,1,1,1,1,1,39,0.862885,0.559826,23.3773,91.3813,87.629,96.6082,0.159992,70.5274,76.12,60,26151.7,0,0,0,0,33.5079,,,
76126,Valle,0,1,1,1,0,0,6,1,1,1,0,1,18,0.68367,0.437043,25.7357,81.6758,54.5355,90.3461,0.326031,70.1087,70.23,55,96319.1,0,0,1,0,9.08628,,,
76130,Valle,0,1,1,1,1,1,13,1,1,1,0,0,98,1.28028,0.713246,44.6551,85.6678,60.6022,95.2891,0.420292,71.6272,76.27,60,98110.1,0,0,1,0,15.0116,0.328586,0.0571819,0.0703552
76147,Valle,0,,,,,,,,,,,,618,1.15344,0.830216,12.5778,97.2597,91.0679,97.5378,0.44466,77.6337,84.77,78,41185.3,14,14,4,1,2.74498,0.400968,0.0971588,0.477364
76233,Valle,0,1,1,1,0,0,16,0,1,1,0,1,101,1.32795,0.557492,46.3798,83.6798,48.3807,86.9184,0.376475,64.7229,69.15,58,33698,0,0,1,0,11.6579,0.419018,0.0872042,0.360795
76243,Valle,0,1,1,1,0,0,4,1,1,1,0,0,13,1.30275,0.389297,14.836,56.12,73.6817,92.4528,0.446321,64.3051,66.73,46,42736.6,0,0,0,0,3.58943,,,
76246,Valle,0,1,1,1,0,0,4,1,1,1,0,0,12,1.32662,0.776696,33.1604,73.4797,57.0383,89.0203,0.486965,61.3139,64.58,47,16804.2,0,0,0,0,21.2734,,,
76248,Valle,0,1,1,1,1,9,17,1,1,1,0,1,155,1.07562,0.775553,45.1602,86.7261,75.4169,93.2145,0.519455,72.0284,75.29,69,75368.6,0,0,1,0,16.3353,0.495968,0.0621335,0.322396
76250,Valle,0,1,1,1,0,0,6,1,1,1,0,0,17,1.27276,0.305266,36.0434,61.9118,42.3861,65.5428,0.477191,60.4677,68.14,52,14299.1,0,0,0,0,14.3826,,,
76275,Valle,0,1,1,1,0,1,44,1,1,1,0,1,45,1.24295,0.671488,38.5523,91.5717,73.9025,90.8077,0.409044,66.9993,70.53,64,30371,0,0,1,0,30.6708,0.270928,0.0653967,0.249215
76306,Valle,0,1,1,1,0,0,5,1,1,1,0,1,69,1.13774,0.857152,16.257,80.0546,54.493,80.51,0.355286,65.9404,72.02,56,37295.2,0,0,0,0,19.7883,,,
76318,Valle,0,1,1,1,1,7,14,1,1,1,0,0,48,1.3231,0.757385,44.7115,93.5636,78.614,94.3039,0.355098,72.1004,70.51,62,48499.2,0,0,1,0,11.9845,0.375434,0.0628099,0.480165
76364,Valle,0,1,1,1,0,1,29,1,1,1,0,1,218,1.69595,1,34.3371,87.5432,73.5631,95.2031,0.648516,72.3066,76.45,70,105838,0,0,0,0,2.39232,0.32371,0.0620064,0.23384
76377,Valle,0,1,1,1,1,0,5,1,1,1,1,1,43,1.44631,0.871467,11.4379,89.7269,36.7713,91.9283,0.493473,71.551,69.31,51,29879.8,0,0,0,0,11.8019,,,
76400,Valle,0,1,1,1,0,1,16,1,1,1,0,0,23,1.33813,0.712344,31.8789,81.015,66.6941,92.069,0.760136,70.0213,73.62,61,41218.3,0,0,1,0,3.47763,0.48643,0.119399,0.442303
76403,Valle,0,1,2,1,1,0,8,1,1,1,1,1,10,1.27878,0.909587,17.6686,82.7293,74.3062,90.8913,0.451706,65.7524,73.32,60,38052.6,0,0,0,0,3.78555,0.360153,0.0894806,0.305987
76497,Valle,0,1,1,1,0,0,5,1,1,0,0,1,30,1.31652,0.580922,27.1402,77.6429,71.8571,88.8571,0.444336,58.9274,63.32,54,60087.8,0,0,1,0,7.3712,,,
76520,Valle,0,,,,,,,,,,,,1266,1.23185,0.903215,10.9867,95.4529,84.3909,96.216,0.203389,78.3829,87.24,77,118218,15,15,3,0,19.1308,0.436279,0.111978,0.697766
76563,Valle,0,1,1,1,3,5,9,1,1,1,0,1,233,1.0778,0.68567,43.9958,92.2889,76.507,92.6198,0.300726,64.1419,70.22,70,65328.4,0,0,0,0,26.2773,0.510389,0.0857412,0.498273
76606,Valle,0,1,1,1,0,0,7,1,1,1,0,1,22,1.54207,0.691277,22.089,84.405,53.5702,85.9325,0.272481,62.9747,70.59,55,36006.9,0,0,0,0,9.65602,,,
76616,Valle,0,1,1,1,0,0,4,1,1,1,1,0,105,0.963449,0.363901,23.8336,74.5703,57.8503,79.8136,0.300907,60.2755,67.59,58,32357,0,0,1,0,0.842948,,,
76622,Valle,0,1,1,1,0,5,18,0,1,1,1,0,176,1.12724,0.7067,7.13169,90.1607,66.7365,90.9714,0.41712,72.0386,73.63,68,25240.8,1,1,2,0,1.18026,0.389314,0.110688,0.45069
76670,Valle,0,0,1,1,0,0,4,0,1,1,0,0,11,1.46614,0.845177,43.546,85.0711,58.9258,85.5845,0.298586,70.1844,73.49,55,51774.8,0,0,1,0,11.7158,0.40256,0.0423651,0.284669
76736,Valle,0,2,1,1,1,0,32,1,1,1,1,1,279,1.12596,0.56891,62.5059,90.1863,82.7652,93.0447,0.322545,71.8009,75.56,66,22664.8,0,0,0,0,26.7444,0.365726,0.044557,0.421961
76823,Valle,0,1,1,1,0,0,11,0,1,1,0,0,22,1.4641,0.692033,29.6078,92.4834,69.1599,92.8519,0.378179,67.2199,64.05,57,26825.7,3,3,3,1,4.54213,0.397205,0.100835,0.422062
76828,Valle,0,1,1,1,0,0,9,1,1,1,0,0,31,1.36842,0.75032,23.0648,80.7642,68.183,89.1604,0.531291,69.5906,69.47,55,21095,0,0,0,0,6.6823,,,
76834,Valle,0,,,,,,,,,,,,863,1.24197,0.857488,10.6379,94.4152,88.1941,93.8815,0.391013,75.7639,84.47,77,45151,1,1,2,0,11.3839,0.338764,0.0554537,0.416918
76845,Valle,0,1,1,1,0,1,4,1,1,1,1,0,38,1.2344,0.440058,27.9103,93.4367,76.0255,91.2489,0.442522,64.3292,70.04,53,30122.7,0,0,0,0,10.1249,,,
76863,Valle,0,1,1,1,0,0,7,1,1,1,0,1,7,1.56912,0.588375,25.6105,79.714,65.0424,89.036,0.577834,63.6343,71.05,53,30618.5,0,0,0,0,15.0006,0.377572,0.0570487,0.263742
76869,Valle,0,1,1,1,0,0,4,1,1,1,1,1,13,1.60238,0.754227,37.2413,81.6885,57.0155,90.4281,0.457267,65.2458,70.95,55,25086.9,0,0,1,0,1.68233,0.46934,0.0725159,0.376418
76890,Valle,0,1,1,1,0,0,7,1,1,1,1,1,24,1.30676,0.536824,65.2936,79.6418,51.2229,91.2849,0.223206,68.8812,68.28,57,66033.2,0,0,1,0,3.7547,0.358688,0.0797028,0.364742
76892,Valle,0,1,1,1,0,7,38,1,1,1,0,1,72,1.53015,1,39.8245,94.5067,79.8792,96.3113,0.476251,69.3222,75.33,65,398531,0,0,0,0,2.89466,0.452402,0.102161,0.276172
76895,Valle,0,1,1,1,0,0,15,1,1,1,0,1,188,1.36172,0.876406,17.7246,96.5534,86.7217,95.7275,0.462812,74.9954,74.7,68,80634.2,0,0,0,0,7.98629,0.46529,0.0817342,0.624497
81001,Arauca,1,1,1,1,0,1,20,0,1,0,1,1,248,1.16411,0.933758,14.9654,82.0658,53.0278,89.6191,0.184843,56.6606,66.55,71,21272.6,0,0,1,0,120.293,0.266686,0.0519414,0.0905117
81065,Arauca,0,0,1,1,0,0,6,0,0,1,0,0,33,1.41187,0.479142,19.4496,26.1279,1.79588,47.5909,0.251717,35.1641,58.54,44,6194.51,0,0,0,0,92.6026,0.217617,0.0226202,0.0914232
81220,Arauca,0,0,1,1,0,0,4,0,0,1,0,0,9,1.03784,0.427606,11.6076,54.6061,27.7704,49.3992,0.15128,40.2767,52.3,47,2168.43,0,0,0,0,75.1457,0.171906,0.0116071,0.0580357
81300,Arauca,0,0,2,2,1,0,4,0,0,0,0,0,22,0.983734,0.184851,17.4831,39.8172,5.43423,28.1361,0.399262,28.5335,0,44,3037.21,0,0,0,0,49.2721,,,
81591,Arauca,0,0,1,1,0,0,4,1,0,1,0,0,9,0.961425,0.27703,12.987,49.0858,24.1913,47.5387,0.250226,38.777,57.9,44,892.921,0,0,0,0,31.6244,,,
81736,Arauca,0,0,1,1,0,0,16,1,0,1,0,1,13,1.51769,0.882024,13.0855,80.9001,40.8964,76.6599,0.454757,54.6662,63.43,54,11845.2,0,0,0,0,58.2176,,,
81794,Arauca,0,1,1,1,0,0,8,1,0,0,0,1,34,1.89757,0.655184,21.0813,50.0187,30.8785,46.8224,0.283196,42.3153,0,50,5483.8,0,0,1,0,21.6438,0.26063,0.0157729,0.0495719
85001,Casanare,1,1,1,1,0,0,70,1,1,1,1,1,198,1.55767,0.947132,12.1776,76.1969,40.1425,64.9139,0.603513,59.9075,75.33,38,74559.9,0,0,1,0,88.524,0.106688,0.0130246,0.13097
85010,Casanare,0,0,1,1,1,0,5,1,0,1,0,0,121,1.9699,0.961516,18.6359,74.1618,22.6643,60.6169,0.600713,57.0591,67.3,61,275380,2,2,2,0,90.8334,0.179298,0,0.214522
85015,Casanare,0,0,2,2,0,1,2,0,0,0,0,0,3,0.881767,1,45.4545,98.9011,72.5275,94.5055,0.151151,60.41,53.95,57,8833.45,0,0,0,0,65.7409,0.196712,0.0283798,0.649123
85125,Casanare,0,0,1,1,1,1,3,0,0,1,0,0,10,1.72701,0.394428,60.6991,29.5285,0.744417,18.6104,0.545324,42.6948,48.65,42,5787.2,0,0,2,0,6.30901,,,
85136,Casanare,0,0,1,1,0,1,2,0,0,1,0,0,6,1.26061,0.473766,62.5,26.5306,18.3673,16.3265,0.280787,15.9878,48.85,38,13633.8,0,0,1,0,33.5099,0.363111,0.0482561,0.477783
85139,Casanare,0,0,1,1,1,0,4,0,0,1,0,0,21,0.998257,0.501829,22.5169,6.99216,18.6257,35.1416,0.323178,46.2128,58.76,51,39240.6,0,0,1,0,139.747,0.224093,0.0408627,0.0976163
85162,Casanare,0,1,1,1,1,0,3,0,0,1,0,0,12,1.47416,0.829983,20.7457,81.6704,61.3452,61.7886,0.346818,60.698,64.76,55,370159,0,0,0,0,87.2401,,,
85225,Casanare,0,0,1,1,1,0,2,0,0,1,0,1,8,1.2044,0.255597,22.4171,11.615,5.48926,9.70565,0.141016,18.6634,41.98,36,10057.5,0,0,1,0,80.3859,0.194604,0.0353172,0.14552
85230,Casanare,0,1,2,1,1,0,3,0,0,1,1,1,9,1.71718,0.664359,38.836,11.4347,3.77562,9.38511,0.282933,24.8143,43.17,41,19003.9,0,0,0,0,133.975,0.224163,0.0755861,0.213824
85250,Casanare,0,1,1,1,1,0,7,1,0,0,0,1,15,1.14368,0.603883,23.592,52.7596,9.58457,37.8932,0.263211,42.5434,56.6,47,9906.91,0,0,0,0,39.4273,0.313131,0.0726817,0
85263,Casanare,0,0,1,1,1,0,2,0,0,1,0,0,8,1.03401,0.406482,15.8081,38.2155,9.76431,11.3636,0.446479,35.3929,50.51,46,9998.24,10,10,2,0,59.6939,,,
85279,Casanare,0,0,2,2,0,1,1,0,0,0,0,0,6,0.709995,0.108692,333.333,90.4762,23.8095,95.2381,0.0836686,51.75,54.12,58,5016.22,0,0,1,0,73.1982,,,
85300,Casanare,0,0,2,1,1,0,2,0,0,1,0,0,11,1.15509,0.699247,33.5135,65.7439,41.0035,48.9619,0.2421,52.4105,65.36,46,176774,0,0,0,0,80.1985,,,
85315,Casanare,0,0,2,1,0,1,2,0,0,0,0,0,5,1.54897,0.665088,64.5161,50.838,1.11732,3.91061,0.497702,36.5096,56.3,41,2099.48,0,0,0,0,40.1608,0.394737,0,0.154206
85325,Casanare,0,0,1,1,1,0,2,0,0,1,0,0,9,1.01413,0.271733,,14.8594,4.91968,20.1807,0.251673,33.0779,46.55,39,14305.5,0,0,1,0,76.6488,,,
85400,Casanare,0,0,1,1,1,0,3,1,0,0,0,0,8,1.05794,0.318898,11.6279,16.9874,8.87029,14.1423,0.260661,20.4817,37.58,35,5135.94,0,0,0,0,60.9387,,,
85410,Casanare,0,0,1,1,1,0,3,0,0,1,0,0,38,2.60796,1,25.2388,50.8293,23.9024,37.1707,0.897182,47.5708,60.27,48,362817,0,0,0,0,88.9283,,,
85430,Casanare,0,0,1,1,1,0,4,1,0,1,0,0,10,2.06738,0.654976,28.4353,27.4757,10.5825,31.4563,0.44101,47.5476,51.09,42,27253.4,0,0,1,0,75.1838,0.127592,0.0224638,0.084058
85440,Casanare,0,0,1,1,1,0,5,1,1,1,0,0,33,1.22076,0.576188,12.3039,83.5688,48.4015,67.3978,0.507497,54.1048,61.91,57,41874.2,0,0,0,0,109.376,,,
86001,Putumayo,1,1,1,1,0,0,10,1,1,0,1,1,85,2.49862,0.974698,17.4511,77.7105,61.3262,78.2188,0.417125,47.3783,67.35,69,27179.9,0,0,0,0,57.778,0.350435,0.150083,0.464345
86219,Putumayo,0,0,1,1,0,0,3,1,0,0,0,0,11,1.58124,0.768503,7.74619,86.0111,65.7895,87.5346,0.348791,38.5159,72.28,64,7772.47,0,0,0,0,24.2247,,,
86320,Putumayo,0,0,1,1,1,1,7,0,0,0,0,1,56,1.72184,0.58913,23.7788,31.7753,19.6621,36.7566,0.483313,21.4639,54.37,61,34894.4,0,0,0,0,69.5933,,,
86568,Putumayo,0,1,1,1,0,0,12,1,1,1,0,1,121,1.87564,0.523177,26.5035,25.5956,34.5667,43.5512,0.459067,28.895,64.62,65,24967.8,0,0,0,0,112.272,,,
86569,Putumayo,0,,,,,,,,,,,,17,1.73359,0.315562,37.9364,4.8221,9.22285,6.03933,0.338547,10.6547,53.98,57,15186.8,0,0,0,0,90.7396,,,
86571,Putumayo,0,,,,,,,,,,,,14,1.09826,0.117487,62.7987,12.1043,7.67878,6.27198,0.398468,4.79665,0,55,4768.35,0,0,0,0,90.8376,,,
86573,Putumayo,0,0,1,1,0,0,4,0,0,1,0,0,25,1.53321,0.597747,35.764,32.612,17.5399,40.0152,0.431671,18.7212,56.9,57,8707.6,0,0,0,0,294.37,,,
86749,Putumayo,0,0,1,1,0,1,8,1,1,0,0,1,14,1.3898,1,37.8682,89.8438,65.8482,91.5179,0.312554,49.1015,71.34,69,11238.6,0,0,0,0,28.575,0.202229,0.135812,0.699545
86755,Putumayo,0,0,1,1,0,1,3,1,0,0,0,0,6,1.00741,0.703501,,79.4355,57.8629,87.0968,0.279686,38.3114,66.19,69,3038.93,0,0,1,0,34.3353,,,
86760,Putumayo,0,1,1,1,0,1,3,1,0,0,0,1,8,0.882977,0.392024,31.8543,62.9128,32.0068,76.376,0.27917,0,55.03,,376.457,0,0,0,0,24.2034,0.221288,0.154216,0.157951
86865,Putumayo,0,0,1,2,1,0,4,0,0,0,0,0,111,2.26231,0.516036,11.3609,2.82495,1.47596,4.61831,0.427047,6.20712,60.94,58,6393.76,0,0,0,0,91.8705,,,
86885,Putumayo,0,0,1,2,0,1,3,1,1,0,0,0,34,1.30131,0.442243,39.459,27.136,19.5288,25.8303,0.225018,14.7928,58.89,62,20792,0,0,0,0,67.0077,,,
